taxonomy,raw_code,raw_desc,desc_key,n,clean_code,clean_desc,code_valid,is_placeholder,mapping_reason
division,84.0,ADMINISTRACIÓN PÚBLICA Y DEFENSA; SEGURIDAD SOCIAL OBLIGATORIA,ADMINISTRACION PUBLICA Y DEFENSA SEGURIDAD SOCIAL OBLIGATORIA,777,84,ADMINISTRACION PUBLICA Y DEFENSA; SEGURIDAD SOCIAL OBLIGATORIA,True,False,numeric_normalized
division,90.0,"ACTIVIDADES DE CREACIÓN, ARTÍSTICAS Y ESPECTÁCULOS",ACTIVIDADES DE CREACION ARTISTICAS Y ESPECTACULOS,234,90,"ACTIVIDADES DE CREACION, ARTISTICAS Y ESPECTACULOS",True,False,numeric_normalized
division,15.0,INDUSTRIA DEL CUERO Y DEL CALZADO,INDUSTRIA DEL CUERO Y DEL CALZADO,167,15,INDUSTRIA DEL CUERO Y DEL CALZADO,True,False,numeric_normalized
division,71.0,SERVICIOS TÉCNICOS DE ARQUITECTURA E INGENIERÍA; ENSAYOS Y ANÁLISIS TÉCNICOS,SERVICIOS TECNICOS DE ARQUITECTURA E INGENIERIA ENSAYOS Y ANALISIS TECNICOS,461,71,SERVICIOS TECNICOS DE ARQUITECTURA E INGENIERIA; ENSAYOS Y ANALISIS TECNICOS,True,False,numeric_normalized
division,77.0,ACTIVIDADES DE ALQUILER,ACTIVIDADES DE ALQUILER,1098,77,ACTIVIDADES DE ALQUILER,True,False,numeric_normalized
division,94.0,ACTIVIDADES ASOCIATIVAS,ACTIVIDADES ASOCIATIVAS,6756,94,ACTIVIDADES ASOCIATIVAS,True,False,numeric_normalized
division,92.0,ACTIVIDADES DE JUEGOS DE AZAR Y APUESTAS,ACTIVIDADES DE JUEGOS DE AZAR Y APUESTAS,2913,92,ACTIVIDADES DE JUEGOS DE AZAR Y APUESTAS,True,False,numeric_normalized
division,82.0,ACTIVIDADES ADMINISTRATIVAS DE OFICINA Y OTRAS ACTIVIDADES AUXILIARES A LAS EMPRESAS,ACTIVIDADES ADMINISTRATIVAS DE OFICINA Y OTRAS ACTIVIDADES AUXILIARES A LAS EMPRESAS,4800,82,ACTIVIDADES ADMINISTRATIVAS DE OFICINA Y OTRAS ACTIVIDADES AUXILIARES A LAS EMPRESAS,True,False,numeric_normalized
division,74.0,"OTRAS ACTIVIDADES PROFESIONALES, CIENTÍFICAS Y TÉCNICAS",OTRAS ACTIVIDADES PROFESIONALES CIENTIFICAS Y TECNICAS,454,74,"OTRAS ACTIVIDADES PROFESIONALES, CIENTIFICAS Y TECNICAS",True,False,numeric_normalized
division,79.0,"ACTIVIDADES DE AGENCIAS DE VIAJES, OPERADORES TURÍSTICOS, SERVICIOS DE RESERVAS Y ACTIVIDADES RELACIONADAS CON LOS MISMOS",ACTIVIDADES DE AGENCIAS DE VIAJES OPERADORES TURISTICOS SERVICIOS DE RESERVAS Y ACTIVIDADES RELACIONADAS CON LOS MISMOS,618,79,"ACTIVIDADES DE AGENCIAS DE VIAJES, OPERADORES TURISTICOS, SERVICIOS DE RESERVAS Y ACTIVIDADES RELACIONADAS CON LOS MISMOS",True,False,numeric_normalized
division,62.0,"PROGRAMACIÓN, CONSULTORÍA Y OTRAS ACTIVIDADES RELACIONADAS CON LA INFORMÁTICA",PROGRAMACION CONSULTORIA Y OTRAS ACTIVIDADES RELACIONADAS CON LA INFORMATICA,214,62,"PROGRAMACIÓN, CONSULTORÍA Y OTRAS ACTIVIDADES RELACIONADAS CON LA INFORMÁTICA",True,False,numeric_normalized
division,0.0,SIN ACTIVIDAD,SIN ACTIVIDAD,2212,0,SIN ACTIVIDAD,False,True,placeholder
division,91.0,"ACTIVIDADES DE BIBLIOTECAS, ARCHIVOS, MUSEOS Y OTRAS ACTIVIDADES CULTURALES",ACTIVIDADES DE BIBLIOTECAS ARCHIVOS MUSEOS Y OTRAS ACTIVIDADES CULTURALES,986,91,"ACTIVIDADES DE BIBLIOTECAS, ARCHIVOS, MUSEOS Y OTRAS ACTIVIDADES CULTURALES",True,False,numeric_normalized
division,69.0,ACTIVIDADES JURÍDICAS Y DE CONTABILIDAD,ACTIVIDADES JURIDICAS Y DE CONTABILIDAD,1012,69,ACTIVIDADES JURÍDICAS Y DE CONTABILIDAD,True,False,numeric_normalized
division,31.0,FABRICACIÓN DE MUEBLES,FABRICACION DE MUEBLES,237,31,FABRICACION DE MUEBLES,True,False,numeric_normalized
division,25.0,"FABRICACIÓN DE PRODUCTOS METÁLICOS, EXCEPTO MAQUINARIA Y EQUIPO",FABRICACION DE PRODUCTOS METALICOS EXCEPTO MAQUINARIA Y EQUIPO,517,25,"FABRICACION DE PRODUCTOS METALICOS, EXCEPTO MAQUINARIA Y EQUIPO",True,False,numeric_normalized
division,58.0,EDICIÓN (INCLUYE PROGRAMAS INFORMÁTICOS),EDICION INCLUYE PROGRAMAS INFORMATICOS,142,58,EDICION (INCLUYE PROGRAMAS INFORMATICOS),True,False,numeric_normalized
division,33.0,REPARACIÓN E INSTALACIÓN DE MAQUINARIA Y EQUIPO,REPARACION E INSTALACION DE MAQUINARIA Y EQUIPO,175,33,REPARACION E INSTALACION DE MAQUINARIA Y EQUIPO,True,False,numeric_normalized
division,70.0,ACTIVIDADES DE LAS SEDES CENTRALES; ACTIVIDADES DE CONSULTORÍA DE GESTIÓN EMPRESARIAL,ACTIVIDADES DE LAS SEDES CENTRALES ACTIVIDADES DE CONSULTORIA DE GESTION EMPRESARIAL,239,70,ACTIVIDADES DE LAS SEDES CENTRALES; ACTIVIDADES DE CONSULTORÍA DE GESTIÓN EMPRESARIAL,True,False,numeric_normalized
division,28.0,FABRICACIÓN DE MAQUINARIA Y EQUIPO N.C.O.P.,FABRICACION DE MAQUINARIA Y EQUIPO N C O P,32,28,FABRICACION DE MAQUINARIA Y EQUIPO N.C.O.P.,True,False,numeric_normalized
division,81.0,SERVICIOS A EDIFICIOS Y ACTIVIDADES DE JARDINERÍA,SERVICIOS A EDIFICIOS Y ACTIVIDADES DE JARDINERIA,397,81,SERVICIOS A EDIFICIOS Y ACTIVIDADES DE JARDINERIA,True,False,numeric_normalized
division,26.0,"FABRICACIÓN DE PRODUCTOS INFORMÁTICOS, ELECTRÓNICOS Y ÓPTICOS",FABRICACION DE PRODUCTOS INFORMATICOS ELECTRONICOS Y OPTICOS,36,26,"FABRICACION DE PRODUCTOS INFORMATICOS, ELECTRONICOS Y 0PTICOS",True,False,numeric_normalized
division,16.0,"INDUSTRIA DE LA MADERA Y DEL CORCHO, EXCEPTO MUEBLES; CESTERÍA Y ESPARTERÍA",INDUSTRIA DE LA MADERA Y DEL CORCHO EXCEPTO MUEBLES CESTERIA Y ESPARTERIA,138,16,"INDUSTRIA DE LA MADERA Y DEL CORCHO, EXCEPTO MUEBLES; CESTERIA Y ESPARTERIA",True,False,numeric_normalized
division,27.0,FABRICACIÓN DE MATERIAL Y EQUIPO ELÉCTRICO,FABRICACION DE MATERIAL Y EQUIPO ELECTRICO,61,27,FABRICACION DE MATERIAL Y EQUIPO ELECTRICO,True,False,numeric_normalized
division,17.0,INDUSTRIA DEL PAPEL,INDUSTRIA DEL PAPEL,60,17,INDUSTRIA DEL PAPEL,True,False,numeric_normalized
division,35.0,"SUMINISTRO DE ENERGÍA ELÉCTRICA, GAS, VAPOR Y AIRE ACONDICIONADO",SUMINISTRO DE ENERGIA ELECTRICA GAS VAPOR Y AIRE ACONDICIONADO,102,35,"SUMINISTRO DE ENERGÍA ELÉCTRICA, GAS, VAPOR Y AIRE ACONDICIONADO",True,False,numeric_normalized
division,63.0,SERVICIOS DE INFORMACIÓN,SERVICIOS DE INFORMACION,26,63,SERVICIOS DE INFORMACIÓN,True,False,numeric_normalized
division,1.0,"AGRICULTURA, GANADERÍA, CAZA Y SERVICIOS RELACIONADOS CON LAS MISMAS",AGRICULTURA GANADERIA CAZA Y SERVICIOS RELACIONADOS CON LAS MISMAS,6,1,"AGRICULTURA, GANADERIA, CAZA Y SERVICIOS RELACIONADOS CON LAS MISMAS",True,False,numeric_normalized
division,24.0,"METALURGIA; FABRICACIÓN DE PRODUCTOS DE HIERRO, ACERO Y FERROALEACIONES",METALURGIA FABRICACION DE PRODUCTOS DE HIERRO ACERO Y FERROALEACIONES,9,24,"METALURGIA; FABRICACION DE PRODUCTOS DE HIERRO, ACERO Y FERROALEACIONES",True,False,numeric_normalized
division,39.0,ACTIVIDADES DE DESCONTAMINACIÓN Y OTROS SERVICIOS DE GESTIÓN DE RESIDUOS,ACTIVIDADES DE DESCONTAMINACION Y OTROS SERVICIOS DE GESTION DE RESIDUOS,8,39,ACTIVIDADES DE DESCONTAMINACION Y OTROS SERVICIOS DE GESTION DE RESIDUOS,True,False,numeric_normalized
division,6.0,EXTRACCIÓN DE CRUDO DE PETRÓLEO Y GAS NATURAL,EXTRACCION DE CRUDO DE PETROLEO Y GAS NATURAL,1,6,EXTRACCION DE CRUDO DE PETROLEO Y GAS NATURAL,True,False,numeric_normalized
division,37.0,RECOGIDA Y TRATAMIENTO DE AGUAS RESIDUALES,RECOGIDA Y TRATAMIENTO DE AGUAS RESIDUALES,21,37,RECOGIDA Y TRATAMIENTO DE AGUAS RESIDUALES,True,False,numeric_normalized
division,12.0,INDUSTRIA DEL TABACO,INDUSTRIA DEL TABACO,4,12,INDUSTRIA DEL TABACO,True,False,numeric_normalized
division,82,ACTIVIDADES ADMINISTRATIVAS DE OFICINA Y OTRAS ACTIVIDADES AUXILIARES A LAS EMPRESAS,ACTIVIDADES ADMINISTRATIVAS DE OFICINA Y OTRAS ACTIVIDADES AUXILIARES A LAS EMPRESAS,370598,82,ACTIVIDADES ADMINISTRATIVAS DE OFICINA Y OTRAS ACTIVIDADES AUXILIARES A LAS EMPRESAS,True,False,exact_valid
division,43,ACTIVIDADES DE CONSTRUCCION ESPECIALIZADA Y ACABADO DE EDIFICIOS,ACTIVIDADES DE CONSTRUCCION ESPECIALIZADA Y ACABADO DE EDIFICIOS,193785,43,ACTIVIDADES DE CONSTRUCCION ESPECIALIZADA Y ACABADO DE EDIFICIOS,True,False,exact_valid
division,69,ACTIVIDADES JURIDICAS Y DE CONTABILIDAD,ACTIVIDADES JURIDICAS Y DE CONTABILIDAD,88096,69,ACTIVIDADES JURÍDICAS Y DE CONTABILIDAD,True,False,exact_valid
division,33,REPARACION E INSTALACION DE MAQUINARIA Y EQUIPO,REPARACION E INSTALACION DE MAQUINARIA Y EQUIPO,16303,33,REPARACION E INSTALACION DE MAQUINARIA Y EQUIPO,True,False,exact_valid
division,46,"COMERCIO AL POR MAYOR E INTERMEDIARIOS DEL COMERCIO, EXCEPTO DE VEHICULOS DE MOTOR Y MOTOCICLETAS",COMERCIO AL POR MAYOR E INTERMEDIARIOS DEL COMERCIO EXCEPTO DE VEHICULOS DE MOTOR Y MOTOCICLETAS,263638,46,"COMERCIO AL POR MAYOR E INTERMEDIARIOS DEL COMERCIO, EXCEPTO DE VEHICULOS DE MOTOR Y MOTOCICLETAS",True,False,exact_valid
division,41,PROMOCION Y CONSTRUCCION DE EDIFICIOS,PROMOCION Y CONSTRUCCION DE EDIFICIOS,63942,41,PROMOCION Y CONSTRUCCION DE EDIFICIOS,True,False,exact_valid
division,18,ARTES GRAFICAS Y REPRODUCCION DE SOPORTES GRABADOS,ARTES GRAFICAS Y REPRODUCCION DE SOPORTES GRABADOS,54838,18,ARTES GRAFICAS Y REPRODUCCION DE SOPORTES GRABADOS,True,False,exact_valid
division,25,"FABRICACION DE PRODUCTOS METALICOS, EXCEPTO MAQUINARIA Y EQUIPO",FABRICACION DE PRODUCTOS METALICOS EXCEPTO MAQUINARIA Y EQUIPO,43905,25,"FABRICACION DE PRODUCTOS METALICOS, EXCEPTO MAQUINARIA Y EQUIPO",True,False,exact_valid
division,15,INDUSTRIA DEL CUERO Y DEL CALZADO,INDUSTRIA DEL CUERO Y DEL CALZADO,5754,15,INDUSTRIA DEL CUERO Y DEL CALZADO,True,False,exact_valid
division,86,ACTIVIDADES SANITARIAS,ACTIVIDADES SANITARIAS,534363,86,ACTIVIDADES SANITARIAS,True,False,exact_valid
division,94,ACTIVIDADES ASOCIATIVAS,ACTIVIDADES ASOCIATIVAS,251021,94,ACTIVIDADES ASOCIATIVAS,True,False,exact_valid
division,53,ACTIVIDADES POSTALES Y DE CORREOS,ACTIVIDADES POSTALES Y DE CORREOS,54577,53,ACTIVIDADES POSTALES Y DE CORREOS,True,False,exact_valid
division,75,ACTIVIDADES VETERINARIAS,ACTIVIDADES VETERINARIAS,51351,75,ACTIVIDADES VETERINARIAS,True,False,exact_valid
division,45,VENTA Y REPARACION DE VEHICULOS DE MOTOR Y MOTOCICLETAS,VENTA Y REPARACION DE VEHICULOS DE MOTOR Y MOTOCICLETAS,323814,45,VENTA Y REPARACION DE VEHICULOS DE MOTOR Y MOTOCICLETAS,True,False,exact_valid
division,59,"ACTIVIDADES CINEMATOGRAFICAS, DE VIDEO Y DE PROGRAMAS DE TELEVISION, GRABACION DE SONIDO Y EDICION MUSICAL",ACTIVIDADES CINEMATOGRAFICAS DE VIDEO Y DE PROGRAMAS DE TELEVISION GRABACION DE SONIDO Y EDICION MUSICAL,20561,59,"ACTIVIDADES CINEMATOGRAFICAS, DE VIDEO Y DE PROGRAMAS DE TELEVISION, GRABACION DE SONIDO Y EDICION MUSICAL",True,False,exact_valid
division,23,FABRICACION DE OTROS PRODUCTOS MINERALES NO METALICOS,FABRICACION DE OTROS PRODUCTOS MINERALES NO METALICOS,6263,23,FABRICACION DE OTROS PRODUCTOS MINERALES NO METALICOS,True,False,exact_valid
division,74,"OTRAS ACTIVIDADES PROFESIONALES, CIENTIFICAS Y TECNICAS",OTRAS ACTIVIDADES PROFESIONALES CIENTIFICAS Y TECNICAS,45619,74,"OTRAS ACTIVIDADES PROFESIONALES, CIENTIFICAS Y TECNICAS",True,False,exact_valid
division,92,ACTIVIDADES DE JUEGOS DE AZAR Y APUESTAS,ACTIVIDADES DE JUEGOS DE AZAR Y APUESTAS,107425,92,ACTIVIDADES DE JUEGOS DE AZAR Y APUESTAS,True,False,exact_valid
division,35,"SUMINISTRO DE ENERGIA ELECTRICA, GAS, VAPOR Y AIRE ACONDICIONADO",SUMINISTRO DE ENERGIA ELECTRICA GAS VAPOR Y AIRE ACONDICIONADO,9706,35,"SUMINISTRO DE ENERGÍA ELÉCTRICA, GAS, VAPOR Y AIRE ACONDICIONADO",True,False,exact_valid
division,77,ACTIVIDADES DE ALQUILER,ACTIVIDADES DE ALQUILER,33592,77,ACTIVIDADES DE ALQUILER,True,False,exact_valid
division,84,ADMINISTRACION PUBLICA Y DEFENSA; SEGURIDAD SOCIAL OBLIGATORIA,ADMINISTRACION PUBLICA Y DEFENSA SEGURIDAD SOCIAL OBLIGATORIA,63987,84,ADMINISTRACION PUBLICA Y DEFENSA; SEGURIDAD SOCIAL OBLIGATORIA,True,False,exact_valid
division,64,"SERVICIOS FINANCIEROS, EXCEPTO SEGUROS Y FONDOS DE PENSIONES",SERVICIOS FINANCIEROS EXCEPTO SEGUROS Y FONDOS DE PENSIONES,270392,64,"SERVICIOS FINANCIEROS, EXCEPTO SEGUROS Y FONDOS DE PENSIONES",True,False,exact_valid
division,61,TELECOMUNICACIONES,TELECOMUNICACIONES,159637,61,TELECOMUNICACIONES,True,False,exact_valid
division,68,ACTIVIDADES INMOBILIARIAS,ACTIVIDADES INMOBILIARIAS,162361,68,ACTIVIDADES INMOBILIARIAS,True,False,exact_valid
division,95,"REPARACION DE ORDENADORES, EFECTOS PERSONALES Y ARTICULOS DE USO DOMESTICO",REPARACION DE ORDENADORES EFECTOS PERSONALES Y ARTICULOS DE USO DOMESTICO,167318,95,"REPARACION DE ORDENADORES, EFECTOS PERSONALES Y ARTICULOS DE USO DOMESTICO",True,False,exact_valid
division,70,ACTIVIDADES DE LAS SEDES CENTRALES; ACTIVIDADES DE CONSULTORIA DE GESTION EMPRESARIAL,ACTIVIDADES DE LAS SEDES CENTRALES ACTIVIDADES DE CONSULTORIA DE GESTION EMPRESARIAL,24591,70,ACTIVIDADES DE LAS SEDES CENTRALES; ACTIVIDADES DE CONSULTORÍA DE GESTIÓN EMPRESARIAL,True,False,exact_valid
division,90,"ACTIVIDADES DE CREACION, ARTISTICAS Y ESPECTACULOS",ACTIVIDADES DE CREACION ARTISTICAS Y ESPECTACULOS,22532,90,"ACTIVIDADES DE CREACION, ARTISTICAS Y ESPECTACULOS",True,False,exact_valid
division,66,ACTIVIDADES AUXILIARES A LOS SERVICIOS FINANCIEROS Y A LOS SEGUROS,ACTIVIDADES AUXILIARES A LOS SERVICIOS FINANCIEROS Y A LOS SEGUROS,42751,66,ACTIVIDADES AUXILIARES A LOS SERVICIOS FINANCIEROS Y A LOS SEGUROS,True,False,exact_valid
division,55,SERVICIOS DE ALOJAMIENTO,SERVICIOS DE ALOJAMIENTO,197544,55,SERVICIOS DE ALOJAMIENTO,True,False,exact_valid
division,10,INDUSTRIA DE LA ALIMENTACION,INDUSTRIA DE LA ALIMENTACION,33105,10,INDUSTRIA DE LA ALIMENTACION,True,False,exact_valid
division,38,"RECOGIDA, TRATAMIENTO Y ELIMINACION DE RESIDUOS; VALORIZACION",RECOGIDA TRATAMIENTO Y ELIMINACION DE RESIDUOS VALORIZACION,3275,38,"RECOGIDA, TRATAMIENTO Y ELIMINACION DE RESIDUOS; VALORIZACION",True,False,exact_valid
division,01,"AGRICULTURA, GANADERIA, CAZA Y SERVICIOS RELACIONADOS CON LAS MISMAS",AGRICULTURA GANADERIA CAZA Y SERVICIOS RELACIONADOS CON LAS MISMAS,868,1,"AGRICULTURA, GANADERIA, CAZA Y SERVICIOS RELACIONADOS CON LAS MISMAS",True,False,numeric_normalized
division,78,ACTIVIDADES RELACIONADAS CON EL EMPLEO,ACTIVIDADES RELACIONADAS CON EL EMPLEO,6504,78,ACTIVIDADES RELACIONADAS CON EL EMPLEO,True,False,exact_valid
division,21,FABRICACION DE PRODUCTOS FARMACEUTICOS,FABRICACION DE PRODUCTOS FARMACEUTICOS,922,21,FABRICACION DE PRODUCTOS FARMACEUTICOS,True,False,exact_valid
division,99,ACTIVIDADES DE ORGANIZACIONES Y ORGANISMOS EXTRATERRITORIALES,ACTIVIDADES DE ORGANIZACIONES Y ORGANISMOS EXTRATERRITORIALES,24641,99,ACTIVIDADES DE ORGANIZACIONES Y ORGANISMOS EXTRATERRITORIALES,True,False,exact_valid
division,22,FABRICACION DE PRODUCTOS DE CAUCHO Y PLASTICOS,FABRICACION DE PRODUCTOS DE CAUCHO Y PLASTICOS,3272,22,FABRICACION DE PRODUCTOS DE CAUCHO Y PLASTICOS,True,False,exact_valid
division,20,INDUSTRIA QUIMICA,INDUSTRIA QUIMICA,2588,20,INDUSTRIA QUIMICA,True,False,exact_valid
division,39,ACTIVIDADES DE DESCONTAMINACION Y OTROS SERVICIOS DE GESTION DE RESIDUOS,ACTIVIDADES DE DESCONTAMINACION Y OTROS SERVICIOS DE GESTION DE RESIDUOS,725,39,ACTIVIDADES DE DESCONTAMINACION Y OTROS SERVICIOS DE GESTION DE RESIDUOS,True,False,exact_valid
division,30,FABRICACION DE OTRO MATERIAL DE TRANSPORTE,FABRICACION DE OTRO MATERIAL DE TRANSPORTE,291,30,FABRICACIÓN DE OTRO MATERIAL DE TRANSPORTE,True,False,exact_valid
division,29,"FABRICACION DE VEHICULOS DE MOTOR, REMOLQUES Y SEMIRREMOLQUES",FABRICACION DE VEHICULOS DE MOTOR REMOLQUES Y SEMIRREMOLQUES,1172,29,"FABRICACION DE VEHICULOS DE MOTOR, REMOLQUES Y SEMIRREMOLQUES",True,False,exact_valid
division,PT,SIN ACTIVIDAD PTE. DE CODIFICAR,SIN ACTIVIDAD PTE DE CODIFICAR,1396,PT,SIN ACTIVIDAD PTE. DE CODIFICAR,False,True,placeholder
division,63,SERVICIOS DE INFORMACION,SERVICIOS DE INFORMACION,4046,63,SERVICIOS DE INFORMACIÓN,True,False,exact_valid
division,51,TRANSPORTE AEREO,TRANSPORTE AEREO,1699,51,TRANSPORTE AEREO,True,False,exact_valid
division,09,ACTIVIDADES DE APOYO A LAS INDUSTRIAS EXTRACTIVAS,ACTIVIDADES DE APOYO A LAS INDUSTRIAS EXTRACTIVAS,216,9,ACTIVIDADES DE APOYO A LAS INDUSTRIAS EXTRACTIVAS,True,False,numeric_normalized
division,74.0,"OTRAS ACTIVIDADES PROFESIONALES, CIENTIFICAS Y TECNICAS",OTRAS ACTIVIDADES PROFESIONALES CIENTIFICAS Y TECNICAS,1419,74,"OTRAS ACTIVIDADES PROFESIONALES, CIENTIFICAS Y TECNICAS",True,False,numeric_normalized
division,10.0,INDUSTRIA DE LA ALIMENTACION,INDUSTRIA DE LA ALIMENTACION,812,10,INDUSTRIA DE LA ALIMENTACION,True,False,numeric_normalized
division,25.0,"FABRICACION DE PRODUCTOS METALICOS, EXCEPTO MAQUINARIA Y EQUIPO",FABRICACION DE PRODUCTOS METALICOS EXCEPTO MAQUINARIA Y EQUIPO,1550,25,"FABRICACION DE PRODUCTOS METALICOS, EXCEPTO MAQUINARIA Y EQUIPO",True,False,numeric_normalized
division,95.0,"REPARACION DE ORDENADORES, EFECTOS PERSONALES Y ARTICULOS DE USO DOMESTICO",REPARACION DE ORDENADORES EFECTOS PERSONALES Y ARTICULOS DE USO DOMESTICO,5615,95,"REPARACION DE ORDENADORES, EFECTOS PERSONALES Y ARTICULOS DE USO DOMESTICO",True,False,numeric_normalized
division,14.0,CONFECCION DE PRENDAS DE VESTIR,CONFECCION DE PRENDAS DE VESTIR,895,14,CONFECCION DE PRENDAS DE VESTIR,True,False,numeric_normalized
division,43.0,ACTIVIDADES DE CONSTRUCCION ESPECIALIZADA Y ACABADO DE EDIFICIOS,ACTIVIDADES DE CONSTRUCCION ESPECIALIZADA Y ACABADO DE EDIFICIOS,6816,43,ACTIVIDADES DE CONSTRUCCION ESPECIALIZADA Y ACABADO DE EDIFICIOS,True,False,numeric_normalized
division,62.0,"PROGRAMACION, CONSULTORIA Y OTRAS ACTIVIDADES RELACIONADAS CON LA INFORMATICA",PROGRAMACION CONSULTORIA Y OTRAS ACTIVIDADES RELACIONADAS CON LA INFORMATICA,648,62,"PROGRAMACIÓN, CONSULTORÍA Y OTRAS ACTIVIDADES RELACIONADAS CON LA INFORMÁTICA",True,False,numeric_normalized
division,81.0,SERVICIOS A EDIFICIOS Y ACTIVIDADES DE JARDINERIA,SERVICIOS A EDIFICIOS Y ACTIVIDADES DE JARDINERIA,1208,81,SERVICIOS A EDIFICIOS Y ACTIVIDADES DE JARDINERIA,True,False,numeric_normalized
division,58.0,EDICION (INCLUYE PROGRAMAS INFORMATICOS),EDICION INCLUYE PROGRAMAS INFORMATICOS,391,58,EDICION (INCLUYE PROGRAMAS INFORMATICOS),True,False,numeric_normalized
division,36.0,"CAPTACION, DEPURACION Y DISTRIBUCION DE AGUA",CAPTACION DEPURACION Y DISTRIBUCION DE AGUA,60,36,"CAPTACION, DEPURACION Y DISTRIBUCION DE AGUA",True,False,numeric_normalized
division,80.0,ACTIVIDADES DE SEGURIDAD E INVESTIGACION,ACTIVIDADES DE SEGURIDAD E INVESTIGACION,172,80,ACTIVIDADES DE SEGURIDAD E INVESTIGACION,True,False,numeric_normalized
division,27.0,FABRICACION DE MATERIAL Y EQUIPO ELECTRICO,FABRICACION DE MATERIAL Y EQUIPO ELECTRICO,192,27,FABRICACION DE MATERIAL Y EQUIPO ELECTRICO,True,False,numeric_normalized
division,16.0,"INDUSTRIA DE LA MADERA Y DEL CORCHO, EXCEPTO MUEBLES; CESTERIA Y ESPARTERIA",INDUSTRIA DE LA MADERA Y DEL CORCHO EXCEPTO MUEBLES CESTERIA Y ESPARTERIA,413,16,"INDUSTRIA DE LA MADERA Y DEL CORCHO, EXCEPTO MUEBLES; CESTERIA Y ESPARTERIA",True,False,numeric_normalized
division,23.0,FABRICACION DE OTROS PRODUCTOS MINERALES NO METALICOS,FABRICACION DE OTROS PRODUCTOS MINERALES NO METALICOS,209,23,FABRICACION DE OTROS PRODUCTOS MINERALES NO METALICOS,True,False,numeric_normalized
division,63.0,SERVICIOS DE INFORMACION,SERVICIOS DE INFORMACION,99,63,SERVICIOS DE INFORMACIÓN,True,False,numeric_normalized
division,22.0,FABRICACION DE PRODUCTOS DE CAUCHO Y PLASTICOS,FABRICACION DE PRODUCTOS DE CAUCHO Y PLASTICOS,114,22,FABRICACION DE PRODUCTOS DE CAUCHO Y PLASTICOS,True,False,numeric_normalized
division,51.0,TRANSPORTE AEREO,TRANSPORTE AEREO,63,51,TRANSPORTE AEREO,True,False,numeric_normalized
division,72.0,INVESTIGACION Y DESARROLLO,INVESTIGACION Y DESARROLLO,147,72,INVESTIGACIÓN Y DESARROLLO,True,False,numeric_normalized
division,1.0,"AGRICULTURA, GANADERIA, CAZA Y SERVICIOS RELACIONADOS CON LAS MISMAS",AGRICULTURA GANADERIA CAZA Y SERVICIOS RELACIONADOS CON LAS MISMAS,33,1,"AGRICULTURA, GANADERIA, CAZA Y SERVICIOS RELACIONADOS CON LAS MISMAS",True,False,numeric_normalized
division,30.0,FABRICACION DE OTRO MATERIAL DE TRANSPORTE,FABRICACION DE OTRO MATERIAL DE TRANSPORTE,9,30,FABRICACIÓN DE OTRO MATERIAL DE TRANSPORTE,True,False,numeric_normalized
division,60.0,ACTIVIDADES DE PROGRAMACION Y EMISION DE RADIO Y TELEVISION,ACTIVIDADES DE PROGRAMACION Y EMISION DE RADIO Y TELEVISION,94,60,ACTIVIDADES DE PROGRAMACION Y EMISION DE RADIO Y TELEVISION,True,False,numeric_normalized
division,11.0,FABRICACION DE BEBIDAS,FABRICACION DE BEBIDAS,15,11,FABRICACIÓN DE BEBIDAS,True,False,numeric_normalized
division,6.0,EXTRACCION DE CRUDO DE PETROLEO Y GAS NATURAL,EXTRACCION DE CRUDO DE PETROLEO Y GAS NATURAL,7,6,EXTRACCION DE CRUDO DE PETROLEO Y GAS NATURAL,True,False,numeric_normalized
division,SERVICIOS DE COMIDAS Y BEBIDAS,561005,561OO5,38,NAN,SIN ACTIVIDAD PTE. DE CODIFICAR,False,False,description_remap
division,0,SIN ACTIVIDAD,SIN ACTIVIDAD,9848,0,SIN ACTIVIDAD,False,True,placeholder
division,9,ACTIVIDADES DE APOYO A LAS INDUSTRIAS EXTRACTIVAS,ACTIVIDADES DE APOYO A LAS INDUSTRIAS EXTRACTIVAS,10,9,ACTIVIDADES DE APOYO A LAS INDUSTRIAS EXTRACTIVAS,True,False,exact_valid
division,8,OTRAS INDUSTRIAS EXTRACTIVAS,OTRAS INDUSTRIAS EXTRACTIVAS,4,8,OTRAS INDUSTRIAS EXTRACTIVAS,True,False,exact_valid
division,08,OTRAS INDUSTRIAS EXTRACTIVAS,OTRAS INDUSTRIAS EXTRACTIVAS,206,8,OTRAS INDUSTRIAS EXTRACTIVAS,True,False,numeric_normalized
division,85,EDUCACIÓN,EDUCACION,236039,85,EDUCACION,True,False,exact_valid
division,46,"COMERCIO AL POR MAYOR E INTERMEDIARIOS DEL COMERCIO, EXCEPTO DE VEHÍCULOS DE MOTOR Y MOTOCICLETAS",COMERCIO AL POR MAYOR E INTERMEDIARIOS DEL COMERCIO EXCEPTO DE VEHICULOS DE MOTOR Y MOTOCICLETAS,136029,46,"COMERCIO AL POR MAYOR E INTERMEDIARIOS DEL COMERCIO, EXCEPTO DE VEHICULOS DE MOTOR Y MOTOCICLETAS",True,False,exact_valid
division,45,VENTA Y REPARACIÓN DE VEHÍCULOS DE MOTOR Y MOTOCICLETAS,VENTA Y REPARACION DE VEHICULOS DE MOTOR Y MOTOCICLETAS,154240,45,VENTA Y REPARACION DE VEHICULOS DE MOTOR Y MOTOCICLETAS,True,False,exact_valid
division,43,ACTIVIDADES DE CONSTRUCCIÓN ESPECIALIZADA Y ACABADO DE EDIFICIOS,ACTIVIDADES DE CONSTRUCCION ESPECIALIZADA Y ACABADO DE EDIFICIOS,97142,43,ACTIVIDADES DE CONSTRUCCION ESPECIALIZADA Y ACABADO DE EDIFICIOS,True,False,exact_valid
division,84,ADMINISTRACIÓN PÚBLICA Y DEFENSA; SEGURIDAD SOCIAL OBLIGATORIA,ADMINISTRACION PUBLICA Y DEFENSA SEGURIDAD SOCIAL OBLIGATORIA,30011,84,ADMINISTRACION PUBLICA Y DEFENSA; SEGURIDAD SOCIAL OBLIGATORIA,True,False,exact_valid
division,90,"ACTIVIDADES DE CREACIÓN, ARTÍSTICAS Y ESPECTÁCULOS",ACTIVIDADES DE CREACION ARTISTICAS Y ESPECTACULOS,14956,90,"ACTIVIDADES DE CREACION, ARTISTICAS Y ESPECTACULOS",True,False,exact_valid
division,69,ACTIVIDADES JURÍDICAS Y DE CONTABILIDAD,ACTIVIDADES JURIDICAS Y DE CONTABILIDAD,94128,69,ACTIVIDADES JURÍDICAS Y DE CONTABILIDAD,True,False,exact_valid
division,71,SERVICIOS TÉCNICOS DE ARQUITECTURA E INGENIERÍA; ENSAYOS Y ANÁLISIS TÉCNICOS,SERVICIOS TECNICOS DE ARQUITECTURA E INGENIERIA ENSAYOS Y ANALISIS TECNICOS,35022,71,SERVICIOS TECNICOS DE ARQUITECTURA E INGENIERIA; ENSAYOS Y ANALISIS TECNICOS,True,False,exact_valid
division,31,FABRICACIÓN DE MUEBLES,FABRICACION DE MUEBLES,13055,31,FABRICACION DE MUEBLES,True,False,exact_valid
division,59,"ACTIVIDADES CINEMATOGRÁFICAS, DE VÍDEO Y DE PROGRAMAS DE TELEVISIÓN, GRABACIÓN DE SONIDO Y EDICIÓN MUSICAL",ACTIVIDADES CINEMATOGRAFICAS DE VIDEO Y DE PROGRAMAS DE TELEVISION GRABACION DE SONIDO Y EDICION MUSICAL,16568,59,"ACTIVIDADES CINEMATOGRAFICAS, DE VIDEO Y DE PROGRAMAS DE TELEVISION, GRABACION DE SONIDO Y EDICION MUSICAL",True,False,exact_valid
division,35,"SUMINISTRO DE ENERGÍA ELÉCTRICA, GAS, VAPOR Y AIRE ACONDICIONADO",SUMINISTRO DE ENERGIA ELECTRICA GAS VAPOR Y AIRE ACONDICIONADO,20157,35,"SUMINISTRO DE ENERGÍA ELÉCTRICA, GAS, VAPOR Y AIRE ACONDICIONADO",True,False,exact_valid
division,25,"FABRICACIÓN DE PRODUCTOS METÁLICOS, EXCEPTO MAQUINARIA Y EQUIPO",FABRICACION DE PRODUCTOS METALICOS EXCEPTO MAQUINARIA Y EQUIPO,19535,25,"FABRICACION DE PRODUCTOS METALICOS, EXCEPTO MAQUINARIA Y EQUIPO",True,False,exact_valid
division,20,INDUSTRIA QUÍMICA,INDUSTRIA QUIMICA,1769,20,INDUSTRIA QUIMICA,True,False,exact_valid
division,33,REPARACIÓN E INSTALACIÓN DE MAQUINARIA Y EQUIPO,REPARACION E INSTALACION DE MAQUINARIA Y EQUIPO,8743,33,REPARACION E INSTALACION DE MAQUINARIA Y EQUIPO,True,False,exact_valid
division,81,SERVICIOS A EDIFICIOS Y ACTIVIDADES DE JARDINERÍA,SERVICIOS A EDIFICIOS Y ACTIVIDADES DE JARDINERIA,19314,81,SERVICIOS A EDIFICIOS Y ACTIVIDADES DE JARDINERIA,True,False,exact_valid
division,70,ACTIVIDADES DE LAS SEDES CENTRALES; ACTIVIDADES DE CONSULTORÍA DE GESTIÓN EMPRESARIAL,ACTIVIDADES DE LAS SEDES CENTRALES ACTIVIDADES DE CONSULTORIA DE GESTION EMPRESARIAL,30372,70,ACTIVIDADES DE LAS SEDES CENTRALES; ACTIVIDADES DE CONSULTORÍA DE GESTIÓN EMPRESARIAL,True,False,exact_valid
division,62,"PROGRAMACIÓN, CONSULTORÍA Y OTRAS ACTIVIDADES RELACIONADAS CON LA INFORMÁTICA",PROGRAMACION CONSULTORIA Y OTRAS ACTIVIDADES RELACIONADAS CON LA INFORMATICA,21663,62,"PROGRAMACIÓN, CONSULTORÍA Y OTRAS ACTIVIDADES RELACIONADAS CON LA INFORMÁTICA",True,False,exact_valid
division,63,SERVICIOS DE INFORMACIÓN,SERVICIOS DE INFORMACION,8822,63,SERVICIOS DE INFORMACIÓN,True,False,exact_valid
division,23,FABRICACIÓN DE OTROS PRODUCTOS MINERALES NO METÁLICOS,FABRICACION DE OTROS PRODUCTOS MINERALES NO METALICOS,3904,23,FABRICACION DE OTROS PRODUCTOS MINERALES NO METALICOS,True,False,exact_valid
division,29,"FABRICACIÓN DE VEHÍCULOS DE MOTOR, REMOLQUES Y SEMIRREMOLQUES",FABRICACION DE VEHICULOS DE MOTOR REMOLQUES Y SEMIRREMOLQUES,560,29,"FABRICACION DE VEHICULOS DE MOTOR, REMOLQUES Y SEMIRREMOLQUES",True,False,exact_valid
division,27,FABRICACIÓN DE MATERIAL Y EQUIPO ELÉCTRICO,FABRICACION DE MATERIAL Y EQUIPO ELECTRICO,2746,27,FABRICACION DE MATERIAL Y EQUIPO ELECTRICO,True,False,exact_valid
division,22,FABRICACIÓN DE PRODUCTOS DE CAUCHO Y PLÁSTICOS,FABRICACION DE PRODUCTOS DE CAUCHO Y PLASTICOS,1612,22,FABRICACION DE PRODUCTOS DE CAUCHO Y PLASTICOS,True,False,exact_valid
division,16,"INDUSTRIA DE LA MADERA Y DEL CORCHO, EXCEPTO MUEBLES; CESTERÍA Y ESPARTERÍA",INDUSTRIA DE LA MADERA Y DEL CORCHO EXCEPTO MUEBLES CESTERIA Y ESPARTERIA,4722,16,"INDUSTRIA DE LA MADERA Y DEL CORCHO, EXCEPTO MUEBLES; CESTERIA Y ESPARTERIA",True,False,exact_valid
division,58,EDICIÓN (INCLUYE PROGRAMAS INFORMÁTICOS),EDICION INCLUYE PROGRAMAS INFORMATICOS,8542,58,EDICION (INCLUYE PROGRAMAS INFORMATICOS),True,False,exact_valid
division,26,"FABRICACIÓN DE PRODUCTOS INFORMÁTICOS, ELECTRÓNICOS Y ÓPTICOS",FABRICACION DE PRODUCTOS INFORMATICOS ELECTRONICOS Y OPTICOS,3221,26,"FABRICACION DE PRODUCTOS INFORMATICOS, ELECTRONICOS Y 0PTICOS",True,False,exact_valid
division,30,FABRICACIÓN DE OTRO MATERIAL DE TRANSPORTE,FABRICACION DE OTRO MATERIAL DE TRANSPORTE,448,30,FABRICACIÓN DE OTRO MATERIAL DE TRANSPORTE,True,False,exact_valid
division,51,TRANSPORTE AÉREO,TRANSPORTE AEREO,1195,51,TRANSPORTE AEREO,True,False,exact_valid
division,38,"RECOGIDA, TRATAMIENTO Y ELIMINACIÓN DE RESIDUOS; VALORIZACIÓN",RECOGIDA TRATAMIENTO Y ELIMINACION DE RESIDUOS VALORIZACION,1840,38,"RECOGIDA, TRATAMIENTO Y ELIMINACION DE RESIDUOS; VALORIZACION",True,False,exact_valid
division,60,ACTIVIDADES DE PROGRAMACIÓN Y EMISIÓN DE RADIO Y TELEVISIÓN,ACTIVIDADES DE PROGRAMACION Y EMISION DE RADIO Y TELEVISION,1785,60,ACTIVIDADES DE PROGRAMACION Y EMISION DE RADIO Y TELEVISION,True,False,exact_valid
division,72,INVESTIGACIÓN Y DESARROLLO,INVESTIGACION Y DESARROLLO,4947,72,INVESTIGACIÓN Y DESARROLLO,True,False,exact_valid
division,36,"CAPTACIÓN, DEPURACIÓN Y DISTRIBUCIÓN DE AGUA",CAPTACION DEPURACION Y DISTRIBUCION DE AGUA,809,36,"CAPTACION, DEPURACION Y DISTRIBUCION DE AGUA",True,False,exact_valid
division,01,"AGRICULTURA, GANADERÍA, CAZA Y SERVICIOS RELACIONADOS CON LAS MISMAS",AGRICULTURA GANADERIA CAZA Y SERVICIOS RELACIONADOS CON LAS MISMAS,799,1,"AGRICULTURA, GANADERIA, CAZA Y SERVICIOS RELACIONADOS CON LAS MISMAS",True,False,numeric_normalized
division,02,SILVICULTURA Y EXPLOTACIÓN FORESTAL,SILVICULTURA Y EXPLOTACION FORESTAL,75,2,SILVICULTURA Y EXPLOTACION FORESTAL,True,False,numeric_normalized
division,06,EXTRACCIÓN DE CRUDO DE PETRÓLEO Y GAS NATURAL,EXTRACCION DE CRUDO DE PETROLEO Y GAS NATURAL,82,6,EXTRACCION DE CRUDO DE PETROLEO Y GAS NATURAL,True,False,numeric_normalized
division,19,COQUERÍAS Y REFINO DE PETRÓLEO,COQUERIAS Y REFINO DE PETROLEO,16,19,COQUERÍAS Y REFINO DE PETRÓLEO,True,False,exact_valid
division,50,TRANSPORTE MARÍTIMO Y POR VÍAS NAVEGABLES INTERIORES,TRANSPORTE MARITIMO Y POR VIAS NAVEGABLES INTERIORES,176,50,TRANSPORTE MARÍTIMO Y POR VÍAS NAVEGABLES INTERIORES,True,False,exact_valid
division,47.0,"COMERCIO AL POR MENOR, EXCEPTO DE VEHÍCULOS DE MOTOR Y MOTOCICLETAS",COMERCIO AL POR MENOR EXCEPTO DE VEHICULOS DE MOTOR Y MOTOCICLETAS,41748,47,"COMERCIO AL POR MENOR, EXCEPTO DE VEHICULOS DE MOTOR Y MOTOCICLETAS",True,False,numeric_normalized
division,96.0,OTROS SERVICIOS PERSONALES,OTROS SERVICIOS PERSONALES,32605,96,OTROS SERVICIOS PERSONALES,True,False,numeric_normalized
division,86.0,ACTIVIDADES SANITARIAS,ACTIVIDADES SANITARIAS,11967,86,ACTIVIDADES SANITARIAS,True,False,numeric_normalized
division,68.0,ACTIVIDADES INMOBILIARIAS,ACTIVIDADES INMOBILIARIAS,3400,68,ACTIVIDADES INMOBILIARIAS,True,False,numeric_normalized
division,85.0,EDUCACIÓN,EDUCACION,4378,85,EDUCACION,True,False,numeric_normalized
division,61.0,TELECOMUNICACIONES,TELECOMUNICACIONES,5573,61,TELECOMUNICACIONES,True,False,numeric_normalized
division,56.0,SERVICIOS DE COMIDAS Y BEBIDAS,SERVICIOS DE COMIDAS Y BEBIDAS,72944,56,SERVICIOS DE COMIDAS Y BEBIDAS,True,False,numeric_normalized
division,41.0,PROMOCIÓN Y CONSTRUCCIÓN DE EDIFICIOS,PROMOCION Y CONSTRUCCION DE EDIFICIOS,760,41,PROMOCION Y CONSTRUCCION DE EDIFICIOS,True,False,numeric_normalized
division,45.0,VENTA Y REPARACIÓN DE VEHÍCULOS DE MOTOR Y MOTOCICLETAS,VENTA Y REPARACION DE VEHICULOS DE MOTOR Y MOTOCICLETAS,3603,45,VENTA Y REPARACION DE VEHICULOS DE MOTOR Y MOTOCICLETAS,True,False,numeric_normalized
division,75.0,ACTIVIDADES VETERINARIAS,ACTIVIDADES VETERINARIAS,1483,75,ACTIVIDADES VETERINARIAS,True,False,numeric_normalized
division,88.0,ACTIVIDADES DE SERVICIOS SOCIALES SIN ALOJAMIENTO,ACTIVIDADES DE SERVICIOS SOCIALES SIN ALOJAMIENTO,2744,88,ACTIVIDADES DE SERVICIOS SOCIALES SIN ALOJAMIENTO,True,False,numeric_normalized
division,93.0,"ACTIVIDADES DEPORTIVAS, RECREATIVAS Y DE ENTRETENIMIENTO",ACTIVIDADES DEPORTIVAS RECREATIVAS Y DE ENTRETENIMIENTO,6314,93,"ACTIVIDADES DEPORTIVAS, RECREATIVAS Y DE ENTRETENIMIENTO",True,False,numeric_normalized
division,46.0,"COMERCIO AL POR MAYOR E INTERMEDIARIOS DEL COMERCIO, EXCEPTO DE VEHÍCULOS DE MOTOR Y MOTOCICLETAS",COMERCIO AL POR MAYOR E INTERMEDIARIOS DEL COMERCIO EXCEPTO DE VEHICULOS DE MOTOR Y MOTOCICLETAS,2559,46,"COMERCIO AL POR MAYOR E INTERMEDIARIOS DEL COMERCIO, EXCEPTO DE VEHICULOS DE MOTOR Y MOTOCICLETAS",True,False,numeric_normalized
division,55.0,SERVICIOS DE ALOJAMIENTO,SERVICIOS DE ALOJAMIENTO,2248,55,SERVICIOS DE ALOJAMIENTO,True,False,numeric_normalized
division,87.0,ASISTENCIA EN ESTABLECIMIENTOS RESIDENCIALES,ASISTENCIA EN ESTABLECIMIENTOS RESIDENCIALES,1736,87,ASISTENCIA EN ESTABLECIMIENTOS RESIDENCIALES,True,False,numeric_normalized
division,66.0,ACTIVIDADES AUXILIARES A LOS SERVICIOS FINANCIEROS Y A LOS SEGUROS,ACTIVIDADES AUXILIARES A LOS SERVICIOS FINANCIEROS Y A LOS SEGUROS,1021,66,ACTIVIDADES AUXILIARES A LOS SERVICIOS FINANCIEROS Y A LOS SEGUROS,True,False,numeric_normalized
division,18.0,ARTES GRÁFICAS Y REPRODUCCIÓN DE SOPORTES GRABADOS,ARTES GRAFICAS Y REPRODUCCION DE SOPORTES GRABADOS,651,18,ARTES GRAFICAS Y REPRODUCCION DE SOPORTES GRABADOS,True,False,numeric_normalized
division,43.0,ACTIVIDADES DE CONSTRUCCIÓN ESPECIALIZADA Y ACABADO DE EDIFICIOS,ACTIVIDADES DE CONSTRUCCION ESPECIALIZADA Y ACABADO DE EDIFICIOS,2305,43,ACTIVIDADES DE CONSTRUCCION ESPECIALIZADA Y ACABADO DE EDIFICIOS,True,False,numeric_normalized
division,14.0,CONFECCIÓN DE PRENDAS DE VESTIR,CONFECCION DE PRENDAS DE VESTIR,281,14,CONFECCION DE PRENDAS DE VESTIR,True,False,numeric_normalized
division,52.0,ALMACENAMIENTO Y ACTIVIDADES ANEXAS AL TRANSPORTE,ALMACENAMIENTO Y ACTIVIDADES ANEXAS AL TRANSPORTE,6900,52,ALMACENAMIENTO Y ACTIVIDADES ANEXAS AL TRANSPORTE,True,False,numeric_normalized
division,95.0,"REPARACIÓN DE ORDENADORES, EFECTOS PERSONALES Y ARTÍCULOS DE USO DOMÉSTICO",REPARACION DE ORDENADORES EFECTOS PERSONALES Y ARTICULOS DE USO DOMESTICO,1835,95,"REPARACION DE ORDENADORES, EFECTOS PERSONALES Y ARTICULOS DE USO DOMESTICO",True,False,numeric_normalized
division,64.0,"SERVICIOS FINANCIEROS, EXCEPTO SEGUROS Y FONDOS DE PENSIONES",SERVICIOS FINANCIEROS EXCEPTO SEGUROS Y FONDOS DE PENSIONES,10562,64,"SERVICIOS FINANCIEROS, EXCEPTO SEGUROS Y FONDOS DE PENSIONES",True,False,numeric_normalized
division,32.0,OTRAS INDUSTRIAS MANUFACTURERAS,OTRAS INDUSTRIAS MANUFACTURERAS,1189,32,OTRAS INDUSTRIAS MANUFACTURERAS,True,False,numeric_normalized
division,36.0,"CAPTACIÓN, DEPURACIÓN Y DISTRIBUCIÓN DE AGUA",CAPTACION DEPURACION Y DISTRIBUCION DE AGUA,20,36,"CAPTACION, DEPURACION Y DISTRIBUCION DE AGUA",True,False,numeric_normalized
division,53.0,ACTIVIDADES POSTALES Y DE CORREOS,ACTIVIDADES POSTALES Y DE CORREOS,1624,53,ACTIVIDADES POSTALES Y DE CORREOS,True,False,numeric_normalized
division,10.0,INDUSTRIA DE LA ALIMENTACIÓN,INDUSTRIA DE LA ALIMENTACION,140,10,INDUSTRIA DE LA ALIMENTACION,True,False,numeric_normalized
division,65.0,"SEGUROS, REASEGUROS Y FONDOS DE PENSIONES, EXCEPTO SEGURIDAD SOCIAL OBLIGATORIA",SEGUROS REASEGUROS Y FONDOS DE PENSIONES EXCEPTO SEGURIDAD SOCIAL OBLIGATORIA,1308,65,"SEGUROS, REASEGUROS Y FONDOS DE PENSIONES, EXCEPTO SEGURIDAD SOCIAL OBLIGATORIA",True,False,numeric_normalized
division,49.0,TRANSPORTE TERRESTRE Y POR TUBERÍA,TRANSPORTE TERRESTRE Y POR TUBERIA,249,49,TRANSPORTE TERRESTRE Y POR TUBERIA,True,False,numeric_normalized
division,59.0,"ACTIVIDADES CINEMATOGRÁFICAS, DE VÍDEO Y DE PROGRAMAS DE TELEVISIÓN, GRABACIÓN DE SONIDO Y EDICIÓN MUSICAL",ACTIVIDADES CINEMATOGRAFICAS DE VIDEO Y DE PROGRAMAS DE TELEVISION GRABACION DE SONIDO Y EDICION MUSICAL,209,59,"ACTIVIDADES CINEMATOGRAFICAS, DE VIDEO Y DE PROGRAMAS DE TELEVISION, GRABACION DE SONIDO Y EDICION MUSICAL",True,False,numeric_normalized
division,80.0,ACTIVIDADES DE SEGURIDAD E INVESTIGACIÓN,ACTIVIDADES DE SEGURIDAD E INVESTIGACION,56,80,ACTIVIDADES DE SEGURIDAD E INVESTIGACION,True,False,numeric_normalized
division,20.0,INDUSTRIA QUÍMICA,INDUSTRIA QUIMICA,25,20,INDUSTRIA QUIMICA,True,False,numeric_normalized
division,73.0,PUBLICIDAD Y ESTUDIOS DE MERCADO,PUBLICIDAD Y ESTUDIOS DE MERCADO,1068,73,PUBLICIDAD Y ESTUDIOS DE MERCADO,True,False,numeric_normalized
division,42.0,INGENIERÍA CIVIL,INGENIERIA CIVIL,65,42,INGENIERIA CIVIL,True,False,numeric_normalized
division,13.0,INDUSTRIA TEXTIL,INDUSTRIA TEXTIL,317,13,INDUSTRIA TEXTIL,True,False,numeric_normalized
division,23.0,FABRICACIÓN DE OTROS PRODUCTOS MINERALES NO METÁLICOS,FABRICACION DE OTROS PRODUCTOS MINERALES NO METALICOS,68,23,FABRICACION DE OTROS PRODUCTOS MINERALES NO METALICOS,True,False,numeric_normalized
division,22.0,FABRICACIÓN DE PRODUCTOS DE CAUCHO Y PLÁSTICOS,FABRICACION DE PRODUCTOS DE CAUCHO Y PLASTICOS,38,22,FABRICACION DE PRODUCTOS DE CAUCHO Y PLASTICOS,True,False,numeric_normalized
division,99.0,ACTIVIDADES DE ORGANIZACIONES Y ORGANISMOS EXTRATERRITORIALES,ACTIVIDADES DE ORGANIZACIONES Y ORGANISMOS EXTRATERRITORIALES,554,99,ACTIVIDADES DE ORGANIZACIONES Y ORGANISMOS EXTRATERRITORIALES,True,False,numeric_normalized
division,51.0,TRANSPORTE AÉREO,TRANSPORTE AEREO,17,51,TRANSPORTE AEREO,True,False,numeric_normalized
division,38.0,"RECOGIDA, TRATAMIENTO Y ELIMINACIÓN DE RESIDUOS; VALORIZACIÓN",RECOGIDA TRATAMIENTO Y ELIMINACION DE RESIDUOS VALORIZACION,35,38,"RECOGIDA, TRATAMIENTO Y ELIMINACION DE RESIDUOS; VALORIZACION",True,False,numeric_normalized
division,60.0,ACTIVIDADES DE PROGRAMACIÓN Y EMISIÓN DE RADIO Y TELEVISIÓN,ACTIVIDADES DE PROGRAMACION Y EMISION DE RADIO Y TELEVISION,28,60,ACTIVIDADES DE PROGRAMACION Y EMISION DE RADIO Y TELEVISION,True,False,numeric_normalized
division,29.0,"FABRICACIÓN DE VEHÍCULOS DE MOTOR, REMOLQUES Y SEMIRREMOLQUES",FABRICACION DE VEHICULOS DE MOTOR REMOLQUES Y SEMIRREMOLQUES,13,29,"FABRICACION DE VEHICULOS DE MOTOR, REMOLQUES Y SEMIRREMOLQUES",True,False,numeric_normalized
division,72.0,INVESTIGACIÓN Y DESARROLLO,INVESTIGACION Y DESARROLLO,47,72,INVESTIGACIÓN Y DESARROLLO,True,False,numeric_normalized
division,78.0,ACTIVIDADES RELACIONADAS CON EL EMPLEO,ACTIVIDADES RELACIONADAS CON EL EMPLEO,169,78,ACTIVIDADES RELACIONADAS CON EL EMPLEO,True,False,numeric_normalized
division,30.0,FABRICACIÓN DE OTRO MATERIAL DE TRANSPORTE,FABRICACION DE OTRO MATERIAL DE TRANSPORTE,3,30,FABRICACIÓN DE OTRO MATERIAL DE TRANSPORTE,True,False,numeric_normalized
division,21.0,FABRICACIÓN DE PRODUCTOS FARMACÉUTICOS,FABRICACION DE PRODUCTOS FARMACEUTICOS,11,21,FABRICACION DE PRODUCTOS FARMACEUTICOS,True,False,numeric_normalized
division,11.0,FABRICACIÓN DE BEBIDAS,FABRICACION DE BEBIDAS,3,11,FABRICACIÓN DE BEBIDAS,True,False,numeric_normalized
division,2.0,SILVICULTURA Y EXPLOTACIÓN FORESTAL,SILVICULTURA Y EXPLOTACION FORESTAL,2,2,SILVICULTURA Y EXPLOTACION FORESTAL,True,False,numeric_normalized
division,9.0,ACTIVIDADES DE APOYO A LAS INDUSTRIAS EXTRACTIVAS,ACTIVIDADES DE APOYO A LAS INDUSTRIAS EXTRACTIVAS,4,9,ACTIVIDADES DE APOYO A LAS INDUSTRIAS EXTRACTIVAS,True,False,numeric_normalized
division,56,SERVICIOS DE COMIDAS Y BEBIDAS,SERVICIOS DE COMIDAS Y BEBIDAS,2600302,56,SERVICIOS DE COMIDAS Y BEBIDAS,True,False,exact_valid
division,47,"COMERCIO AL POR MENOR, EXCEPTO DE VEHICULOS DE MOTOR Y MOTOCICLETAS",COMERCIO AL POR MENOR EXCEPTO DE VEHICULOS DE MOTOR Y MOTOCICLETAS,3747687,47,"COMERCIO AL POR MENOR, EXCEPTO DE VEHICULOS DE MOTOR Y MOTOCICLETAS",True,False,exact_valid
division,65,"SEGUROS, REASEGUROS Y FONDOS DE PENSIONES, EXCEPTO SEGURIDAD SOCIAL OBLIGATORIA",SEGUROS REASEGUROS Y FONDOS DE PENSIONES EXCEPTO SEGURIDAD SOCIAL OBLIGATORIA,43804,65,"SEGUROS, REASEGUROS Y FONDOS DE PENSIONES, EXCEPTO SEGURIDAD SOCIAL OBLIGATORIA",True,False,exact_valid
division,96,OTROS SERVICIOS PERSONALES,OTROS SERVICIOS PERSONALES,1239538,96,OTROS SERVICIOS PERSONALES,True,False,exact_valid
division,79,"ACTIVIDADES DE AGENCIAS DE VIAJES, OPERADORES TURISTICOS, SERVICIOS DE RESERVAS Y ACTIVIDADES RELACIONADAS CON LOS MISMOS",ACTIVIDADES DE AGENCIAS DE VIAJES OPERADORES TURISTICOS SERVICIOS DE RESERVAS Y ACTIVIDADES RELACIONADAS CON LOS MISMOS,50992,79,"ACTIVIDADES DE AGENCIAS DE VIAJES, OPERADORES TURISTICOS, SERVICIOS DE RESERVAS Y ACTIVIDADES RELACIONADAS CON LOS MISMOS",True,False,exact_valid
division,31,FABRICACION DE MUEBLES,FABRICACION DE MUEBLES,22688,31,FABRICACION DE MUEBLES,True,False,exact_valid
division,85,EDUCACION,EDUCACION,419328,85,EDUCACION,True,False,exact_valid
division,52,ALMACENAMIENTO Y ACTIVIDADES ANEXAS AL TRANSPORTE,ALMACENAMIENTO Y ACTIVIDADES ANEXAS AL TRANSPORTE,320765,52,ALMACENAMIENTO Y ACTIVIDADES ANEXAS AL TRANSPORTE,True,False,exact_valid
division,93,"ACTIVIDADES DEPORTIVAS, RECREATIVAS Y DE ENTRETENIMIENTO",ACTIVIDADES DEPORTIVAS RECREATIVAS Y DE ENTRETENIMIENTO,240179,93,"ACTIVIDADES DEPORTIVAS, RECREATIVAS Y DE ENTRETENIMIENTO",True,False,exact_valid
division,00,SIN ACTIVIDAD,SIN ACTIVIDAD,221956,0,SIN ACTIVIDAD,False,True,placeholder
division,62,"PROGRAMACION, CONSULTORIA Y OTRAS ACTIVIDADES RELACIONADAS CON LA INFORMATICA",PROGRAMACION CONSULTORIA Y OTRAS ACTIVIDADES RELACIONADAS CON LA INFORMATICA,18844,62,"PROGRAMACIÓN, CONSULTORÍA Y OTRAS ACTIVIDADES RELACIONADAS CON LA INFORMÁTICA",True,False,exact_valid
division,14,CONFECCION DE PRENDAS DE VESTIR,CONFECCION DE PRENDAS DE VESTIR,26445,14,CONFECCION DE PRENDAS DE VESTIR,True,False,exact_valid
division,88,ACTIVIDADES DE SERVICIOS SOCIALES SIN ALOJAMIENTO,ACTIVIDADES DE SERVICIOS SOCIALES SIN ALOJAMIENTO,91640,88,ACTIVIDADES DE SERVICIOS SOCIALES SIN ALOJAMIENTO,True,False,exact_valid
division,87,ASISTENCIA EN ESTABLECIMIENTOS RESIDENCIALES,ASISTENCIA EN ESTABLECIMIENTOS RESIDENCIALES,46364,87,ASISTENCIA EN ESTABLECIMIENTOS RESIDENCIALES,True,False,exact_valid
division,13,INDUSTRIA TEXTIL,INDUSTRIA TEXTIL,9948,13,INDUSTRIA TEXTIL,True,False,exact_valid
division,71,SERVICIOS TECNICOS DE ARQUITECTURA E INGENIERIA; ENSAYOS Y ANALISIS TECNICOS,SERVICIOS TECNICOS DE ARQUITECTURA E INGENIERIA ENSAYOS Y ANALISIS TECNICOS,41473,71,SERVICIOS TECNICOS DE ARQUITECTURA E INGENIERIA; ENSAYOS Y ANALISIS TECNICOS,True,False,exact_valid
division,73,PUBLICIDAD Y ESTUDIOS DE MERCADO,PUBLICIDAD Y ESTUDIOS DE MERCADO,46021,73,PUBLICIDAD Y ESTUDIOS DE MERCADO,True,False,exact_valid
division,27,FABRICACION DE MATERIAL Y EQUIPO ELECTRICO,FABRICACION DE MATERIAL Y EQUIPO ELECTRICO,5416,27,FABRICACION DE MATERIAL Y EQUIPO ELECTRICO,True,False,exact_valid
division,32,OTRAS INDUSTRIAS MANUFACTURERAS,OTRAS INDUSTRIAS MANUFACTURERAS,44438,32,OTRAS INDUSTRIAS MANUFACTURERAS,True,False,exact_valid
division,72,INVESTIGACION Y DESARROLLO,INVESTIGACION Y DESARROLLO,4669,72,INVESTIGACIÓN Y DESARROLLO,True,False,exact_valid
division,80,ACTIVIDADES DE SEGURIDAD E INVESTIGACION,ACTIVIDADES DE SEGURIDAD E INVESTIGACION,4967,80,ACTIVIDADES DE SEGURIDAD E INVESTIGACION,True,False,exact_valid
division,81,SERVICIOS A EDIFICIOS Y ACTIVIDADES DE JARDINERIA,SERVICIOS A EDIFICIOS Y ACTIVIDADES DE JARDINERIA,34616,81,SERVICIOS A EDIFICIOS Y ACTIVIDADES DE JARDINERIA,True,False,exact_valid
division,42,INGENIERIA CIVIL,INGENIERIA CIVIL,4714,42,INGENIERIA CIVIL,True,False,exact_valid
division,49,TRANSPORTE TERRESTRE Y POR TUBERIA,TRANSPORTE TERRESTRE Y POR TUBERIA,20734,49,TRANSPORTE TERRESTRE Y POR TUBERIA,True,False,exact_valid
division,60,ACTIVIDADES DE PROGRAMACION Y EMISION DE RADIO Y TELEVISION,ACTIVIDADES DE PROGRAMACION Y EMISION DE RADIO Y TELEVISION,2666,60,ACTIVIDADES DE PROGRAMACION Y EMISION DE RADIO Y TELEVISION,True,False,exact_valid
division,91,"ACTIVIDADES DE BIBLIOTECAS, ARCHIVOS, MUSEOS Y OTRAS ACTIVIDADES CULTURALES",ACTIVIDADES DE BIBLIOTECAS ARCHIVOS MUSEOS Y OTRAS ACTIVIDADES CULTURALES,33398,91,"ACTIVIDADES DE BIBLIOTECAS, ARCHIVOS, MUSEOS Y OTRAS ACTIVIDADES CULTURALES",True,False,exact_valid
division,17,INDUSTRIA DEL PAPEL,INDUSTRIA DEL PAPEL,2101,17,INDUSTRIA DEL PAPEL,True,False,exact_valid
division,16,"INDUSTRIA DE LA MADERA Y DEL CORCHO, EXCEPTO MUEBLES; CESTERIA Y ESPARTERIA",INDUSTRIA DE LA MADERA Y DEL CORCHO EXCEPTO MUEBLES CESTERIA Y ESPARTERIA,11078,16,"INDUSTRIA DE LA MADERA Y DEL CORCHO, EXCEPTO MUEBLES; CESTERIA Y ESPARTERIA",True,False,exact_valid
division,26,"FABRICACION DE PRODUCTOS INFORMATICOS, ELECTRONICOS Y 0PTICOS",FABRICACION DE PRODUCTOS INFORMATICOS ELECTRONICOS Y OPTICOS,3869,26,"FABRICACION DE PRODUCTOS INFORMATICOS, ELECTRONICOS Y 0PTICOS",True,False,exact_valid
division,58,EDICION (INCLUYE PROGRAMAS INFORMATICOS),EDICION INCLUYE PROGRAMAS INFORMATICOS,10798,58,EDICION (INCLUYE PROGRAMAS INFORMATICOS),True,False,exact_valid
division,12,INDUSTRIA DEL TABACO,INDUSTRIA DEL TABACO,191,12,INDUSTRIA DEL TABACO,True,False,exact_valid
division,28,FABRICACION DE MAQUINARIA Y EQUIPO N.C.O.P.,FABRICACION DE MAQUINARIA Y EQUIPO N C O P,2784,28,FABRICACION DE MAQUINARIA Y EQUIPO N.C.O.P.,True,False,exact_valid
division,06,EXTRACCION DE CRUDO DE PETROLEO Y GAS NATURAL,EXTRACCION DE CRUDO DE PETROLEO Y GAS NATURAL,159,6,EXTRACCION DE CRUDO DE PETROLEO Y GAS NATURAL,True,False,numeric_normalized
division,24,"METALURGIA; FABRICACION DE PRODUCTOS DE HIERRO, ACERO Y FERROALEACIONES",METALURGIA FABRICACION DE PRODUCTOS DE HIERRO ACERO Y FERROALEACIONES,606,24,"METALURGIA; FABRICACION DE PRODUCTOS DE HIERRO, ACERO Y FERROALEACIONES",True,False,exact_valid
division,36,"CAPTACION, DEPURACION Y DISTRIBUCION DE AGUA",CAPTACION DEPURACION Y DISTRIBUCION DE AGUA,1671,36,"CAPTACION, DEPURACION Y DISTRIBUCION DE AGUA",True,False,exact_valid
division,37,RECOGIDA Y TRATAMIENTO DE AGUAS RESIDUALES,RECOGIDA Y TRATAMIENTO DE AGUAS RESIDUALES,799,37,RECOGIDA Y TRATAMIENTO DE AGUAS RESIDUALES,True,False,exact_valid
division,02,SILVICULTURA Y EXPLOTACION FORESTAL,SILVICULTURA Y EXPLOTACION FORESTAL,99,2,SILVICULTURA Y EXPLOTACION FORESTAL,True,False,numeric_normalized
division,11,FABRICACION DE BEBIDAS,FABRICACION DE BEBIDAS,604,11,FABRICACIÓN DE BEBIDAS,True,False,exact_valid
division,47.0,"COMERCIO AL POR MENOR, EXCEPTO DE VEHICULOS DE MOTOR Y MOTOCICLETAS",COMERCIO AL POR MENOR EXCEPTO DE VEHICULOS DE MOTOR Y MOTOCICLETAS,129491,47,"COMERCIO AL POR MENOR, EXCEPTO DE VEHICULOS DE MOTOR Y MOTOCICLETAS",True,False,numeric_normalized
division,46.0,"COMERCIO AL POR MAYOR E INTERMEDIARIOS DEL COMERCIO, EXCEPTO DE VEHICULOS DE MOTOR Y MOTOCICLETAS",COMERCIO AL POR MAYOR E INTERMEDIARIOS DEL COMERCIO EXCEPTO DE VEHICULOS DE MOTOR Y MOTOCICLETAS,9462,46,"COMERCIO AL POR MAYOR E INTERMEDIARIOS DEL COMERCIO, EXCEPTO DE VEHICULOS DE MOTOR Y MOTOCICLETAS",True,False,numeric_normalized
division,85.0,EDUCACION,EDUCACION,13581,85,EDUCACION,True,False,numeric_normalized
division,45.0,VENTA Y REPARACION DE VEHICULOS DE MOTOR Y MOTOCICLETAS,VENTA Y REPARACION DE VEHICULOS DE MOTOR Y MOTOCICLETAS,11041,45,VENTA Y REPARACION DE VEHICULOS DE MOTOR Y MOTOCICLETAS,True,False,numeric_normalized
division,41.0,PROMOCION Y CONSTRUCCION DE EDIFICIOS,PROMOCION Y CONSTRUCCION DE EDIFICIOS,2236,41,PROMOCION Y CONSTRUCCION DE EDIFICIOS,True,False,numeric_normalized
division,59.0,"ACTIVIDADES CINEMATOGRAFICAS, DE VIDEO Y DE PROGRAMAS DE TELEVISION, GRABACION DE SONIDO Y EDICION MUSICAL",ACTIVIDADES CINEMATOGRAFICAS DE VIDEO Y DE PROGRAMAS DE TELEVISION GRABACION DE SONIDO Y EDICION MUSICAL,651,59,"ACTIVIDADES CINEMATOGRAFICAS, DE VIDEO Y DE PROGRAMAS DE TELEVISION, GRABACION DE SONIDO Y EDICION MUSICAL",True,False,numeric_normalized
division,79.0,"ACTIVIDADES DE AGENCIAS DE VIAJES, OPERADORES TURISTICOS, SERVICIOS DE RESERVAS Y ACTIVIDADES RELACIONADAS CON LOS MISMOS",ACTIVIDADES DE AGENCIAS DE VIAJES OPERADORES TURISTICOS SERVICIOS DE RESERVAS Y ACTIVIDADES RELACIONADAS CON LOS MISMOS,1824,79,"ACTIVIDADES DE AGENCIAS DE VIAJES, OPERADORES TURISTICOS, SERVICIOS DE RESERVAS Y ACTIVIDADES RELACIONADAS CON LOS MISMOS",True,False,numeric_normalized
division,71.0,SERVICIOS TECNICOS DE ARQUITECTURA E INGENIERIA; ENSAYOS Y ANALISIS TECNICOS,SERVICIOS TECNICOS DE ARQUITECTURA E INGENIERIA ENSAYOS Y ANALISIS TECNICOS,1387,71,SERVICIOS TECNICOS DE ARQUITECTURA E INGENIERIA; ENSAYOS Y ANALISIS TECNICOS,True,False,numeric_normalized
division,49.0,TRANSPORTE TERRESTRE Y POR TUBERIA,TRANSPORTE TERRESTRE Y POR TUBERIA,745,49,TRANSPORTE TERRESTRE Y POR TUBERIA,True,False,numeric_normalized
division,31.0,FABRICACION DE MUEBLES,FABRICACION DE MUEBLES,740,31,FABRICACION DE MUEBLES,True,False,numeric_normalized
division,90.0,"ACTIVIDADES DE CREACION, ARTISTICAS Y ESPECTACULOS",ACTIVIDADES DE CREACION ARTISTICAS Y ESPECTACULOS,728,90,"ACTIVIDADES DE CREACION, ARTISTICAS Y ESPECTACULOS",True,False,numeric_normalized
division,20.0,INDUSTRIA QUIMICA,INDUSTRIA QUIMICA,80,20,INDUSTRIA QUIMICA,True,False,numeric_normalized
division,84.0,ADMINISTRACION PUBLICA Y DEFENSA; SEGURIDAD SOCIAL OBLIGATORIA,ADMINISTRACION PUBLICA Y DEFENSA SEGURIDAD SOCIAL OBLIGATORIA,2304,84,ADMINISTRACION PUBLICA Y DEFENSA; SEGURIDAD SOCIAL OBLIGATORIA,True,False,numeric_normalized
division,69.0,ACTIVIDADES JURIDICAS Y DE CONTABILIDAD,ACTIVIDADES JURIDICAS Y DE CONTABILIDAD,3051,69,ACTIVIDADES JURÍDICAS Y DE CONTABILIDAD,True,False,numeric_normalized
division,33.0,REPARACION E INSTALACION DE MAQUINARIA Y EQUIPO,REPARACION E INSTALACION DE MAQUINARIA Y EQUIPO,559,33,REPARACION E INSTALACION DE MAQUINARIA Y EQUIPO,True,False,numeric_normalized
division,18.0,ARTES GRAFICAS Y REPRODUCCION DE SOPORTES GRABADOS,ARTES GRAFICAS Y REPRODUCCION DE SOPORTES GRABADOS,1956,18,ARTES GRAFICAS Y REPRODUCCION DE SOPORTES GRABADOS,True,False,numeric_normalized
division,35.0,"SUMINISTRO DE ENERGIA ELECTRICA, GAS, VAPOR Y AIRE ACONDICIONADO",SUMINISTRO DE ENERGIA ELECTRICA GAS VAPOR Y AIRE ACONDICIONADO,321,35,"SUMINISTRO DE ENERGÍA ELÉCTRICA, GAS, VAPOR Y AIRE ACONDICIONADO",True,False,numeric_normalized
division,28.0,FABRICACION DE MAQUINARIA Y EQUIPO N.C.O.P.,FABRICACION DE MAQUINARIA Y EQUIPO N C O P,90,28,FABRICACION DE MAQUINARIA Y EQUIPO N.C.O.P.,True,False,numeric_normalized
division,26.0,"FABRICACION DE PRODUCTOS INFORMATICOS, ELECTRONICOS Y 0PTICOS",FABRICACION DE PRODUCTOS INFORMATICOS ELECTRONICOS Y OPTICOS,118,26,"FABRICACION DE PRODUCTOS INFORMATICOS, ELECTRONICOS Y 0PTICOS",True,False,numeric_normalized
division,29.0,"FABRICACION DE VEHICULOS DE MOTOR, REMOLQUES Y SEMIRREMOLQUES",FABRICACION DE VEHICULOS DE MOTOR REMOLQUES Y SEMIRREMOLQUES,37,29,"FABRICACION DE VEHICULOS DE MOTOR, REMOLQUES Y SEMIRREMOLQUES",True,False,numeric_normalized
division,70.0,ACTIVIDADES DE LAS SEDES CENTRALES; ACTIVIDADES DE CONSULTORIA DE GESTION EMPRESARIAL,ACTIVIDADES DE LAS SEDES CENTRALES ACTIVIDADES DE CONSULTORIA DE GESTION EMPRESARIAL,768,70,ACTIVIDADES DE LAS SEDES CENTRALES; ACTIVIDADES DE CONSULTORÍA DE GESTIÓN EMPRESARIAL,True,False,numeric_normalized
division,42.0,INGENIERIA CIVIL,INGENIERIA CIVIL,184,42,INGENIERIA CIVIL,True,False,numeric_normalized
division,38.0,"RECOGIDA, TRATAMIENTO Y ELIMINACION DE RESIDUOS; VALORIZACION",RECOGIDA TRATAMIENTO Y ELIMINACION DE RESIDUOS VALORIZACION,105,38,"RECOGIDA, TRATAMIENTO Y ELIMINACION DE RESIDUOS; VALORIZACION",True,False,numeric_normalized
division,24.0,"METALURGIA; FABRICACION DE PRODUCTOS DE HIERRO, ACERO Y FERROALEACIONES",METALURGIA FABRICACION DE PRODUCTOS DE HIERRO ACERO Y FERROALEACIONES,21,24,"METALURGIA; FABRICACION DE PRODUCTOS DE HIERRO, ACERO Y FERROALEACIONES",True,False,numeric_normalized
division,21.0,FABRICACION DE PRODUCTOS FARMACEUTICOS,FABRICACION DE PRODUCTOS FARMACEUTICOS,33,21,FABRICACION DE PRODUCTOS FARMACEUTICOS,True,False,numeric_normalized
division,2.0,SILVICULTURA Y EXPLOTACION FORESTAL,SILVICULTURA Y EXPLOTACION FORESTAL,6,2,SILVICULTURA Y EXPLOTACION FORESTAL,True,False,numeric_normalized
division,39.0,ACTIVIDADES DE DESCONTAMINACION Y OTROS SERVICIOS DE GESTION DE RESIDUOS,ACTIVIDADES DE DESCONTAMINACION Y OTROS SERVICIOS DE GESTION DE RESIDUOS,24,39,ACTIVIDADES DE DESCONTAMINACION Y OTROS SERVICIOS DE GESTION DE RESIDUOS,True,False,numeric_normalized
division,"COMERCIO AL POR MENOR, EXCEPTO DE VEHICULOS DE MOTOR Y MOTOCICLETAS",472102,4721O2,34,NAN,SIN ACTIVIDAD PTE. DE CODIFICAR,False,False,description_remap
division,"COMERCIO AL POR MENOR, EXCEPTO DE VEHICULOS DE MOTOR Y MOTOCICLETAS",471101,4711O1,26,NAN,SIN ACTIVIDAD PTE. DE CODIFICAR,False,False,description_remap
division,1,"AGRICULTURA, GANADERIA, CAZA Y SERVICIOS RELACIONADOS CON LAS MISMAS",AGRICULTURA GANADERIA CAZA Y SERVICIOS RELACIONADOS CON LAS MISMAS,47,1,"AGRICULTURA, GANADERIA, CAZA Y SERVICIOS RELACIONADOS CON LAS MISMAS",True,False,exact_valid
division,2,SILVICULTURA Y EXPLOTACION FORESTAL,SILVICULTURA Y EXPLOTACION FORESTAL,5,2,SILVICULTURA Y EXPLOTACION FORESTAL,True,False,exact_valid
division,50,TRANSPORTE MARITIMO Y POR VIAS NAVEGABLES INTERIORES,TRANSPORTE MARITIMO Y POR VIAS NAVEGABLES INTERIORES,4,50,TRANSPORTE MARÍTIMO Y POR VÍAS NAVEGABLES INTERIORES,True,False,exact_valid
division,6,EXTRACCION DE CRUDO DE PETROLEO Y GAS NATURAL,EXTRACCION DE CRUDO DE PETROLEO Y GAS NATURAL,10,6,EXTRACCION DE CRUDO DE PETROLEO Y GAS NATURAL,True,False,exact_valid
division,47,"COMERCIO AL POR MENOR, EXCEPTO DE VEHÍCULOS DE MOTOR Y MOTOCICLETAS",COMERCIO AL POR MENOR EXCEPTO DE VEHICULOS DE MOTOR Y MOTOCICLETAS,1798528,47,"COMERCIO AL POR MENOR, EXCEPTO DE VEHICULOS DE MOTOR Y MOTOCICLETAS",True,False,exact_valid
division,79,"ACTIVIDADES DE AGENCIAS DE VIAJES, OPERADORES TURÍSTICOS, SERVICIOS DE RESERVAS Y ACTIVIDADES RELACIONADAS CON LOS MISMOS",ACTIVIDADES DE AGENCIAS DE VIAJES OPERADORES TURISTICOS SERVICIOS DE RESERVAS Y ACTIVIDADES RELACIONADAS CON LOS MISMOS,26978,79,"ACTIVIDADES DE AGENCIAS DE VIAJES, OPERADORES TURISTICOS, SERVICIOS DE RESERVAS Y ACTIVIDADES RELACIONADAS CON LOS MISMOS",True,False,exact_valid
division,18,ARTES GRÁFICAS Y REPRODUCCIÓN DE SOPORTES GRABADOS,ARTES GRAFICAS Y REPRODUCCION DE SOPORTES GRABADOS,27997,18,ARTES GRAFICAS Y REPRODUCCION DE SOPORTES GRABADOS,True,False,exact_valid
division,95,"REPARACIÓN DE ORDENADORES, EFECTOS PERSONALES Y ARTÍCULOS DE USO DOMÉSTICO",REPARACION DE ORDENADORES EFECTOS PERSONALES Y ARTICULOS DE USO DOMESTICO,83544,95,"REPARACION DE ORDENADORES, EFECTOS PERSONALES Y ARTICULOS DE USO DOMESTICO",True,False,exact_valid
division,14,CONFECCIÓN DE PRENDAS DE VESTIR,CONFECCION DE PRENDAS DE VESTIR,15677,14,CONFECCION DE PRENDAS DE VESTIR,True,False,exact_valid
division,39,ACTIVIDADES DE DESCONTAMINACIÓN Y OTROS SERVICIOS DE GESTIÓN DE RESIDUOS,ACTIVIDADES DE DESCONTAMINACION Y OTROS SERVICIOS DE GESTION DE RESIDUOS,507,39,ACTIVIDADES DE DESCONTAMINACION Y OTROS SERVICIOS DE GESTION DE RESIDUOS,True,False,exact_valid
division,74,"OTRAS ACTIVIDADES PROFESIONALES, CIENTÍFICAS Y TÉCNICAS",OTRAS ACTIVIDADES PROFESIONALES CIENTIFICAS Y TECNICAS,42694,74,"OTRAS ACTIVIDADES PROFESIONALES, CIENTIFICAS Y TECNICAS",True,False,exact_valid
division,49,TRANSPORTE TERRESTRE Y POR TUBERÍA,TRANSPORTE TERRESTRE Y POR TUBERIA,10573,49,TRANSPORTE TERRESTRE Y POR TUBERIA,True,False,exact_valid
division,10,INDUSTRIA DE LA ALIMENTACIÓN,INDUSTRIA DE LA ALIMENTACION,22714,10,INDUSTRIA DE LA ALIMENTACION,True,False,exact_valid
division,41,PROMOCIÓN Y CONSTRUCCIÓN DE EDIFICIOS,PROMOCION Y CONSTRUCCION DE EDIFICIOS,34511,41,PROMOCION Y CONSTRUCCION DE EDIFICIOS,True,False,exact_valid
division,80,ACTIVIDADES DE SEGURIDAD E INVESTIGACIÓN,ACTIVIDADES DE SEGURIDAD E INVESTIGACION,3407,80,ACTIVIDADES DE SEGURIDAD E INVESTIGACION,True,False,exact_valid
division,21,FABRICACIÓN DE PRODUCTOS FARMACÉUTICOS,FABRICACION DE PRODUCTOS FARMACEUTICOS,815,21,FABRICACION DE PRODUCTOS FARMACEUTICOS,True,False,exact_valid
division,28,FABRICACIÓN DE MAQUINARIA Y EQUIPO N.C.O.P.,FABRICACION DE MAQUINARIA Y EQUIPO N C O P,1926,28,FABRICACION DE MAQUINARIA Y EQUIPO N.C.O.P.,True,False,exact_valid
division,42,INGENIERÍA CIVIL,INGENIERIA CIVIL,2762,42,INGENIERIA CIVIL,True,False,exact_valid
division,24,"METALURGIA; FABRICACIÓN DE PRODUCTOS DE HIERRO, ACERO Y FERROALEACIONES",METALURGIA FABRICACION DE PRODUCTOS DE HIERRO ACERO Y FERROALEACIONES,473,24,"METALURGIA; FABRICACION DE PRODUCTOS DE HIERRO, ACERO Y FERROALEACIONES",True,False,exact_valid
division,-1,VALOR NULO EN ORIGEN,VALOR NULO EN ORIGEN,937838,-1,VALOR NULO EN ORIGEN,False,True,placeholder
division,11,FABRICACIÓN DE BEBIDAS,FABRICACION DE BEBIDAS,627,11,FABRICACIÓN DE BEBIDAS,True,False,exact_valid
division,07,EXTRACCIÓN DE MINERALES METÁLICOS,EXTRACCION DE MINERALES METALICOS,16,7,EXTRACCIÓN DE MINERALES METÁLICOS,True,False,numeric_normalized
epigrafe,477201,COMERCIO AL POR MENOR DE CALZADO Y ARTICULOS DE CUERO EN ESTABLECIMIENTOS ESPECIALIZADOS,COMERCIO AL POR MENOR DE CALZADO Y ARTICULOS DE CUERO EN ESTABLECIMIENTOS ESPECIALIZADOS,140390,477201,COMERCIO AL POR MENOR DE CALZADO Y ARTICULOS DE CUERO EN ESTABLECIMIENTOS ESPECIALIZADOS,True,False,exact_valid
epigrafe,952005,REPARACION DE OTROS EFECTOS PERSONALES Y ARTICULOS DE USO DOMESTICO N.C.O.P.,REPARACION DE OTROS EFECTOS PERSONALES Y ARTICULOS DE USO DOMESTICO N C O P,55604,952005,REPARACION DE OTROS EFECTOS PERSONALES Y ARTICULOS DE USO DOMESTICO N.C.O.P.,True,False,exact_valid
epigrafe,472402,COMERCIO AL POR MENOR DE PAN Y PRODUCTOS DE PANADERIA Y BOLLERIA SIN OBRADOR,COMERCIO AL POR MENOR DE PAN Y PRODUCTOS DE PANADERIA Y BOLLERIA SIN OBRADOR,100915,472402,COMERCIO AL POR MENOR DE PAN Y PRODUCTOS DE PANADERIA Y BOLLERIA SIN OBRADOR,True,False,exact_valid
epigrafe,472907,COMERCIO AL POR MENOR DE FRUTOS SECOS Y VARIANTES,COMERCIO AL POR MENOR DE FRUTOS SECOS Y VARIANTES,64106,472907,COMERCIO AL POR MENOR DE FRUTOS SECOS Y VARIANTES,True,False,exact_valid
epigrafe,960203,CENTRO DE ESTETICA,CENTRO DE ESTETICA,258695,960203,CENTRO DE ESTETICA,True,False,exact_valid
epigrafe,452002,TALLER DE REPARACION DE AUTOMOVILES ESPECIALIZADO EN MECANICA Y ELECTRICIDAD,TALLER DE REPARACION DE AUTOMOVILES ESPECIALIZADO EN MECANICA Y ELECTRICIDAD,202373,452002,TALLER DE REPARACION DE AUTOMOVILES ESPECIALIZADO EN MECANICA Y ELECTRICIDAD,True,False,exact_valid
epigrafe,960201,SERVICIO DE PELUQUERIA,SERVICIO DE PELUQUERIA,670144,960201,SERVICIO DE PELUQUERIA,True,False,exact_valid
epigrafe,960101,LAVADO Y LIMPIEZA DE PRENDAS TEXTILES Y DE PIEL,LAVADO Y LIMPIEZA DE PRENDAS TEXTILES Y DE PIEL,83022,960101,LAVADO Y LIMPIEZA DE PRENDAS TEXTILES Y DE PIEL,True,False,exact_valid
epigrafe,475905,COMERCIO AL POR MENOR DE COLCHONERIA,COMERCIO AL POR MENOR DE COLCHONERIA,22709,475905,COMERCIO AL POR MENOR DE COLCHONERIA,True,False,exact_valid
epigrafe,472102,COMERCIO AL POR MENOR DE FRUTAS Y HORTALIZAS SIN OBRADOR,COMERCIO AL POR MENOR DE FRUTAS Y HORTALIZAS SIN OBRADOR,316109,472102,COMERCIO AL POR MENOR DE FRUTAS Y HORTALIZAS SIN OBRADOR,True,False,exact_valid
epigrafe,472401,COMERCIO AL POR MENOR DE PAN Y PRODUCTOS DE PANADERIA Y BOLLERIA CON OBRADOR,COMERCIO AL POR MENOR DE PAN Y PRODUCTOS DE PANADERIA Y BOLLERIA CON OBRADOR,134260,472401,COMERCIO AL POR MENOR DE PAN Y PRODUCTOS DE PANADERIA Y BOLLERIA CON OBRADOR,True,False,exact_valid
epigrafe,476403,COMERCIO AL POR MENOR DE ARTICULOS DEPORTIVOS,COMERCIO AL POR MENOR DE ARTICULOS DEPORTIVOS,39574,476403,COMERCIO AL POR MENOR DE ARTICULOS DEPORTIVOS,True,False,exact_valid
epigrafe,561006,CAFETERIA,CAFETERIA,408293,561006,CAFETERIA,True,False,exact_valid
epigrafe,471101,"COMERCIO AL POR MENOR EN ESTABLECIMIENTOS NO ESPECIALIZADOS, CON PREDOMINIO EN PRODUCTOS ALIMENTICIOS, BEBIDAS Y TABACO (AUTOSERVICIO)",COMERCIO AL POR MENOR EN ESTABLECIMIENTOS NO ESPECIALIZADOS CON PREDOMINIO EN PRODUCTOS ALIMENTICIOS BEBIDAS Y TABACO AUTOSERVICIO,294889,471101,"COMERCIO AL POR MENOR EN ESTABLECIMIENTOS NO ESPECIALIZADOS, CON PREDOMINIO EN PRODUCTOS ALIMENTICIOS, BEBIDAS Y TABACO (AUTOSERVICIO)",True,False,exact_valid
epigrafe,861002,CLINICAS MEDICAS,CLINICAS MEDICAS,75784,861002,CLINICAS MEDICAS,True,False,exact_valid
epigrafe,960202,INSTITUTO DE BELLEZA,INSTITUTO DE BELLEZA,59553,960202,INSTITUTO DE BELLEZA,True,False,exact_valid
epigrafe,476201,"COMERCIO AL POR MENOR DE PERIODICOS, REVISTAS Y ARTICULOS DE PAPELERIA",COMERCIO AL POR MENOR DE PERIODICOS REVISTAS Y ARTICULOS DE PAPELERIA,91734,476201,"COMERCIO AL POR MENOR DE PERIODICOS, REVISTAS Y ARTICULOS DE PAPELERIA",True,False,exact_valid
epigrafe,477501,COMERCIO AL POR MENOR DE ARTICULOS DE PERFUMERIA Y COSMETICA,COMERCIO AL POR MENOR DE ARTICULOS DE PERFUMERIA Y COSMETICA,98947,477501,COMERCIO AL POR MENOR DE ARTICULOS DE PERFUMERIA Y COSMETICA,True,False,exact_valid
epigrafe,474102,"COMERCIO AL POR MENOR DE PRODUCTOS INFORMATICOS (ORDENADORES, PROGRAMAS Y EQUIPOS PERIFERICOS)",COMERCIO AL POR MENOR DE PRODUCTOS INFORMATICOS ORDENADORES PROGRAMAS Y EQUIPOS PERIFERICOS,10445,474102,"COMERCIO AL POR MENOR DE PRODUCTOS INFORMATICOS (ORDENADORES, PROGRAMAS, EQUIPOS PERIFERICOS Y CONSUMIBLES)",True,False,exact_valid
epigrafe,472301,COMERCIO AL POR MENOR DE PESCADOS Y MARISCOS CON OBRADOR (INCLUYE COCCION),COMERCIO AL POR MENOR DE PESCADOS Y MARISCOS CON OBRADOR INCLUYE COCCION,10818,472301,COMERCIO AL POR MENOR DE PESCADOS Y MARISCOS CON OBRADOR (INCLUYE COCCION),True,False,exact_valid
epigrafe,475901,COMERCIO AL POR MENOR DE MUEBLES,COMERCIO AL POR MENOR DE MUEBLES,95303,475901,COMERCIO AL POR MENOR DE MUEBLES,True,False,exact_valid
epigrafe,472901,COMERCIO AL POR MENOR DE PRODUCTOS DE HERBOLARIO,COMERCIO AL POR MENOR DE PRODUCTOS DE HERBOLARIO,72298,472901,COMERCIO AL POR MENOR DE PRODUCTOS DE HERBOLARIO,True,False,exact_valid
epigrafe,472405,"COMERCIO AL POR MENOR DE PASTELERIA, CONFITERIA, REPOSTERIA SIN OBRADOR",COMERCIO AL POR MENOR DE PASTELERIA CONFITERIA REPOSTERIA SIN OBRADOR,45753,472405,"COMERCIO AL POR MENOR DE PASTELERIA, CONFITERIA, REPOSTERIA SIN OBRADOR",True,False,exact_valid
epigrafe,454001,MANTENIMIENTO Y REPARACION DE MOTOCICLETAS Y VENTA DE SUS REPUESTOS Y ACCESORIOS,MANTENIMIENTO Y REPARACION DE MOTOCICLETAS Y VENTA DE SUS REPUESTOS Y ACCESORIOS,22783,454001,MANTENIMIENTO Y REPARACION DE MOTOCICLETAS Y VENTA DE SUS REPUESTOS Y ACCESORIOS,True,False,exact_valid
epigrafe,000000,LOCAL SIN ACTIVIDAD,LOCAL SIN ACTIVIDAD,221956,0,LOCAL SIN ACTIVIDAD,False,True,placeholder
epigrafe,472905,COMERCIO AL POR MENOR DE CONGELADOS,COMERCIO AL POR MENOR DE CONGELADOS,39534,472905,COMERCIO AL POR MENOR DE CONGELADOS,True,False,exact_valid
epigrafe,852001,CENTRO DE INFANTIL Y PRIMARIA PUBLICO,CENTRO DE INFANTIL Y PRIMARIA PUBLICO,33033,852001,CENTRO DE INFANTIL Y PRIMARIA PUBLICO,True,False,exact_valid
epigrafe,472201,COMERCIO AL POR MENOR DE CARNICERIA,COMERCIO AL POR MENOR DE CARNICERIA,145231,472201,COMERCIO AL POR MENOR DE CARNICERIA,True,False,exact_valid
epigrafe,472207,COMERCIO AL POR MENOR DE CASQUERIA,COMERCIO AL POR MENOR DE CASQUERIA,18958,472207,COMERCIO AL POR MENOR DE CASQUERIA,True,False,exact_valid
epigrafe,477806,COMERCIO AL POR MENOR DE MATERIAL DE OPTICA,COMERCIO AL POR MENOR DE MATERIAL DE OPTICA,79599,477806,COMERCIO AL POR MENOR DE MATERIAL DE OPTICA,True,False,exact_valid
epigrafe,881001,ACTIVIDADES DE SERVICIOS SOCIALES SIN ALOJAMIENTO PARA PERSONAS MAYORES Y DISCAPACITADOS,ACTIVIDADES DE SERVICIOS SOCIALES SIN ALOJAMIENTO PARA PERSONAS MAYORES Y DISCAPACITADOS,51585,881001,ACTIVIDADES DE SERVICIOS SOCIALES SIN ALOJAMIENTO PARA PERSONAS MAYORES Y DISCAPACITADOS,True,False,exact_valid
epigrafe,472302,COMERCIO AL POR MENOR DE PESCADOS Y MARISCOS SIN OBRADOR,COMERCIO AL POR MENOR DE PESCADOS Y MARISCOS SIN OBRADOR,114162,472302,COMERCIO AL POR MENOR DE PESCADOS Y MARISCOS SIN OBRADOR,True,False,exact_valid
epigrafe,960205,CENTROS DE BRONCEADO,CENTROS DE BRONCEADO,30029,960205,CENTROS DE BRONCEADO,True,False,exact_valid
epigrafe,471902,"COMERCIO AL POR MENOR DE PRODUCTOS DE PRECIO UNICO, BAZARES Y ASIMILABLES",COMERCIO AL POR MENOR DE PRODUCTOS DE PRECIO UNICO BAZARES Y ASIMILABLES,176870,471902,"COMERCIO AL POR MENOR DE PRODUCTOS DE PRECIO UNICO, BAZARES Y ASIMILABLES",True,False,exact_valid
epigrafe,472407,ESTABLECIMIENTOS DE VENTA DE PLATOS PREPARADOS CON OBRADOR,ESTABLECIMIENTOS DE VENTA DE PLATOS PREPARADOS CON OBRADOR,111533,472407,ESTABLECIMIENTOS DE VENTA DE PLATOS PREPARADOS CON OBRADOR,True,False,exact_valid
epigrafe,471104,COMERCIO AL POR MENOR DE PRODUCTOS ALIMENTICIOS NO PERECEDEROS ENVASADOS,COMERCIO AL POR MENOR DE PRODUCTOS ALIMENTICIOS NO PERECEDEROS ENVASADOS,117344,471104,COMERCIO AL POR MENOR DE PRODUCTOS ALIMENTICIOS NO PERECEDEROS ENVASADOS,True,False,exact_valid
epigrafe,472904,COMERCIO AL POR MENOR DE HELADOS SIN OBRADOR,COMERCIO AL POR MENOR DE HELADOS SIN OBRADOR,22394,472904,COMERCIO AL POR MENOR DE HELADOS SIN OBRADOR,True,False,exact_valid
epigrafe,467001,"COMERCIO AL POR MAYOR DE METALES FERREOS Y NO FERREOS, MATERIAL DE CONSTRUCCION, PAPEL Y CARTON",COMERCIO AL POR MAYOR DE METALES FERREOS Y NO FERREOS MATERIAL DE CONSTRUCCION PAPEL Y CARTON,31375,467001,"COMERCIO AL POR MAYOR DE METALES FERREOS Y NO FERREOS, MATERIAL DE CONSTRUCCION, PAPEL Y CARTON",True,False,exact_valid
epigrafe,477807,SALA DE EXPOSICIONES Y GALERIAS DE ARTE CON VENTA,SALA DE EXPOSICIONES Y GALERIAS DE ARTE CON VENTA,23664,477807,SALA DE EXPOSICIONES Y GALERIAS DE ARTE CON VENTA,True,False,exact_valid
epigrafe,464901,COMERCIO AL POR MAYOR DE JUGUETES Y ARTICULOS DE DEPORTE,COMERCIO AL POR MAYOR DE JUGUETES Y ARTICULOS DE DEPORTE,2873,464901,COMERCIO AL POR MAYOR DE JUGUETES Y ARTICULOS DE DEPORTE,True,False,exact_valid
epigrafe,472910,"COMERCIO AL POR MENOR DE CAFE, INFUSIONES Y CHOCOLATE",COMERCIO AL POR MENOR DE CAFE INFUSIONES Y CHOCOLATE,14473,472910,"COMERCIO AL POR MENOR DE CAFE, INFUSIONES Y CHOCOLATE",True,False,exact_valid
epigrafe,477701,"COMERCIO AL POR MENOR DE JOYAS, RELOJERIA Y BISUTERIA",COMERCIO AL POR MENOR DE JOYAS RELOJERIA Y BISUTERIA,141966,477701,"COMERCIO AL POR MENOR DE JOYAS, RELOJERIA Y BISUTERIA",True,False,exact_valid
epigrafe,472203,COMERCIO AL POR MENOR DE CARNICERIA-CHARCUTERIA,COMERCIO AL POR MENOR DE CARNICERIA CHARCUTERIA,28842,472203,COMERCIO AL POR MENOR DE CARNICERIA-CHARCUTERIA,True,False,exact_valid
epigrafe,472206,"COMERCIO AL POR MENOR DE AVES, HUEVOS Y CAZA SIN OBRADOR",COMERCIO AL POR MENOR DE AVES HUEVOS Y CAZA SIN OBRADOR,104719,472206,"COMERCIO AL POR MENOR DE AVES, HUEVOS Y CAZA SIN OBRADOR",True,False,exact_valid
epigrafe,960902,TRATAMIENTO HIGIENICO DE ANIMALES (PELUQUERIAS),TRATAMIENTO HIGIENICO DE ANIMALES PELUQUERIAS,30044,960902,TRATAMIENTO HIGIENICO DE ANIMALES (PELUQUERIAS),True,False,exact_valid
epigrafe,471103,TIENDA DE CONVENIENCIA (24H),TIENDA DE CONVENIENCIA 24H,6455,471103,TIENDA DE CONVENIENCIA (24H),True,False,exact_valid
epigrafe,472906,COMERCIO AL POR MENOR DE GOLOSINAS,COMERCIO AL POR MENOR DE GOLOSINAS,10469,472906,COMERCIO AL POR MENOR DE GOLOSINAS,True,False,exact_valid
epigrafe,471102,"COMERCIO AL POR MENOR EN ESTABLECIMIENTOS NO ESPECIALIZADOS, CON PREDOMINIO EN PRODUCTOS ALIMENTICIOS, BEBIDAS Y TABACO (GRANDES SUPERFICIES)",COMERCIO AL POR MENOR EN ESTABLECIMIENTOS NO ESPECIALIZADOS CON PREDOMINIO EN PRODUCTOS ALIMENTICIOS BEBIDAS Y TABACO GRANDES SUPERFICIES,14598,471102,"COMERCIO AL POR MENOR EN ESTABLECIMIENTOS NO ESPECIALIZADOS, CON PREDOMINIO EN PRODUCTOS ALIMENTICIOS, BEBIDAS Y TABACO (GRANDES SUPERFICIES)",True,False,exact_valid
epigrafe,474302,COMERCIO AL POR MENOR DE MATERIAL ELECTRONICO,COMERCIO AL POR MENOR DE MATERIAL ELECTRONICO,31684,474302,COMERCIO AL POR MENOR DE MATERIAL ELECTRONICO,True,False,exact_valid
epigrafe,551002,HOTELES Y MOTELES SIN RESTAURANTE,HOTELES Y MOTELES SIN RESTAURANTE,6315,551002,HOTELES Y MOTELES SIN RESTAURANTE,True,False,exact_valid
epigrafe,562901,"OTROS SERVICIOS DE COMIDAS EN INSTALACIONES DEPORTIVAS, OFICINAS, EMPRESAS O SIMILARES",OTROS SERVICIOS DE COMIDAS EN INSTALACIONES DEPORTIVAS OFICINAS EMPRESAS O SIMILARES,28109,562901,"OTROS SERVICIOS DE COMIDAS EN INSTALACIONES DEPORTIVAS, OFICINAS, EMPRESAS O SIMILARES",True,False,exact_valid
epigrafe,521001,DEPOSITO Y ALMACENAMIENTO,DEPOSITO Y ALMACENAMIENTO,203212,521001,DEPOSITO Y ALMACENAMIENTO,True,False,exact_valid
epigrafe,870001,"ASISTENCIA EN ESTABLECIMIENTOS RESIDENCIALES PARA MAYORES, DISCAPACITADOS, DROGODEPENDIENTES, CENTROS DE CONVALECENCIA, PERSONAS SIN HOGAR",ASISTENCIA EN ESTABLECIMIENTOS RESIDENCIALES PARA MAYORES DISCAPACITADOS DROGODEPENDIENTES CENTROS DE CONVALECENCIA PERSONAS SIN HOGAR,46364,870001,"ASISTENCIA EN ESTABLECIMIENTOS RESIDENCIALES PARA MAYORES, DISCAPACITADOS, DROGODEPENDIENTES, CENTROS DE CONVALECENCIA, PERSONAS SIN HOGAR",True,False,exact_valid
epigrafe,475401,COMERCIO AL POR MENOR DE ELECTRODOMESTICOS,COMERCIO AL POR MENOR DE ELECTRODOMESTICOS,32050,475401,COMERCIO AL POR MENOR DE ELECTRODOMESTICOS,True,False,exact_valid
epigrafe,522002,APARCAMIENTOS PUBLICOS,APARCAMIENTOS PUBLICOS,50416,522002,APARCAMIENTOS PUBLICOS,True,False,exact_valid
epigrafe,475101,COMERCIO AL POR MENOR DE TEXTILES PARA EL HOGAR,COMERCIO AL POR MENOR DE TEXTILES PARA EL HOGAR,79320,475101,COMERCIO AL POR MENOR DE TEXTILES PARA EL HOGAR,True,False,exact_valid
epigrafe,310002,CARPINTERIA Y EBANISTERIA,CARPINTERIA Y EBANISTERIA,25267,310002,CARPINTERIA Y EBANISTERIA,True,False,exact_valid
epigrafe,661002,CAMBIO Y ENVIO DE MONEDA,CAMBIO Y ENVIO DE MONEDA,19000,661002,CAMBIO Y ENVIO DE MONEDA,True,False,exact_valid
epigrafe,475202,COMERCIO AL POR MENOR DE MATERIALES DE CONSTRUCCION,COMERCIO AL POR MENOR DE MATERIALES DE CONSTRUCCION,27809,475202,COMERCIO AL POR MENOR DE MATERIALES DE CONSTRUCCION,True,False,exact_valid
epigrafe,869001,CONSULTA DE PROTESICOS E HIGIENISTAS DENTALES,CONSULTA DE PROTESICOS E HIGIENISTAS DENTALES,20869,869001,CONSULTA DE PROTESICOS E HIGIENISTAS DENTALES,True,False,exact_valid
epigrafe,473001,COMERCIO AL POR MENOR DE COMBUSTIBLE PARA LA AUTOMOCION EN ESTABLECIMIENTOS ESPECIALIZADOS,COMERCIO AL POR MENOR DE COMBUSTIBLE PARA LA AUTOMOCION EN ESTABLECIMIENTOS ESPECIALIZADOS,22020,473001,COMERCIO AL POR MENOR DE COMBUSTIBLE PARA LA AUTOMOCION EN ESTABLECIMIENTOS ESPECIALIZADOS,True,False,exact_valid
epigrafe,563006,CIBER-CAFE,CIBER CAFE,1042,563006,CIBER-CAFE,True,False,exact_valid
epigrafe,932001,CENTROS DE JUEGOS O CELEBRACIONES INFANTILES CON COCINA,CENTROS DE JUEGOS O CELEBRACIONES INFANTILES CON COCINA,5931,932001,CENTROS DE JUEGOS O CELEBRACIONES INFANTILES CON COCINA,True,False,exact_valid
epigrafe,476101,COMERCIO AL POR MENOR DE LIBROS,COMERCIO AL POR MENOR DE LIBROS,61068,476101,COMERCIO AL POR MENOR DE LIBROS,True,False,exact_valid
epigrafe,750004,CONSULTORIO VETERINARIO CON TRATAMIENTO HIGIENICO ANIMAL,CONSULTORIO VETERINARIO CON TRATAMIENTO HIGIENICO ANIMAL,6576,750004,CONSULTORIO VETERINARIO CON TRATAMIENTO HIGIENICO ANIMAL,True,False,exact_valid
epigrafe,952002,REPARACION DE CALZADO,REPARACION DE CALZADO,47463,952002,REPARACION DE CALZADO,True,False,exact_valid
epigrafe,869009,"SERVICIOS PARASANITARIOS (NATUROPATIA, ACUPUNTURA, HOMEOPATIA)",SERVICIOS PARASANITARIOS NATUROPATIA ACUPUNTURA HOMEOPATIA,22450,869009,"SERVICIOS PARASANITARIOS (NATUROPATIA, ACUPUNTURA, HOMEOPATIA)",True,False,exact_valid
epigrafe,472909,"COMERCIO AL POR MENOR DE MASAS Y PATATAS FRITAS, CHURRERIA SIN OBRADOR",COMERCIO AL POR MENOR DE MASAS Y PATATAS FRITAS CHURRERIA SIN OBRADOR,1123,472909,"COMERCIO AL POR MENOR DE MASAS Y PATATAS FRITAS, CHURRERIA SIN OBRADOR",True,False,exact_valid
epigrafe,852002,CENTRO DE INFANTIL Y PRIMARIA PRIVADO,CENTRO DE INFANTIL Y PRIMARIA PRIVADO,15155,852002,CENTRO DE INFANTIL Y PRIMARIA PRIVADO,True,False,exact_valid
epigrafe,851007,CENTROS PUBLICOS DE EDUCACION PRIMARIA,CENTROS PUBLICOS DE EDUCACION PRIMARIA,5271,851007,CENTROS PUBLICOS DE EDUCACION PRIMARIA,True,False,exact_valid
epigrafe,477401,COMERCIO AL POR MENOR DE PRODUCTOS PARAFARMACEUTICOS,COMERCIO AL POR MENOR DE PRODUCTOS PARAFARMACEUTICOS,8774,477401,COMERCIO AL POR MENOR DE PRODUCTOS PARAFARMACEUTICOS,True,False,exact_valid
epigrafe,451001,COMERCIO DE VEHICULOS DE MOTOR NUEVOS,COMERCIO DE VEHICULOS DE MOTOR NUEVOS,39057,451001,COMERCIO DE VEHICULOS DE MOTOR NUEVOS,True,False,exact_valid
epigrafe,477301,FARMACIA,FARMACIA,237855,477301,FARMACIA,True,False,exact_valid
epigrafe,931010,PISCINAS DE COMUNIDADES DE VECINOS,PISCINAS DE COMUNIDADES DE VECINOS,182,931010,PISCINAS DE COMUNIDADES DE VECINOS DE TEMPORADA,True,False,exact_valid
epigrafe,325001,FABRICACION DE INSTRUMENTOS Y SUMINISTROS MEDICOS Y ODONTOLOGICOS,FABRICACION DE INSTRUMENTOS Y SUMINISTROS MEDICOS Y ODONTOLOGICOS,26224,325001,FABRICACION DE INSTRUMENTOS Y SUMINISTROS MEDICOS Y ODONTOLOGICOS,True,False,exact_valid
epigrafe,610001,TELECOMUNICACIONES,TELECOMUNICACIONES,24972,610001,TELECOMUNICACIONES,True,False,exact_valid
epigrafe,563003,BAR ESPECIAL CON ACTUACIONES,BAR ESPECIAL CON ACTUACIONES,10607,563003,BAR ESPECIAL CON ACTUACIONES,True,False,exact_valid
epigrafe,855003,ENSEÑANZA DE IDIOMAS,ENSENANZA DE IDIOMAS,40715,855003,ENSEÑANZA DE IDIOMAS,True,False,exact_valid
epigrafe,649001,"OTROS SERVICIOS FINANCIEROS(ARRENDAMIENTO FINANCIERO, PRESTAMOS POR ENTIDADES NO FINANCIERAS), EXCEPTO SEGUROS Y FONDOS DE PENSIONES",OTROS SERVICIOS FINANCIEROS ARRENDAMIENTO FINANCIERO PRESTAMOS POR ENTIDADES NO FINANCIERAS EXCEPTO SEGUROS Y FONDOS DE PENSIONES,7367,649001,"OTROS SERVICIOS FINANCIEROS(ARRENDAMIENTO FINANCIERO, PRESTAMOS POR ENTIDADES NO FINANCIERAS), EXCEPTO SEGUROS Y FONDOS DE PENSIONES",True,False,exact_valid
epigrafe,475907,COMERCIO AL POR MENOR DE ARTICULOS DE USO DOMESTICO EN ESTABLECIMIENTO ESPECIALIZADO,COMERCIO AL POR MENOR DE ARTICULOS DE USO DOMESTICO EN ESTABLECIMIENTO ESPECIALIZADO,37091,475907,COMERCIO AL POR MENOR DE ARTICULOS DE USO DOMESTICO EN ESTABLECIMIENTO ESPECIALIZADO,True,False,exact_valid
epigrafe,472101,COMERCIO AL POR MENOR DE FRUTAS Y HORTALIZAS CON OBRADOR,COMERCIO AL POR MENOR DE FRUTAS Y HORTALIZAS CON OBRADOR,22738,472101,COMERCIO AL POR MENOR DE FRUTAS Y HORTALIZAS CON OBRADOR,True,False,exact_valid
epigrafe,889002,OTROS ACTIVIDADES DE SERVICIOS SOCIALES (LABORES DE ASESORAMIENTO Y ORIENTACION) SIN ALOJAMIENTO N.C.O.P.,OTROS ACTIVIDADES DE SERVICIOS SOCIALES LABORES DE ASESORAMIENTO Y ORIENTACION SIN ALOJAMIENTO N C O P,40055,889002,OTROS ACTIVIDADES DE SERVICIOS SOCIALES (LABORES DE ASESORAMIENTO Y ORIENTACION) SIN ALOJAMIENTO N.C.O.P.,True,False,exact_valid
epigrafe,360001,"CAPTACION, DEPURACION Y DISTRIBUCION DE AGUA",CAPTACION DEPURACION Y DISTRIBUCION DE AGUA,2480,360001,"CAPTACION, DEPURACION Y DISTRIBUCION DE AGUA",True,False,exact_valid
epigrafe,182001,REPRODUCCION DE SOPORTES GRABADOS,REPRODUCCION DE SOPORTES GRABADOS,1548,182001,REPRODUCCION DE SOPORTES GRABADOS,True,False,exact_valid
epigrafe,710002,DESPACHO PROFESIONAL DE ARQUITECTURA E INGENIERIA,DESPACHO PROFESIONAL DE ARQUITECTURA E INGENIERIA,16923,710002,DESPACHO PROFESIONAL DE ARQUITECTURA E INGENIERIA,True,False,exact_valid
epigrafe,563007,CAFE ESPECTACULO,CAFE ESPECTACULO,15746,563007,CAFE ESPECTACULO,True,False,exact_valid
epigrafe,852004,CENTROS PRIVADOS CONCERTADOS EDUC INFANTIL Y EDUC PRIMARIA,CENTROS PRIVADOS CONCERTADOS EDUC INFANTIL Y EDUC PRIMARIA,15456,852004,CENTROS PRIVADOS CONCERTADOS EDUC INFANTIL Y EDUC PRIMARIA,True,False,exact_valid
epigrafe,559002,PENSIONES,PENSIONES,3496,559002,PENSIONES,True,False,exact_valid
epigrafe,931002,PISCINAS PUBLICAS DE TEMPORADA,PISCINAS PUBLICAS DE TEMPORADA,280,931002,PISCINAS DE USO PUBLICO DE TEMPORADA,True,False,exact_valid
epigrafe,104001,FABRICACION DE ACEITES Y GRASAS VEGETALES Y ANIMALES,FABRICACION DE ACEITES Y GRASAS VEGETALES Y ANIMALES,307,104001,FABRICACION DE ACEITES Y GRASAS VEGETALES Y ANIMALES,True,False,exact_valid
epigrafe,464902,"COMERCIO AL POR MAYOR DE LIBROS, PERIODICOS, REVISTAS, PAPELERIA Y ESCRITORIO",COMERCIO AL POR MAYOR DE LIBROS PERIODICOS REVISTAS PAPELERIA Y ESCRITORIO,9045,464902,"COMERCIO AL POR MAYOR DE LIBROS, PERIODICOS, REVISTAS, PAPELERIA Y ESCRITORIO",True,False,exact_valid
epigrafe,475903,COMERCIO AL POR MENOR DE MUEBLES DE COCINA,COMERCIO AL POR MENOR DE MUEBLES DE COCINA,35600,475903,COMERCIO AL POR MENOR DE MUEBLES DE COCINA,True,False,exact_valid
epigrafe,743001,ACTIVIDADES DE TRADUCCION E INTERPRETACION,ACTIVIDADES DE TRADUCCION E INTERPRETACION,3046,743001,ACTIVIDADES DE TRADUCCION E INTERPRETACION,True,False,exact_valid
epigrafe,522003,APARCAMIENTOS PRIVADOS,APARCAMIENTOS PRIVADOS,43154,522003,APARCAMIENTOS PRIVADOS,True,False,exact_valid
epigrafe,851008,CENTROS PRIVADOS DE EDUCACION PRIMARIA,CENTROS PRIVADOS DE EDUCACION PRIMARIA,4576,851008,CENTROS PRIVADOS DE EDUCACION PRIMARIA,True,False,exact_valid
epigrafe,620001,PROGRAMACION Y CONSULTORIA INFORMATICA Y TECNOLOGIAS DE LA INFORMACION,PROGRAMACION Y CONSULTORIA INFORMATICA Y TECNOLOGIAS DE LA INFORMACION,40507,620001,PROGRAMACION Y CONSULTORIA INFORMATICA Y TECNOLOGIAS DE LA INFORMACION,True,False,exact_valid
epigrafe,454002,VENTA DE MOTOCICLETAS,VENTA DE MOTOCICLETAS,10353,454002,VENTA DE MOTOCICLETAS,True,False,exact_valid
epigrafe,951001,REPARACION DE ORDENADORES Y EQUIPOS DE COMUNICACION,REPARACION DE ORDENADORES Y EQUIPOS DE COMUNICACION,30658,951001,REPARACION DE ORDENADORES Y EQUIPOS DE COMUNICACION,True,False,exact_valid
epigrafe,853001,"CENTRO PUBLICO DE SECUNDARIA, BACHILLERATO Y/O FP",CENTRO PUBLICO DE SECUNDARIA BACHILLERATO Y O FP,17532,853001,"CENTRO PUBLICO DE SECUNDARIA, BACHILLERATO Y/O FP",True,False,exact_valid
epigrafe,869005,CONSULTA DE OPTICOS-OPTOMETRISTAS,CONSULTA DE OPTICOS OPTOMETRISTAS,13115,869005,CONSULTA DE OPTICOS-OPTOMETRISTAS,True,False,exact_valid
epigrafe,493001,"TRANSPORTE TERRESTRE URBANO (AUTOBUS, METRO, TAXI) O INTERURBANO (EXCEPTO POR FERROCARRIL)",TRANSPORTE TERRESTRE URBANO AUTOBUS METRO TAXI O INTERURBANO EXCEPTO POR FERROCARRIL,14218,493001,"TRANSPORTE TERRESTRE URBANO (AUTOBUS, METRO, TAXI) O INTERURBANO (EXCEPTO POR FERROCARRIL)",True,False,exact_valid
epigrafe,840001,ADMINISTRACION PUBLICA Y DEFENSA. SEGURIDAD SOCIAL OBLIGATORIA,ADMINISTRACION PUBLICA Y DEFENSA SEGURIDAD SOCIAL OBLIGATORIA,93998,840001,ADMINISTRACION PUBLICA Y DEFENSA. SEGURIDAD SOCIAL OBLIGATORIA,True,False,exact_valid
epigrafe,851009,CENTROS PRIVADOS CONCERTADOS DE EDUCACION PRIMARIA,CENTROS PRIVADOS CONCERTADOS DE EDUCACION PRIMARIA,2785,851009,CENTROS PRIVADOS CONCERTADOS DE EDUCACION PRIMARIA,True,False,exact_valid
epigrafe,949902,OTRAS ACTIVIDADES ASOCIATIVAS N.C.O.P.,OTRAS ACTIVIDADES ASOCIATIVAS N C O P,115069,949902,OTRAS ACTIVIDADES ASOCIATIVAS N.C.O.P.,True,False,exact_valid
epigrafe,730001,"PUBLICIDAD, RELACIONES PUBLICAS Y ESTUDIOS DE MERCADO",PUBLICIDAD RELACIONES PUBLICAS Y ESTUDIOS DE MERCADO,46021,730001,"PUBLICIDAD, RELACIONES PUBLICAS Y ESTUDIOS DE MERCADO",True,False,exact_valid
epigrafe,107001,FABRICACION DE PRODUCTOS DE PANADERIA Y PASTELERIA,FABRICACION DE PRODUCTOS DE PANADERIA Y PASTELERIA,11323,107001,FABRICACION DE PRODUCTOS DE PANADERIA Y PASTELERIA,True,False,exact_valid
epigrafe,931009,ACTIVIDADES DE CLUBES DEPORTIVOS Y OTRAS ACTIVIDADES DEPORTIVAS,ACTIVIDADES DE CLUBES DEPORTIVOS Y OTRAS ACTIVIDADES DEPORTIVAS,24022,931009,ACTIVIDADES DE CLUBES DEPORTIVOS Y OTRAS ACTIVIDADES DEPORTIVAS,True,False,exact_valid
epigrafe,682001,ALQUILER DE BIENES INMOBILIARIOS POR CUENTA PROPIA,ALQUILER DE BIENES INMOBILIARIOS POR CUENTA PROPIA,18328,682001,ALQUILER DE BIENES INMOBILIARIOS POR CUENTA PROPIA,True,False,exact_valid
epigrafe,960904,"OTRAS SERVICIOS PERSONALES (ASTROLOGIA, AGENCIAS DE CONTACTOS) N.C.O.P.",OTRAS SERVICIOS PERSONALES ASTROLOGIA AGENCIAS DE CONTACTOS N C O P,6862,960904,"OTRAS SERVICIOS PERSONALES (ASTROLOGIA, AGENCIAS DE CONTACTOS) N.C.O.P.",True,False,exact_valid
epigrafe,532001,"SERVICIOS DE MENSAJERIA, ACTIVIDADES POSTALES Y DE CORREOS",SERVICIOS DE MENSAJERIA ACTIVIDADES POSTALES Y DE CORREOS,54577,532001,"SERVICIOS DE MENSAJERIA, ACTIVIDADES POSTALES Y DE CORREOS",True,False,exact_valid
epigrafe,869003,CONSULTA DE PODOLOGIA,CONSULTA DE PODOLOGIA,23070,869003,CONSULTA DE PODOLOGIA,True,False,exact_valid
epigrafe,742001,SERVICIOS FOTOGRAFICOS,SERVICIOS FOTOGRAFICOS,22682,742001,SERVICIOS FOTOGRAFICOS,True,False,exact_valid
epigrafe,143001,CONFECCION DE PRENDAS DE VESTIR DE PUNTO,CONFECCION DE PRENDAS DE VESTIR DE PUNTO,3419,143001,CONFECCION DE PRENDAS DE VESTIR DE PUNTO,True,False,exact_valid
epigrafe,453001,COMERCIO DE RESPUESTOS Y ACCESORIOS DE VEHICULOS DE MOTOR,COMERCIO DE RESPUESTOS Y ACCESORIOS DE VEHICULOS DE MOTOR,38792,453001,COMERCIO DE RESPUESTOS Y ACCESORIOS DE VEHICULOS DE MOTOR,True,False,exact_valid
epigrafe,464301,COMERCIO AL POR MAYOR DE APARATOS ELECTRODOMESTICOS,COMERCIO AL POR MAYOR DE APARATOS ELECTRODOMESTICOS,4832,464301,COMERCIO AL POR MAYOR DE APARATOS ELECTRODOMESTICOS,True,False,exact_valid
epigrafe,691001,ACTIVIDADES JURIDICAS,ACTIVIDADES JURIDICAS,41815,691001,ACTIVIDADES JURIDICAS,True,False,exact_valid
epigrafe,910001,"ACTIVIDADES DE BIBLIOTECAS, ARCHIVOS, MUSEOS Y DE GALERIAS Y SALAS DE EXPOSICIONES SIN VENTA",ACTIVIDADES DE BIBLIOTECAS ARCHIVOS MUSEOS Y DE GALERIAS Y SALAS DE EXPOSICIONES SIN VENTA,32692,910001,"ACTIVIDADES DE BIBLIOTECAS, ARCHIVOS, MUSEOS Y DE GALERIAS Y SALAS DE EXPOSICIONES SIN VENTA",True,False,exact_valid
epigrafe,476301,"COMERCIO AL POR MENOR DE PRODUCTOS AUDIOVISUALES EN ESTABLECIMIENTOS ESPECIALIZADOS (CD,DVD,â€¦)",COMERCIO AL POR MENOR DE PRODUCTOS AUDIOVISUALES EN ESTABLECIMIENTOS ESPECIALIZADOS CD DVD A,2772,476301,"COMERCIO AL POR MENOR DE PRODUCTOS AUDIOVISUALES EN ESTABLECIMIENTOS ESPECIALIZADOS (CD,DVD,â€¦)",True,False,exact_valid
epigrafe,476401,COMERCIO AL POR MENOR DE BICICLETAS,COMERCIO AL POR MENOR DE BICICLETAS,13004,476401,COMERCIO AL POR MENOR DE BICICLETAS,True,False,exact_valid
epigrafe,854003,EDUCACION TERCIARIA NO UNIVERSITARIA,EDUCACION TERCIARIA NO UNIVERSITARIA,11397,854003,EDUCACION TERCIARIA NO UNIVERSITARIA,True,False,exact_valid
epigrafe,691002,DESPACHO PROFESIONAL DE ACTIVIDADES JURIDICAS,DESPACHO PROFESIONAL DE ACTIVIDADES JURIDICAS,19326,691002,DESPACHO PROFESIONAL DE ACTIVIDADES JURIDICAS,True,False,exact_valid
epigrafe,552001,ALBERGUES JUVENILES Y OTROS ALOJAMIENTOS TURISTICOS DE CORTA ESTANCIA,ALBERGUES JUVENILES Y OTROS ALOJAMIENTOS TURISTICOS DE CORTA ESTANCIA,15449,552001,ALBERGUES JUVENILES Y OTROS ALOJAMIENTOS TURISTICOS DE CORTA ESTANCIA,True,False,exact_valid
epigrafe,101001,"PROCESADO Y CONSERVACION DE CARNE Y ELABORACION DE PRODUCTOS CARNICOS, AVES Y CAZA",PROCESADO Y CONSERVACION DE CARNE Y ELABORACION DE PRODUCTOS CARNICOS AVES Y CAZA,5367,101001,"PROCESADO Y CONSERVACION DE CARNE Y ELABORACION DE PRODUCTOS CARNICOS, AVES Y CAZA",True,False,exact_valid
epigrafe,812001,ACTIVIDADES DE LIMPIEZA,ACTIVIDADES DE LIMPIEZA,42584,812001,ACTIVIDADES DE LIMPIEZA,True,False,exact_valid
epigrafe,331001,"MANTENIMIENTO Y REPARACION DE MAQUINARIA Y EQUIPO, INCLUIDO EL FERROVIARIO",MANTENIMIENTO Y REPARACION DE MAQUINARIA Y EQUIPO INCLUIDO EL FERROVIARIO,19191,331001,"MANTENIMIENTO Y REPARACION DE MAQUINARIA Y EQUIPO, INCLUIDO EL FERROVIARIO",True,False,exact_valid
epigrafe,701001,ACTIVIDADES DE LAS SEDES CENTRALES,ACTIVIDADES DE LAS SEDES CENTRALES,26032,701001,ACTIVIDADES DE LAS SEDES CENTRALES,True,False,exact_valid
epigrafe,47800107,SITUADOS: CONFITERIA Y FRUTOS SECOS Y PATATAS FRITAS,SITUADOS CONFITERIA Y FRUTOS SECOS Y PATATAS FRITAS,271,47800107,SITUADOS: CONFITERIA Y FRUTOS SECOS Y PATATAS FRITAS,True,False,exact_valid
epigrafe,561003,AUTOSERVICIO DE RESTAURACION,AUTOSERVICIO DE RESTAURACION,4921,561003,AUTOSERVICIO DE RESTAURACION,True,False,exact_valid
epigrafe,479002,COMERCIO AL POR MENOR CON MAQUINAS EXPENDEDORAS,COMERCIO AL POR MENOR CON MAQUINAS EXPENDEDORAS,5692,479002,COMERCIO AL POR MENOR CON MAQUINAS EXPENDEDORAS,True,False,exact_valid
epigrafe,559003,CASAS DE HUESPEDES,CASAS DE HUESPEDES,7030,559003,CASAS DE HUESPEDES,True,False,exact_valid
epigrafe,952001,REPARACION DE BICICLETAS,REPARACION DE BICICLETAS,3569,952001,REPARACION DE BICICLETAS,True,False,exact_valid
epigrafe,477803,COMERCIO AL POR MENOR DE ARMAS,COMERCIO AL POR MENOR DE ARMAS,2080,477803,COMERCIO AL POR MENOR DE ARMAS,True,False,exact_valid
epigrafe,464903,COMERCIO AL POR MAYOR DE OTROS ARTICULOS DE USO DOMESTICO N.C.O.P.,COMERCIO AL POR MAYOR DE OTROS ARTICULOS DE USO DOMESTICO N C O P,14200,464903,COMERCIO AL POR MAYOR DE OTROS ARTICULOS DE USO DOMESTICO N.C.O.P.,True,False,exact_valid
epigrafe,461201,"INTERMEDIARIOS DEL COMERCIO DE COMBUSTIBLES, MINERALES, METALES Y PRODUCTOS QUIMICOS INDUSTRIALES",INTERMEDIARIOS DEL COMERCIO DE COMBUSTIBLES MINERALES METALES Y PRODUCTOS QUIMICOS INDUSTRIALES,1167,461201,"INTERMEDIARIOS DEL COMERCIO DE COMBUSTIBLES, MINERALES, METALES Y PRODUCTOS QUIMICOS INDUSTRIALES",True,False,exact_valid
epigrafe,467002,"COMERCIO AL POR MAYOR DE COMBUSTIBLES, QUIMICOS Y PRODUCTOS SEMIELABORADOS",COMERCIO AL POR MAYOR DE COMBUSTIBLES QUIMICOS Y PRODUCTOS SEMIELABORADOS,6224,467002,"COMERCIO AL POR MAYOR DE COMBUSTIBLES, QUIMICOS Y PRODUCTOS SEMIELABORADOS",True,False,exact_valid
epigrafe,464101,COMERCIO AL POR MAYOR DE TEXTILES,COMERCIO AL POR MAYOR DE TEXTILES,9899,464101,COMERCIO AL POR MAYOR DE TEXTILES,True,False,exact_valid
epigrafe,181003,ENCUADERNACION Y SERVICIOS RELACIONADOS CON LA MISMA,ENCUADERNACION Y SERVICIOS RELACIONADOS CON LA MISMA,8898,181003,ENCUADERNACION Y SERVICIOS RELACIONADOS CON LA MISMA,True,False,exact_valid
epigrafe,47800111,SITUADOS: SIN DETERMINAR,SITUADOS SIN DETERMINAR,1140,47800111,SITUADOS: SIN DETERMINAR,True,False,exact_valid
epigrafe,475204,COMERCIO AL POR MENOR EN TIENDAS DE BRICOLAJE,COMERCIO AL POR MENOR EN TIENDAS DE BRICOLAJE,12163,475204,COMERCIO AL POR MENOR EN TIENDAS DE BRICOLAJE,True,False,exact_valid
epigrafe,702001,ACTIVIDADES DE CONSULTORIA DE GESTION EMPRESARIAL,ACTIVIDADES DE CONSULTORIA DE GESTION EMPRESARIAL,28931,702001,ACTIVIDADES DE CONSULTORIA DE GESTION EMPRESARIAL,True,False,exact_valid
epigrafe,869008,DESPACHO DE FISIOTERAPEUTAS,DESPACHO DE FISIOTERAPEUTAS,12256,869008,DESPACHO DE FISIOTERAPEUTAS,True,False,exact_valid
epigrafe,280001,FABRICACION DE MAQUINARIA DE USO GENERAL Y EQUIPO N.C.O.P.,FABRICACION DE MAQUINARIA DE USO GENERAL Y EQUIPO N C O P,4710,280001,FABRICACION DE MAQUINARIA DE USO GENERAL Y EQUIPO N.C.O.P.,True,False,exact_valid
epigrafe,461801,INTERMEDIARIOS DEL COMERCIO ESPECIALIZADOS EN LA VENTA DE OTROS PRODUCTOS ESPECIFICOS,INTERMEDIARIOS DEL COMERCIO ESPECIALIZADOS EN LA VENTA DE OTROS PRODUCTOS ESPECIFICOS,8292,461801,INTERMEDIARIOS DEL COMERCIO ESPECIALIZADOS EN LA VENTA DE OTROS PRODUCTOS ESPECIFICOS,True,False,exact_valid
epigrafe,869002,DESPACHO DE PROTESICOS E HIGIENISTAS DENTALES,DESPACHO DE PROTESICOS E HIGIENISTAS DENTALES,3930,869002,DESPACHO DE PROTESICOS E HIGIENISTAS DENTALES,True,False,exact_valid
epigrafe,862002,DESPACHO MEDICO DE MEDICINA GENERAL Y ESPECIALISTAS,DESPACHO MEDICO DE MEDICINA GENERAL Y ESPECIALISTAS,11400,862002,DESPACHO MEDICO DE MEDICINA GENERAL Y ESPECIALISTAS,True,False,exact_valid
epigrafe,960204,INSTITUTOS O CENTROS CAPILARES,INSTITUTOS O CENTROS CAPILARES,1879,960204,INSTITUTOS O CENTROS CAPILARES,True,False,exact_valid
epigrafe,852003,CENTRO DE EDUCACION DE PERSONAS ADULTAS (CEPA),CENTRO DE EDUCACION DE PERSONAS ADULTAS CEPA,6748,852003,CENTRO DE EDUCACION DE PERSONAS ADULTAS (CEPA),True,False,exact_valid
epigrafe,270002,FABRICACION DE MATERIAL Y EQUIPO ELECTRICO (EXCEPTO ORDENADORES),FABRICACION DE MATERIAL Y EQUIPO ELECTRICO EXCEPTO ORDENADORES,6615,270002,FABRICACION DE MATERIAL Y EQUIPO ELECTRICO (EXCEPTO ORDENADORES),True,False,exact_valid
epigrafe,105001,PROCESADO Y CONSERVACION DE LECHE Y DERIVADOS,PROCESADO Y CONSERVACION DE LECHE Y DERIVADOS,415,105001,PROCESADO Y CONSERVACION DE LECHE Y DERIVADOS,True,False,exact_valid
epigrafe,250001,FABRICACION ARTICULOS DE FERRETERIA,FABRICACION ARTICULOS DE FERRETERIA,2648,250001,FABRICACION ARTICULOS DE FERRETERIA,True,False,exact_valid
epigrafe,431001,DEMOLICION Y PREPARACION DE TERRENOS,DEMOLICION Y PREPARACION DE TERRENOS,2572,431001,DEMOLICION Y PREPARACION DE TERRENOS,True,False,exact_valid
epigrafe,463601,"COMERCIO AL POR MAYOR DE AZUCAR, CHOCOLATE Y CONFITERIA",COMERCIO AL POR MAYOR DE AZUCAR CHOCOLATE Y CONFITERIA,1887,463601,"COMERCIO AL POR MAYOR DE AZUCAR, CHOCOLATE Y CONFITERIA",True,False,exact_valid
epigrafe,854002,EDUCACION UNIVERSITARIA PRIVADA,EDUCACION UNIVERSITARIA PRIVADA,9665,854002,EDUCACION UNIVERSITARIA PRIVADA,True,False,exact_valid
epigrafe,461401,"INTERMEDIARIOS DEL COMERCIO DE MAQUINARIA, EQUIPO INDUSTRIAL, EMBARCACIONES Y AERONAVES",INTERMEDIARIOS DEL COMERCIO DE MAQUINARIA EQUIPO INDUSTRIAL EMBARCACIONES Y AERONAVES,1821,461401,"INTERMEDIARIOS DEL COMERCIO DE MAQUINARIA, EQUIPO INDUSTRIAL, EMBARCACIONES Y AERONAVES",True,False,exact_valid
epigrafe,631001,"SERVICIOS DE INFORMACION: PROCESO DE DATOS, PORTALES WEB",SERVICIOS DE INFORMACION PROCESO DE DATOS PORTALES WEB,11650,631001,"SERVICIOS DE INFORMACION: PROCESO DE DATOS, PORTALES WEB",True,False,exact_valid
epigrafe,862004,DESPACHO DE ESTOMATOLOGO Y ODONTOLOGO,DESPACHO DE ESTOMATOLOGO Y ODONTOLOGO,5118,862004,DESPACHO DE ESTOMATOLOGO Y ODONTOLOGO,True,False,exact_valid
epigrafe,910002,"PARQUES ZOOLOGICOS, JARDINES BOTANICOS Y RESERVAS NATURALES",PARQUES ZOOLOGICOS JARDINES BOTANICOS Y RESERVAS NATURALES,706,910002,"PARQUES ZOOLOGICOS, JARDINES BOTANICOS Y RESERVAS NATURALES",True,False,exact_valid
epigrafe,900002,LOCALES DE EXHIBICIONES EROTICAS,LOCALES DE EXHIBICIONES EROTICAS,627,900002,LOCALES DE EXHIBICIONES EROTICAS,True,False,exact_valid
epigrafe,750001,HOSPITALES VETERINARIOS,HOSPITALES VETERINARIOS,2959,750001,HOSPITALES VETERINARIOS,True,False,exact_valid
epigrafe,720001,INVESTIGACION Y DESARROLLO,INVESTIGACION Y DESARROLLO,9616,720001,INVESTIGACION Y DESARROLLO,True,False,exact_valid
epigrafe,322001,FABRICACION DE INSTRUMENTOS MUSICALES,FABRICACION DE INSTRUMENTOS MUSICALES,2193,322001,FABRICACION DE INSTRUMENTOS MUSICALES,True,False,exact_valid
epigrafe,822001,ACTIVIDADES DE LOS CENTROS DE LLAMADAS,ACTIVIDADES DE LOS CENTROS DE LLAMADAS,2058,822001,ACTIVIDADES DE LOS CENTROS DE LLAMADAS,True,False,exact_valid
epigrafe,263001,FABRICACION DE EQUIPOS DE TELECOMUNICACIONES,FABRICACION DE EQUIPOS DE TELECOMUNICACIONES,514,263001,FABRICACION DE EQUIPOS DE TELECOMUNICACIONES,True,False,exact_valid
epigrafe,477804,SEX-SHOP,SEX SHOP,2311,477804,SEX-SHOP,True,False,exact_valid
epigrafe,464601,COMERCIO AL POR MAYOR DE PRODUCTOS FARMACEUTICOS,COMERCIO AL POR MAYOR DE PRODUCTOS FARMACEUTICOS,6438,464601,COMERCIO AL POR MAYOR DE PRODUCTOS FARMACEUTICOS,True,False,exact_valid
epigrafe,108002,PROCESADO Y CONSERVACION DE CONGELADOS,PROCESADO Y CONSERVACION DE CONGELADOS,150,108002,PROCESADO Y CONSERVACION DE CONGELADOS,True,False,exact_valid
epigrafe,811001,SERVICIOS INTEGRALES A EDIFICIOS E INSTALACIONES,SERVICIOS INTEGRALES A EDIFICIOS E INSTALACIONES,7932,811001,SERVICIOS INTEGRALES A EDIFICIOS E INSTALACIONES,True,False,exact_valid
epigrafe,990001,ACTIVIDADES DE ORGANIZACIONES Y ORGANISMOS EXTRATERRITORIALES,ACTIVIDADES DE ORGANIZACIONES Y ORGANISMOS EXTRATERRITORIALES,12044,990001,ACTIVIDADES DE ORGANIZACIONES Y ORGANISMOS EXTRATERRITORIALES,True,False,exact_valid
epigrafe,652001,REASEGUROS,REASEGUROS,1061,652001,REASEGUROS,True,False,exact_valid
epigrafe,642001,ACTIVIDADES DE LAS SOCIEDADES HOLDING,ACTIVIDADES DE LAS SOCIEDADES HOLDING,1522,642001,ACTIVIDADES DE LAS SOCIEDADES HOLDING,True,False,exact_valid
epigrafe,510001,TRANSPORTE AEREO,TRANSPORTE AEREO,2894,510001,TRANSPORTE AEREO,True,False,exact_valid
epigrafe,108001,PROCESADO Y CONSERVACION DE PLATOS PREPARADOS O PRECOCINADOS Y DIETETICOS,PROCESADO Y CONSERVACION DE PLATOS PREPARADOS O PRECOCINADOS Y DIETETICOS,3459,108001,PROCESADO Y CONSERVACION DE PLATOS PREPARADOS O PRECOCINADOS Y DIETETICOS,True,False,exact_valid
epigrafe,463901,COMERCIO AL POR MAYOR DE PLATOS PREPARADOS Y COCINADOS,COMERCIO AL POR MAYOR DE PLATOS PREPARADOS Y COCINADOS,3252,463901,COMERCIO AL POR MAYOR DE PLATOS PREPARADOS Y COCINADOS,True,False,exact_valid
epigrafe,210001,FABRICACION PRODUCTOS FARMACEUTICOS,FABRICACION PRODUCTOS FARMACEUTICOS,1737,210001,FABRICACION PRODUCTOS FARMACEUTICOS,True,False,exact_valid
epigrafe,230003,"CORTE, TALLADO Y ACABADO DE LA PIEDRA",CORTE TALLADO Y ACABADO DE LA PIEDRA,2411,230003,"CORTE, TALLADO Y ACABADO DE LA PIEDRA",True,False,exact_valid
epigrafe,462001,"COMERCIO AL POR MAYOR DE MATERIAS PRIMAS AGRARIAS, DE ANIMALES VIVOS Y ALIMENTOS PARA ANIMALES",COMERCIO AL POR MAYOR DE MATERIAS PRIMAS AGRARIAS DE ANIMALES VIVOS Y ALIMENTOS PARA ANIMALES,2229,462001,"COMERCIO AL POR MAYOR DE MATERIAS PRIMAS AGRARIAS, DE ANIMALES VIVOS Y ALIMENTOS PARA ANIMALES",True,False,exact_valid
epigrafe,781001,ACTIVIDADES DE LAS AGENCIAS DE COLOCACION,ACTIVIDADES DE LAS AGENCIAS DE COLOCACION,2855,781001,ACTIVIDADES DE LAS AGENCIAS DE COLOCACION,True,False,exact_valid
epigrafe,380001,"RECOGIDA, TRATAMIENTO Y ELIMINACION DE RESIDUOS. VALORIZACION (PROCESOS DE RECUPERACION)",RECOGIDA TRATAMIENTO Y ELIMINACION DE RESIDUOS VALORIZACION PROCESOS DE RECUPERACION,5115,380001,"RECOGIDA, TRATAMIENTO Y ELIMINACION DE RESIDUOS. VALORIZACION (PROCESOS DE RECUPERACION)",True,False,exact_valid
epigrafe,582001,EDICION DE PROGRAMAS INFORMATICOS,EDICION DE PROGRAMAS INFORMATICOS,1274,582001,EDICION DE PROGRAMAS INFORMATICOS,True,False,exact_valid
epigrafe,350002,FABRICACION DE HIELO Y SUMINISTRO DE VAPOR Y AIRE ACONDICIONADO,FABRICACION DE HIELO Y SUMINISTRO DE VAPOR Y AIRE ACONDICIONADO,846,350002,FABRICACION DE HIELO Y SUMINISTRO DE VAPOR Y AIRE ACONDICIONADO,True,False,exact_valid
epigrafe,463803,COMERCIO AL POR MAYOR DE PRODUCTOS DE LA PESCA Y MARISCOS CONGELADOS,COMERCIO AL POR MAYOR DE PRODUCTOS DE LA PESCA Y MARISCOS CONGELADOS,4121,463803,COMERCIO AL POR MAYOR DE PRODUCTOS DE LA PESCA Y MARISCOS CONGELADOS,True,False,exact_valid
epigrafe,240001,"METALURGIA. FABRICACION DE PRODUCTOS DE HIERRO, ACERO Y FERROALEACIONES",METALURGIA FABRICACION DE PRODUCTOS DE HIERRO ACERO Y FERROALEACIONES,1079,240001,"METALURGIA. FABRICACION DE PRODUCTOS DE HIERRO, ACERO Y FERROALEACIONES",True,False,exact_valid
epigrafe,803001,ACTIVIDADES DE INVESTIGACION (DETECTIVES Y VIGILANCIA),ACTIVIDADES DE INVESTIGACION DETECTIVES Y VIGILANCIA,490,803001,ACTIVIDADES DE INVESTIGACION (DETECTIVES Y VIGILANCIA),True,False,exact_valid
epigrafe,461802,INTERMEDIARIOS DEL COMERCIO DE PRODUCTOS FARMACEUTICOS Y DISTRIBUCION DE MEDICAMENTOS,INTERMEDIARIOS DEL COMERCIO DE PRODUCTOS FARMACEUTICOS Y DISTRIBUCION DE MEDICAMENTOS,1089,461802,INTERMEDIARIOS DEL COMERCIO DE PRODUCTOS FARMACEUTICOS Y DISTRIBUCION DE MEDICAMENTOS,True,False,exact_valid
epigrafe,999,SIN ASIGNAR,SIN ASIGNAR,12597,999,SIN ASIGNAR,True,False,exact_valid
epigrafe,851004,CENTROS DE CUIDADO INFANTIL DE ASISTENCIA ESPORADICA,CENTROS DE CUIDADO INFANTIL DE ASISTENCIA ESPORADICA,137,851004,CENTROS DE CUIDADO INFANTIL DE ASISTENCIA ESPORADICA,True,False,exact_valid
epigrafe,262001,FABRICACION DE ORDENADORES Y EQUIPOS INFORMATICOS,FABRICACION DE ORDENADORES Y EQUIPOS INFORMATICOS,669,262001,FABRICACION DE ORDENADORES Y EQUIPOS INFORMATICOS,True,False,exact_valid
epigrafe,103001,"ELABORACION, ENVASADO Y CONSERVACION DE FRUTAS, VERDURAS Y DERIVADOS",ELABORACION ENVASADO Y CONSERVACION DE FRUTAS VERDURAS Y DERIVADOS,3595,103001,"ELABORACION, ENVASADO Y CONSERVACION DE FRUTAS, VERDURAS Y DERIVADOS",True,False,exact_valid
epigrafe,300001,FABRICACION DE OTRO MATERIAL DE TRANSPORTE,FABRICACION DE OTRO MATERIAL DE TRANSPORTE,739,300001,FABRICACION DE OTRO MATERIAL DE TRANSPORTE,True,False,exact_valid
epigrafe,203001,"FABRICACION DE PINTURAS, BARNICES, LACAS Y REVESTIMIENTOS SIMILARES",FABRICACION DE PINTURAS BARNICES LACAS Y REVESTIMIENTOS SIMILARES,1280,203001,"FABRICACION DE PINTURAS, BARNICES, LACAS Y REVESTIMIENTOS SIMILARES",True,False,exact_valid
epigrafe,110001,FABRICACION DE BEBIDAS,FABRICACION DE BEBIDAS,1231,110001,FABRICACION DE BEBIDAS,True,False,exact_valid
epigrafe,461901,INTERMEDIARIOS DEL COMERCIO DE ACCESORIOS DE VEHICULOS,INTERMEDIARIOS DEL COMERCIO DE ACCESORIOS DE VEHICULOS,122,461901,INTERMEDIARIOS DEL COMERCIO DE ACCESORIOS DE VEHICULOS,True,False,exact_valid
epigrafe,323001,FABRICACION DE ARTICULOS DE DEPORTE,FABRICACION DE ARTICULOS DE DEPORTE,78,323001,FABRICACION DE ARTICULOS DE DEPORTE,True,False,exact_valid
epigrafe,390001,ACTIVIDADES DE DESCONTAMINACION Y OTROS SERVICIOS DE GESTION DE RESIDUOS,ACTIVIDADES DE DESCONTAMINACION Y OTROS SERVICIOS DE GESTION DE RESIDUOS,1232,390001,ACTIVIDADES DE DESCONTAMINACION Y OTROS SERVICIOS DE GESTION DE RESIDUOS,True,False,exact_valid
epigrafe,264001,FABRICACION DE PRODUCTOS ELECTRONICOS DE CONSUMO,FABRICACION DE PRODUCTOS ELECTRONICOS DE CONSUMO,565,264001,FABRICACION DE PRODUCTOS ELECTRONICOS DE CONSUMO,True,False,exact_valid
epigrafe,120001,INDUSTRIA DEL TABACO,INDUSTRIA DEL TABACO,191,120001,INDUSTRIA DEL TABACO,True,False,exact_valid
epigrafe,851001,ESCUELAS INFANTILES DE PRIMER CICLO,ESCUELAS INFANTILES DE PRIMER CICLO,79816,851001,ESCUELAS INFANTILES DE PRIMER CICLO,True,False,exact_valid
epigrafe,851003,CENTROS DE CUIDADO INFANTIL,CENTROS DE CUIDADO INFANTIL,11232,851003,CENTROS DE CUIDADO INFANTIL,True,False,exact_valid
epigrafe,463202,ALMACEN DE DISTRIBUCION A TEMPERATURA DE REFRIGERACION Y CONGELACION DE CARNE Y DERIVADOS DE CARNE,ALMACEN DE DISTRIBUCION A TEMPERATURA DE REFRIGERACION Y CONGELACION DE CARNE Y DERIVADOS DE CARNE,5019,463202,ALMACEN DE DISTRIBUCION A TEMPERATURA DE REFRIGERACION Y CONGELACION DE CARNE Y DERIVADOS DE CARNE,True,False,exact_valid
epigrafe,931003,PISCINAS DE USO PUBLLICO CLIMATIZADAS,PISCINAS DE USO PUBLLICO CLIMATIZADAS,18923,931003,PISCINAS DE USO PUBLLICO CLIMATIZADAS,True,False,exact_valid
epigrafe,463102,ALMACEN Y DISTRIBUCION DE FRUTAS Y HORTALIZAS FRESCAS Y OTROS PRODUCTOS VEGETALES TRANSFORMADOS,ALMACEN Y DISTRIBUCION DE FRUTAS Y HORTALIZAS FRESCAS Y OTROS PRODUCTOS VEGETALES TRANSFORMADOS,6480,463102,ALMACEN Y DISTRIBUCION DE FRUTAS Y HORTALIZAS FRESCAS Y OTROS PRODUCTOS VEGETALES TRANSFORMADOS,True,False,exact_valid
epigrafe,869010,DESPACHO DE DIETISTAS,DESPACHO DE DIETISTAS,2211,869010,DESPACHO DE DIETISTAS,True,False,exact_valid
epigrafe,451001.0,COMERCIO DE VEHICULOS DE MOTOR NUEVOS,COMERCIO DE VEHICULOS DE MOTOR NUEVOS,1309,451001,COMERCIO DE VEHICULOS DE MOTOR NUEVOS,True,False,numeric_normalized
epigrafe,472404.0,"COMERCIO AL POR MENOR DE PASTELERIA, CONFITERIA, REPOSTERIA CON OBRADOR-SIN BARRA DEGUSTACION",COMERCIO AL POR MENOR DE PASTELERIA CONFITERIA REPOSTERIA CON OBRADOR SIN BARRA DEGUSTACION,1540,472404,"COMERCIO AL POR MENOR DE PASTELERIA, CONFITERIA, REPOSTERIA CON OBRADOR-SIN BARRA DEGUSTACION",True,False,numeric_normalized
epigrafe,561006.0,CAFETERIA,CAFETERIA,11768,561006,CAFETERIA,True,False,numeric_normalized
epigrafe,477807.0,SALA DE EXPOSICIONES Y GALERIAS DE ARTE CON VENTA,SALA DE EXPOSICIONES Y GALERIAS DE ARTE CON VENTA,701,477807,SALA DE EXPOSICIONES Y GALERIAS DE ARTE CON VENTA,True,False,numeric_normalized
epigrafe,821001.0,ACTIVIDADES ADMINISTRATIVAS Y AUXILIARES DE OFICINA Y SERVICIOS DE REPROGRAFIA,ACTIVIDADES ADMINISTRATIVAS Y AUXILIARES DE OFICINA Y SERVICIOS DE REPROGRAFIA,4370,821001,ACTIVIDADES ADMINISTRATIVAS Y AUXILIARES DE OFICINA Y SERVICIOS DE REPROGRAFIA,True,False,numeric_normalized
epigrafe,960203.0,CENTRO DE ESTETICA,CENTRO DE ESTETICA,5396,960203,CENTRO DE ESTETICA,True,False,numeric_normalized
epigrafe,855002.0,"ENSEÑANZA NO REGLADA (DEPORTIVA Y RECREATIVA, CULTURAL, CLASES DE RECUPERACION, INFORMATICA)",ENSENANZA NO REGLADA DEPORTIVA Y RECREATIVA CULTURAL CLASES DE RECUPERACION INFORMATICA,4060,855002,"ENSEÑANZA NO REGLADA (DEPORTIVA Y RECREATIVA, CULTURAL, CLASES DE RECUPERACION, INFORMATICA)",True,False,numeric_normalized
epigrafe,561001.0,RESTAURANTE,RESTAURANTE,10313,561001,RESTAURANTE,True,False,numeric_normalized
epigrafe,750004.0,CONSULTORIO VETERINARIO CON TRATAMIENTO HIGIENICO ANIMAL,CONSULTORIO VETERINARIO CON TRATAMIENTO HIGIENICO ANIMAL,208,750004,CONSULTORIO VETERINARIO CON TRATAMIENTO HIGIENICO ANIMAL,True,False,numeric_normalized
epigrafe,931008.0,ACTIVIDADES DE LOS GIMNASIOS,ACTIVIDADES DE LOS GIMNASIOS,2196,931008,ACTIVIDADES DE LOS GIMNASIOS,True,False,numeric_normalized
epigrafe,641001.0,"INTERMEDIACION MONETARIA: BANCOS, CAJAS DE AHORRO",INTERMEDIACION MONETARIA BANCOS CAJAS DE AHORRO,10306,641001,"INTERMEDIACION MONETARIA: BANCOS, CAJAS DE AHORRO",True,False,numeric_normalized
epigrafe,790001.0,"AGENCIAS DE VIAJES, OPERADORES TURISTICOS Y SERVICIOS DE RESERVAS",AGENCIAS DE VIAJES OPERADORES TURISTICOS Y SERVICIOS DE RESERVAS,2442,790001,"AGENCIAS DE VIAJES, OPERADORES TURISTICOS Y SERVICIOS DE RESERVAS",True,False,numeric_normalized
epigrafe,610002.0,LOCUTORIOS,LOCUTORIOS,4964,610002,LOCUTORIOS,True,False,numeric_normalized
epigrafe,471902.0,"COMERCIO AL POR MENOR DE PRODUCTOS DE PRECIO UNICO, BAZARES Y ASIMILABLES",COMERCIO AL POR MENOR DE PRODUCTOS DE PRECIO UNICO BAZARES Y ASIMILABLES,5302,471902,"COMERCIO AL POR MENOR DE PRODUCTOS DE PRECIO UNICO, BAZARES Y ASIMILABLES",True,False,numeric_normalized
epigrafe,477101.0,COMERCIO AL POR MENOR DE PRENDAS DE VESTIR EN ESTABLECIMIENTOS ESPECIALIZADOS,COMERCIO AL POR MENOR DE PRENDAS DE VESTIR EN ESTABLECIMIENTOS ESPECIALIZADOS,18376,477101,COMERCIO AL POR MENOR DE PRENDAS DE VESTIR EN ESTABLECIMIENTOS ESPECIALIZADOS,True,False,numeric_normalized
epigrafe,551001.0,HOTELES Y MOTELES CON RESTAURANTE,HOTELES Y MOTELES CON RESTAURANTE,1285,551001,HOTELES Y MOTELES CON RESTAURANTE,True,False,numeric_normalized
epigrafe,411001.0,PROMOCION INMOBILIARIA,PROMOCION INMOBILIARIA,1230,411001,PROMOCION INMOBILIARIA,True,False,numeric_normalized
epigrafe,452002.0,TALLER DE REPARACION DE AUTOMOVILES ESPECIALIZADO EN MECANICA Y ELECTRICIDAD,TALLER DE REPARACION DE AUTOMOVILES ESPECIALIZADO EN MECANICA Y ELECTRICIDAD,6413,452002,TALLER DE REPARACION DE AUTOMOVILES ESPECIALIZADO EN MECANICA Y ELECTRICIDAD,True,False,numeric_normalized
epigrafe,476201.0,"COMERCIO AL POR MENOR DE PERIODICOS, REVISTAS Y ARTICULOS DE PAPELERIA",COMERCIO AL POR MENOR DE PERIODICOS REVISTAS Y ARTICULOS DE PAPELERIA,3197,476201,"COMERCIO AL POR MENOR DE PERIODICOS, REVISTAS Y ARTICULOS DE PAPELERIA",True,False,numeric_normalized
epigrafe,472401.0,COMERCIO AL POR MENOR DE PAN Y PRODUCTOS DE PANADERIA Y BOLLERIA CON OBRADOR,COMERCIO AL POR MENOR DE PAN Y PRODUCTOS DE PANADERIA Y BOLLERIA CON OBRADOR,3941,472401,COMERCIO AL POR MENOR DE PAN Y PRODUCTOS DE PANADERIA Y BOLLERIA CON OBRADOR,True,False,numeric_normalized
epigrafe,464101.0,COMERCIO AL POR MAYOR DE TEXTILES,COMERCIO AL POR MAYOR DE TEXTILES,351,464101,COMERCIO AL POR MAYOR DE TEXTILES,True,False,numeric_normalized
epigrafe,477601.0,"COMERCIO AL POR MENOR DE SEMILLAS, ABONOS, PLANTAS Y FLOR CORTADA",COMERCIO AL POR MENOR DE SEMILLAS ABONOS PLANTAS Y FLOR CORTADA,1691,477601,"COMERCIO AL POR MENOR DE SEMILLAS, ABONOS, PLANTAS Y FLOR CORTADA",True,False,numeric_normalized
epigrafe,103001.0,"ELABORACION, ENVASADO Y CONSERVACION DE FRUTAS, VERDURAS Y DERIVADOS",ELABORACION ENVASADO Y CONSERVACION DE FRUTAS VERDURAS Y DERIVADOS,63,103001,"ELABORACION, ENVASADO Y CONSERVACION DE FRUTAS, VERDURAS Y DERIVADOS",True,False,numeric_normalized
epigrafe,471101.0,"COMERCIO AL POR MENOR EN ESTABLECIMIENTOS NO ESPECIALIZADOS, CON PREDOMINIO EN PRODUCTOS ALIMENTICIOS, BEBIDAS Y TABACO (AUTOSERVICIO)",COMERCIO AL POR MENOR EN ESTABLECIMIENTOS NO ESPECIALIZADOS CON PREDOMINIO EN PRODUCTOS ALIMENTICIOS BEBIDAS Y TABACO AUTOSERVICIO,8606,471101,"COMERCIO AL POR MENOR EN ESTABLECIMIENTOS NO ESPECIALIZADOS, CON PREDOMINIO EN PRODUCTOS ALIMENTICIOS, BEBIDAS Y TABACO (AUTOSERVICIO)",True,False,numeric_normalized
epigrafe,851001.0,ESCUELAS INFANTILES DE PRIMER CICLO,ESCUELAS INFANTILES DE PRIMER CICLO,1463,851001,ESCUELAS INFANTILES DE PRIMER CICLO,True,False,numeric_normalized
epigrafe,870001.0,"ASISTENCIA EN ESTABLECIMIENTOS RESIDENCIALES PARA MAYORES, DISCAPACITADOS, DROGODEPENDIENTES, CENTROS DE CONVALECENCIA, PERSONAS SIN HOGAR",ASISTENCIA EN ESTABLECIMIENTOS RESIDENCIALES PARA MAYORES DISCAPACITADOS DROGODEPENDIENTES CENTROS DE CONVALECENCIA PERSONAS SIN HOGAR,1736,870001,"ASISTENCIA EN ESTABLECIMIENTOS RESIDENCIALES PARA MAYORES, DISCAPACITADOS, DROGODEPENDIENTES, CENTROS DE CONVALECENCIA, PERSONAS SIN HOGAR",True,False,numeric_normalized
epigrafe,0.0,LOCAL SIN ACTIVIDAD,LOCAL SIN ACTIVIDAD,2212,0,LOCAL SIN ACTIVIDAD,False,True,placeholder
epigrafe,477801.0,COMERCIO AL POR MENOR DE PRODUCTOS DE DROGUERIA,COMERCIO AL POR MENOR DE PRODUCTOS DE DROGUERIA,1317,477801,COMERCIO AL POR MENOR DE PRODUCTOS DE DROGUERIA,True,False,numeric_normalized
epigrafe,960202.0,INSTITUTO DE BELLEZA,INSTITUTO DE BELLEZA,1403,960202,INSTITUTO DE BELLEZA,True,False,numeric_normalized
epigrafe,475201.0,COMERCIO AL POR MENOR DE ARTICULOS DE FERRETERIA,COMERCIO AL POR MENOR DE ARTICULOS DE FERRETERIA,2603,475201,COMERCIO AL POR MENOR DE ARTICULOS DE FERRETERIA,True,False,numeric_normalized
epigrafe,683001.0,"ACTIVIDADES INMOBILIARIAS (COMPRAVENTA, ALQUILER, AGENTES PROPIEDAD)",ACTIVIDADES INMOBILIARIAS COMPRAVENTA ALQUILER AGENTES PROPIEDAD,2973,683001,"ACTIVIDADES INMOBILIARIAS (COMPRAVENTA, ALQUILER, AGENTES PROPIEDAD)",True,False,numeric_normalized
epigrafe,620001.0,PROGRAMACION Y CONSULTORIA INFORMATICA Y TECNOLOGIAS DE LA INFORMACION,PROGRAMACION Y CONSULTORIA INFORMATICA Y TECNOLOGIAS DE LA INFORMACION,862,620001,PROGRAMACION Y CONSULTORIA INFORMATICA Y TECNOLOGIAS DE LA INFORMACION,True,False,numeric_normalized
epigrafe,477402.0,COMERCIO AL POR MENOR DE ARTICULOS ORTOPEDICOS,COMERCIO AL POR MENOR DE ARTICULOS ORTOPEDICOS,465,477402,COMERCIO AL POR MENOR DE ARTICULOS ORTOPEDICOS,True,False,numeric_normalized
epigrafe,851007.0,CENTROS PUBLICOS DE EDUCACION PRIMARIA,CENTROS PUBLICOS DE EDUCACION PRIMARIA,185,851007,CENTROS PUBLICOS DE EDUCACION PRIMARIA,True,False,numeric_normalized
epigrafe,559003.0,CASAS DE HUESPEDES,CASAS DE HUESPEDES,43,559003,CASAS DE HUESPEDES,True,False,numeric_normalized
epigrafe,461701.0,"INTERMEDIARIO DEL COMERCIO DE PRODUCTOS ALIMENTICIOS, BEBIDAS Y TABACO",INTERMEDIARIO DEL COMERCIO DE PRODUCTOS ALIMENTICIOS BEBIDAS Y TABACO,112,461701,"INTERMEDIARIO DEL COMERCIO DE PRODUCTOS ALIMENTICIOS, BEBIDAS Y TABACO",True,False,numeric_normalized
epigrafe,463202.0,ALMACEN DE DISTRIBUCION A TEMPERATURA DE REFRIGERACION Y CONGELACION DE CARNE Y DERIVADOS DE CARNE,ALMACEN DE DISTRIBUCION A TEMPERATURA DE REFRIGERACION Y CONGELACION DE CARNE Y DERIVADOS DE CARNE,132,463202,ALMACEN DE DISTRIBUCION A TEMPERATURA DE REFRIGERACION Y CONGELACION DE CARNE Y DERIVADOS DE CARNE,True,False,numeric_normalized
epigrafe,474201.0,COMERCIO AL POR MENOR DE PRODUCTOS DE TELEFONIA Y TELECOMUNICACIONES,COMERCIO AL POR MENOR DE PRODUCTOS DE TELEFONIA Y TELECOMUNICACIONES,2544,474201,COMERCIO AL POR MENOR DE PRODUCTOS DE TELEFONIA Y TELECOMUNICACIONES,True,False,numeric_normalized
epigrafe,474102.0,"COMERCIO AL POR MENOR DE PRODUCTOS INFORMATICOS (ORDENADORES, PROGRAMAS Y EQUIPOS PERIFERICOS)",COMERCIO AL POR MENOR DE PRODUCTOS INFORMATICOS ORDENADORES PROGRAMAS Y EQUIPOS PERIFERICOS,1406,474102,"COMERCIO AL POR MENOR DE PRODUCTOS INFORMATICOS (ORDENADORES, PROGRAMAS, EQUIPOS PERIFERICOS Y CONSUMIBLES)",True,False,numeric_normalized
epigrafe,862003.0,CONSULTA DE ESTOMATOLOGOS Y ODONTOLOGOS,CONSULTA DE ESTOMATOLOGOS Y ODONTOLOGOS,3259,862003,CONSULTA DE ESTOMATOLOGOS Y ODONTOLOGOS,True,False,numeric_normalized
epigrafe,472907.0,COMERCIO AL POR MENOR DE FRUTOS SECOS Y VARIANTES,COMERCIO AL POR MENOR DE FRUTOS SECOS Y VARIANTES,2451,472907,COMERCIO AL POR MENOR DE FRUTOS SECOS Y VARIANTES,True,False,numeric_normalized
epigrafe,999.0,SIN ASIGNAR,SIN ASIGNAR,192,999,SIN ASIGNAR,True,False,numeric_normalized
epigrafe,840001.0,ADMINISTRACION PUBLICA Y DEFENSA. SEGURIDAD SOCIAL OBLIGATORIA,ADMINISTRACION PUBLICA Y DEFENSA SEGURIDAD SOCIAL OBLIGATORIA,3081,840001,ADMINISTRACION PUBLICA Y DEFENSA. SEGURIDAD SOCIAL OBLIGATORIA,True,False,numeric_normalized
epigrafe,563005.0,BAR SIN COCINA,BAR SIN COCINA,6236,563005,BAR SIN COCINA,True,False,numeric_normalized
epigrafe,749001.0,"OTRAS ACTIVIDADES PROFESIONALES, CIENTIFICAS Y TECNICAS N.C.O.P.",OTRAS ACTIVIDADES PROFESIONALES CIENTIFICAS Y TECNICAS N C O P,723,749001,"OTRAS ACTIVIDADES PROFESIONALES, CIENTIFICAS Y TECNICAS N.C.O.P.",True,False,numeric_normalized
epigrafe,475901.0,COMERCIO AL POR MENOR DE MUEBLES,COMERCIO AL POR MENOR DE MUEBLES,3138,475901,COMERCIO AL POR MENOR DE MUEBLES,True,False,numeric_normalized
epigrafe,701001.0,ACTIVIDADES DE LAS SEDES CENTRALES,ACTIVIDADES DE LAS SEDES CENTRALES,631,701001,ACTIVIDADES DE LAS SEDES CENTRALES,True,False,numeric_normalized
epigrafe,910001.0,"ACTIVIDADES DE BIBLIOTECAS, ARCHIVOS, MUSEOS Y DE GALERIAS Y SALAS DE EXPOSICIONES SIN VENTA",ACTIVIDADES DE BIBLIOTECAS ARCHIVOS MUSEOS Y DE GALERIAS Y SALAS DE EXPOSICIONES SIN VENTA,966,910001,"ACTIVIDADES DE BIBLIOTECAS, ARCHIVOS, MUSEOS Y DE GALERIAS Y SALAS DE EXPOSICIONES SIN VENTA",True,False,numeric_normalized
epigrafe,862001.0,CONSULTA DE MEDICINA GENERAL Y ESPECIALIDADES,CONSULTA DE MEDICINA GENERAL Y ESPECIALIDADES,1718,862001,CONSULTA DE MEDICINA GENERAL Y ESPECIALIDADES,True,False,numeric_normalized
epigrafe,452004.0,MANTENIMIENTO Y REPARACION DE VEHICULOS DE MOTOR N.C.O.P.,MANTENIMIENTO Y REPARACION DE VEHICULOS DE MOTOR N C O P,1296,452004,MANTENIMIENTO Y REPARACION DE VEHICULOS DE MOTOR N.C.O.P.,True,False,numeric_normalized
epigrafe,472905.0,COMERCIO AL POR MENOR DE CONGELADOS,COMERCIO AL POR MENOR DE CONGELADOS,1611,472905,COMERCIO AL POR MENOR DE CONGELADOS,True,False,numeric_normalized
epigrafe,472205.0,"COMERCIO AL POR MENOR DE AVES, HUEVOS Y CAZA CON OBRADOR",COMERCIO AL POR MENOR DE AVES HUEVOS Y CAZA CON OBRADOR,577,472205,"COMERCIO AL POR MENOR DE AVES, HUEVOS Y CAZA CON OBRADOR",True,False,numeric_normalized
epigrafe,692002.0,"DESPACHO PROFESIONAL DE ACTIVIDADES ECONOMICAS (CONTABILIDAD, AUDITORIA Y ASESORIA FISCAL)",DESPACHO PROFESIONAL DE ACTIVIDADES ECONOMICAS CONTABILIDAD AUDITORIA Y ASESORIA FISCAL,210,692002,"DESPACHO PROFESIONAL DE ACTIVIDADES ECONOMICAS (CONTABILIDAD, AUDITORIA Y ASESORIA FISCAL)",True,False,numeric_normalized
epigrafe,475907.0,COMERCIO AL POR MENOR DE ARTICULOS DE USO DOMESTICO EN ESTABLECIMIENTO ESPECIALIZADO,COMERCIO AL POR MENOR DE ARTICULOS DE USO DOMESTICO EN ESTABLECIMIENTO ESPECIALIZADO,1236,475907,COMERCIO AL POR MENOR DE ARTICULOS DE USO DOMESTICO EN ESTABLECIMIENTO ESPECIALIZADO,True,False,numeric_normalized
epigrafe,471104.0,COMERCIO AL POR MENOR DE PRODUCTOS ALIMENTICIOS NO PERECEDEROS ENVASADOS,COMERCIO AL POR MENOR DE PRODUCTOS ALIMENTICIOS NO PERECEDEROS ENVASADOS,2549,471104,COMERCIO AL POR MENOR DE PRODUCTOS ALIMENTICIOS NO PERECEDEROS ENVASADOS,True,False,numeric_normalized
epigrafe,465001.0,COMERCIO AL POR MAYOR DE MATERIAL Y APARATOS ELECTRONICOS PARA LAS TECNOLOGIAS DE LA INFORMACION Y LAS COMUNICACIONES,COMERCIO AL POR MAYOR DE MATERIAL Y APARATOS ELECTRONICOS PARA LAS TECNOLOGIAS DE LA INFORMACION Y LAS COMUNICACIONES,730,465001,COMERCIO AL POR MAYOR DE MATERIAL Y APARATOS ELECTRONICOS PARA LAS TECNOLOGIAS DE LA INFORMACION Y LAS COMUNICACIONES,True,False,numeric_normalized
epigrafe,477806.0,COMERCIO AL POR MENOR DE MATERIAL DE OPTICA,COMERCIO AL POR MENOR DE MATERIAL DE OPTICA,2448,477806,COMERCIO AL POR MENOR DE MATERIAL DE OPTICA,True,False,numeric_normalized
epigrafe,477808.0,OTRO COMERCIO AL POR MENOR DEL ARTICULOS NUEVOS N.C.O.P.,OTRO COMERCIO AL POR MENOR DEL ARTICULOS NUEVOS N C O P,2733,477808,OTRO COMERCIO AL POR MENOR DEL ARTICULOS NUEVOS N.C.O.P.,True,False,numeric_normalized
epigrafe,869007.0,FISIOTERAPEUTAS Y OTRAS ACTIVIDADES SANITARIAS,FISIOTERAPEUTAS Y OTRAS ACTIVIDADES SANITARIAS,2461,869007,FISIOTERAPEUTAS Y OTRAS ACTIVIDADES SANITARIAS,True,False,numeric_normalized
epigrafe,869006.0,DESPACHO DE OPTICOS-OPTOMETRISTAS,DESPACHO DE OPTICOS OPTOMETRISTAS,19,869006,DESPACHO DE OPTICOS-OPTOMETRISTAS,True,False,numeric_normalized
epigrafe,472911.0,OTRO COMERCIO AL POR MENOR DE PRODUCTOS ALIMENTICIOS (PERECEDEROS Y NO PERECEDEROS) CON VENDEDOR N.C.O.P.,OTRO COMERCIO AL POR MENOR DE PRODUCTOS ALIMENTICIOS PERECEDEROS Y NO PERECEDEROS CON VENDEDOR N C O P,10374,472911,OTRO COMERCIO AL POR MENOR DE PRODUCTOS ALIMENTICIOS (PERECEDEROS Y NO PERECEDEROS) CON VENDEDOR N.C.O.P.,True,False,numeric_normalized
epigrafe,476403.0,COMERCIO AL POR MENOR DE ARTICULOS DEPORTIVOS,COMERCIO AL POR MENOR DE ARTICULOS DEPORTIVOS,1261,476403,COMERCIO AL POR MENOR DE ARTICULOS DEPORTIVOS,True,False,numeric_normalized
epigrafe,960101.0,LAVADO Y LIMPIEZA DE PRENDAS TEXTILES Y DE PIEL,LAVADO Y LIMPIEZA DE PRENDAS TEXTILES Y DE PIEL,2253,960101,LAVADO Y LIMPIEZA DE PRENDAS TEXTILES Y DE PIEL,True,False,numeric_normalized
epigrafe,472203.0,COMERCIO AL POR MENOR DE CARNICERIA-CHARCUTERIA,COMERCIO AL POR MENOR DE CARNICERIA CHARCUTERIA,1134,472203,COMERCIO AL POR MENOR DE CARNICERIA-CHARCUTERIA,True,False,numeric_normalized
epigrafe,854003.0,EDUCACION TERCIARIA NO UNIVERSITARIA,EDUCACION TERCIARIA NO UNIVERSITARIA,337,854003,EDUCACION TERCIARIA NO UNIVERSITARIA,True,False,numeric_normalized
epigrafe,869008.0,DESPACHO DE FISIOTERAPEUTAS,DESPACHO DE FISIOTERAPEUTAS,244,869008,DESPACHO DE FISIOTERAPEUTAS,True,False,numeric_normalized
epigrafe,861002.0,CLINICAS MEDICAS,CLINICAS MEDICAS,1855,861002,CLINICAS MEDICAS,True,False,numeric_normalized
epigrafe,182001.0,REPRODUCCION DE SOPORTES GRABADOS,REPRODUCCION DE SOPORTES GRABADOS,37,182001,REPRODUCCION DE SOPORTES GRABADOS,True,False,numeric_normalized
epigrafe,781001.0,ACTIVIDADES DE LAS AGENCIAS DE COLOCACION,ACTIVIDADES DE LAS AGENCIAS DE COLOCACION,64,781001,ACTIVIDADES DE LAS AGENCIAS DE COLOCACION,True,False,numeric_normalized
epigrafe,812001.0,ACTIVIDADES DE LIMPIEZA,ACTIVIDADES DE LIMPIEZA,1292,812001,ACTIVIDADES DE LIMPIEZA,True,False,numeric_normalized
epigrafe,952004.0,ARREGLO DE ROPA,ARREGLO DE ROPA,2278,952004,ARREGLO DE ROPA,True,False,numeric_normalized
epigrafe,472901.0,COMERCIO AL POR MENOR DE PRODUCTOS DE HERBOLARIO,COMERCIO AL POR MENOR DE PRODUCTOS DE HERBOLARIO,2269,472901,COMERCIO AL POR MENOR DE PRODUCTOS DE HERBOLARIO,True,False,numeric_normalized
epigrafe,952002.0,REPARACION DE CALZADO,REPARACION DE CALZADO,1565,952002,REPARACION DE CALZADO,True,False,numeric_normalized
epigrafe,474301.0,COMERCIO AL POR MENOR DE EQUIPOS O APARATOS AUDIOVISUALES,COMERCIO AL POR MENOR DE EQUIPOS O APARATOS AUDIOVISUALES,177,474301,COMERCIO AL POR MENOR DE EQUIPOS O APARATOS AUDIOVISUALES,True,False,numeric_normalized
epigrafe,477802.0,"COMERCIO AL POR MENOR DE SELLOS, MONEDAS Y MEDALLAS",COMERCIO AL POR MENOR DE SELLOS MONEDAS Y MEDALLAS,214,477802,"COMERCIO AL POR MENOR DE SELLOS, MONEDAS Y MEDALLAS",True,False,numeric_normalized
epigrafe,474101.0,COMERCIO AL POR MENOR DE MAQUINARIA Y EQUIPOS DE OFICINA,COMERCIO AL POR MENOR DE MAQUINARIA Y EQUIPOS DE OFICINA,240,474101,COMERCIO AL POR MENOR DE MAQUINARIA Y EQUIPOS DE OFICINA,True,False,numeric_normalized
epigrafe,960205.0,CENTROS DE BRONCEADO,CENTROS DE BRONCEADO,1308,960205,CENTROS DE BRONCEADO,True,False,numeric_normalized
epigrafe,472403.0,"COMERCIO AL POR MENOR DE PASTELERIA, CONFITERIA, REPOSTERIA CON OBRADOR-BARRA DEGUSTACION",COMERCIO AL POR MENOR DE PASTELERIA CONFITERIA REPOSTERIA CON OBRADOR BARRA DEGUSTACION,1300,472403,"COMERCIO AL POR MENOR DE PASTELERIA, CONFITERIA, REPOSTERIA CON OBRADOR-BARRA DEGUSTACION",True,False,numeric_normalized
epigrafe,472407.0,ESTABLECIMIENTOS DE VENTA DE PLATOS PREPARADOS CON OBRADOR,ESTABLECIMIENTOS DE VENTA DE PLATOS PREPARADOS CON OBRADOR,2231,472407,ESTABLECIMIENTOS DE VENTA DE PLATOS PREPARADOS CON OBRADOR,True,False,numeric_normalized
epigrafe,477805.0,COMERCIO AL POR MENOR DE MATERIAL FOTOGRAFICO Y FOTOGRAFIA,COMERCIO AL POR MENOR DE MATERIAL FOTOGRAFICO Y FOTOGRAFIA,1041,477805,COMERCIO AL POR MENOR DE MATERIAL FOTOGRAFICO Y FOTOGRAFIA,True,False,numeric_normalized
epigrafe,130001.0,"FABRICACION DE TEJIDOS TEXTILES, ALFOMBRAS, CUERDAS Y OTROS PRODUCTOS TEXTILES (EXCEPTO PRENDAS DE VESTIR)",FABRICACION DE TEJIDOS TEXTILES ALFOMBRAS CUERDAS Y OTROS PRODUCTOS TEXTILES EXCEPTO PRENDAS DE VESTIR,317,130001,"FABRICACION DE TEJIDOS TEXTILES, ALFOMBRAS, CUERDAS Y OTROS PRODUCTOS TEXTILES (EXCEPTO PRENDAS DE VESTIR)",True,False,numeric_normalized
epigrafe,932005.0,SALAS DE FIESTA SIN RESTAURACION,SALAS DE FIESTA SIN RESTAURACION,126,932005,SALAS DE FIESTA SIN RESTAURACION,True,False,numeric_normalized
epigrafe,551002.0,HOTELES Y MOTELES SIN RESTAURANTE,HOTELES Y MOTELES SIN RESTAURANTE,157,551002,HOTELES Y MOTELES SIN RESTAURANTE,True,False,numeric_normalized
epigrafe,476101.0,COMERCIO AL POR MENOR DE LIBROS,COMERCIO AL POR MENOR DE LIBROS,1972,476101,COMERCIO AL POR MENOR DE LIBROS,True,False,numeric_normalized
epigrafe,854001.0,EDUCACION UNIVERSITARIA PUBLICA,EDUCACION UNIVERSITARIA PUBLICA,401,854001,EDUCACION UNIVERSITARIA PUBLICA,True,False,numeric_normalized
epigrafe,463906.0,COMERCIO AL POR MAYOR DE OTROS PRODUCTOS ALIMENTICIOS,COMERCIO AL POR MAYOR DE OTROS PRODUCTOS ALIMENTICIOS,303,463906,COMERCIO AL POR MAYOR DE OTROS PRODUCTOS ALIMENTICIOS,True,False,numeric_normalized
epigrafe,563001.0,COMERCIO AL POR MENOR DE VINOS Y ALCOHOLES (BODEGA) CON CONSUMO,COMERCIO AL POR MENOR DE VINOS Y ALCOHOLES BODEGA CON CONSUMO,464,563001,COMERCIO AL POR MENOR DE VINOS Y ALCOHOLES (BODEGA) CON CONSUMO,True,False,numeric_normalized
epigrafe,563004.0,TABERNA,TABERNA,839,563004,TABERNA,True,False,numeric_normalized
epigrafe,591001.0,"ACTIVIDADES CINEMATOGRAFICAS, DE VIDEO Y DE TELEVISION (PRODUCCION, DISTRIBUCION Y EXHIBICION)",ACTIVIDADES CINEMATOGRAFICAS DE VIDEO Y DE TELEVISION PRODUCCION DISTRIBUCION Y EXHIBICION,628,591001,"ACTIVIDADES CINEMATOGRAFICAS, DE VIDEO Y DE TELEVISION (PRODUCCION, DISTRIBUCION Y EXHIBICION)",True,False,numeric_normalized
epigrafe,412001.0,CONSTRUCCION DE EDIFICIOS,CONSTRUCCION DE EDIFICIOS,1766,412001,CONSTRUCCION DE EDIFICIOS,True,False,numeric_normalized
epigrafe,475903.0,COMERCIO AL POR MENOR DE MUEBLES DE COCINA,COMERCIO AL POR MENOR DE MUEBLES DE COCINA,1183,475903,COMERCIO AL POR MENOR DE MUEBLES DE COCINA,True,False,numeric_normalized
epigrafe,472405.0,"COMERCIO AL POR MENOR DE PASTELERIA, CONFITERIA, REPOSTERIA SIN OBRADOR",COMERCIO AL POR MENOR DE PASTELERIA CONFITERIA REPOSTERIA SIN OBRADOR,1153,472405,"COMERCIO AL POR MENOR DE PASTELERIA, CONFITERIA, REPOSTERIA SIN OBRADOR",True,False,numeric_normalized
epigrafe,181003.0,ENCUADERNACION Y SERVICIOS RELACIONADOS CON LA MISMA,ENCUADERNACION Y SERVICIOS RELACIONADOS CON LA MISMA,282,181003,ENCUADERNACION Y SERVICIOS RELACIONADOS CON LA MISMA,True,False,numeric_normalized
epigrafe,472902.0,COMERCIO AL POR MENOR DE HELADOS CON OBRADOR CON BARRA DE DEGUSTACION,COMERCIO AL POR MENOR DE HELADOS CON OBRADOR CON BARRA DE DEGUSTACION,222,472902,COMERCIO AL POR MENOR DE HELADOS CON OBRADOR CON BARRA DE DEGUSTACION,True,False,numeric_normalized
epigrafe,563003.0,BAR ESPECIAL CON ACTUACIONES,BAR ESPECIAL CON ACTUACIONES,337,563003,BAR ESPECIAL CON ACTUACIONES,True,False,numeric_normalized
epigrafe,702001.0,ACTIVIDADES DE CONSULTORIA DE GESTION EMPRESARIAL,ACTIVIDADES DE CONSULTORIA DE GESTION EMPRESARIAL,376,702001,ACTIVIDADES DE CONSULTORIA DE GESTION EMPRESARIAL,True,False,numeric_normalized
epigrafe,479002.0,COMERCIO AL POR MENOR CON MAQUINAS EXPENDEDORAS,COMERCIO AL POR MENOR CON MAQUINAS EXPENDEDORAS,105,479002,COMERCIO AL POR MENOR CON MAQUINAS EXPENDEDORAS,True,False,numeric_normalized
epigrafe,472302.0,COMERCIO AL POR MENOR DE PESCADOS Y MARISCOS SIN OBRADOR,COMERCIO AL POR MENOR DE PESCADOS Y MARISCOS SIN OBRADOR,3652,472302,COMERCIO AL POR MENOR DE PESCADOS Y MARISCOS SIN OBRADOR,True,False,numeric_normalized
epigrafe,474302.0,COMERCIO AL POR MENOR DE MATERIAL ELECTRONICO,COMERCIO AL POR MENOR DE MATERIAL ELECTRONICO,1047,474302,COMERCIO AL POR MENOR DE MATERIAL ELECTRONICO,True,False,numeric_normalized
epigrafe,532001.0,"SERVICIOS DE MENSAJERIA, ACTIVIDADES POSTALES Y DE CORREOS",SERVICIOS DE MENSAJERIA ACTIVIDADES POSTALES Y DE CORREOS,1624,532001,"SERVICIOS DE MENSAJERIA, ACTIVIDADES POSTALES Y DE CORREOS",True,False,numeric_normalized
epigrafe,932007.0,SALONES DE RECREO Y DIVERSION Y OTRAS ACTIVIDADES RECREATIVAS,SALONES DE RECREO Y DIVERSION Y OTRAS ACTIVIDADES RECREATIVAS,408,932007,SALONES DE RECREO Y DIVERSION Y OTRAS ACTIVIDADES RECREATIVAS,True,False,numeric_normalized
epigrafe,960902.0,TRATAMIENTO HIGIENICO DE ANIMALES (PELUQUERIAS),TRATAMIENTO HIGIENICO DE ANIMALES PELUQUERIAS,737,960902,TRATAMIENTO HIGIENICO DE ANIMALES (PELUQUERIAS),True,False,numeric_normalized
epigrafe,476301.0,"COMERCIO AL POR MENOR DE PRODUCTOS AUDIOVISUALES EN ESTABLECIMIENTOS ESPECIALIZADOS (CD,DVD,â€¦)",COMERCIO AL POR MENOR DE PRODUCTOS AUDIOVISUALES EN ESTABLECIMIENTOS ESPECIALIZADOS CD DVD A,96,476301,"COMERCIO AL POR MENOR DE PRODUCTOS AUDIOVISUALES EN ESTABLECIMIENTOS ESPECIALIZADOS (CD,DVD,â€¦)",True,False,numeric_normalized
epigrafe,454002.0,VENTA DE MOTOCICLETAS,VENTA DE MOTOCICLETAS,301,454002,VENTA DE MOTOCICLETAS,True,False,numeric_normalized
epigrafe,960403.0,"SAUNAS, BAÑOS TURCOS Y SIMILARES",SAUNAS BANOS TURCOS Y SIMILARES,45,960403,"SAUNAS, BAÑOS TURCOS Y SIMILARES",True,False,numeric_normalized
epigrafe,107001.0,FABRICACION DE PRODUCTOS DE PANADERIA Y PASTELERIA,FABRICACION DE PRODUCTOS DE PANADERIA Y PASTELERIA,282,107001,FABRICACION DE PRODUCTOS DE PANADERIA Y PASTELERIA,True,False,numeric_normalized
epigrafe,682001.0,ALQUILER DE BIENES INMOBILIARIOS POR CUENTA PROPIA,ALQUILER DE BIENES INMOBILIARIOS POR CUENTA PROPIA,355,682001,ALQUILER DE BIENES INMOBILIARIOS POR CUENTA PROPIA,True,False,numeric_normalized
epigrafe,869003.0,CONSULTA DE PODOLOGIA,CONSULTA DE PODOLOGIA,551,869003,CONSULTA DE PODOLOGIA,True,False,numeric_normalized
epigrafe,551003.0,HOSTALES,HOSTALES,209,551003,HOSTALES,True,False,numeric_normalized
epigrafe,472206.0,"COMERCIO AL POR MENOR DE AVES, HUEVOS Y CAZA SIN OBRADOR",COMERCIO AL POR MENOR DE AVES HUEVOS Y CAZA SIN OBRADOR,3518,472206,"COMERCIO AL POR MENOR DE AVES, HUEVOS Y CAZA SIN OBRADOR",True,False,numeric_normalized
epigrafe,475203.0,"COMERCIO AL POR MENOR DE PUERTAS, VENTANAS Y PERSIANAS",COMERCIO AL POR MENOR DE PUERTAS VENTANAS Y PERSIANAS,1266,475203,"COMERCIO AL POR MENOR DE PUERTAS, VENTANAS Y PERSIANAS",True,False,numeric_normalized
epigrafe,472204.0,COMERCIO AL POR MENOR DE CARNICERIA-SALCHICHERIA,COMERCIO AL POR MENOR DE CARNICERIA SALCHICHERIA,1512,472204,COMERCIO AL POR MENOR DE CARNICERIA-SALCHICHERIA,True,False,numeric_normalized
epigrafe,931001.0,GESTION DE INSTALACIONES DEPORTIVAS,GESTION DE INSTALACIONES DEPORTIVAS,441,931001,GESTION DE INSTALACIONES DEPORTIVAS,True,False,numeric_normalized
epigrafe,160001.0,"INDUSTRIA DE LA MADERA Y CORCHO (EXCEPTO MUEBLES), CESTERIA Y ESPARTERIA",INDUSTRIA DE LA MADERA Y CORCHO EXCEPTO MUEBLES CESTERIA Y ESPARTERIA,551,160001,"INDUSTRIA DE LA MADERA Y CORCHO (EXCEPTO MUEBLES), CESTERIA Y ESPARTERIA",True,False,numeric_normalized
epigrafe,453001.0,COMERCIO DE RESPUESTOS Y ACCESORIOS DE VEHICULOS DE MOTOR,COMERCIO DE RESPUESTOS Y ACCESORIOS DE VEHICULOS DE MOTOR,1167,453001,COMERCIO DE RESPUESTOS Y ACCESORIOS DE VEHICULOS DE MOTOR,True,False,numeric_normalized
epigrafe,869002.0,DESPACHO DE PROTESICOS E HIGIENISTAS DENTALES,DESPACHO DE PROTESICOS E HIGIENISTAS DENTALES,64,869002,DESPACHO DE PROTESICOS E HIGIENISTAS DENTALES,True,False,numeric_normalized
epigrafe,466002.0,"COMERCIO AL POR MAYOR DE MAQUINARIA, EQUIPO DE OFICINA Y SUMINISTROS",COMERCIO AL POR MAYOR DE MAQUINARIA EQUIPO DE OFICINA Y SUMINISTROS,1709,466002,"COMERCIO AL POR MAYOR DE MAQUINARIA, EQUIPO DE OFICINA Y SUMINISTROS",True,False,numeric_normalized
epigrafe,461501.0,INTERMEDIARIOS DEL COMERCIO DE MUEBLES,INTERMEDIARIOS DEL COMERCIO DE MUEBLES,55,461501,INTERMEDIARIOS DEL COMERCIO DE MUEBLES,True,False,numeric_normalized
epigrafe,493001.0,"TRANSPORTE TERRESTRE URBANO (AUTOBUS, METRO, TAXI) O INTERURBANO (EXCEPTO POR FERROCARRIL)",TRANSPORTE TERRESTRE URBANO AUTOBUS METRO TAXI O INTERURBANO EXCEPTO POR FERROCARRIL,455,493001,"TRANSPORTE TERRESTRE URBANO (AUTOBUS, METRO, TAXI) O INTERURBANO (EXCEPTO POR FERROCARRIL)",True,False,numeric_normalized
epigrafe,477401.0,COMERCIO AL POR MENOR DE PRODUCTOS PARAFARMACEUTICOS,COMERCIO AL POR MENOR DE PRODUCTOS PARAFARMACEUTICOS,216,477401,COMERCIO AL POR MENOR DE PRODUCTOS PARAFARMACEUTICOS,True,False,numeric_normalized
epigrafe,467001.0,"COMERCIO AL POR MAYOR DE METALES FERREOS Y NO FERREOS, MATERIAL DE CONSTRUCCION, PAPEL Y CARTON",COMERCIO AL POR MAYOR DE METALES FERREOS Y NO FERREOS MATERIAL DE CONSTRUCCION PAPEL Y CARTON,1080,467001,"COMERCIO AL POR MAYOR DE METALES FERREOS Y NO FERREOS, MATERIAL DE CONSTRUCCION, PAPEL Y CARTON",True,False,numeric_normalized
epigrafe,510001.0,TRANSPORTE AEREO,TRANSPORTE AEREO,80,510001,TRANSPORTE AEREO,True,False,numeric_normalized
epigrafe,951001.0,REPARACION DE ORDENADORES Y EQUIPOS DE COMUNICACION,REPARACION DE ORDENADORES Y EQUIPOS DE COMUNICACION,838,951001,REPARACION DE ORDENADORES Y EQUIPOS DE COMUNICACION,True,False,numeric_normalized
epigrafe,475202.0,COMERCIO AL POR MENOR DE MATERIALES DE CONSTRUCCION,COMERCIO AL POR MENOR DE MATERIALES DE CONSTRUCCION,781,475202,COMERCIO AL POR MENOR DE MATERIALES DE CONSTRUCCION,True,False,numeric_normalized
epigrafe,661001.0,"ADMINISTRACION DE MERCADOS FINANCIEROS, INTERMEDIACION EN OPERACIONES CON VALORES Y OTROS ACTIVOS",ADMINISTRACION DE MERCADOS FINANCIEROS INTERMEDIACION EN OPERACIONES CON VALORES Y OTROS ACTIVOS,73,661001,"ADMINISTRACION DE MERCADOS FINANCIEROS, INTERMEDIACION EN OPERACIONES CON VALORES Y OTROS ACTIVOS",True,False,numeric_normalized
epigrafe,464601.0,COMERCIO AL POR MAYOR DE PRODUCTOS FARMACEUTICOS,COMERCIO AL POR MAYOR DE PRODUCTOS FARMACEUTICOS,214,464601,COMERCIO AL POR MAYOR DE PRODUCTOS FARMACEUTICOS,True,False,numeric_normalized
epigrafe,854002.0,EDUCACION UNIVERSITARIA PRIVADA,EDUCACION UNIVERSITARIA PRIVADA,231,854002,EDUCACION UNIVERSITARIA PRIVADA,True,False,numeric_normalized
epigrafe,325001.0,FABRICACION DE INSTRUMENTOS Y SUMINISTROS MEDICOS Y ODONTOLOGICOS,FABRICACION DE INSTRUMENTOS Y SUMINISTROS MEDICOS Y ODONTOLOGICOS,725,325001,FABRICACION DE INSTRUMENTOS Y SUMINISTROS MEDICOS Y ODONTOLOGICOS,True,False,numeric_normalized
epigrafe,464301.0,COMERCIO AL POR MAYOR DE APARATOS ELECTRODOMESTICOS,COMERCIO AL POR MAYOR DE APARATOS ELECTRODOMESTICOS,143,464301,COMERCIO AL POR MAYOR DE APARATOS ELECTRODOMESTICOS,True,False,numeric_normalized
epigrafe,464602.0,COMERCIO AL POR MAYOR DE INSTRUMENTOS MEDICOS Y ORTOPEDICOS,COMERCIO AL POR MAYOR DE INSTRUMENTOS MEDICOS Y ORTOPEDICOS,325,464602,COMERCIO AL POR MAYOR DE INSTRUMENTOS MEDICOS Y ORTOPEDICOS,True,False,numeric_normalized
epigrafe,350001.0,"PRODUCCION, TRANSPORTE Y DISTRIBUCION DE ENERGIA ELECTRICA Y GAS",PRODUCCION TRANSPORTE Y DISTRIBUCION DE ENERGIA ELECTRICA Y GAS,405,350001,"PRODUCCION, TRANSPORTE Y DISTRIBUCION DE ENERGIA ELECTRICA Y GAS",True,False,numeric_normalized
epigrafe,960901.0,CENTROS DE TATUAJE Y/O ANILLADO,CENTROS DE TATUAJE Y O ANILLADO,528,960901,CENTROS DE TATUAJE Y/O ANILLADO,True,False,numeric_normalized
epigrafe,105001.0,PROCESADO Y CONSERVACION DE LECHE Y DERIVADOS,PROCESADO Y CONSERVACION DE LECHE Y DERIVADOS,12,105001,PROCESADO Y CONSERVACION DE LECHE Y DERIVADOS,True,False,numeric_normalized
epigrafe,743001.0,ACTIVIDADES DE TRADUCCION E INTERPRETACION,ACTIVIDADES DE TRADUCCION E INTERPRETACION,57,743001,ACTIVIDADES DE TRADUCCION E INTERPRETACION,True,False,numeric_normalized
epigrafe,475205.0,COMERCIO AL POR MENOR DE SANEAMIENTOS,COMERCIO AL POR MENOR DE SANEAMIENTOS,925,475205,COMERCIO AL POR MENOR DE SANEAMIENTOS,True,False,numeric_normalized
epigrafe,477803.0,COMERCIO AL POR MENOR DE ARMAS,COMERCIO AL POR MENOR DE ARMAS,58,477803,COMERCIO AL POR MENOR DE ARMAS,True,False,numeric_normalized
epigrafe,932001.0,CENTROS DE JUEGOS O CELEBRACIONES INFANTILES CON COCINA,CENTROS DE JUEGOS O CELEBRACIONES INFANTILES CON COCINA,188,932001,CENTROS DE JUEGOS O CELEBRACIONES INFANTILES CON COCINA,True,False,numeric_normalized
epigrafe,473001.0,COMERCIO AL POR MENOR DE COMBUSTIBLE PARA LA AUTOMOCION EN ESTABLECIMIENTOS ESPECIALIZADOS,COMERCIO AL POR MENOR DE COMBUSTIBLE PARA LA AUTOMOCION EN ESTABLECIMIENTOS ESPECIALIZADOS,558,473001,COMERCIO AL POR MENOR DE COMBUSTIBLE PARA LA AUTOMOCION EN ESTABLECIMIENTOS ESPECIALIZADOS,True,False,numeric_normalized
epigrafe,472301.0,COMERCIO AL POR MENOR DE PESCADOS Y MARISCOS CON OBRADOR (INCLUYE COCCION),COMERCIO AL POR MENOR DE PESCADOS Y MARISCOS CON OBRADOR INCLUYE COCCION,290,472301,COMERCIO AL POR MENOR DE PESCADOS Y MARISCOS CON OBRADOR (INCLUYE COCCION),True,False,numeric_normalized
epigrafe,952001.0,REPARACION DE BICICLETAS,REPARACION DE BICICLETAS,88,952001,REPARACION DE BICICLETAS,True,False,numeric_normalized
epigrafe,475905.0,COMERCIO AL POR MENOR DE COLCHONERIA,COMERCIO AL POR MENOR DE COLCHONERIA,741,475905,COMERCIO AL POR MENOR DE COLCHONERIA,True,False,numeric_normalized
epigrafe,600001.0,ACTIVIDADES DE PROGRAMACION Y EMISION DE RADIO Y TELEVISION,ACTIVIDADES DE PROGRAMACION Y EMISION DE RADIO Y TELEVISION,122,600001,ACTIVIDADES DE PROGRAMACION Y EMISION DE RADIO Y TELEVISION,True,False,numeric_normalized
epigrafe,472908.0,"COMERCIO AL POR MENOR DE MASAS Y PATATAS FRITAS, CHURRERIA CON OBRADOR",COMERCIO AL POR MENOR DE MASAS Y PATATAS FRITAS CHURRERIA CON OBRADOR,526,472908,"COMERCIO AL POR MENOR DE MASAS Y PATATAS FRITAS, CHURRERIA CON OBRADOR",True,False,numeric_normalized
epigrafe,230001.0,"FABRICACION DE PRODUCTOS MINERALES NO METALICOS (HORMIGON, CEMENTO, MORTERO, CAL, YESO, LADRILLOS, CERAMICA)",FABRICACION DE PRODUCTOS MINERALES NO METALICOS HORMIGON CEMENTO MORTERO CAL YESO LADRILLOS CERAMICA,103,230001,"FABRICACION DE PRODUCTOS MINERALES NO METALICOS (HORMIGON, CEMENTO, MORTERO, CAL, YESO, LADRILLOS, CERAMICA)",True,False,numeric_normalized
epigrafe,472303.0,COMERCIO AL POR MENOR DE BACALAO Y SALAZONES,COMERCIO AL POR MENOR DE BACALAO Y SALAZONES,29,472303,COMERCIO AL POR MENOR DE BACALAO Y SALAZONES,True,False,numeric_normalized
epigrafe,522001.0,APARCAMIENTOS MIXTOS,APARCAMIENTOS MIXTOS,67,522001,APARCAMIENTOS MIXTOS,True,False,numeric_normalized
epigrafe,852003.0,CENTRO DE EDUCACION DE PERSONAS ADULTAS (CEPA),CENTRO DE EDUCACION DE PERSONAS ADULTAS CEPA,189,852003,CENTRO DE EDUCACION DE PERSONAS ADULTAS (CEPA),True,False,numeric_normalized
epigrafe,562101.0,SALONES DE BANQUETES Y PROVISION COMIDAS PARA EVENTOS,SALONES DE BANQUETES Y PROVISION COMIDAS PARA EVENTOS,221,562101,SALONES DE BANQUETES Y PROVISION COMIDAS PARA EVENTOS,True,False,numeric_normalized
epigrafe,380001.0,"RECOGIDA, TRATAMIENTO Y ELIMINACION DE RESIDUOS. VALORIZACION (PROCESOS DE RECUPERACION)",RECOGIDA TRATAMIENTO Y ELIMINACION DE RESIDUOS VALORIZACION PROCESOS DE RECUPERACION,140,380001,"RECOGIDA, TRATAMIENTO Y ELIMINACION DE RESIDUOS. VALORIZACION (PROCESOS DE RECUPERACION)",True,False,numeric_normalized
epigrafe,310001.0,FABRICACION DE MUEBLES (INCLUIDOS COLCHONES),FABRICACION DE MUEBLES INCLUIDOS COLCHONES,336,310001,FABRICACION DE MUEBLES (INCLUIDOS COLCHONES),True,False,numeric_normalized
epigrafe,960904.0,"OTRAS SERVICIOS PERSONALES (ASTROLOGIA, AGENCIAS DE CONTACTOS) N.C.O.P.",OTRAS SERVICIOS PERSONALES ASTROLOGIA AGENCIAS DE CONTACTOS N C O P,175,960904,"OTRAS SERVICIOS PERSONALES (ASTROLOGIA, AGENCIAS DE CONTACTOS) N.C.O.P.",True,False,numeric_normalized
epigrafe,463804.0,ALMACEN DISTRIBUCION A TEMPERATURA DE REFRIGERACION DE PRODUCTOS PESQUEROS Y DE MARISCOS,ALMACEN DISTRIBUCION A TEMPERATURA DE REFRIGERACION DE PRODUCTOS PESQUEROS Y DE MARISCOS,40,463804,ALMACEN DISTRIBUCION A TEMPERATURA DE REFRIGERACION DE PRODUCTOS PESQUEROS Y DE MARISCOS,True,False,numeric_normalized
epigrafe,802001.0,SERVICIOS DE SISTEMAS DE SEGURIDAD: VIGILANCIA MEDIANTE SISTEMAS ELECTRONICOS,SERVICIOS DE SISTEMAS DE SEGURIDAD VIGILANCIA MEDIANTE SISTEMAS ELECTRONICOS,97,802001,SERVICIOS DE SISTEMAS DE SEGURIDAD: VIGILANCIA MEDIANTE SISTEMAS ELECTRONICOS,True,False,numeric_normalized
epigrafe,772001.0,ALQUILER DE EFECTOS PERSONALES Y ARTICULOS DE USO DOMESTICO,ALQUILER DE EFECTOS PERSONALES Y ARTICULOS DE USO DOMESTICO,128,772001,ALQUILER DE EFECTOS PERSONALES Y ARTICULOS DE USO DOMESTICO,True,False,numeric_normalized
epigrafe,681001.0,COMPRAVENTA DE BIENES INMOBILIARIOS POR CUENTA PROPIA,COMPRAVENTA DE BIENES INMOBILIARIOS POR CUENTA PROPIA,72,681001,COMPRAVENTA DE BIENES INMOBILIARIOS POR CUENTA PROPIA,True,False,numeric_normalized
epigrafe,869001.0,CONSULTA DE PROTESICOS E HIGIENISTAS DENTALES,CONSULTA DE PROTESICOS E HIGIENISTAS DENTALES,353,869001,CONSULTA DE PROTESICOS E HIGIENISTAS DENTALES,True,False,numeric_normalized
epigrafe,464401.0,"COMERCIO AL POR MAYOR DE PORCELANA, CRISTALERIA Y ARTICULOS DE LIMPIEZA",COMERCIO AL POR MAYOR DE PORCELANA CRISTALERIA Y ARTICULOS DE LIMPIEZA,88,464401,"COMERCIO AL POR MAYOR DE PORCELANA, CRISTALERIA Y ARTICULOS DE LIMPIEZA",True,False,numeric_normalized
epigrafe,203001.0,"FABRICACION DE PINTURAS, BARNICES, LACAS Y REVESTIMIENTOS SIMILARES",FABRICACION DE PINTURAS BARNICES LACAS Y REVESTIMIENTOS SIMILARES,24,203001,"FABRICACION DE PINTURAS, BARNICES, LACAS Y REVESTIMIENTOS SIMILARES",True,False,numeric_normalized
epigrafe,360001.0,"CAPTACION, DEPURACION Y DISTRIBUCION DE AGUA",CAPTACION DEPURACION Y DISTRIBUCION DE AGUA,80,360001,"CAPTACION, DEPURACION Y DISTRIBUCION DE AGUA",True,False,numeric_normalized
epigrafe,461401.0,"INTERMEDIARIOS DEL COMERCIO DE MAQUINARIA, EQUIPO INDUSTRIAL, EMBARCACIONES Y AERONAVES",INTERMEDIARIOS DEL COMERCIO DE MAQUINARIA EQUIPO INDUSTRIAL EMBARCACIONES Y AERONAVES,57,461401,"INTERMEDIARIOS DEL COMERCIO DE MAQUINARIA, EQUIPO INDUSTRIAL, EMBARCACIONES Y AERONAVES",True,False,numeric_normalized
epigrafe,464501.0,"COMERCIO AL POR MAYOR DE PERFUMERIA,COSMETICA, DROGUERIA Y LIMPIEZA",COMERCIO AL POR MAYOR DE PERFUMERIA COSMETICA DROGUERIA Y LIMPIEZA,372,464501,"COMERCIO AL POR MAYOR DE PERFUMERIA,COSMETICA, DROGUERIA Y LIMPIEZA",True,False,numeric_normalized
epigrafe,862004.0,DESPACHO DE ESTOMATOLOGO Y ODONTOLOGO,DESPACHO DE ESTOMATOLOGO Y ODONTOLOGO,73,862004,DESPACHO DE ESTOMATOLOGO Y ODONTOLOGO,True,False,numeric_normalized
epigrafe,852004.0,CENTROS PRIVADOS CONCERTADOS EDUC INFANTIL Y EDUC PRIMARIA,CENTROS PRIVADOS CONCERTADOS EDUC INFANTIL Y EDUC PRIMARIA,644,852004,CENTROS PRIVADOS CONCERTADOS EDUC INFANTIL Y EDUC PRIMARIA,True,False,numeric_normalized
epigrafe,152001.0,FABRICACION DE CALZADO,FABRICACION DE CALZADO,29,152001,FABRICACION DE CALZADO,True,False,numeric_normalized
epigrafe,559002.0,PENSIONES,PENSIONES,32,559002,PENSIONES,True,False,numeric_normalized
epigrafe,143001.0,CONFECCION DE PRENDAS DE VESTIR DE PUNTO,CONFECCION DE PRENDAS DE VESTIR DE PUNTO,95,143001,CONFECCION DE PRENDAS DE VESTIR DE PUNTO,True,False,numeric_normalized
epigrafe,931010.0,PISCINAS DE COMUNIDADES DE VECINOS DE TEMPORADA,PISCINAS DE COMUNIDADES DE VECINOS DE TEMPORADA,37,931010,PISCINAS DE COMUNIDADES DE VECINOS DE TEMPORADA,True,False,numeric_normalized
epigrafe,851009.0,CENTROS PRIVADOS CONCERTADOS DE EDUCACION PRIMARIA,CENTROS PRIVADOS CONCERTADOS DE EDUCACION PRIMARIA,76,851009,CENTROS PRIVADOS CONCERTADOS DE EDUCACION PRIMARIA,True,False,numeric_normalized
epigrafe,463303.0,COMERCIO AL POR MAYOR DE LECHE Y DERIVADOS,COMERCIO AL POR MAYOR DE LECHE Y DERIVADOS,34,463303,COMERCIO AL POR MAYOR DE LECHE Y DERIVADOS,True,False,numeric_normalized
epigrafe,910002.0,"PARQUES ZOOLOGICOS, JARDINES BOTANICOS Y RESERVAS NATURALES",PARQUES ZOOLOGICOS JARDINES BOTANICOS Y RESERVAS NATURALES,20,910002,"PARQUES ZOOLOGICOS, JARDINES BOTANICOS Y RESERVAS NATURALES",True,False,numeric_normalized
epigrafe,801001.0,ACTIVIDADES DE SEGURIDAD PRIVADA,ACTIVIDADES DE SEGURIDAD PRIVADA,119,801001,ACTIVIDADES DE SEGURIDAD PRIVADA,True,False,numeric_normalized
epigrafe,250002.0,RECUBRIMIENTOS METALICOS (TRATAMIENTO Y REVESTIMIENTO DE METALES),RECUBRIMIENTOS METALICOS TRATAMIENTO Y REVESTIMIENTO DE METALES,96,250002,RECUBRIMIENTOS METALICOS (TRATAMIENTO Y REVESTIMIENTO DE METALES),True,False,numeric_normalized
epigrafe,108001.0,PROCESADO Y CONSERVACION DE PLATOS PREPARADOS O PRECOCINADOS Y DIETETICOS,PROCESADO Y CONSERVACION DE PLATOS PREPARADOS O PRECOCINADOS Y DIETETICOS,41,108001,PROCESADO Y CONSERVACION DE PLATOS PREPARADOS O PRECOCINADOS Y DIETETICOS,True,False,numeric_normalized
epigrafe,250001.0,FABRICACION ARTICULOS DE FERRETERIA,FABRICACION ARTICULOS DE FERRETERIA,83,250001,FABRICACION ARTICULOS DE FERRETERIA,True,False,numeric_normalized
epigrafe,230003.0,"CORTE, TALLADO Y ACABADO DE LA PIEDRA",CORTE TALLADO Y ACABADO DE LA PIEDRA,80,230003,"CORTE, TALLADO Y ACABADO DE LA PIEDRA",True,False,numeric_normalized
epigrafe,960903.0,"ADIESTRAMIENTO, CUIDADO DE ANIMALES, RESIDENCIAS CANINAS Y CENTROS DE ANIMALES ABANDONADOS",ADIESTRAMIENTO CUIDADO DE ANIMALES RESIDENCIAS CANINAS Y CENTROS DE ANIMALES ABANDONADOS,58,960903,"ADIESTRAMIENTO, CUIDADO DE ANIMALES, RESIDENCIAS CANINAS Y CENTROS DE ANIMALES ABANDONADOS",True,False,numeric_normalized
epigrafe,461101.0,"INTERMEDIARIOS DEL COMERCIO DE MATERIAS PRIMAS AGRARIAS, ANIMALES VIVOS, MATERIAS PRIMAS TEXTILES Y PRODUCTOS SEMIELABORADOS",INTERMEDIARIOS DEL COMERCIO DE MATERIAS PRIMAS AGRARIAS ANIMALES VIVOS MATERIAS PRIMAS TEXTILES Y PRODUCTOS SEMIELABORADOS,9,461101,"INTERMEDIARIOS DEL COMERCIO DE MATERIAS PRIMAS AGRARIAS, ANIMALES VIVOS, MATERIAS PRIMAS TEXTILES Y PRODUCTOS SEMIELABORADOS",True,False,numeric_normalized
epigrafe,931006.0,PISCINA PRIVADA CLIMATIZADA,PISCINA PRIVADA CLIMATIZADA,90,931006,PISCINA PRIVADA CLIMATIZADA,True,False,numeric_normalized
epigrafe,263001.0,FABRICACION DE EQUIPOS DE TELECOMUNICACIONES,FABRICACION DE EQUIPOS DE TELECOMUNICACIONES,9,263001,FABRICACION DE EQUIPOS DE TELECOMUNICACIONES,True,False,numeric_normalized
epigrafe,900002.0,LOCALES DE EXHIBICIONES EROTICAS,LOCALES DE EXHIBICIONES EROTICAS,39,900002,LOCALES DE EXHIBICIONES EROTICAS,True,False,numeric_normalized
epigrafe,652001.0,REASEGUROS,REASEGUROS,32,652001,REASEGUROS,True,False,numeric_normalized
epigrafe,477804.0,SEX-SHOP,SEX SHOP,82,477804,SEX-SHOP,True,False,numeric_normalized
epigrafe,582001.0,EDICION DE PROGRAMAS INFORMATICOS,EDICION DE PROGRAMAS INFORMATICOS,24,582001,EDICION DE PROGRAMAS INFORMATICOS,True,False,numeric_normalized
epigrafe,464701.0,COMERCIO AL POR MAYOR DE MUEBLES,COMERCIO AL POR MAYOR DE MUEBLES,92,464701,COMERCIO AL POR MAYOR DE MUEBLES,True,False,numeric_normalized
epigrafe,461301.0,INTERMEDIARIOS DEL COMERCIO DE LA MADERA Y MATERIALES DE CONSTRUCCION,INTERMEDIARIOS DEL COMERCIO DE LA MADERA Y MATERIALES DE CONSTRUCCION,36,461301,INTERMEDIARIOS DEL COMERCIO DE LA MADERA Y MATERIALES DE CONSTRUCCION,True,False,numeric_normalized
epigrafe,350002.0,FABRICACION DE HIELO Y SUMINISTRO DE VAPOR Y AIRE ACONDICIONADO,FABRICACION DE HIELO Y SUMINISTRO DE VAPOR Y AIRE ACONDICIONADO,18,350002,FABRICACION DE HIELO Y SUMINISTRO DE VAPOR Y AIRE ACONDICIONADO,True,False,numeric_normalized
epigrafe,230005.0,FABRICACION DE VAJILLAS Y ARTICULOS PARA EL HOGAR,FABRICACION DE VAJILLAS Y ARTICULOS PARA EL HOGAR,22,230005,FABRICACION DE VAJILLAS Y ARTICULOS PARA EL HOGAR,True,False,numeric_normalized
epigrafe,267001.0,FABRICACION DE INSTRUMENTOS DE OPTICA Y EQUIPO FOTOGRAFICO,FABRICACION DE INSTRUMENTOS DE OPTICA Y EQUIPO FOTOGRAFICO,26,267001,FABRICACION DE INSTRUMENTOS DE OPTICA Y EQUIPO FOTOGRAFICO,True,False,numeric_normalized
epigrafe,463501.0,COMERCIO AL POR MAYOR DE TABACOS,COMERCIO AL POR MAYOR DE TABACOS,16,463501,COMERCIO AL POR MAYOR DE TABACOS,True,False,numeric_normalized
epigrafe,463302.0,COMERCIO AL POR MAYOR DE ACEITES Y GRASAS COMESTIBLES,COMERCIO AL POR MAYOR DE ACEITES Y GRASAS COMESTIBLES,8,463302,COMERCIO AL POR MAYOR DE ACEITES Y GRASAS COMESTIBLES,True,False,numeric_normalized
epigrafe,822001.0,ACTIVIDADES DE LOS CENTROS DE LLAMADAS,ACTIVIDADES DE LOS CENTROS DE LLAMADAS,41,822001,ACTIVIDADES DE LOS CENTROS DE LLAMADAS,True,False,numeric_normalized
epigrafe,461802.0,INTERMEDIARIOS DEL COMERCIO DE PRODUCTOS FARMACEUTICOS Y DISTRIBUCION DE MEDICAMENTOS,INTERMEDIARIOS DEL COMERCIO DE PRODUCTOS FARMACEUTICOS Y DISTRIBUCION DE MEDICAMENTOS,31,461802,INTERMEDIARIOS DEL COMERCIO DE PRODUCTOS FARMACEUTICOS Y DISTRIBUCION DE MEDICAMENTOS,True,False,numeric_normalized
epigrafe,47800111.0,SITUADOS: SIN DETERMINAR,SITUADOS SIN DETERMINAR,29,47800111,SITUADOS: SIN DETERMINAR,True,False,numeric_normalized
epigrafe,47800107.0,SITUADOS: CONFITERIA Y FRUTOS SECOS Y PATATAS FRITAS,SITUADOS CONFITERIA Y FRUTOS SECOS Y PATATAS FRITAS,5,47800107,SITUADOS: CONFITERIA Y FRUTOS SECOS Y PATATAS FRITAS,True,False,numeric_normalized
epigrafe,774001.0,"ARRENDAMIENTO DE LA PROPIEDAD INTELECTUAL (USO DE MARCAS, PATENTES, FRANQUICIAS)",ARRENDAMIENTO DE LA PROPIEDAD INTELECTUAL USO DE MARCAS PATENTES FRANQUICIAS,4,774001,"ARRENDAMIENTO DE LA PROPIEDAD INTELECTUAL (USO DE MARCAS, PATENTES, FRANQUICIAS)",True,False,numeric_normalized
epigrafe,262001.0,FABRICACION DE ORDENADORES Y EQUIPOS INFORMATICOS,FABRICACION DE ORDENADORES Y EQUIPOS INFORMATICOS,10,262001,FABRICACION DE ORDENADORES Y EQUIPOS INFORMATICOS,True,False,numeric_normalized
epigrafe,370001.0,RECOGIDA Y TRATAMIENTO DE AGUAS RESIDUALES,RECOGIDA Y TRATAMIENTO DE AGUAS RESIDUALES,21,370001,RECOGIDA Y TRATAMIENTO DE AGUAS RESIDUALES,True,False,numeric_normalized
epigrafe,324001.0,FABRICACION DE JUEGOS Y JUGUETES,FABRICACION DE JUEGOS Y JUGUETES,12,324001,FABRICACION DE JUEGOS Y JUGUETES,True,False,numeric_normalized
epigrafe,201001.0,"FABRICACION DE PRODUCTOS QUIMICOS BASICOS, COMPUESTOS NITROGENADOS, FERTILIZANTES, PLASTICOS Y CAUCHO SINTETICO EN FORMAS PRIMARIAS",FABRICACION DE PRODUCTOS QUIMICOS BASICOS COMPUESTOS NITROGENADOS FERTILIZANTES PLASTICOS Y CAUCHO SINTETICO EN FORMAS PRIMARIAS,20,201001,"FABRICACION DE PRODUCTOS QUIMICOS BASICOS, COMPUESTOS NITROGENADOS, FERTILIZANTES, PLASTICOS Y CAUCHO SINTETICO EN FORMAS PRIMARIAS",True,False,numeric_normalized
epigrafe,264001.0,FABRICACION DE PRODUCTOS ELECTRONICOS DE CONSUMO,FABRICACION DE PRODUCTOS ELECTRONICOS DE CONSUMO,8,264001,FABRICACION DE PRODUCTOS ELECTRONICOS DE CONSUMO,True,False,numeric_normalized
epigrafe,949901.0,SOCIEDADES PROTECTORAS DE ANIMALES,SOCIEDADES PROTECTORAS DE ANIMALES,4,949901,SOCIEDADES PROTECTORAS DE ANIMALES,True,False,numeric_normalized
epigrafe,463102.0,ALMACEN Y DISTRIBUCION DE FRUTAS Y HORTALIZAS FRESCAS Y OTROS PRODUCTOS VEGETALES TRANSFORMADOS,ALMACEN Y DISTRIBUCION DE FRUTAS Y HORTALIZAS FRESCAS Y OTROS PRODUCTOS VEGETALES TRANSFORMADOS,6,463102,ALMACEN Y DISTRIBUCION DE FRUTAS Y HORTALIZAS FRESCAS Y OTROS PRODUCTOS VEGETALES TRANSFORMADOS,True,False,numeric_normalized
epigrafe,266001.0,"FABRICACION DE EQUIPOS DE RADIACION, ELECTROMEDICOS Y ELECTROTERAPEUTICOS",FABRICACION DE EQUIPOS DE RADIACION ELECTROMEDICOS Y ELECTROTERAPEUTICOS,4,266001,"FABRICACION DE EQUIPOS DE RADIACION, ELECTROMEDICOS Y ELECTROTERAPEUTICOS",True,False,numeric_normalized
epigrafe,109001.0,FABRICACION DE PRODUCTOS PARA LA ALIMENTACION ANIMAL,FABRICACION DE PRODUCTOS PARA LA ALIMENTACION ANIMAL,8,109001,FABRICACION DE PRODUCTOS PARA LA ALIMENTACION ANIMAL,True,False,numeric_normalized
epigrafe,47800109.0,SITUADOS DE OBJETOS Y PUBLICACIONES POLITICO-SOCIAL-ECONOMICO-DEPORTIVA. QUIOSCOS DE PRENSA,SITUADOS DE OBJETOS Y PUBLICACIONES POLITICO SOCIAL ECONOMICO DEPORTIVA QUIOSCOS DE PRENSA,3,47800109,SITUADOS DE OBJETOS Y PUBLICACIONES POLITICO-SOCIAL-ECONOMICO-DEPORTIVA. QUIOSCOS DE PRENSA,True,False,numeric_normalized
epigrafe,108003.0,ELABORACION/ENVASADO DE OVOPRODUCTOS,ELABORACION ENVASADO DE OVOPRODUCTOS,3,108003,ELABORACION/ENVASADO DE OVOPRODUCTOS,True,False,numeric_normalized
epigrafe,101003,ENVASADO DE CARNE Y DERIVADOS DE CARNE,ENVASADO DE CARNE Y DERIVADOS DE CARNE,1414,101003,ENVASADO DE CARNE Y DERIVADOS DE CARNE,True,False,exact_valid
epigrafe,743002,DESPACHO PROFESIONAL DE TRADUCTOR E INTERPRETE,DESPACHO PROFESIONAL DE TRADUCTOR E INTERPRETE,82,743002,DESPACHO PROFESIONAL DE TRADUCTOR E INTERPRETE,True,False,exact_valid
epigrafe,855003,ENSEÐANZA DE IDIOMAS,ENSE ANZA DE IDIOMAS,907,855003,ENSEÑANZA DE IDIOMAS,True,False,exact_valid
epigrafe,477602,COMERCIO AL POR MENOR DE COMPLEMENTOS Y ALIMENTOS PARA ANIMALES DE COMPAÐIA,COMERCIO AL POR MENOR DE COMPLEMENTOS Y ALIMENTOS PARA ANIMALES DE COMPA IA,674,477602,COMERCIO AL POR MENOR DE COMPLEMENTOS Y ALIMENTOS PARA ANIMALES DE COMPAÑIA,True,False,exact_valid
epigrafe,476301,"COMERCIO AL POR MENOR DE PRODUCTOS AUDIOVISUALES EN ESTABLECIMIENTOS ESPECIALIZADOS (CD,DVD,ÔÇª)",COMERCIO AL POR MENOR DE PRODUCTOS AUDIOVISUALES EN ESTABLECIMIENTOS ESPECIALIZADOS CD DVD OC,98,476301,"COMERCIO AL POR MENOR DE PRODUCTOS AUDIOVISUALES EN ESTABLECIMIENTOS ESPECIALIZADOS (CD,DVD,â€¦)",True,False,exact_valid
epigrafe,960403,"SAUNAS, BAÐOS TURCOS Y SIMILARES",SAUNAS BA OS TURCOS Y SIMILARES,46,960403,"SAUNAS, BAÑOS TURCOS Y SIMILARES",True,False,exact_valid
epigrafe,103002,PUESTO DEL MERCADO CENTRAL DE FRUTAS DE ENVASADO DE FRUTAS Y HORTALIZAS FRESCAS,PUESTO DEL MERCADO CENTRAL DE FRUTAS DE ENVASADO DE FRUTAS Y HORTALIZAS FRESCAS,346,103002,PUESTO DEL MERCADO CENTRAL DE FRUTAS DE ENVASADO DE FRUTAS Y HORTALIZAS FRESCAS,True,False,exact_valid
epigrafe,47800104,SITUADOS: CHURROS Y FREIDURIAS SIN NINGIN TIPO DE RELLENO,SITUADOS CHURROS Y FREIDURIAS SIN NINGIN TIPO DE RELLENO,255,47800104,SITUADOS: CHURROS Y FREIDURIAS SIN NINGIN TIPO DE RELLENO,True,False,exact_valid
epigrafe,COMERCIO AL POR MENOR DE FRUTAS Y HORTALIZAS SIN OBRADOR,,,34,,,False,False,invalid
epigrafe,474102,"COMERCIO AL POR MENOR DE PRODUCTOS INFORMATICOS (ORDENADORES, PROGRAMAS, EQUIPOS PERIFERICOS Y CONSUMIBLES)",COMERCIO AL POR MENOR DE PRODUCTOS INFORMATICOS ORDENADORES PROGRAMAS EQUIPOS PERIFERICOS Y CONSUMIBLES,30196,474102,"COMERCIO AL POR MENOR DE PRODUCTOS INFORMATICOS (ORDENADORES, PROGRAMAS, EQUIPOS PERIFERICOS Y CONSUMIBLES)",True,False,exact_valid
epigrafe,562903,SERVICIOS DE COMEDOR EN CENTROS PARA MAYORES,SERVICIOS DE COMEDOR EN CENTROS PARA MAYORES,31790,562903,SERVICIOS DE COMEDOR EN CENTROS PARA MAYORES,True,False,exact_valid
epigrafe,BAR CON COCINA,,,38,,,False,False,invalid
epigrafe,"COMERCIO AL POR MENOR EN ESTABLECIMIENTOS NO ESPECIALIZADOS, CON PREDOMINIO EN PRODUCTOS ALIMENTICIOS, BEBIDAS Y TABACO (AUTOSERVICIO)",,,26,,,False,False,invalid
epigrafe,108004,ELABORACION Y ENVASADO DE HUEVOS,ELABORACION Y ENVASADO DE HUEVOS,120,108004,ELABORACION Y ENVASADO DE HUEVOS,True,False,exact_valid
epigrafe,0,LOCAL SIN ACTIVIDAD,LOCAL SIN ACTIVIDAD,9848,0,LOCAL SIN ACTIVIDAD,False,True,placeholder
epigrafe,10001,EXPLOTACIONES AGRICOLAS,EXPLOTACIONES AGRICOLAS,20,10001,EXPLOTACIONES AGRICOLAS,True,False,exact_valid
epigrafe,60001,EXTRACCION DE CRUDO DE PETROLEO Y GAS NATURAL,EXTRACCION DE CRUDO DE PETROLEO Y GAS NATURAL,10,60001,EXTRACCION DE CRUDO DE PETROLEO Y GAS NATURAL,True,False,exact_valid
epigrafe,10002,EXPLOTACIONES GANADERAS,EXPLOTACIONES GANADERAS,27,10002,EXPLOTACIONES GANADERAS,True,False,exact_valid
epigrafe,931011,PISCINAS DE COMUNIDADES DE VECINOS CLIMATIZADAS,PISCINAS DE COMUNIDADES DE VECINOS CLIMATIZADAS,74,931011,PISCINAS DE COMUNIDADES DE VECINOS CLIMATIZADAS,True,False,exact_valid
epigrafe,562905,SERVICIOS DE PREPARACIÓN DE COMIDAS EN HOSPITALES,SERVICIOS DE PREPARACION DE COMIDAS EN HOSPITALES,1144,562905,SERVICIOS DE PREPARACIÓN DE COMIDAS EN HOSPITALES,True,False,exact_valid
epigrafe,476301,"COMERCIO AL POR MENOR DE PRODUCTOS AUDIOVISUALES EN ESTABLECIMIENTOS ESPECIALIZADOS (CD,DVD,…)",COMERCIO AL POR MENOR DE PRODUCTOS AUDIOVISUALES EN ESTABLECIMIENTOS ESPECIALIZADOS CD DVD,1431,476301,"COMERCIO AL POR MENOR DE PRODUCTOS AUDIOVISUALES EN ESTABLECIMIENTOS ESPECIALIZADOS (CD,DVD,â€¦)",True,False,exact_valid
epigrafe,47800112,SITUADOS DE ALIMENTOS ENVASADOS SOMETIDOS A TRANSFORMACION,SITUADOS DE ALIMENTOS ENVASADOS SOMETIDOS A TRANSFORMACION,62,47800112,SITUADOS DE ALIMENTOS ENVASADOS SOMETIDOS A TRANSFORMACION,True,False,exact_valid
epigrafe,206001,FABRICACION DE FIBRAS ARTIFICIALES Y SINTETICAS,FABRICACION DE FIBRAS ARTIFICIALES Y SINTETICAS,31,206001,FABRICACION DE FIBRAS ARTIFICIALES Y SINTETICAS,True,False,exact_valid
epigrafe,803002,DESPACHO PROFESIONAL DE DETECTIVES E INVESTIGADORES PRIVADOS,DESPACHO PROFESIONAL DE DETECTIVES E INVESTIGADORES PRIVADOS,99,803002,DESPACHO PROFESIONAL DE DETECTIVES E INVESTIGADORES PRIVADOS,True,False,exact_valid
epigrafe,PTECO2,PTE. CODIFICAR (OTROS PROF. RELACIONADOS CON SERVICIOS),PTE CODIFICAR OTROS PROF RELACIONADOS CON SERVICIOS,64,NAN,"PTE. CODIFICAR (ACTIV. EMPRESARIALES:INDUST,COMERCIAL,DE SERVICIOS Y MINERAS)",False,False,description_remap
epigrafe,47800103,SITUADOS: MELONES Y SANDIAS,SITUADOS MELONES Y SANDIAS,48,47800103,SITUADOS: MELONES Y SANDIAS,True,False,exact_valid
epigrafe,653001,FONDOS DE PENSIONES,FONDOS DE PENSIONES,16,653001,FONDOS DE PENSIONES,True,False,exact_valid
epigrafe,851003.0,CENTROS DE CUIDADO INFANTIL DE ASISTENCIA REGULAR,CENTROS DE CUIDADO INFANTIL DE ASISTENCIA REGULAR,112,851003,CENTROS DE CUIDADO INFANTIL,True,False,numeric_normalized
epigrafe,960401.0,"BALNEARIOS, BAÑOS, SPA Y SIMILARES",BALNEARIOS BANOS SPA Y SIMILARES,94,960401,BALNEARIOS Y SPA URBANOS,True,False,numeric_normalized
epigrafe,476301.0,"COMERCIO AL POR MENOR DE PRODUCTOS AUDIOVISUALES EN ESTABLECIMIENTOS ESPECIALIZADOS (CD,DVD,â¦)",COMERCIO AL POR MENOR DE PRODUCTOS AUDIOVISUALES EN ESTABLECIMIENTOS ESPECIALIZADOS CD DVD A,33,476301,"COMERCIO AL POR MENOR DE PRODUCTOS AUDIOVISUALES EN ESTABLECIMIENTOS ESPECIALIZADOS (CD,DVD,â€¦)",True,False,numeric_normalized
epigrafe,931002.0,PISCINAS PUBLICAS DE TEMPORADA,PISCINAS PUBLICAS DE TEMPORADA,24,931002,PISCINAS DE USO PUBLICO DE TEMPORADA,True,False,numeric_normalized
epigrafe,931003.0,PISCINAS PUBLICAS CLIMATIZADAS,PISCINAS PUBLICAS CLIMATIZADAS,41,931003,PISCINAS DE USO PUBLLICO CLIMATIZADAS,True,False,numeric_normalized
epigrafe,855003.0,ENSEÑANZA DE IDIOMAS,ENSENANZA DE IDIOMAS,269,855003,ENSEÑANZA DE IDIOMAS,True,False,numeric_normalized
epigrafe,931007.0,PISCINA PRIVADA CLIMATIZADA/TEMPORADA,PISCINA PRIVADA CLIMATIZADA TEMPORADA,14,931007,PISCINA PRIVADA CLIMATIZADA/TEMPORADA,True,False,numeric_normalized
epigrafe,960402.0,DESPACHO DE DIESTISTAS,DESPACHO DE DIESTISTAS,7,960402,DESPACHO DE DIESTISTAS,True,False,numeric_normalized
epigrafe,851004.0,CENTROS DE CUIDADO INFANTIL DE ASISTENCIA ESPORADICA,CENTROS DE CUIDADO INFANTIL DE ASISTENCIA ESPORADICA,10,851004,CENTROS DE CUIDADO INFANTIL DE ASISTENCIA ESPORADICA,True,False,numeric_normalized
epigrafe,102002.0,PUESTO DEL MERCADO CENTRAL DE PESCADOS DE FABRICACION Y/0 ELABORACION Y/O TRANSFORMACION DE PRODUCTOS DE LA PESCA,PUESTO DEL MERCADO CENTRAL DE PESCADOS DE FABRICACION Y O ELABORACION Y O TRANSFORMACION DE PRODUCTOS DE LA PESCA,2,102002,PUESTO DEL MERCADO CENTRAL DE PESCADOS DE FABRICACION Y/0 ELABORACION Y/O TRANSFORMACION DE PRODUCTOS DE LA PESCA,True,False,numeric_normalized
epigrafe,102003.0,PUESTO DEL MERCADO CENTRAL DE PESCADOS DE ENVASADO DE PRODUCTOS DE LA PESCA: ENVASADO Y REENVASADO DE PRODUCTOS DE LA PESCA,PUESTO DEL MERCADO CENTRAL DE PESCADOS DE ENVASADO DE PRODUCTOS DE LA PESCA ENVASADO Y REENVASADO DE PRODUCTOS DE LA PESCA,1,102003,PUESTO DEL MERCADO CENTRAL DE PESCADOS DE ENVASADO DE PRODUCTOS DE LA PESCA: ENVASADO Y REENVASADO DE PRODUCTOS DE LA PESCA,True,False,numeric_normalized
epigrafe,855001,AUTOESCUELA,AUTOESCUELA,57166,855001,AUTOESCUELA,True,False,exact_valid
epigrafe,931008,ACTIVIDADES DE LOS GIMNASIOS,ACTIVIDADES DE LOS GIMNASIOS,91750,931008,ACTIVIDADES DE LOS GIMNASIOS,True,False,exact_valid
epigrafe,561002,RESTAURANTES DE COMIDA RAPIDA,RESTAURANTES DE COMIDA RAPIDA,72198,561002,RESTAURANTES DE COMIDA RAPIDA,True,False,exact_valid
epigrafe,477101,COMERCIO AL POR MENOR DE PRENDAS DE VESTIR EN ESTABLECIMIENTOS ESPECIALIZADOS,COMERCIO AL POR MENOR DE PRENDAS DE VESTIR EN ESTABLECIMIENTOS ESPECIALIZADOS,548449,477101,COMERCIO AL POR MENOR DE PRENDAS DE VESTIR EN ESTABLECIMIENTOS ESPECIALIZADOS,True,False,exact_valid
epigrafe,561004,BAR RESTAURANTE,BAR RESTAURANTE,544326,561004,BAR RESTAURANTE,True,False,exact_valid
epigrafe,561001,RESTAURANTE,RESTAURANTE,346007,561001,RESTAURANTE,True,False,exact_valid
epigrafe,851001,EDUCACION INFANTIL PUBLICA,EDUCACION INFANTIL PUBLICA,2005,851001,ESCUELAS INFANTILES DE PRIMER CICLO,True,False,exact_valid
epigrafe,750002,CLINICA VETERINARIA CON TRATAMIENTO HIGIENICO,CLINICA VETERINARIA CON TRATAMIENTO HIGIENICO,25348,750002,CLINICA VETERINARIA CON TRATAMIENTO HIGIENICO,True,False,exact_valid
epigrafe,472911,OTRO COMERCIO AL POR MENOR DE PRODUCTOS ALIMENTICIOS (PERECEDEROS Y NO PERECEDEROS) CON VENDEDOR N.C.O.P.,OTRO COMERCIO AL POR MENOR DE PRODUCTOS ALIMENTICIOS PERECEDEROS Y NO PERECEDEROS CON VENDEDOR N C O P,337657,472911,OTRO COMERCIO AL POR MENOR DE PRODUCTOS ALIMENTICIOS (PERECEDEROS Y NO PERECEDEROS) CON VENDEDOR N.C.O.P.,True,False,exact_valid
epigrafe,472403,"COMERCIO AL POR MENOR DE PASTELERIA, CONFITERIA, REPOSTERIA CON OBRADOR-BARRA DEGUSTACION",COMERCIO AL POR MENOR DE PASTELERIA CONFITERIA REPOSTERIA CON OBRADOR BARRA DEGUSTACION,41458,472403,"COMERCIO AL POR MENOR DE PASTELERIA, CONFITERIA, REPOSTERIA CON OBRADOR-BARRA DEGUSTACION",True,False,exact_valid
epigrafe,851002,EDUCACION INFANTIL PRIVADA,EDUCACION INFANTIL PRIVADA,6531,851002,ESCUELAS INFANTILES DE SEGUNDO CICLO,True,False,exact_valid
epigrafe,477808,OTRO COMERCIO AL POR MENOR DEL ARTICULOS NUEVOS N.C.O.P.,OTRO COMERCIO AL POR MENOR DEL ARTICULOS NUEVOS N C O P,97723,477808,OTRO COMERCIO AL POR MENOR DEL ARTICULOS NUEVOS N.C.O.P.,True,False,exact_valid
epigrafe,463301,COMERCIO AL POR MAYOR DE HUEVOS Y DERIVADOS,COMERCIO AL POR MAYOR DE HUEVOS Y DERIVADOS,2914,463301,COMERCIO AL POR MAYOR DE HUEVOS Y DERIVADOS,True,False,exact_valid
epigrafe,561005,BAR CON COCINA,BAR CON COCINA,572319,561005,BAR CON COCINA,True,False,exact_valid
epigrafe,477805,COMERCIO AL POR MENOR DE MATERIAL FOTOGRAFICO Y FOTOGRAFIA,COMERCIO AL POR MENOR DE MATERIAL FOTOGRAFICO Y FOTOGRAFIA,29254,477805,COMERCIO AL POR MENOR DE MATERIAL FOTOGRAFICO Y FOTOGRAFIA,True,False,exact_valid
epigrafe,474201,COMERCIO AL POR MENOR DE PRODUCTOS DE TELEFONIA Y TELECOMUNICACIONES,COMERCIO AL POR MENOR DE PRODUCTOS DE TELEFONIA Y TELECOMUNICACIONES,89568,474201,COMERCIO AL POR MENOR DE PRODUCTOS DE TELEFONIA Y TELECOMUNICACIONES,True,False,exact_valid
epigrafe,563005,BAR SIN COCINA,BAR SIN COCINA,215083,563005,BAR SIN COCINA,True,False,exact_valid
epigrafe,472404,"COMERCIO AL POR MENOR DE PASTELERIA, CONFITERIA, REPOSTERIA CON OBRADOR-SIN BARRA DEGUSTACION",COMERCIO AL POR MENOR DE PASTELERIA CONFITERIA REPOSTERIA CON OBRADOR SIN BARRA DEGUSTACION,51966,472404,"COMERCIO AL POR MENOR DE PASTELERIA, CONFITERIA, REPOSTERIA CON OBRADOR-SIN BARRA DEGUSTACION",True,False,exact_valid
epigrafe,474101,COMERCIO AL POR MENOR DE MAQUINARIA Y EQUIPOS DE OFICINA,COMERCIO AL POR MENOR DE MAQUINARIA Y EQUIPOS DE OFICINA,7470,474101,COMERCIO AL POR MENOR DE MAQUINARIA Y EQUIPOS DE OFICINA,True,False,exact_valid
epigrafe,477403,COMERCIO AL POR MENOR DE INSTRUMENTOS MEDICOS Y ORTOPEDICOS,COMERCIO AL POR MENOR DE INSTRUMENTOS MEDICOS Y ORTOPEDICOS,12576,477403,COMERCIO AL POR MENOR DE INSTRUMENTOS MEDICOS Y ORTOPEDICOS,True,False,exact_valid
epigrafe,433001,"ACABADO DE EDIFICIOS (CARPINTERIA, REVOCAMIENTO, REVESTIMIENTO DE SUELOS Y PAREDES, PINTURA, ACRISTALAMIENTO)",ACABADO DE EDIFICIOS CARPINTERIA REVOCAMIENTO REVESTIMIENTO DE SUELOS Y PAREDES PINTURA ACRISTALAMIENTO,42163,433001,"ACABADO DE EDIFICIOS (CARPINTERIA, REVOCAMIENTO, REVESTIMIENTO DE SUELOS Y PAREDES, PINTURA, ACRISTALAMIENTO)",True,False,exact_valid
epigrafe,204001,"FABRICACION DE JABONES, DETERGENTES Y OTROS ARTICULOS DE LIMPIEZA. PERFUMES Y COSMETICOS",FABRICACION DE JABONES DETERGENTES Y OTROS ARTICULOS DE LIMPIEZA PERFUMES Y COSMETICOS,1674,204001,"FABRICACION DE JABONES, DETERGENTES Y OTROS ARTICULOS DE LIMPIEZA. PERFUMES Y COSMETICOS",True,False,exact_valid
epigrafe,853002,"CENTRO DE PRIMARIA, SECUNDARIA, BACHILLERATO Y/O FP PRIVADO",CENTRO DE PRIMARIA SECUNDARIA BACHILLERATO Y O FP PRIVADO,20637,853002,"CENTRO DE PRIMARIA, SECUNDARIA, BACHILLERATO Y/O FP PRIVADO",True,False,exact_valid
epigrafe,931006,PISCINA PRIVADA CLIMATIZADA,PISCINA PRIVADA CLIMATIZADA,997,931006,PISCINA PRIVADA CLIMATIZADA,True,False,exact_valid
epigrafe,472204,COMERCIO AL POR MENOR DE CARNICERIA-SALCHICHERIA,COMERCIO AL POR MENOR DE CARNICERIA SALCHICHERIA,58307,472204,COMERCIO AL POR MENOR DE CARNICERIA-SALCHICHERIA,True,False,exact_valid
epigrafe,563004,TABERNA,TABERNA,22098,563004,TABERNA,True,False,exact_valid
epigrafe,551001,HOTELES Y MOTELES CON RESTAURANTE,HOTELES Y MOTELES CON RESTAURANTE,42775,551001,HOTELES Y MOTELES CON RESTAURANTE,True,False,exact_valid
epigrafe,475206,COMERCIO AL POR MENOR DE MATERIAL ELECTRICO,COMERCIO AL POR MENOR DE MATERIAL ELECTRICO,31386,475206,COMERCIO AL POR MENOR DE MATERIAL ELECTRICO,True,False,exact_valid
epigrafe,494001,TRANSPORTE DE MERCANCIAS POR CARRETERA Y SERVICIOS DE MUDANZAS,TRANSPORTE DE MERCANCIAS POR CARRETERA Y SERVICIOS DE MUDANZAS,15591,494001,TRANSPORTE DE MERCANCIAS POR CARRETERA Y SERVICIOS DE MUDANZAS,True,False,exact_valid
epigrafe,741001,ACTIVIDADES DE DISEÑO ESPECIALIZADO,ACTIVIDADES DE DISENO ESPECIALIZADO,25131,741001,ACTIVIDADES DE DISEÑO ESPECIALIZADO,True,False,exact_valid
epigrafe,471901,"COMERCIO AL POR MENOR EN ESTABLECIMIENTOS NO ESPECIALIZADOS, SIN PREDOMINIO EN PRODUCTOS ALIMENTICIOS, BEBIDAS Y TABACO",COMERCIO AL POR MENOR EN ESTABLECIMIENTOS NO ESPECIALIZADOS SIN PREDOMINIO EN PRODUCTOS ALIMENTICIOS BEBIDAS Y TABACO,44071,471901,"COMERCIO AL POR MENOR EN ESTABLECIMIENTOS NO ESPECIALIZADOS, SIN PREDOMINIO EN PRODUCTOS ALIMENTICIOS, BEBIDAS Y TABACO",True,False,exact_valid
epigrafe,452001,TALLER DE REPARACION DE AUTOMOVILES ESPECIALIZADO EN CHAPA Y PINTURA,TALLER DE REPARACION DE AUTOMOVILES ESPECIALIZADO EN CHAPA Y PINTURA,82800,452001,TALLER DE REPARACION DE AUTOMOVILES ESPECIALIZADO EN CHAPA Y PINTURA,True,False,exact_valid
epigrafe,332001,INSTALACION DE MAQUINAS Y EQUIPOS INDUSTRIALES,INSTALACION DE MAQUINAS Y EQUIPOS INDUSTRIALES,5855,332001,INSTALACION DE MAQUINAS Y EQUIPOS INDUSTRIALES,True,False,exact_valid
epigrafe,477601,"COMERCIO AL POR MENOR DE SEMILLAS, ABONOS, PLANTAS Y FLOR CORTADA",COMERCIO AL POR MENOR DE SEMILLAS ABONOS PLANTAS Y FLOR CORTADA,55635,477601,"COMERCIO AL POR MENOR DE SEMILLAS, ABONOS, PLANTAS Y FLOR CORTADA",True,False,exact_valid
epigrafe,475902,COMERCIO AL POR MENOR DE MENAJE DEL HOGAR,COMERCIO AL POR MENOR DE MENAJE DEL HOGAR,20931,475902,COMERCIO AL POR MENOR DE MENAJE DEL HOGAR,True,False,exact_valid
epigrafe,563002,BAR ESPECIAL SIN ACTUACIONES,BAR ESPECIAL SIN ACTUACIONES,123978,563002,BAR ESPECIAL SIN ACTUACIONES,True,False,exact_valid
epigrafe,551004,APART-HOTELES,APART HOTELES,8327,551004,APART-HOTELES,True,False,exact_valid
epigrafe,561007,CHOCOLATERIA/SALON DE TE Y HELADERIA,CHOCOLATERIA SALON DE TE Y HELADERIA,12683,561007,CHOCOLATERIA/SALON DE TE Y HELADERIA,True,False,exact_valid
epigrafe,932006,DISCOTECAS Y SALAS DE BAILE,DISCOTECAS Y SALAS DE BAILE,24040,932006,DISCOTECAS Y SALAS DE BAILE,True,False,exact_valid
epigrafe,855002,"ENSEÑANZA NO REGLADA (DEPORTIVA Y RECREATIVA, CULTURAL, CLASES DE RECUPERACION, INFORMATICA)",ENSENANZA NO REGLADA DEPORTIVA Y RECREATIVA CULTURAL CLASES DE RECUPERACION INFORMATICA,251805,855002,"ENSEÑANZA NO REGLADA (DEPORTIVA Y RECREATIVA, CULTURAL, CLASES DE RECUPERACION, INFORMATICA)",True,False,exact_valid
epigrafe,474301,COMERCIO AL POR MENOR DE EQUIPOS O APARATOS AUDIOVISUALES,COMERCIO AL POR MENOR DE EQUIPOS O APARATOS AUDIOVISUALES,5552,474301,COMERCIO AL POR MENOR DE EQUIPOS O APARATOS AUDIOVISUALES,True,False,exact_valid
epigrafe,932007,SALONES DE RECREO Y DIVERSION Y OTRAS ACTIVIDADES RECREATIVAS,SALONES DE RECREO Y DIVERSION Y OTRAS ACTIVIDADES RECREATIVAS,17267,932007,SALONES DE RECREO Y DIVERSION Y OTRAS ACTIVIDADES RECREATIVAS,True,False,exact_valid
epigrafe,463902,ALMACEN DE DISTRIBUCION DE PRODUCTOS ALIMENTICIOS,ALMACEN DE DISTRIBUCION DE PRODUCTOS ALIMENTICIOS,13260,463902,ALMACEN DE DISTRIBUCION DE PRODUCTOS ALIMENTICIOS,True,False,exact_valid
epigrafe,141001,CONFECCION PRENDAS DE VESTIR (INCLUIDO CUERO Y EXCLUIDA LA PELETERIA Y LAS PRENDAS DE PUNTO),CONFECCION PRENDAS DE VESTIR INCLUIDO CUERO Y EXCLUIDA LA PELETERIA Y LAS PRENDAS DE PUNTO,36750,141001,CONFECCION PRENDAS DE VESTIR (INCLUIDO CUERO Y EXCLUIDA LA PELETERIA Y LAS PRENDAS DE PUNTO),True,False,exact_valid
epigrafe,931005,PISCINA PRIVADA DE TEMPORADA,PISCINA PRIVADA DE TEMPORADA,1042,931005,PISCINA PRIVADA DE TEMPORADA,True,False,exact_valid
epigrafe,960901,CENTROS DE TATUAJE Y/O ANILLADO,CENTROS DE TATUAJE Y O ANILLADO,35902,960901,CENTROS DE TATUAJE Y/O ANILLADO,True,False,exact_valid
epigrafe,932002,CENTROS DE JUEGOS O CELEBRACIONES INFANTILES SIN COCINA,CENTROS DE JUEGOS O CELEBRACIONES INFANTILES SIN COCINA,13199,932002,CENTROS DE JUEGOS O CELEBRACIONES INFANTILES SIN COCINA,True,False,exact_valid
epigrafe,477602,COMERCIO AL POR MENOR DE ANIMALES DE COMPAÑIA Y SUS COMPLEMENTOS,COMERCIO AL POR MENOR DE ANIMALES DE COMPANIA Y SUS COMPLEMENTOS,2133,477602,COMERCIO AL POR MENOR DE COMPLEMENTOS Y ALIMENTOS PARA ANIMALES DE COMPAÑIA,True,False,exact_valid
epigrafe,853003,"CENTRO PRIV.CONCERTADO DE PRIMARIA, SECUND., BACHILL. Y/O FP",CENTRO PRIV CONCERTADO DE PRIMARIA SECUND BACHILL Y O FP,17697,853003,"CENTRO PRIV.CONCERTADO DE PRIMARIA, SECUND., BACHILL. Y/O FP",True,False,exact_valid
epigrafe,821001,ACTIVIDADES ADMINISTRATIVAS Y AUXILIARES DE OFICINA Y SERVICIOS DE REPROGRAFIA,ACTIVIDADES ADMINISTRATIVAS Y AUXILIARES DE OFICINA Y SERVICIOS DE REPROGRAFIA,353507,821001,ACTIVIDADES ADMINISTRATIVAS Y AUXILIARES DE OFICINA Y SERVICIOS DE REPROGRAFIA,True,False,exact_valid
epigrafe,472908,"COMERCIO AL POR MENOR DE MASAS Y PATATAS FRITAS, CHURRERIA CON OBRADOR",COMERCIO AL POR MENOR DE MASAS Y PATATAS FRITAS CHURRERIA CON OBRADOR,18194,472908,"COMERCIO AL POR MENOR DE MASAS Y PATATAS FRITAS, CHURRERIA CON OBRADOR",True,False,exact_valid
epigrafe,477801,COMERCIO AL POR MENOR DE PRODUCTOS DE DROGUERIA,COMERCIO AL POR MENOR DE PRODUCTOS DE DROGUERIA,40008,477801,COMERCIO AL POR MENOR DE PRODUCTOS DE DROGUERIA,True,False,exact_valid
epigrafe,692001,"ACTIVIDADES DE CONTABILIDAD, TENEDURIA, AUDITORIA Y ASESORIA FISCAL",ACTIVIDADES DE CONTABILIDAD TENEDURIA AUDITORIA Y ASESORIA FISCAL,111636,692001,"ACTIVIDADES DE CONTABILIDAD, TENEDURIA, AUDITORIA Y ASESORIA FISCAL",True,False,exact_valid
epigrafe,683001,"ACTIVIDADES INMOBILIARIAS (COMPRAVENTA, ALQUILER, AGENTES PROPIEDAD)",ACTIVIDADES INMOBILIARIAS COMPRAVENTA ALQUILER AGENTES PROPIEDAD,139222,683001,"ACTIVIDADES INMOBILIARIAS (COMPRAVENTA, ALQUILER, AGENTES PROPIEDAD)",True,False,exact_valid
epigrafe,472202,COMERCIO AL POR MENOR DE CHARCUTERIA,COMERCIO AL POR MENOR DE CHARCUTERIA,137633,472202,COMERCIO AL POR MENOR DE CHARCUTERIA,True,False,exact_valid
epigrafe,862001,CONSULTA DE MEDICINA GENERAL Y ESPECIALIDADES,CONSULTA DE MEDICINA GENERAL Y ESPECIALIDADES,73353,862001,CONSULTA DE MEDICINA GENERAL Y ESPECIALIDADES,True,False,exact_valid
epigrafe,472406,ESTABLECIMIENTOS DE VENTA DE PLATOS PREPARADOS SIN OBRADOR,ESTABLECIMIENTOS DE VENTA DE PLATOS PREPARADOS SIN OBRADOR,20765,472406,ESTABLECIMIENTOS DE VENTA DE PLATOS PREPARADOS SIN OBRADOR,True,False,exact_valid
epigrafe,952004,ARREGLO DE ROPA,ARREGLO DE ROPA,81801,952004,ARREGLO DE ROPA,True,False,exact_valid
epigrafe,862003,CONSULTA DE ESTOMATOLOGOS Y ODONTOLOGOS,CONSULTA DE ESTOMATOLOGOS Y ODONTOLOGOS,137106,862003,CONSULTA DE ESTOMATOLOGOS Y ODONTOLOGOS,True,False,exact_valid
epigrafe,472205,"COMERCIO AL POR MENOR DE AVES, HUEVOS Y CAZA CON OBRADOR",COMERCIO AL POR MENOR DE AVES HUEVOS Y CAZA CON OBRADOR,22167,472205,"COMERCIO AL POR MENOR DE AVES, HUEVOS Y CAZA CON OBRADOR",True,False,exact_valid
epigrafe,949101,ACTIVIDADES DE ORGANIZACIONES RELIGIOSAS,ACTIVIDADES DE ORGANIZACIONES RELIGIOSAS,126809,949101,ACTIVIDADES DE ORGANIZACIONES RELIGIOSAS,True,False,exact_valid
epigrafe,641001,"INTERMEDIACION MONETARIA: BANCOS, CAJAS DE AHORRO",INTERMEDIACION MONETARIA BANCOS CAJAS DE AHORRO,259420,641001,"INTERMEDIACION MONETARIA: BANCOS, CAJAS DE AHORRO",True,False,exact_valid
epigrafe,472501,"COMERCIO AL POR MENOR DE LECHE, PRODUCTOS LACTEOS Y BEBIDAS REFRESCANTES",COMERCIO AL POR MENOR DE LECHE PRODUCTOS LACTEOS Y BEBIDAS REFRESCANTES,10769,472501,"COMERCIO AL POR MENOR DE LECHE, PRODUCTOS LACTEOS Y BEBIDAS REFRESCANTES",True,False,exact_valid
epigrafe,960401,"BALNEARIOS, BAÑOS, SPA Y SIMILARES",BALNEARIOS BANOS SPA Y SIMILARES,907,960401,BALNEARIOS Y SPA URBANOS,True,False,exact_valid
epigrafe,464201,"COMERCIO AL POR MAYOR DE PRENDAS DE VESTIR, CALZADO Y ARTICULOS DE CUERO",COMERCIO AL POR MAYOR DE PRENDAS DE VESTIR CALZADO Y ARTICULOS DE CUERO,32256,464201,"COMERCIO AL POR MAYOR DE PRENDAS DE VESTIR, CALZADO Y ARTICULOS DE CUERO",True,False,exact_valid
epigrafe,461601,"INTERMEDIARIOS DEL COMERCIO DE TEXTILES, PRENDAS DE VESTIR, PELETERIA, CALZADO Y ARTICULOS DE CUERO",INTERMEDIARIOS DEL COMERCIO DE TEXTILES PRENDAS DE VESTIR PELETERIA CALZADO Y ARTICULOS DE CUERO,13451,461601,"INTERMEDIARIOS DEL COMERCIO DE TEXTILES, PRENDAS DE VESTIR, PELETERIA, CALZADO Y ARTICULOS DE CUERO",True,False,exact_valid
epigrafe,610002,LOCUTORIOS,LOCUTORIOS,134665,610002,LOCUTORIOS,True,False,exact_valid
epigrafe,476501,COMERCIO AL POR MENOR DE JUEGOS Y JUGUETES,COMERCIO AL POR MENOR DE JUEGOS Y JUGUETES,32169,476501,COMERCIO AL POR MENOR DE JUEGOS Y JUGUETES,True,False,exact_valid
epigrafe,931001,GESTION DE INSTALACIONES DEPORTIVAS,GESTION DE INSTALACIONES DEPORTIVAS,14232,931001,GESTION DE INSTALACIONES DEPORTIVAS,True,False,exact_valid
epigrafe,750003,CLINICA VETERINARIA SIN TRATAMIENTO HIGIENICO,CLINICA VETERINARIA SIN TRATAMIENTO HIGIENICO,13576,750003,CLINICA VETERINARIA SIN TRATAMIENTO HIGIENICO,True,False,exact_valid
epigrafe,869007,FISIOTERAPEUTAS Y OTRAS ACTIVIDADES SANITARIAS,FISIOTERAPEUTAS Y OTRAS ACTIVIDADES SANITARIAS,121643,869007,FISIOTERAPEUTAS Y OTRAS ACTIVIDADES SANITARIAS,True,False,exact_valid
epigrafe,412001,CONSTRUCCION DE EDIFICIOS,CONSTRUCCION DE EDIFICIOS,55015,412001,CONSTRUCCION DE EDIFICIOS,True,False,exact_valid
epigrafe,790001,"AGENCIAS DE VIAJES, OPERADORES TURISTICOS Y SERVICIOS DE RESERVAS",AGENCIAS DE VIAJES OPERADORES TURISTICOS Y SERVICIOS DE RESERVAS,77970,790001,"AGENCIAS DE VIAJES, OPERADORES TURISTICOS Y SERVICIOS DE RESERVAS",True,False,exact_valid
epigrafe,960206,CENTROS DE FOTODEPILACION,CENTROS DE FOTODEPILACION,41300,960206,CENTROS DE FOTODEPILACION,True,False,exact_valid
epigrafe,750005,CONSULTORIO VETERINARIO SIN TRATAMIENTO HIGIENICO ANIMAL,CONSULTORIO VETERINARIO SIN TRATAMIENTO HIGIENICO ANIMAL,2892,750005,CONSULTORIO VETERINARIO SIN TRATAMIENTO HIGIENICO ANIMAL,True,False,exact_valid
epigrafe,452004,MANTENIMIENTO Y REPARACION DE VEHICULOS DE MOTOR N.C.O.P.,MANTENIMIENTO Y REPARACION DE VEHICULOS DE MOTOR N C O P,48718,452004,MANTENIMIENTO Y REPARACION DE VEHICULOS DE MOTOR N.C.O.P.,True,False,exact_valid
epigrafe,472502,COMERCIO AL POR MENOR DE VINOS Y ALCOHOLES (BODEGA) SIN CONSUMO,COMERCIO AL POR MENOR DE VINOS Y ALCOHOLES BODEGA SIN CONSUMO,21191,472502,COMERCIO AL POR MENOR DE VINOS Y ALCOHOLES (BODEGA) SIN CONSUMO,True,False,exact_valid
epigrafe,472903,COMERCIO AL POR MENOR DE HELADOS CON OBRADOR SIN BARRA DE DEGUSTACION,COMERCIO AL POR MENOR DE HELADOS CON OBRADOR SIN BARRA DE DEGUSTACION,4341,472903,COMERCIO AL POR MENOR DE HELADOS CON OBRADOR SIN BARRA DE DEGUSTACION,True,False,exact_valid
epigrafe,479001,"COMERCIO AL POR MENOR POR CORRESPONDENCIA, INTERNET, A DOMICILIO",COMERCIO AL POR MENOR POR CORRESPONDENCIA INTERNET A DOMICILIO,20069,479001,"COMERCIO AL POR MENOR POR CORRESPONDENCIA, INTERNET, A DOMICILIO",True,False,exact_valid
epigrafe,463906,COMERCIO AL POR MAYOR DE OTROS PRODUCTOS ALIMENTICIOS,COMERCIO AL POR MAYOR DE OTROS PRODUCTOS ALIMENTICIOS,10339,463906,COMERCIO AL POR MAYOR DE OTROS PRODUCTOS ALIMENTICIOS,True,False,exact_valid
epigrafe,749001,"OTRAS ACTIVIDADES PROFESIONALES, CIENTIFICAS Y TECNICAS N.C.O.P.",OTRAS ACTIVIDADES PROFESIONALES CIENTIFICAS Y TECNICAS N C O P,36926,749001,"OTRAS ACTIVIDADES PROFESIONALES, CIENTIFICAS Y TECNICAS N.C.O.P.",True,False,exact_valid
epigrafe,181001,IMPRENTA,IMPRENTA,53604,181001,IMPRENTA,True,False,exact_valid
epigrafe,142001,FABRICACION DE ARTICULOS DE PELETERIA,FABRICACION DE ARTICULOS DE PELETERIA,1953,142001,FABRICACION DE ARTICULOS DE PELETERIA,True,False,exact_valid
epigrafe,475203,"COMERCIO AL POR MENOR DE PUERTAS, VENTANAS Y PERSIANAS",COMERCIO AL POR MENOR DE PUERTAS VENTANAS Y PERSIANAS,38263,475203,"COMERCIO AL POR MENOR DE PUERTAS, VENTANAS Y PERSIANAS",True,False,exact_valid
epigrafe,563001,COMERCIO AL POR MENOR DE VINOS Y ALCOHOLES (BODEGA) CON CONSUMO,COMERCIO AL POR MENOR DE VINOS Y ALCOHOLES BODEGA CON CONSUMO,12582,563001,COMERCIO AL POR MENOR DE VINOS Y ALCOHOLES (BODEGA) CON CONSUMO,True,False,exact_valid
epigrafe,651001,SEGUROS,SEGUROS,42727,651001,SEGUROS,True,False,exact_valid
epigrafe,931004,PISCINAS PUBLICAS CLIMATIZADAS/TEMPORADA,PISCINAS PUBLICAS CLIMATIZADAS TEMPORADA,311,931004,PISCINAS PUBLICAS CLIMATIZADAS/TEMPORADA,True,False,exact_valid
epigrafe,931003,PISCINAS PUBLICAS CLIMATIZADAS,PISCINAS PUBLICAS CLIMATIZADAS,466,931003,PISCINAS DE USO PUBLLICO CLIMATIZADAS,True,False,exact_valid
epigrafe,851003,CENTROS DE CUIDADO INFANTIL DE ASISTENCIA REGULAR,CENTROS DE CUIDADO INFANTIL DE ASISTENCIA REGULAR,1099,851003,CENTROS DE CUIDADO INFANTIL,True,False,exact_valid
epigrafe,771001,ALQUILER DE VEHICULOS DE MOTOR,ALQUILER DE VEHICULOS DE MOTOR,14122,771001,ALQUILER DE VEHICULOS DE MOTOR,True,False,exact_valid
epigrafe,152001,FABRICACION DE CALZADO,FABRICACION DE CALZADO,1297,152001,FABRICACION DE CALZADO,True,False,exact_valid
epigrafe,900003,TEATRO Y ACTIVIDADES ESCENICAS REALIZADAS EN DIRECTO,TEATRO Y ACTIVIDADES ESCENICAS REALIZADAS EN DIRECTO,12769,900003,TEATRO Y ACTIVIDADES ESCENICAS REALIZADAS EN DIRECTO,True,False,exact_valid
epigrafe,472601,COMERCIO AL POR MENOR DE TABACOS Y ARTICULOS DE FUMADOR,COMERCIO AL POR MENOR DE TABACOS Y ARTICULOS DE FUMADOR,85824,472601,COMERCIO AL POR MENOR DE TABACOS Y ARTICULOS DE FUMADOR,True,False,exact_valid
epigrafe,463701,"COMERCIO AL POR MAYOR DE CAFE, TE, CACAO Y ESPECIAS",COMERCIO AL POR MAYOR DE CAFE TE CACAO Y ESPECIAS,1312,463701,"COMERCIO AL POR MAYOR DE CAFE, TE, CACAO Y ESPECIAS",True,False,exact_valid
epigrafe,452003,TALLER DE MONTAJE DE ACCESORIOS PARA EL AUTOMOVIL,TALLER DE MONTAJE DE ACCESORIOS PARA EL AUTOMOVIL,12047,452003,TALLER DE MONTAJE DE ACCESORIOS PARA EL AUTOMOVIL,True,False,exact_valid
epigrafe,321001,"FABRICACION DE ARTICULOS DE JOYERIA, BISUTERIA Y SIMILARES",FABRICACION DE ARTICULOS DE JOYERIA BISUTERIA Y SIMILARES,7931,321001,"FABRICACION DE ARTICULOS DE JOYERIA, BISUTERIA Y SIMILARES",True,False,exact_valid
epigrafe,869006,DESPACHO DE OPTICOS-OPTOMETRISTAS,DESPACHO DE OPTICOS OPTOMETRISTAS,1152,869006,DESPACHO DE OPTICOS-OPTOMETRISTAS,True,False,exact_valid
epigrafe,920002,"JUEGOS DE AZAR Y APUESTAS DE GESTION PRIVADA (BINGOS, CASINOS, MAQUINAS TRAGAPERRAS)",JUEGOS DE AZAR Y APUESTAS DE GESTION PRIVADA BINGOS CASINOS MAQUINAS TRAGAPERRAS,45317,920002,"JUEGOS DE AZAR Y APUESTAS DE GESTION PRIVADA (BINGOS, CASINOS, MAQUINAS TRAGAPERRAS)",True,False,exact_valid
epigrafe,681001,COMPRAVENTA DE BIENES INMOBILIARIOS POR CUENTA PROPIA,COMPRAVENTA DE BIENES INMOBILIARIOS POR CUENTA PROPIA,4811,681001,COMPRAVENTA DE BIENES INMOBILIARIOS POR CUENTA PROPIA,True,False,exact_valid
epigrafe,477901,COMERCIO AL POR MENOR DE ARTICULOS DE SEGUNDA MANO,COMERCIO AL POR MENOR DE ARTICULOS DE SEGUNDA MANO,60599,477901,COMERCIO AL POR MENOR DE ARTICULOS DE SEGUNDA MANO,True,False,exact_valid
epigrafe,432001,"INSTALACIONES ELECTRICAS, DE FONTANERIA Y OTRAS EN OBRAS DE CONSTRUCCION",INSTALACIONES ELECTRICAS DE FONTANERIA Y OTRAS EN OBRAS DE CONSTRUCCION,197231,432001,"INSTALACIONES ELECTRICAS, DE FONTANERIA Y OTRAS EN OBRAS DE CONSTRUCCION",True,False,exact_valid
epigrafe,920001,JUEGOS DE AZAR Y APUESTAS DE GESTION PUBLICA O O AUTORIZACION ESPECIAL (ESTADO Y ONCE),JUEGOS DE AZAR Y APUESTAS DE GESTION PUBLICA O O AUTORIZACION ESPECIAL ESTADO Y ONCE,62108,920001,JUEGOS DE AZAR Y APUESTAS DE GESTION PUBLICA O O AUTORIZACION ESPECIAL (ESTADO Y ONCE),True,False,exact_valid
epigrafe,551003,HOSTALES,HOSTALES,15592,551003,HOSTALES,True,False,exact_valid
epigrafe,47800101,SITUADOS: HELADOS Y/O BEBIDAS REFRESCANTES,SITUADOS HELADOS Y O BEBIDAS REFRESCANTES,3203,47800101,SITUADOS: HELADOS Y/O BEBIDAS REFRESCANTES,True,False,exact_valid
epigrafe,952003,TAPICERIA,TAPICERIA,31767,952003,TAPICERIA,True,False,exact_valid
epigrafe,439001,"OTRAS ACTIVIDADES DE CONSTRUCCION ESPECIALIZADA (CONSTRUCCION DE CUBIERTAS, CIMENTACION, PISCINAS)",OTRAS ACTIVIDADES DE CONSTRUCCION ESPECIALIZADA CONSTRUCCION DE CUBIERTAS CIMENTACION PISCINAS,48961,439001,"OTRAS ACTIVIDADES DE CONSTRUCCION ESPECIALIZADA (CONSTRUCCION DE CUBIERTAS, CIMENTACION, PISCINAS)",True,False,exact_valid
epigrafe,PTECO1,"PTE. CODIFICAR (ACTIV. EMPRESARIALES:INDUST,COMERCIAL,DE SERVICIOS Y MINERAS)",PTE CODIFICAR ACTIV EMPRESARIALES INDUST COMERCIAL DE SERVICIOS Y MINERAS,1332,NAN,"PTE. CODIFICAR (ACTIV. EMPRESARIALES:INDUST,COMERCIAL,DE SERVICIOS Y MINERAS)",False,False,description_remap
epigrafe,475904,COMERCIO AL POR MENOR DE INSTRUMENTOS MUSICALES,COMERCIO AL POR MENOR DE INSTRUMENTOS MUSICALES,6383,475904,COMERCIO AL POR MENOR DE INSTRUMENTOS MUSICALES,True,False,exact_valid
epigrafe,475301,"COMERCIO AL POR MENOR DE ALFOMBRAS, MOQUETAS Y REVESTIMIENTOS DE PAREDES Y SUELOS EN ESTABLECIMIENTOS ESPECIALIZADOS",COMERCIO AL POR MENOR DE ALFOMBRAS MOQUETAS Y REVESTIMIENTOS DE PAREDES Y SUELOS EN ESTABLECIMIENTOS ESPECIALIZADOS,13322,475301,"COMERCIO AL POR MENOR DE ALFOMBRAS, MOQUETAS Y REVESTIMIENTOS DE PAREDES Y SUELOS EN ESTABLECIMIENTOS ESPECIALIZADOS",True,False,exact_valid
epigrafe,464801,"COMERCIO AL POR MAYOR DE METALES PRECIOSOS, JOYERIA Y RELOJERIA",COMERCIO AL POR MAYOR DE METALES PRECIOSOS JOYERIA Y RELOJERIA,9263,464801,"COMERCIO AL POR MAYOR DE METALES PRECIOSOS, JOYERIA Y RELOJERIA",True,False,exact_valid
epigrafe,900001,"ACTIVIDADES DE CREACION, ARTISTICAS Y ESPECTACULOS",ACTIVIDADES DE CREACION ARTISTICAS Y ESPECTACULOS,24092,900001,"ACTIVIDADES DE CREACION, ARTISTICAS Y ESPECTACULOS",True,False,exact_valid
epigrafe,960402,DESPACHO DE DIESTISTAS,DESPACHO DE DIESTISTAS,235,960402,DESPACHO DE DIESTISTAS,True,False,exact_valid
epigrafe,802001,SERVICIOS DE SISTEMAS DE SEGURIDAD: VIGILANCIA MEDIANTE SISTEMAS ELECTRONICOS,SERVICIOS DE SISTEMAS DE SEGURIDAD VIGILANCIA MEDIANTE SISTEMAS ELECTRONICOS,3609,802001,SERVICIOS DE SISTEMAS DE SEGURIDAD: VIGILANCIA MEDIANTE SISTEMAS ELECTRONICOS,True,False,exact_valid
epigrafe,477402,COMERCIO AL POR MENOR DE ARTICULOS ORTOPEDICOS,COMERCIO AL POR MENOR DE ARTICULOS ORTOPEDICOS,16376,477402,COMERCIO AL POR MENOR DE ARTICULOS ORTOPEDICOS,True,False,exact_valid
epigrafe,932005,SALAS DE FIESTA SIN RESTAURACION,SALAS DE FIESTA SIN RESTAURACION,5896,932005,SALAS DE FIESTA SIN RESTAURACION,True,False,exact_valid
epigrafe,411001,PROMOCION INMOBILIARIA,PROMOCION INMOBILIARIA,43438,411001,PROMOCION INMOBILIARIA,True,False,exact_valid
epigrafe,475201,COMERCIO AL POR MENOR DE ARTICULOS DE FERRETERIA,COMERCIO AL POR MENOR DE ARTICULOS DE FERRETERIA,75528,475201,COMERCIO AL POR MENOR DE ARTICULOS DE FERRETERIA,True,False,exact_valid
epigrafe,559001,COLEGIOS MAYORES Y RESIDENCIAS DE ESTUDIANTES,COLEGIOS MAYORES Y RESIDENCIAS DE ESTUDIANTES,13599,559001,COLEGIOS MAYORES Y RESIDENCIAS DE ESTUDIANTES,True,False,exact_valid
epigrafe,151001,"PREPARACION, CURTIDO Y ACABADO DEL CUERO. FABRICACION DE ARTICULOS DE MARROQUINERIA, VIAJE, GUARNICIONERIA Y TALABARTERIA. PREPARACION Y TEÑIDO DE PIELES",PREPARACION CURTIDO Y ACABADO DEL CUERO FABRICACION DE ARTICULOS DE MARROQUINERIA VIAJE GUARNICIONERIA Y TALABARTERIA PREPARACION Y TENIDO DE PIELES,4351,151001,"PREPARACION, CURTIDO Y ACABADO DEL CUERO. FABRICACION DE ARTICULOS DE MARROQUINERIA, VIAJE, GUARNICIONERIA Y TALABARTERIA. PREPARACION Y TEÑIDO DE PIELES",True,False,exact_valid
epigrafe,591001,"ACTIVIDADES CINEMATOGRAFICAS, DE VIDEO Y DE TELEVISION (PRODUCCION, DISTRIBUCION Y EXHIBICION)",ACTIVIDADES CINEMATOGRAFICAS DE VIDEO Y DE TELEVISION PRODUCCION DISTRIBUCION Y EXHIBICION,25057,591001,"ACTIVIDADES CINEMATOGRAFICAS, DE VIDEO Y DE TELEVISION (PRODUCCION, DISTRIBUCION Y EXHIBICION)",True,False,exact_valid
epigrafe,861001,ACTIVIDADES HOSPITALARIAS,ACTIVIDADES HOSPITALARIAS,9910,861001,ACTIVIDADES HOSPITALARIAS,True,False,exact_valid
epigrafe,472902,COMERCIO AL POR MENOR DE HELADOS CON OBRADOR CON BARRA DE DEGUSTACION,COMERCIO AL POR MENOR DE HELADOS CON OBRADOR CON BARRA DE DEGUSTACION,7889,472902,COMERCIO AL POR MENOR DE HELADOS CON OBRADOR CON BARRA DE DEGUSTACION,True,False,exact_valid
epigrafe,562101,SALONES DE BANQUETES Y PROVISION COMIDAS PARA EVENTOS,SALONES DE BANQUETES Y PROVISION COMIDAS PARA EVENTOS,10952,562101,SALONES DE BANQUETES Y PROVISION COMIDAS PARA EVENTOS,True,False,exact_valid
epigrafe,472303,COMERCIO AL POR MENOR DE BACALAO Y SALAZONES,COMERCIO AL POR MENOR DE BACALAO Y SALAZONES,1178,472303,COMERCIO AL POR MENOR DE BACALAO Y SALAZONES,True,False,exact_valid
epigrafe,854001,EDUCACION UNIVERSITARIA PUBLICA,EDUCACION UNIVERSITARIA PUBLICA,14141,854001,EDUCACION UNIVERSITARIA PUBLICA,True,False,exact_valid
epigrafe,475906,COMERCIO AL POR MENOR DE APARATOS DE ILUMINACION,COMERCIO AL POR MENOR DE APARATOS DE ILUMINACION,12520,475906,COMERCIO AL POR MENOR DE APARATOS DE ILUMINACION,True,False,exact_valid
epigrafe,463201,"COMERCIO AL POR MAYOR CARNES Y DERIVADOS, AVES Y CAZA",COMERCIO AL POR MAYOR CARNES Y DERIVADOS AVES Y CAZA,4803,463201,"COMERCIO AL POR MAYOR CARNES Y DERIVADOS, AVES Y CAZA",True,False,exact_valid
epigrafe,181002,SERIGRAFIA Y SERVICIOS DE PREIMPRESION Y PREPARACION DE SOPORTES,SERIGRAFIA Y SERVICIOS DE PREIMPRESION Y PREPARACION DE SOPORTES,18785,181002,SERIGRAFIA Y SERVICIOS DE PREIMPRESION Y PREPARACION DE SOPORTES,True,False,exact_valid
epigrafe,475205,COMERCIO AL POR MENOR DE SANEAMIENTOS,COMERCIO AL POR MENOR DE SANEAMIENTOS,26575,475205,COMERCIO AL POR MENOR DE SANEAMIENTOS,True,False,exact_valid
epigrafe,931007,PISCINA PRIVADA CLIMATIZADA/TEMPORADA,PISCINA PRIVADA CLIMATIZADA TEMPORADA,98,931007,PISCINA PRIVADA CLIMATIZADA/TEMPORADA,True,False,exact_valid
epigrafe,461701,"INTERMEDIARIO DEL COMERCIO DE PRODUCTOS ALIMENTICIOS, BEBIDAS Y TABACO",INTERMEDIARIO DEL COMERCIO DE PRODUCTOS ALIMENTICIOS BEBIDAS Y TABACO,6459,461701,"INTERMEDIARIO DEL COMERCIO DE PRODUCTOS ALIMENTICIOS, BEBIDAS Y TABACO",True,False,exact_valid
epigrafe,869004,DESPACHO DE PODOLOGOS,DESPACHO DE PODOLOGOS,996,869004,DESPACHO DE PODOLOGOS,True,False,exact_valid
epigrafe,592001,ACTIVIDADES DE GRABACION DE SONIDO Y EDICION MUSICAL,ACTIVIDADES DE GRABACION DE SONIDO Y EDICION MUSICAL,12072,592001,ACTIVIDADES DE GRABACION DE SONIDO Y EDICION MUSICAL,True,False,exact_valid
epigrafe,203002,FABRICACION DE TINTAS DE IMPRENTA Y MASILLAS,FABRICACION DE TINTAS DE IMPRENTA Y MASILLAS,44,203002,FABRICACION DE TINTAS DE IMPRENTA Y MASILLAS,True,False,exact_valid
epigrafe,250003,"FABRICACION DE PRODUCTOS METALICOS, EXCEPTO MAQUINARIA Y EQUIPO",FABRICACION DE PRODUCTOS METALICOS EXCEPTO MAQUINARIA Y EQUIPO,57747,250003,"FABRICACION DE PRODUCTOS METALICOS, EXCEPTO MAQUINARIA Y EQUIPO",True,False,exact_valid
epigrafe,350001,"PRODUCCION, TRANSPORTE Y DISTRIBUCION DE ENERGIA ELECTRICA Y GAS",PRODUCCION TRANSPORTE Y DISTRIBUCION DE ENERGIA ELECTRICA Y GAS,29017,350001,"PRODUCCION, TRANSPORTE Y DISTRIBUCION DE ENERGIA ELECTRICA Y GAS",True,False,exact_valid
epigrafe,477802,"COMERCIO AL POR MENOR DE SELLOS, MONEDAS Y MEDALLAS",COMERCIO AL POR MENOR DE SELLOS MONEDAS Y MEDALLAS,6702,477802,"COMERCIO AL POR MENOR DE SELLOS, MONEDAS Y MEDALLAS",True,False,exact_valid
epigrafe,47800108,"SITUADOS: COMPLEMENTOS, BISUTERIA Y ARTESANIA",SITUADOS COMPLEMENTOS BISUTERIA Y ARTESANIA,9864,47800108,"SITUADOS: COMPLEMENTOS, BISUTERIA Y ARTESANIA",True,False,exact_valid
epigrafe,466002,"COMERCIO AL POR MAYOR DE MAQUINARIA, EQUIPO DE OFICINA Y SUMINISTROS",COMERCIO AL POR MAYOR DE MAQUINARIA EQUIPO DE OFICINA Y SUMINISTROS,50845,466002,"COMERCIO AL POR MAYOR DE MAQUINARIA, EQUIPO DE OFICINA Y SUMINISTROS",True,False,exact_valid
epigrafe,310001,FABRICACION DE MUEBLES (INCLUIDOS COLCHONES),FABRICACION DE MUEBLES INCLUIDOS COLCHONES,10476,310001,FABRICACION DE MUEBLES (INCLUIDOS COLCHONES),True,False,exact_valid
epigrafe,932004,SALAS DE FIESTA CON RESTAURACION,SALAS DE FIESTA CON RESTAURACION,2525,932004,SALAS DE FIESTA CON RESTAURACION,True,False,exact_valid
epigrafe,463401,COMERCIO AL POR MAYOR DE BEBIDAS,COMERCIO AL POR MAYOR DE BEBIDAS,6133,463401,COMERCIO AL POR MAYOR DE BEBIDAS,True,False,exact_valid
epigrafe,465001,COMERCIO AL POR MAYOR DE MATERIAL Y APARATOS ELECTRONICOS PARA LAS TECNOLOGIAS DE LA INFORMACION Y LAS COMUNICACIONES,COMERCIO AL POR MAYOR DE MATERIAL Y APARATOS ELECTRONICOS PARA LAS TECNOLOGIAS DE LA INFORMACION Y LAS COMUNICACIONES,22196,465001,COMERCIO AL POR MAYOR DE MATERIAL Y APARATOS ELECTRONICOS PARA LAS TECNOLOGIAS DE LA INFORMACION Y LAS COMUNICACIONES,True,False,exact_valid
epigrafe,463905,ALMACEN DE DISTRIBUCION POLIVALENTE A TEMPERATURA NO REGULADA,ALMACEN DE DISTRIBUCION POLIVALENTE A TEMPERATURA NO REGULADA,7039,463905,ALMACEN DE DISTRIBUCION POLIVALENTE A TEMPERATURA NO REGULADA,True,False,exact_valid
epigrafe,772001,ALQUILER DE EFECTOS PERSONALES Y ARTICULOS DE USO DOMESTICO,ALQUILER DE EFECTOS PERSONALES Y ARTICULOS DE USO DOMESTICO,4219,772001,ALQUILER DE EFECTOS PERSONALES Y ARTICULOS DE USO DOMESTICO,True,False,exact_valid
epigrafe,270001,"FABRICACION DE APARATOS ELECTRICOS, ELECTRODOMESTICOS (EXCEPTO ORDENADORES)",FABRICACION DE APARATOS ELECTRICOS ELECTRODOMESTICOS EXCEPTO ORDENADORES,1547,270001,"FABRICACION DE APARATOS ELECTRICOS, ELECTRODOMESTICOS (EXCEPTO ORDENADORES)",True,False,exact_valid
epigrafe,464501,"COMERCIO AL POR MAYOR DE PERFUMERIA,COSMETICA, DROGUERIA Y LIMPIEZA",COMERCIO AL POR MAYOR DE PERFUMERIA COSMETICA DROGUERIA Y LIMPIEZA,11503,464501,"COMERCIO AL POR MAYOR DE PERFUMERIA,COSMETICA, DROGUERIA Y LIMPIEZA",True,False,exact_valid
epigrafe,265001,"FABRICACION DE INSTRUMENTOS DE PRECISION, MEDIDA Y CONTROL. FABRICACION DE RELOJES",FABRICACION DE INSTRUMENTOS DE PRECISION MEDIDA Y CONTROL FABRICACION DE RELOJES,2023,265001,"FABRICACION DE INSTRUMENTOS DE PRECISION, MEDIDA Y CONTROL. FABRICACION DE RELOJES",True,False,exact_valid
epigrafe,160001,"INDUSTRIA DE LA MADERA Y CORCHO (EXCEPTO MUEBLES), CESTERIA Y ESPARTERIA",INDUSTRIA DE LA MADERA Y CORCHO EXCEPTO MUEBLES CESTERIA Y ESPARTERIA,15800,160001,"INDUSTRIA DE LA MADERA Y CORCHO (EXCEPTO MUEBLES), CESTERIA Y ESPARTERIA",True,False,exact_valid
epigrafe,581001,"EDICION DE LIBROS, PERIODICOS Y OTRAS ACTIVIDADES EDITORIALES",EDICION DE LIBROS PERIODICOS Y OTRAS ACTIVIDADES EDITORIALES,18066,581001,"EDICION DE LIBROS, PERIODICOS Y OTRAS ACTIVIDADES EDITORIALES",True,False,exact_valid
epigrafe,662001,ACTIVIDADES AUXILIARES A SEGUROS Y FONDOS DE PENSIONES,ACTIVIDADES AUXILIARES A SEGUROS Y FONDOS DE PENSIONES,17228,662001,ACTIVIDADES AUXILIARES A SEGUROS Y FONDOS DE PENSIONES,True,False,exact_valid
epigrafe,451002,COMERCIO DE VEHICULOS DE MOTOR USADOS,COMERCIO DE VEHICULOS DE MOTOR USADOS,21131,451002,COMERCIO DE VEHICULOS DE MOTOR USADOS,True,False,exact_valid
epigrafe,772002,VIDEOCLUB,VIDEOCLUB,5701,772002,VIDEOCLUB,True,False,exact_valid
epigrafe,463101,"COMERCIO AL POR MAYOR FRUTAS, VERDURAS Y DERIVADOS",COMERCIO AL POR MAYOR FRUTAS VERDURAS Y DERIVADOS,30373,463101,"COMERCIO AL POR MAYOR FRUTAS, VERDURAS Y DERIVADOS",True,False,exact_valid
epigrafe,261001,FABRICACION DE COMPONENTES ELECTRONICOS Y CIRCUITOS IMPRESOS ENSAMBLADOS,FABRICACION DE COMPONENTES ELECTRONICOS Y CIRCUITOS IMPRESOS ENSAMBLADOS,1646,261001,FABRICACION DE COMPONENTES ELECTRONICOS Y CIRCUITOS IMPRESOS ENSAMBLADOS,True,False,exact_valid
epigrafe,290001,"FABRICACION DE VEHICULOS DE MOTOR, REMOLQUES Y SEMIRREMOLQUES",FABRICACION DE VEHICULOS DE MOTOR REMOLQUES Y SEMIRREMOLQUES,1732,290001,"FABRICACION DE VEHICULOS DE MOTOR, REMOLQUES Y SEMIRREMOLQUES",True,False,exact_valid
epigrafe,464602,COMERCIO AL POR MAYOR DE INSTRUMENTOS MEDICOS Y ORTOPEDICOS,COMERCIO AL POR MAYOR DE INSTRUMENTOS MEDICOS Y ORTOPEDICOS,10535,464602,COMERCIO AL POR MAYOR DE INSTRUMENTOS MEDICOS Y ORTOPEDICOS,True,False,exact_valid
epigrafe,661001,"ADMINISTRACION DE MERCADOS FINANCIEROS, INTERMEDIACION EN OPERACIONES CON VALORES Y OTROS ACTIVOS",ADMINISTRACION DE MERCADOS FINANCIEROS INTERMEDIACION EN OPERACIONES CON VALORES Y OTROS ACTIVOS,5259,661001,"ADMINISTRACION DE MERCADOS FINANCIEROS, INTERMEDIACION EN OPERACIONES CON VALORES Y OTROS ACTIVOS",True,False,exact_valid
epigrafe,829001,"ACTIVIDADES DE APOYO A LAS EMPRESAS N.C.O.P. (AGENCIAS DE COBROS, ENVASADO Y EMPAQUETADO)",ACTIVIDADES DE APOYO A LAS EMPRESAS N C O P AGENCIAS DE COBROS ENVASADO Y EMPAQUETADO,7583,829001,"ACTIVIDADES DE APOYO A LAS EMPRESAS N.C.O.P. (AGENCIAS DE COBROS, ENVASADO Y EMPAQUETADO)",True,False,exact_valid
epigrafe,329001,INDUSTRIAS MANUFACTURERAS N.C.O.P.,INDUSTRIAS MANUFACTURERAS N C O P,7494,329001,INDUSTRIAS MANUFACTURERAS N.C.O.P.,True,False,exact_valid
epigrafe,710001,SERVICIOS TECNICOS DE ARQUITECTURA E INGENIERIA. ENSAYOS Y ANALISIS TECNICOS,SERVICIOS TECNICOS DE ARQUITECTURA E INGENIERIA ENSAYOS Y ANALISIS TECNICOS,59572,710001,SERVICIOS TECNICOS DE ARQUITECTURA E INGENIERIA. ENSAYOS Y ANALISIS TECNICOS,True,False,exact_valid
epigrafe,250002,RECUBRIMIENTOS METALICOS (TRATAMIENTO Y REVESTIMIENTO DE METALES),RECUBRIMIENTOS METALICOS TRATAMIENTO Y REVESTIMIENTO DE METALES,3045,250002,RECUBRIMIENTOS METALICOS (TRATAMIENTO Y REVESTIMIENTO DE METALES),True,False,exact_valid
epigrafe,522004,ACTIVIDADES ANEXAS AL TRANSPORTE,ACTIVIDADES ANEXAS AL TRANSPORTE,19175,522004,ACTIVIDADES ANEXAS AL TRANSPORTE,True,False,exact_valid
epigrafe,130001,"FABRICACION DE TEJIDOS TEXTILES, ALFOMBRAS, CUERDAS Y OTROS PRODUCTOS TEXTILES (EXCEPTO PRENDAS DE VESTIR)",FABRICACION DE TEJIDOS TEXTILES ALFOMBRAS CUERDAS Y OTROS PRODUCTOS TEXTILES EXCEPTO PRENDAS DE VESTIR,9948,130001,"FABRICACION DE TEJIDOS TEXTILES, ALFOMBRAS, CUERDAS Y OTROS PRODUCTOS TEXTILES (EXCEPTO PRENDAS DE VESTIR)",True,False,exact_valid
epigrafe,469001,COMERCIO AL MAYOR CON ALMACEN,COMERCIO AL MAYOR CON ALMACEN,6835,469001,COMERCIO AL MAYOR CON ALMACEN,True,False,exact_valid
epigrafe,466001,COMERCIO AL POR MAYOR DE ENVASES Y EMBALAJES,COMERCIO AL POR MAYOR DE ENVASES Y EMBALAJES,3431,466001,COMERCIO AL POR MAYOR DE ENVASES Y EMBALAJES,True,False,exact_valid
epigrafe,461501,INTERMEDIARIOS DEL COMERCIO DE MUEBLES,INTERMEDIARIOS DEL COMERCIO DE MUEBLES,1760,461501,INTERMEDIARIOS DEL COMERCIO DE MUEBLES,True,False,exact_valid
epigrafe,801001,ACTIVIDADES DE SEGURIDAD PRIVADA,ACTIVIDADES DE SEGURIDAD PRIVADA,4176,801001,ACTIVIDADES DE SEGURIDAD PRIVADA,True,False,exact_valid
epigrafe,230004,FABRICACION DE VIDRIO Y PRODUCTOS DERIVADOS,FABRICACION DE VIDRIO Y PRODUCTOS DERIVADOS,1785,230004,FABRICACION DE VIDRIO Y PRODUCTOS DERIVADOS,True,False,exact_valid
epigrafe,773001,ALQUILER MAQUINARIA Y EQUIPO DE CONSTRUCCION,ALQUILER MAQUINARIA Y EQUIPO DE CONSTRUCCION,9395,773001,ALQUILER MAQUINARIA Y EQUIPO DE CONSTRUCCION,True,False,exact_valid
epigrafe,170001,INDUSTRIA DEL PAPEL,INDUSTRIA DEL PAPEL,2101,170001,INDUSTRIA DEL PAPEL,True,False,exact_valid
epigrafe,463802,COMERCIO AL POR MAYOR DE PRODUCTOS DE LA PESCA Y MARISCOS (EXCEPTO CONGELADOS),COMERCIO AL POR MAYOR DE PRODUCTOS DE LA PESCA Y MARISCOS EXCEPTO CONGELADOS,12316,463802,COMERCIO AL POR MAYOR DE PRODUCTOS DE LA PESCA Y MARISCOS (EXCEPTO CONGELADOS),True,False,exact_valid
epigrafe,960903,"ADIESTRAMIENTO, CUIDADO DE ANIMALES, RESIDENCIAS CANINAS Y CENTROS DE ANIMALES ABANDONADOS",ADIESTRAMIENTO CUIDADO DE ANIMALES RESIDENCIAS CANINAS Y CENTROS DE ANIMALES ABANDONADOS,3888,960903,"ADIESTRAMIENTO, CUIDADO DE ANIMALES, RESIDENCIAS CANINAS Y CENTROS DE ANIMALES ABANDONADOS",True,False,exact_valid
epigrafe,464401,"COMERCIO AL POR MAYOR DE PORCELANA, CRISTALERIA Y ARTICULOS DE LIMPIEZA",COMERCIO AL POR MAYOR DE PORCELANA CRISTALERIA Y ARTICULOS DE LIMPIEZA,2656,464401,"COMERCIO AL POR MAYOR DE PORCELANA, CRISTALERIA Y ARTICULOS DE LIMPIEZA",True,False,exact_valid
epigrafe,020001,SILVICULTURA Y EXPLOTACION FORESTAL,SILVICULTURA Y EXPLOTACION FORESTAL,174,20001,SILVICULTURA Y EXPLOTACION FORESTAL,True,False,numeric_normalized
epigrafe,420001,INGENIERIA CIVIL,INGENIERIA CIVIL,7476,420001,INGENIERIA CIVIL,True,False,exact_valid
epigrafe,813001,ACTIVIDADES DE JARDINERIA,ACTIVIDADES DE JARDINERIA,3414,813001,ACTIVIDADES DE JARDINERIA,True,False,exact_valid
epigrafe,949201,ACTIVIDADES DE ORGANIZACIONES POLITICAS,ACTIVIDADES DE ORGANIZACIONES POLITICAS,8790,949201,ACTIVIDADES DE ORGANIZACIONES POLITICAS,True,False,exact_valid
epigrafe,463303,COMERCIO AL POR MAYOR DE LECHE Y DERIVADOS,COMERCIO AL POR MAYOR DE LECHE Y DERIVADOS,896,463303,COMERCIO AL POR MAYOR DE LECHE Y DERIVADOS,True,False,exact_valid
epigrafe,105002,ELABORACION DE HELADOS,ELABORACION DE HELADOS,1282,105002,ELABORACION DE HELADOS,True,False,exact_valid
epigrafe,692002,"DESPACHO PROFESIONAL DE ACTIVIDADES ECONOMICAS (CONTABILIDAD, AUDITORIA Y ASESORIA FISCAL)",DESPACHO PROFESIONAL DE ACTIVIDADES ECONOMICAS CONTABILIDAD AUDITORIA Y ASESORIA FISCAL,9447,692002,"DESPACHO PROFESIONAL DE ACTIVIDADES ECONOMICAS (CONTABILIDAD, AUDITORIA Y ASESORIA FISCAL)",True,False,exact_valid
epigrafe,823001,ORGANIZACION DE CONVENCIONES Y FERIAS DE MUESTRAS,ORGANIZACION DE CONVENCIONES Y FERIAS DE MUESTRAS,7450,823001,ORGANIZACION DE CONVENCIONES Y FERIAS DE MUESTRAS,True,False,exact_valid
epigrafe,220001,FABRICACION DE PRODUCTOS DE CAUCHO Y PLASTICOS,FABRICACION DE PRODUCTOS DE CAUCHO Y PLASTICOS,4884,220001,FABRICACION DE PRODUCTOS DE CAUCHO Y PLASTICOS,True,False,exact_valid
epigrafe,464701,COMERCIO AL POR MAYOR DE MUEBLES,COMERCIO AL POR MAYOR DE MUEBLES,2935,464701,COMERCIO AL POR MAYOR DE MUEBLES,True,False,exact_valid
epigrafe,491001,TRANSPORTE INTERURBANO DE PASAJEROS POR FERROCARRIL,TRANSPORTE INTERURBANO DE PASAJEROS POR FERROCARRIL,1399,491001,TRANSPORTE INTERURBANO DE PASAJEROS POR FERROCARRIL,True,False,exact_valid
epigrafe,478001,COMERCIO AL POR MENOR EN PUESTOS DE VENTA Y EN MERCADILLOS,COMERCIO AL POR MENOR EN PUESTOS DE VENTA Y EN MERCADILLOS,2478,478001,COMERCIO AL POR MENOR EN PUESTOS DE VENTA Y EN MERCADILLOS,True,False,exact_valid
epigrafe,230001,"FABRICACION DE PRODUCTOS MINERALES NO METALICOS (HORMIGON, CEMENTO, MORTERO, CAL, YESO, LADRILLOS, CERAMICA)",FABRICACION DE PRODUCTOS MINERALES NO METALICOS HORMIGON CEMENTO MORTERO CAL YESO LADRILLOS CERAMICA,3974,230001,"FABRICACION DE PRODUCTOS MINERALES NO METALICOS (HORMIGON, CEMENTO, MORTERO, CAL, YESO, LADRILLOS, CERAMICA)",True,False,exact_valid
epigrafe,108005,FABRICACION O ELABORACION DE OTROS PRODUCTOS ALIMENTICIOS N.C.O.P.,FABRICACION O ELABORACION DE OTROS PRODUCTOS ALIMENTICIOS N C O P,5390,108005,FABRICACION O ELABORACION DE OTROS PRODUCTOS ALIMENTICIOS N.C.O.P.,True,False,exact_valid
epigrafe,266001,"FABRICACION DE EQUIPOS DE RADIACION, ELECTROMEDICOS Y ELECTROTERAPEUTICOS",FABRICACION DE EQUIPOS DE RADIACION ELECTROMEDICOS Y ELECTROTERAPEUTICOS,256,266001,"FABRICACION DE EQUIPOS DE RADIACION, ELECTROMEDICOS Y ELECTROTERAPEUTICOS",True,False,exact_valid
epigrafe,782001,ACTIVIDADES DE LAS EMPRESAS DE TRABAJO TEMPORAL,ACTIVIDADES DE LAS EMPRESAS DE TRABAJO TEMPORAL,3649,782001,ACTIVIDADES DE LAS EMPRESAS DE TRABAJO TEMPORAL,True,False,exact_valid
epigrafe,461101,"INTERMEDIARIOS DEL COMERCIO DE MATERIAS PRIMAS AGRARIAS, ANIMALES VIVOS, MATERIAS PRIMAS TEXTILES Y PRODUCTOS SEMIELABORADOS",INTERMEDIARIOS DEL COMERCIO DE MATERIAS PRIMAS AGRARIAS ANIMALES VIVOS MATERIAS PRIMAS TEXTILES Y PRODUCTOS SEMIELABORADOS,280,461101,"INTERMEDIARIOS DEL COMERCIO DE MATERIAS PRIMAS AGRARIAS, ANIMALES VIVOS, MATERIAS PRIMAS TEXTILES Y PRODUCTOS SEMIELABORADOS",True,False,exact_valid
epigrafe,643001,"INVERSION COLECTIVA, FONDOS Y ENTIDADES FINANCIERAS SIMILARES",INVERSION COLECTIVA FONDOS Y ENTIDADES FINANCIERAS SIMILARES,2083,643001,"INVERSION COLECTIVA, FONDOS Y ENTIDADES FINANCIERAS SIMILARES",True,False,exact_valid
epigrafe,522001,APARCAMIENTOS MIXTOS,APARCAMIENTOS MIXTOS,4618,522001,APARCAMIENTOS MIXTOS,True,False,exact_valid
epigrafe,463202,ALMACEN DE DISTRIBUCION FRIGORIFICO DE ALIMENTOS,ALMACEN DE DISTRIBUCION FRIGORIFICO DE ALIMENTOS,298,463202,ALMACEN DE DISTRIBUCION A TEMPERATURA DE REFRIGERACION Y CONGELACION DE CARNE Y DERIVADOS DE CARNE,True,False,exact_valid
epigrafe,010001,EXPLOTACIONES AGRICOLAS,EXPLOTACIONES AGRICOLAS,831,10001,EXPLOTACIONES AGRICOLAS,True,False,numeric_normalized
epigrafe,101002,SALAS DE DESPIECE,SALAS DE DESPIECE,7556,101002,SALAS DE DESPIECE,True,False,exact_valid
epigrafe,600001,ACTIVIDADES DE PROGRAMACION Y EMISION DE RADIO Y TELEVISION,ACTIVIDADES DE PROGRAMACION Y EMISION DE RADIO Y TELEVISION,4451,600001,ACTIVIDADES DE PROGRAMACION Y EMISION DE RADIO Y TELEVISION,True,False,exact_valid
epigrafe,230005,FABRICACION DE VAJILLAS Y ARTICULOS PARA EL HOGAR,FABRICACION DE VAJILLAS Y ARTICULOS PARA EL HOGAR,918,230005,FABRICACION DE VAJILLAS Y ARTICULOS PARA EL HOGAR,True,False,exact_valid
epigrafe,663001,ACTIVIDADES DE GESTION DE FONDOS,ACTIVIDADES DE GESTION DE FONDOS,1264,663001,ACTIVIDADES DE GESTION DE FONDOS,True,False,exact_valid
epigrafe,461301,INTERMEDIARIOS DEL COMERCIO DE LA MADERA Y MATERIALES DE CONSTRUCCION,INTERMEDIARIOS DEL COMERCIO DE LA MADERA Y MATERIALES DE CONSTRUCCION,1547,461301,INTERMEDIARIOS DEL COMERCIO DE LA MADERA Y MATERIALES DE CONSTRUCCION,True,False,exact_valid
epigrafe,960301,POMPAS FUNEBRES Y ACTIVIDADES RELACIONADAS,POMPAS FUNEBRES Y ACTIVIDADES RELACIONADAS,4608,960301,POMPAS FUNEBRES Y ACTIVIDADES RELACIONADAS,True,False,exact_valid
epigrafe,47800105,SITUADOS: FLORES Y PLANTAS,SITUADOS FLORES Y PLANTAS,1870,47800105,SITUADOS: FLORES Y PLANTAS,True,False,exact_valid
epigrafe,476402,COMERCIO AL POR MENOR DE EMBARCACIONES DE RECREO,COMERCIO AL POR MENOR DE EMBARCACIONES DE RECREO,396,476402,COMERCIO AL POR MENOR DE EMBARCACIONES DE RECREO,True,False,exact_valid
epigrafe,639001,OTROS SERVICIOS DE INFORMACION: AGENCIAS DE NOTICIAS,OTROS SERVICIOS DE INFORMACION AGENCIAS DE NOTICIAS,1218,639001,OTROS SERVICIOS DE INFORMACION: AGENCIAS DE NOTICIAS,True,False,exact_valid
epigrafe,267001,FABRICACION DE INSTRUMENTOS DE OPTICA Y EQUIPO FOTOGRAFICO,FABRICACION DE INSTRUMENTOS DE OPTICA Y EQUIPO FOTOGRAFICO,1099,267001,FABRICACION DE INSTRUMENTOS DE OPTICA Y EQUIPO FOTOGRAFICO,True,False,exact_valid
epigrafe,463501,COMERCIO AL POR MAYOR DE TABACOS,COMERCIO AL POR MAYOR DE TABACOS,681,463501,COMERCIO AL POR MAYOR DE TABACOS,True,False,exact_valid
epigrafe,230002,FABRICACION DE ARTICULOS DERIVADOS DEL YESO Y/O ESCAYOLA,FABRICACION DE ARTICULOS DERIVADOS DEL YESO Y O ESCAYOLA,634,230002,FABRICACION DE ARTICULOS DERIVADOS DEL YESO Y/O ESCAYOLA,True,False,exact_valid
epigrafe,205001,FABRICACION DE OTROS PRODUCTOS QUIMICOS,FABRICACION DE OTROS PRODUCTOS QUIMICOS,534,205001,FABRICACION DE OTROS PRODUCTOS QUIMICOS,True,False,exact_valid
epigrafe,561008,VENDEDOR AMBULANTE DE ALIMENTOS PREPARADOS PARA SU CONSUMO INMEDIATO,VENDEDOR AMBULANTE DE ALIMENTOS PREPARADOS PARA SU CONSUMO INMEDIATO,743,561008,VENDEDOR AMBULANTE DE ALIMENTOS PREPARADOS PARA SU CONSUMO INMEDIATO,True,False,exact_valid
epigrafe,463302,COMERCIO AL POR MAYOR DE ACEITES Y GRASAS COMESTIBLES,COMERCIO AL POR MAYOR DE ACEITES Y GRASAS COMESTIBLES,450,463302,COMERCIO AL POR MAYOR DE ACEITES Y GRASAS COMESTIBLES,True,False,exact_valid
epigrafe,324001,FABRICACION DE JUEGOS Y JUGUETES,FABRICACION DE JUEGOS Y JUGUETES,518,324001,FABRICACION DE JUEGOS Y JUGUETES,True,False,exact_valid
epigrafe,106001,"FABRICACION DE PRODUCTOS DE MOLINERIA (HARINAS), ALMIDONES Y DERIVADOS",FABRICACION DE PRODUCTOS DE MOLINERIA HARINAS ALMIDONES Y DERIVADOS,169,106001,"FABRICACION DE PRODUCTOS DE MOLINERIA (HARINAS), ALMIDONES Y DERIVADOS",True,False,exact_valid
epigrafe,463903,ALMACEN DE DISTRIBUCION POLIVALENTE A TEMPERATURA DE REFRIGERACION,ALMACEN DE DISTRIBUCION POLIVALENTE A TEMPERATURA DE REFRIGERACION,3506,463903,ALMACEN DE DISTRIBUCION POLIVALENTE A TEMPERATURA DE REFRIGERACION,True,False,exact_valid
epigrafe,553001,CAMPINGS Y APARCAMIENTOS PARA CARAVANAS,CAMPINGS Y APARCAMIENTOS PARA CARAVANAS,141,553001,CAMPINGS Y APARCAMIENTOS PARA CARAVANAS,True,False,exact_valid
epigrafe,201001,"FABRICACION DE PRODUCTOS QUIMICOS BASICOS, COMPUESTOS NITROGENADOS, FERTILIZANTES, PLASTICOS Y CAUCHO SINTETICO EN FORMAS PRIMARIAS",FABRICACION DE PRODUCTOS QUIMICOS BASICOS COMPUESTOS NITROGENADOS FERTILIZANTES PLASTICOS Y CAUCHO SINTETICO EN FORMAS PRIMARIAS,679,201001,"FABRICACION DE PRODUCTOS QUIMICOS BASICOS, COMPUESTOS NITROGENADOS, FERTILIZANTES, PLASTICOS Y CAUCHO SINTETICO EN FORMAS PRIMARIAS",True,False,exact_valid
epigrafe,109001,FABRICACION DE PRODUCTOS PARA LA ALIMENTACION ANIMAL,FABRICACION DE PRODUCTOS PARA LA ALIMENTACION ANIMAL,365,109001,FABRICACION DE PRODUCTOS PARA LA ALIMENTACION ANIMAL,True,False,exact_valid
epigrafe,774001,"ARRENDAMIENTO DE LA PROPIEDAD INTELECTUAL (USO DE MARCAS, PATENTES, FRANQUICIAS)",ARRENDAMIENTO DE LA PROPIEDAD INTELECTUAL USO DE MARCAS PATENTES FRANQUICIAS,155,774001,"ARRENDAMIENTO DE LA PROPIEDAD INTELECTUAL (USO DE MARCAS, PATENTES, FRANQUICIAS)",True,False,exact_valid
epigrafe,230006,FABRICACION DE PRODUCTOS ABRASIVOS Y PRODUCTOS MINERALES NO METALICOS N.C.O.P.,FABRICACION DE PRODUCTOS ABRASIVOS Y PRODUCTOS MINERALES NO METALICOS N C O P,445,230006,FABRICACION DE PRODUCTOS ABRASIVOS Y PRODUCTOS MINERALES NO METALICOS N.C.O.P.,True,False,exact_valid
epigrafe,107002,"FABRICACION DE PASTAS ALIMENTICIAS,CUSCUS Y SIMILARES",FABRICACION DE PASTAS ALIMENTICIAS CUSCUS Y SIMILARES,873,107002,"FABRICACION DE PASTAS ALIMENTICIAS,CUSCUS Y SIMILARES",True,False,exact_valid
epigrafe,010002,EXPLOTACIONES GANADERAS,EXPLOTACIONES GANADERAS,836,10002,EXPLOTACIONES GANADERAS,True,False,numeric_normalized
epigrafe,090001,ACTIVIDADES DE APOYO A LAS INDUSTRIAS EXTRACTIVAS,ACTIVIDADES DE APOYO A LAS INDUSTRIAS EXTRACTIVAS,216,90001,ACTIVIDADES DE APOYO A LAS INDUSTRIAS EXTRACTIVAS,True,False,numeric_normalized
epigrafe,370001,RECOGIDA Y TRATAMIENTO DE AGUAS RESIDUALES,RECOGIDA Y TRATAMIENTO DE AGUAS RESIDUALES,799,370001,RECOGIDA Y TRATAMIENTO DE AGUAS RESIDUALES,True,False,exact_valid
epigrafe,102001,"ELABORACION, ENVASADO Y CONSERVACION DE PRODUCTOS PESQUEROS Y MARISCOS",ELABORACION ENVASADO Y CONSERVACION DE PRODUCTOS PESQUEROS Y MARISCOS,2143,102001,"ELABORACION, ENVASADO Y CONSERVACION DE PRODUCTOS PESQUEROS Y MARISCOS",True,False,exact_valid
epigrafe,949901,SOCIEDADES PROTECTORAS DE ANIMALES,SOCIEDADES PROTECTORAS DE ANIMALES,353,949901,SOCIEDADES PROTECTORAS DE ANIMALES,True,False,exact_valid
epigrafe,108003,ELABORACION/ENVASADO DE OVOPRODUCTOS,ELABORACION ENVASADO DE OVOPRODUCTOS,226,108003,ELABORACION/ENVASADO DE OVOPRODUCTOS,True,False,exact_valid
epigrafe,060001,EXTRACCION DE CRUDO DE PETROLEO Y GAS NATURAL,EXTRACCION DE CRUDO DE PETROLEO Y GAS NATURAL,241,60001,EXTRACCION DE CRUDO DE PETROLEO Y GAS NATURAL,True,False,numeric_normalized
epigrafe,268001,FABRICACION DE SOPORTES MAGNETICOS Y OPTICOS,FABRICACION DE SOPORTES MAGNETICOS Y OPTICOS,318,268001,FABRICACION DE SOPORTES MAGNETICOS Y OPTICOS,True,False,exact_valid
epigrafe,463804,ALMACEN DISTRIBUCION A TEMPERATURA DE REFRIGERACION DE PRODUCTOS PESQUEROS Y DE MARISCOS,ALMACEN DISTRIBUCION A TEMPERATURA DE REFRIGERACION DE PRODUCTOS PESQUEROS Y DE MARISCOS,2339,463804,ALMACEN DISTRIBUCION A TEMPERATURA DE REFRIGERACION DE PRODUCTOS PESQUEROS Y DE MARISCOS,True,False,exact_valid
epigrafe,463904,ALMACEN DE DISTRIBUCION POLIVALENTE A TEMPERATURA DE CONGELACION,ALMACEN DE DISTRIBUCION POLIVALENTE A TEMPERATURA DE CONGELACION,3723,463904,ALMACEN DE DISTRIBUCION POLIVALENTE A TEMPERATURA DE CONGELACION,True,False,exact_valid
epigrafe,463805,ALMACEN DE DISTRIBUCION A TEMPERATURA DE CONGELACION DE PRODUCTOS PESQUEROS Y DE MARISCOS,ALMACEN DE DISTRIBUCION A TEMPERATURA DE CONGELACION DE PRODUCTOS PESQUEROS Y DE MARISCOS,2919,463805,ALMACEN DE DISTRIBUCION A TEMPERATURA DE CONGELACION DE PRODUCTOS PESQUEROS Y DE MARISCOS,True,False,exact_valid
epigrafe,477602,COMERCIO AL POR MENOR DE COMPLEMENTOS Y ALIMENTOS PARA ANIMALES DE COMPAÑIA,COMERCIO AL POR MENOR DE COMPLEMENTOS Y ALIMENTOS PARA ANIMALES DE COMPANIA,27964,477602,COMERCIO AL POR MENOR DE COMPLEMENTOS Y ALIMENTOS PARA ANIMALES DE COMPAÑIA,True,False,exact_valid
epigrafe,851002,ESCUELAS INFANTILES DE SEGUNDO CICLO,ESCUELAS INFANTILES DE SEGUNDO CICLO,25416,851002,ESCUELAS INFANTILES DE SEGUNDO CICLO,True,False,exact_valid
epigrafe,562902,SERVICIOS DE COMEDOR EN CENTROS EDUCATIVOS Y CENTROS DE CUIDADO INFANTIL,SERVICIOS DE COMEDOR EN CENTROS EDUCATIVOS Y CENTROS DE CUIDADO INFANTIL,155805,562902,SERVICIOS DE COMEDOR EN CENTROS EDUCATIVOS Y CENTROS DE CUIDADO INFANTIL,True,False,exact_valid
epigrafe,931002,PISCINAS DE USO PUBLICO DE TEMPORADA,PISCINAS DE USO PUBLICO DE TEMPORADA,16043,931002,PISCINAS DE USO PUBLICO DE TEMPORADA,True,False,exact_valid
epigrafe,931010,PISCINAS DE COMUNIDADES DE VECINOS DE TEMPORADA,PISCINAS DE COMUNIDADES DE VECINOS DE TEMPORADA,2663,931010,PISCINAS DE COMUNIDADES DE VECINOS DE TEMPORADA,True,False,exact_valid
epigrafe,477603,COMERCIO AL POR MENOR DE ANIMALES DE COMPAÑIA,COMERCIO AL POR MENOR DE ANIMALES DE COMPANIA,9136,477603,COMERCIO AL POR MENOR DE ANIMALES DE COMPAÑIA,True,False,exact_valid
epigrafe,960401,BALNEARIOS Y SPA URBANOS,BALNEARIOS Y SPA URBANOS,9593,960401,BALNEARIOS Y SPA URBANOS,True,False,exact_valid
epigrafe,960403,"SAUNAS, BAÑOS TURCOS Y SIMILARES",SAUNAS BANOS TURCOS Y SIMILARES,2831,960403,"SAUNAS, BAÑOS TURCOS Y SIMILARES",True,False,exact_valid
epigrafe,47800109,SITUADOS DE OBJETOS Y PUBLICACIONES POLITICO-SOCIAL-ECONOMICO-DEPORTIVA. QUIOSCOS DE PRENSA,SITUADOS DE OBJETOS Y PUBLICACIONES POLITICO SOCIAL ECONOMICO DEPORTIVA QUIOSCOS DE PRENSA,103,47800109,SITUADOS DE OBJETOS Y PUBLICACIONES POLITICO-SOCIAL-ECONOMICO-DEPORTIVA. QUIOSCOS DE PRENSA,True,False,exact_valid
epigrafe,562902.0,SERVICIOS DE COMEDOR EN CENTROS EDUCATIVOS Y CENTROS DE CUIDADO INFANTIL,SERVICIOS DE COMEDOR EN CENTROS EDUCATIVOS Y CENTROS DE CUIDADO INFANTIL,1776,562902,SERVICIOS DE COMEDOR EN CENTROS EDUCATIVOS Y CENTROS DE CUIDADO INFANTIL,True,False,numeric_normalized
epigrafe,522004.0,ACTIVIDADES ANEXAS AL TRANSPORTE,ACTIVIDADES ANEXAS AL TRANSPORTE,535,522004,ACTIVIDADES ANEXAS AL TRANSPORTE,True,False,numeric_normalized
epigrafe,960201.0,SERVICIO DE PELUQUERIA,SERVICIO DE PELUQUERIA,19125,960201,SERVICIO DE PELUQUERIA,True,False,numeric_normalized
epigrafe,471901.0,"COMERCIO AL POR MENOR EN ESTABLECIMIENTOS NO ESPECIALIZADOS, SIN PREDOMINIO EN PRODUCTOS ALIMENTICIOS, BEBIDAS Y TABACO",COMERCIO AL POR MENOR EN ESTABLECIMIENTOS NO ESPECIALIZADOS SIN PREDOMINIO EN PRODUCTOS ALIMENTICIOS BEBIDAS Y TABACO,1214,471901,"COMERCIO AL POR MENOR EN ESTABLECIMIENTOS NO ESPECIALIZADOS, SIN PREDOMINIO EN PRODUCTOS ALIMENTICIOS, BEBIDAS Y TABACO",True,False,numeric_normalized
epigrafe,631001.0,"SERVICIOS DE INFORMACION: PROCESO DE DATOS, PORTALES WEB",SERVICIOS DE INFORMACION PROCESO DE DATOS PORTALES WEB,97,631001,"SERVICIOS DE INFORMACION: PROCESO DE DATOS, PORTALES WEB",True,False,numeric_normalized
epigrafe,521001.0,DEPOSITO Y ALMACENAMIENTO,DEPOSITO Y ALMACENAMIENTO,4031,521001,DEPOSITO Y ALMACENAMIENTO,True,False,numeric_normalized
epigrafe,889002.0,OTROS ACTIVIDADES DE SERVICIOS SOCIALES (LABORES DE ASESORAMIENTO Y ORIENTACION) SIN ALOJAMIENTO N.C.O.P.,OTROS ACTIVIDADES DE SERVICIOS SOCIALES LABORES DE ASESORAMIENTO Y ORIENTACION SIN ALOJAMIENTO N C O P,1057,889002,OTROS ACTIVIDADES DE SERVICIOS SOCIALES (LABORES DE ASESORAMIENTO Y ORIENTACION) SIN ALOJAMIENTO N.C.O.P.,True,False,numeric_normalized
epigrafe,561004.0,BAR RESTAURANTE,BAR RESTAURANTE,14841,561004,BAR RESTAURANTE,True,False,numeric_normalized
epigrafe,651001.0,SEGUROS,SEGUROS,1276,651001,SEGUROS,True,False,numeric_normalized
epigrafe,551004.0,APART-HOTELES,APART HOTELES,120,551004,APART-HOTELES,True,False,numeric_normalized
epigrafe,10002.0,EXPLOTACIONES GANADERAS,EXPLOTACIONES GANADERAS,19,10002,EXPLOTACIONES GANADERAS,True,False,numeric_normalized
epigrafe,477501.0,COMERCIO AL POR MENOR DE ARTICULOS DE PERFUMERIA Y COSMETICA,COMERCIO AL POR MENOR DE ARTICULOS DE PERFUMERIA Y COSMETICA,3138,477501,COMERCIO AL POR MENOR DE ARTICULOS DE PERFUMERIA Y COSMETICA,True,False,numeric_normalized
epigrafe,932006.0,DISCOTECAS Y SALAS DE BAILE,DISCOTECAS Y SALAS DE BAILE,686,932006,DISCOTECAS Y SALAS DE BAILE,True,False,numeric_normalized
epigrafe,952005.0,REPARACION DE OTROS EFECTOS PERSONALES Y ARTICULOS DE USO DOMESTICO N.C.O.P.,REPARACION DE OTROS EFECTOS PERSONALES Y ARTICULOS DE USO DOMESTICO N C O P,1688,952005,REPARACION DE OTROS EFECTOS PERSONALES Y ARTICULOS DE USO DOMESTICO N.C.O.P.,True,False,numeric_normalized
epigrafe,730001.0,"PUBLICIDAD, RELACIONES PUBLICAS Y ESTUDIOS DE MERCADO",PUBLICIDAD RELACIONES PUBLICAS Y ESTUDIOS DE MERCADO,1068,730001,"PUBLICIDAD, RELACIONES PUBLICAS Y ESTUDIOS DE MERCADO",True,False,numeric_normalized
epigrafe,561005.0,BAR CON COCINA,BAR CON COCINA,17963,561005,BAR CON COCINA,True,False,numeric_normalized
epigrafe,472201.0,COMERCIO AL POR MENOR DE CARNICERIA,COMERCIO AL POR MENOR DE CARNICERIA,4722,472201,COMERCIO AL POR MENOR DE CARNICERIA,True,False,numeric_normalized
epigrafe,920001.0,JUEGOS DE AZAR Y APUESTAS DE GESTION PUBLICA O O AUTORIZACION ESPECIAL (ESTADO Y ONCE),JUEGOS DE AZAR Y APUESTAS DE GESTION PUBLICA O O AUTORIZACION ESPECIAL ESTADO Y ONCE,2020,920001,JUEGOS DE AZAR Y APUESTAS DE GESTION PUBLICA O O AUTORIZACION ESPECIAL (ESTADO Y ONCE),True,False,numeric_normalized
epigrafe,610001.0,TELECOMUNICACIONES,TELECOMUNICACIONES,609,610001,TELECOMUNICACIONES,True,False,numeric_normalized
epigrafe,464201.0,"COMERCIO AL POR MAYOR DE PRENDAS DE VESTIR, CALZADO Y ARTICULOS DE CUERO",COMERCIO AL POR MAYOR DE PRENDAS DE VESTIR CALZADO Y ARTICULOS DE CUERO,1228,464201,"COMERCIO AL POR MAYOR DE PRENDAS DE VESTIR, CALZADO Y ARTICULOS DE CUERO",True,False,numeric_normalized
epigrafe,475401.0,COMERCIO AL POR MENOR DE ELECTRODOMESTICOS,COMERCIO AL POR MENOR DE ELECTRODOMESTICOS,1117,475401,COMERCIO AL POR MENOR DE ELECTRODOMESTICOS,True,False,numeric_normalized
epigrafe,522002.0,APARCAMIENTOS PUBLICOS,APARCAMIENTOS PUBLICOS,1351,522002,APARCAMIENTOS PUBLICOS,True,False,numeric_normalized
epigrafe,466001.0,COMERCIO AL POR MAYOR DE ENVASES Y EMBALAJES,COMERCIO AL POR MAYOR DE ENVASES Y EMBALAJES,104,466001,COMERCIO AL POR MAYOR DE ENVASES Y EMBALAJES,True,False,numeric_normalized
epigrafe,900001.0,"ACTIVIDADES DE CREACION, ARTISTICAS Y ESPECTACULOS",ACTIVIDADES DE CREACION ARTISTICAS Y ESPECTACULOS,610,900001,"ACTIVIDADES DE CREACION, ARTISTICAS Y ESPECTACULOS",True,False,numeric_normalized
epigrafe,477201.0,COMERCIO AL POR MENOR DE CALZADO Y ARTICULOS DE CUERO EN ESTABLECIMIENTOS ESPECIALIZADOS,COMERCIO AL POR MENOR DE CALZADO Y ARTICULOS DE CUERO EN ESTABLECIMIENTOS ESPECIALIZADOS,4836,477201,COMERCIO AL POR MENOR DE CALZADO Y ARTICULOS DE CUERO EN ESTABLECIMIENTOS ESPECIALIZADOS,True,False,numeric_normalized
epigrafe,477301.0,FARMACIA,FARMACIA,7362,477301,FARMACIA,True,False,numeric_normalized
epigrafe,522003.0,APARCAMIENTOS PRIVADOS,APARCAMIENTOS PRIVADOS,916,522003,APARCAMIENTOS PRIVADOS,True,False,numeric_normalized
epigrafe,472102.0,COMERCIO AL POR MENOR DE FRUTAS Y HORTALIZAS SIN OBRADOR,COMERCIO AL POR MENOR DE FRUTAS Y HORTALIZAS SIN OBRADOR,9825,472102,COMERCIO AL POR MENOR DE FRUTAS Y HORTALIZAS SIN OBRADOR,True,False,numeric_normalized
epigrafe,472202.0,COMERCIO AL POR MENOR DE CHARCUTERIA,COMERCIO AL POR MENOR DE CHARCUTERIA,4147,472202,COMERCIO AL POR MENOR DE CHARCUTERIA,True,False,numeric_normalized
epigrafe,463902.0,ALMACEN DE DISTRIBUCION DE PRODUCTOS ALIMENTICIOS,ALMACEN DE DISTRIBUCION DE PRODUCTOS ALIMENTICIOS,363,463902,ALMACEN DE DISTRIBUCION DE PRODUCTOS ALIMENTICIOS,True,False,numeric_normalized
epigrafe,463903.0,ALMACEN DE DISTRIBUCION POLIVALENTE A TEMPERATURA DE REFRIGERACION,ALMACEN DE DISTRIBUCION POLIVALENTE A TEMPERATURA DE REFRIGERACION,54,463903,ALMACEN DE DISTRIBUCION POLIVALENTE A TEMPERATURA DE REFRIGERACION,True,False,numeric_normalized
epigrafe,477901.0,COMERCIO AL POR MENOR DE ARTICULOS DE SEGUNDA MANO,COMERCIO AL POR MENOR DE ARTICULOS DE SEGUNDA MANO,1984,477901,COMERCIO AL POR MENOR DE ARTICULOS DE SEGUNDA MANO,True,False,numeric_normalized
epigrafe,439001.0,"OTRAS ACTIVIDADES DE CONSTRUCCION ESPECIALIZADA (CONSTRUCCION DE CUBIERTAS, CIMENTACION, PISCINAS)",OTRAS ACTIVIDADES DE CONSTRUCCION ESPECIALIZADA CONSTRUCCION DE CUBIERTAS CIMENTACION PISCINAS,1655,439001,"OTRAS ACTIVIDADES DE CONSTRUCCION ESPECIALIZADA (CONSTRUCCION DE CUBIERTAS, CIMENTACION, PISCINAS)",True,False,numeric_normalized
epigrafe,562901.0,"OTROS SERVICIOS DE COMIDAS EN INSTALACIONES DEPORTIVAS, OFICINAS, EMPRESAS O SIMILARES",OTROS SERVICIOS DE COMIDAS EN INSTALACIONES DEPORTIVAS OFICINAS EMPRESAS O SIMILARES,849,562901,"OTROS SERVICIOS DE COMIDAS EN INSTALACIONES DEPORTIVAS, OFICINAS, EMPRESAS O SIMILARES",True,False,numeric_normalized
epigrafe,559001.0,COLEGIOS MAYORES Y RESIDENCIAS DE ESTUDIANTES,COLEGIOS MAYORES Y RESIDENCIAS DE ESTUDIANTES,353,559001,COLEGIOS MAYORES Y RESIDENCIAS DE ESTUDIANTES,True,False,numeric_normalized
epigrafe,741001.0,ACTIVIDADES DE DISEÑO ESPECIALIZADO,ACTIVIDADES DE DISENO ESPECIALIZADO,427,741001,ACTIVIDADES DE DISEÑO ESPECIALIZADO,True,False,numeric_normalized
epigrafe,108005.0,FABRICACION O ELABORACION DE OTROS PRODUCTOS ALIMENTICIOS N.C.O.P.,FABRICACION O ELABORACION DE OTROS PRODUCTOS ALIMENTICIOS N C O P,92,108005,FABRICACION O ELABORACION DE OTROS PRODUCTOS ALIMENTICIOS N.C.O.P.,True,False,numeric_normalized
epigrafe,47800108.0,"SITUADOS: COMPLEMENTOS, BISUTERIA Y ARTESANIA",SITUADOS COMPLEMENTOS BISUTERIA Y ARTESANIA,171,47800108,"SITUADOS: COMPLEMENTOS, BISUTERIA Y ARTESANIA",True,False,numeric_normalized
epigrafe,321001.0,"FABRICACION DE ARTICULOS DE JOYERIA, BISUTERIA Y SIMILARES",FABRICACION DE ARTICULOS DE JOYERIA BISUTERIA Y SIMILARES,210,321001,"FABRICACION DE ARTICULOS DE JOYERIA, BISUTERIA Y SIMILARES",True,False,numeric_normalized
epigrafe,471102.0,"COMERCIO AL POR MENOR EN ESTABLECIMIENTOS NO ESPECIALIZADOS, CON PREDOMINIO EN PRODUCTOS ALIMENTICIOS, BEBIDAS Y TABACO (GRANDES SUPERFICIES)",COMERCIO AL POR MENOR EN ESTABLECIMIENTOS NO ESPECIALIZADOS CON PREDOMINIO EN PRODUCTOS ALIMENTICIOS BEBIDAS Y TABACO GRANDES SUPERFICIES,552,471102,"COMERCIO AL POR MENOR EN ESTABLECIMIENTOS NO ESPECIALIZADOS, CON PREDOMINIO EN PRODUCTOS ALIMENTICIOS, BEBIDAS Y TABACO (GRANDES SUPERFICIES)",True,False,numeric_normalized
epigrafe,855001.0,AUTOESCUELA,AUTOESCUELA,1794,855001,AUTOESCUELA,True,False,numeric_normalized
epigrafe,477701.0,"COMERCIO AL POR MENOR DE JOYAS, RELOJERIA Y BISUTERIA",COMERCIO AL POR MENOR DE JOYAS RELOJERIA Y BISUTERIA,4625,477701,"COMERCIO AL POR MENOR DE JOYAS, RELOJERIA Y BISUTERIA",True,False,numeric_normalized
epigrafe,561003.0,AUTOSERVICIO DE RESTAURACION,AUTOSERVICIO DE RESTAURACION,137,561003,AUTOSERVICIO DE RESTAURACION,True,False,numeric_normalized
epigrafe,710002.0,DESPACHO PROFESIONAL DE ARQUITECTURA E INGENIERIA,DESPACHO PROFESIONAL DE ARQUITECTURA E INGENIERIA,224,710002,DESPACHO PROFESIONAL DE ARQUITECTURA E INGENIERIA,True,False,numeric_normalized
epigrafe,852001.0,CENTRO DE INFANTIL Y PRIMARIA PUBLICO,CENTRO DE INFANTIL Y PRIMARIA PUBLICO,1213,852001,CENTRO DE INFANTIL Y PRIMARIA PUBLICO,True,False,numeric_normalized
epigrafe,851002.0,ESCUELAS INFANTILES DE SEGUNDO CICLO,ESCUELAS INFANTILES DE SEGUNDO CICLO,1263,851002,ESCUELAS INFANTILES DE SEGUNDO CICLO,True,False,numeric_normalized
epigrafe,475101.0,COMERCIO AL POR MENOR DE TEXTILES PARA EL HOGAR,COMERCIO AL POR MENOR DE TEXTILES PARA EL HOGAR,2745,475101,COMERCIO AL POR MENOR DE TEXTILES PARA EL HOGAR,True,False,numeric_normalized
epigrafe,851003.0,CENTROS DE CUIDADO INFANTIL,CENTROS DE CUIDADO INFANTIL,284,851003,CENTROS DE CUIDADO INFANTIL,True,False,numeric_normalized
epigrafe,461601.0,"INTERMEDIARIOS DEL COMERCIO DE TEXTILES, PRENDAS DE VESTIR, PELETERIA, CALZADO Y ARTICULOS DE CUERO",INTERMEDIARIOS DEL COMERCIO DE TEXTILES PRENDAS DE VESTIR PELETERIA CALZADO Y ARTICULOS DE CUERO,420,461601,"INTERMEDIARIOS DEL COMERCIO DE TEXTILES, PRENDAS DE VESTIR, PELETERIA, CALZADO Y ARTICULOS DE CUERO",True,False,numeric_normalized
epigrafe,472402.0,COMERCIO AL POR MENOR DE PAN Y PRODUCTOS DE PANADERIA Y BOLLERIA SIN OBRADOR,COMERCIO AL POR MENOR DE PAN Y PRODUCTOS DE PANADERIA Y BOLLERIA SIN OBRADOR,2929,472402,COMERCIO AL POR MENOR DE PAN Y PRODUCTOS DE PANADERIA Y BOLLERIA SIN OBRADOR,True,False,numeric_normalized
epigrafe,949101.0,ACTIVIDADES DE ORGANIZACIONES RELIGIOSAS,ACTIVIDADES DE ORGANIZACIONES RELIGIOSAS,3709,949101,ACTIVIDADES DE ORGANIZACIONES RELIGIOSAS,True,False,numeric_normalized
epigrafe,464801.0,"COMERCIO AL POR MAYOR DE METALES PRECIOSOS, JOYERIA Y RELOJERIA",COMERCIO AL POR MAYOR DE METALES PRECIOSOS JOYERIA Y RELOJERIA,263,464801,"COMERCIO AL POR MAYOR DE METALES PRECIOSOS, JOYERIA Y RELOJERIA",True,False,numeric_normalized
epigrafe,952003.0,TAPICERIA,TAPICERIA,993,952003,TAPICERIA,True,False,numeric_normalized
epigrafe,472601.0,COMERCIO AL POR MENOR DE TABACOS Y ARTICULOS DE FUMADOR,COMERCIO AL POR MENOR DE TABACOS Y ARTICULOS DE FUMADOR,2563,472601,COMERCIO AL POR MENOR DE TABACOS Y ARTICULOS DE FUMADOR,True,False,numeric_normalized
epigrafe,990001.0,ACTIVIDADES DE ORGANIZACIONES Y ORGANISMOS EXTRATERRITORIALES,ACTIVIDADES DE ORGANIZACIONES Y ORGANISMOS EXTRATERRITORIALES,362,990001,ACTIVIDADES DE ORGANIZACIONES Y ORGANISMOS EXTRATERRITORIALES,True,False,numeric_normalized
epigrafe,475301.0,"COMERCIO AL POR MENOR DE ALFOMBRAS, MOQUETAS Y REVESTIMIENTOS DE PAREDES Y SUELOS EN ESTABLECIMIENTOS ESPECIALIZADOS",COMERCIO AL POR MENOR DE ALFOMBRAS MOQUETAS Y REVESTIMIENTOS DE PAREDES Y SUELOS EN ESTABLECIMIENTOS ESPECIALIZADOS,502,475301,"COMERCIO AL POR MENOR DE ALFOMBRAS, MOQUETAS Y REVESTIMIENTOS DE PAREDES Y SUELOS EN ESTABLECIMIENTOS ESPECIALIZADOS",True,False,numeric_normalized
epigrafe,464903.0,COMERCIO AL POR MAYOR DE OTROS ARTICULOS DE USO DOMESTICO N.C.O.P.,COMERCIO AL POR MAYOR DE OTROS ARTICULOS DE USO DOMESTICO N C O P,509,464903,COMERCIO AL POR MAYOR DE OTROS ARTICULOS DE USO DOMESTICO N.C.O.P.,True,False,numeric_normalized
epigrafe,861001.0,ACTIVIDADES HOSPITALARIAS,ACTIVIDADES HOSPITALARIAS,310,861001,ACTIVIDADES HOSPITALARIAS,True,False,numeric_normalized
epigrafe,869005.0,CONSULTA DE OPTICOS-OPTOMETRISTAS,CONSULTA DE OPTICOS OPTOMETRISTAS,349,869005,CONSULTA DE OPTICOS-OPTOMETRISTAS,True,False,numeric_normalized
epigrafe,141001.0,CONFECCION PRENDAS DE VESTIR (INCLUIDO CUERO Y EXCLUIDA LA PELETERIA Y LAS PRENDAS DE PUNTO),CONFECCION PRENDAS DE VESTIR INCLUIDO CUERO Y EXCLUIDA LA PELETERIA Y LAS PRENDAS DE PUNTO,1019,141001,CONFECCION PRENDAS DE VESTIR (INCLUIDO CUERO Y EXCLUIDA LA PELETERIA Y LAS PRENDAS DE PUNTO),True,False,numeric_normalized
epigrafe,949902.0,OTRAS ACTIVIDADES ASOCIATIVAS N.C.O.P.,OTRAS ACTIVIDADES ASOCIATIVAS N C O P,2776,949902,OTRAS ACTIVIDADES ASOCIATIVAS N.C.O.P.,True,False,numeric_normalized
epigrafe,960206.0,CENTROS DE FOTODEPILACION,CENTROS DE FOTODEPILACION,1050,960206,CENTROS DE FOTODEPILACION,True,False,numeric_normalized
epigrafe,472406.0,ESTABLECIMIENTOS DE VENTA DE PLATOS PREPARADOS SIN OBRADOR,ESTABLECIMIENTOS DE VENTA DE PLATOS PREPARADOS SIN OBRADOR,426,472406,ESTABLECIMIENTOS DE VENTA DE PLATOS PREPARADOS SIN OBRADOR,True,False,numeric_normalized
epigrafe,853002.0,"CENTRO DE PRIMARIA, SECUNDARIA, BACHILLERATO Y/O FP PRIVADO",CENTRO DE PRIMARIA SECUNDARIA BACHILLERATO Y O FP PRIVADO,660,853002,"CENTRO DE PRIMARIA, SECUNDARIA, BACHILLERATO Y/O FP PRIVADO",True,False,numeric_normalized
epigrafe,881001.0,ACTIVIDADES DE SERVICIOS SOCIALES SIN ALOJAMIENTO PARA PERSONAS MAYORES Y DISCAPACITADOS,ACTIVIDADES DE SERVICIOS SOCIALES SIN ALOJAMIENTO PARA PERSONAS MAYORES Y DISCAPACITADOS,1687,881001,ACTIVIDADES DE SERVICIOS SOCIALES SIN ALOJAMIENTO PARA PERSONAS MAYORES Y DISCAPACITADOS,True,False,numeric_normalized
epigrafe,581001.0,"EDICION DE LIBROS, PERIODICOS Y OTRAS ACTIVIDADES EDITORIALES",EDICION DE LIBROS PERIODICOS Y OTRAS ACTIVIDADES EDITORIALES,509,581001,"EDICION DE LIBROS, PERIODICOS Y OTRAS ACTIVIDADES EDITORIALES",True,False,numeric_normalized
epigrafe,477602.0,COMERCIO AL POR MENOR DE COMPLEMENTOS Y ALIMENTOS PARA ANIMALES DE COMPAÑIA,COMERCIO AL POR MENOR DE COMPLEMENTOS Y ALIMENTOS PARA ANIMALES DE COMPANIA,649,477602,COMERCIO AL POR MENOR DE COMPLEMENTOS Y ALIMENTOS PARA ANIMALES DE COMPAÑIA,True,False,numeric_normalized
epigrafe,742001.0,SERVICIOS FOTOGRAFICOS,SERVICIOS FOTOGRAFICOS,528,742001,SERVICIOS FOTOGRAFICOS,True,False,numeric_normalized
epigrafe,771001.0,ALQUILER DE VEHICULOS DE MOTOR,ALQUILER DE VEHICULOS DE MOTOR,377,771001,ALQUILER DE VEHICULOS DE MOTOR,True,False,numeric_normalized
epigrafe,662001.0,ACTIVIDADES AUXILIARES A SEGUROS Y FONDOS DE PENSIONES,ACTIVIDADES AUXILIARES A SEGUROS Y FONDOS DE PENSIONES,385,662001,ACTIVIDADES AUXILIARES A SEGUROS Y FONDOS DE PENSIONES,True,False,numeric_normalized
epigrafe,710001.0,SERVICIOS TECNICOS DE ARQUITECTURA E INGENIERIA. ENSAYOS Y ANALISIS TECNICOS,SERVICIOS TECNICOS DE ARQUITECTURA E INGENIERIA ENSAYOS Y ANALISIS TECNICOS,1624,710001,SERVICIOS TECNICOS DE ARQUITECTURA E INGENIERIA. ENSAYOS Y ANALISIS TECNICOS,True,False,numeric_normalized
epigrafe,420001.0,INGENIERIA CIVIL,INGENIERIA CIVIL,249,420001,INGENIERIA CIVIL,True,False,numeric_normalized
epigrafe,494001.0,TRANSPORTE DE MERCANCIAS POR CARRETERA Y SERVICIOS DE MUDANZAS,TRANSPORTE DE MERCANCIAS POR CARRETERA Y SERVICIOS DE MUDANZAS,495,494001,TRANSPORTE DE MERCANCIAS POR CARRETERA Y SERVICIOS DE MUDANZAS,True,False,numeric_normalized
epigrafe,463401.0,COMERCIO AL POR MAYOR DE BEBIDAS,COMERCIO AL POR MAYOR DE BEBIDAS,180,463401,COMERCIO AL POR MAYOR DE BEBIDAS,True,False,numeric_normalized
epigrafe,432001.0,"INSTALACIONES ELECTRICAS, DE FONTANERIA Y OTRAS EN OBRAS DE CONSTRUCCION",INSTALACIONES ELECTRICAS DE FONTANERIA Y OTRAS EN OBRAS DE CONSTRUCCION,6348,432001,"INSTALACIONES ELECTRICAS, DE FONTANERIA Y OTRAS EN OBRAS DE CONSTRUCCION",True,False,numeric_normalized
epigrafe,561002.0,RESTAURANTES DE COMIDA RAPIDA,RESTAURANTES DE COMIDA RAPIDA,1892,561002,RESTAURANTES DE COMIDA RAPIDA,True,False,numeric_normalized
epigrafe,691002.0,DESPACHO PROFESIONAL DE ACTIVIDADES JURIDICAS,DESPACHO PROFESIONAL DE ACTIVIDADES JURIDICAS,138,691002,DESPACHO PROFESIONAL DE ACTIVIDADES JURIDICAS,True,False,numeric_normalized
epigrafe,452001.0,TALLER DE REPARACION DE AUTOMOVILES ESPECIALIZADO EN CHAPA Y PINTURA,TALLER DE REPARACION DE AUTOMOVILES ESPECIALIZADO EN CHAPA Y PINTURA,2630,452001,TALLER DE REPARACION DE AUTOMOVILES ESPECIALIZADO EN CHAPA Y PINTURA,True,False,numeric_normalized
epigrafe,855003.0,ENSEÑANZA DE IDIOMAS,ENSENANZA DE IDIOMAS,846,855003,ENSEÑANZA DE IDIOMAS,True,False,numeric_normalized
epigrafe,692001.0,"ACTIVIDADES DE CONTABILIDAD, TENEDURIA, AUDITORIA Y ASESORIA FISCAL",ACTIVIDADES DE CONTABILIDAD TENEDURIA AUDITORIA Y ASESORIA FISCAL,3092,692001,"ACTIVIDADES DE CONTABILIDAD, TENEDURIA, AUDITORIA Y ASESORIA FISCAL",True,False,numeric_normalized
epigrafe,471103.0,TIENDA DE CONVENIENCIA (24H),TIENDA DE CONVENIENCIA 24H,131,471103,TIENDA DE CONVENIENCIA (24H),True,False,numeric_normalized
epigrafe,563002.0,BAR ESPECIAL SIN ACTUACIONES,BAR ESPECIAL SIN ACTUACIONES,4531,563002,BAR ESPECIAL SIN ACTUACIONES,True,False,numeric_normalized
epigrafe,869009.0,"SERVICIOS PARASANITARIOS (NATUROPATIA, ACUPUNTURA, HOMEOPATIA)",SERVICIOS PARASANITARIOS NATUROPATIA ACUPUNTURA HOMEOPATIA,493,869009,"SERVICIOS PARASANITARIOS (NATUROPATIA, ACUPUNTURA, HOMEOPATIA)",True,False,numeric_normalized
epigrafe,181001.0,IMPRENTA,IMPRENTA,1777,181001,IMPRENTA,True,False,numeric_normalized
epigrafe,475206.0,COMERCIO AL POR MENOR DE MATERIAL ELECTRICO,COMERCIO AL POR MENOR DE MATERIAL ELECTRICO,1060,475206,COMERCIO AL POR MENOR DE MATERIAL ELECTRICO,True,False,numeric_normalized
epigrafe,472207.0,COMERCIO AL POR MENOR DE CASQUERIA,COMERCIO AL POR MENOR DE CASQUERIA,529,472207,COMERCIO AL POR MENOR DE CASQUERIA,True,False,numeric_normalized
epigrafe,475204.0,COMERCIO AL POR MENOR EN TIENDAS DE BRICOLAJE,COMERCIO AL POR MENOR EN TIENDAS DE BRICOLAJE,402,475204,COMERCIO AL POR MENOR EN TIENDAS DE BRICOLAJE,True,False,numeric_normalized
epigrafe,472910.0,"COMERCIO AL POR MENOR DE CAFE, INFUSIONES Y CHOCOLATE",COMERCIO AL POR MENOR DE CAFE INFUSIONES Y CHOCOLATE,362,472910,"COMERCIO AL POR MENOR DE CAFE, INFUSIONES Y CHOCOLATE",True,False,numeric_normalized
epigrafe,469001.0,COMERCIO AL MAYOR CON ALMACEN,COMERCIO AL MAYOR CON ALMACEN,141,469001,COMERCIO AL MAYOR CON ALMACEN,True,False,numeric_normalized
epigrafe,151001.0,"PREPARACION, CURTIDO Y ACABADO DEL CUERO. FABRICACION DE ARTICULOS DE MARROQUINERIA, VIAJE, GUARNICIONERIA Y TALABARTERIA. PREPARACION Y TEÑIDO DE PIELES",PREPARACION CURTIDO Y ACABADO DEL CUERO FABRICACION DE ARTICULOS DE MARROQUINERIA VIAJE GUARNICIONERIA Y TALABARTERIA PREPARACION Y TENIDO DE PIELES,105,151001,"PREPARACION, CURTIDO Y ACABADO DEL CUERO. FABRICACION DE ARTICULOS DE MARROQUINERIA, VIAJE, GUARNICIONERIA Y TALABARTERIA. PREPARACION Y TEÑIDO DE PIELES",True,False,numeric_normalized
epigrafe,475906.0,COMERCIO AL POR MENOR DE APARATOS DE ILUMINACION,COMERCIO AL POR MENOR DE APARATOS DE ILUMINACION,388,475906,COMERCIO AL POR MENOR DE APARATOS DE ILUMINACION,True,False,numeric_normalized
epigrafe,563007.0,CAFE ESPECTACULO,CAFE ESPECTACULO,325,563007,CAFE ESPECTACULO,True,False,numeric_normalized
epigrafe,472906.0,COMERCIO AL POR MENOR DE GOLOSINAS,COMERCIO AL POR MENOR DE GOLOSINAS,363,472906,COMERCIO AL POR MENOR DE GOLOSINAS,True,False,numeric_normalized
epigrafe,477403.0,COMERCIO AL POR MENOR DE INSTRUMENTOS MEDICOS Y ORTOPEDICOS,COMERCIO AL POR MENOR DE INSTRUMENTOS MEDICOS Y ORTOPEDICOS,364,477403,COMERCIO AL POR MENOR DE INSTRUMENTOS MEDICOS Y ORTOPEDICOS,True,False,numeric_normalized
epigrafe,300001.0,FABRICACION DE OTRO MATERIAL DE TRANSPORTE,FABRICACION DE OTRO MATERIAL DE TRANSPORTE,12,300001,FABRICACION DE OTRO MATERIAL DE TRANSPORTE,True,False,numeric_normalized
epigrafe,476501.0,COMERCIO AL POR MENOR DE JUEGOS Y JUGUETES,COMERCIO AL POR MENOR DE JUEGOS Y JUGUETES,1103,476501,COMERCIO AL POR MENOR DE JUEGOS Y JUGUETES,True,False,numeric_normalized
epigrafe,472501.0,"COMERCIO AL POR MENOR DE LECHE, PRODUCTOS LACTEOS Y BEBIDAS REFRESCANTES",COMERCIO AL POR MENOR DE LECHE PRODUCTOS LACTEOS Y BEBIDAS REFRESCANTES,427,472501,"COMERCIO AL POR MENOR DE LECHE, PRODUCTOS LACTEOS Y BEBIDAS REFRESCANTES",True,False,numeric_normalized
epigrafe,869004.0,DESPACHO DE PODOLOGOS,DESPACHO DE PODOLOGOS,32,869004,DESPACHO DE PODOLOGOS,True,False,numeric_normalized
epigrafe,552001.0,ALBERGUES JUVENILES Y OTROS ALOJAMIENTOS TURISTICOS DE CORTA ESTANCIA,ALBERGUES JUVENILES Y OTROS ALOJAMIENTOS TURISTICOS DE CORTA ESTANCIA,45,552001,ALBERGUES JUVENILES Y OTROS ALOJAMIENTOS TURISTICOS DE CORTA ESTANCIA,True,False,numeric_normalized
epigrafe,900003.0,TEATRO Y ACTIVIDADES ESCENICAS REALIZADAS EN DIRECTO,TEATRO Y ACTIVIDADES ESCENICAS REALIZADAS EN DIRECTO,313,900003,TEATRO Y ACTIVIDADES ESCENICAS REALIZADAS EN DIRECTO,True,False,numeric_normalized
epigrafe,454001.0,MANTENIMIENTO Y REPARACION DE MOTOCICLETAS Y VENTA DE SUS REPUESTOS Y ACCESORIOS,MANTENIMIENTO Y REPARACION DE MOTOCICLETAS Y VENTA DE SUS REPUESTOS Y ACCESORIOS,626,454001,MANTENIMIENTO Y REPARACION DE MOTOCICLETAS Y VENTA DE SUS REPUESTOS Y ACCESORIOS,True,False,numeric_normalized
epigrafe,592001.0,ACTIVIDADES DE GRABACION DE SONIDO Y EDICION MUSICAL,ACTIVIDADES DE GRABACION DE SONIDO Y EDICION MUSICAL,232,592001,ACTIVIDADES DE GRABACION DE SONIDO Y EDICION MUSICAL,True,False,numeric_normalized
epigrafe,472502.0,COMERCIO AL POR MENOR DE VINOS Y ALCOHOLES (BODEGA) SIN CONSUMO,COMERCIO AL POR MENOR DE VINOS Y ALCOHOLES BODEGA SIN CONSUMO,649,472502,COMERCIO AL POR MENOR DE VINOS Y ALCOHOLES (BODEGA) SIN CONSUMO,True,False,numeric_normalized
epigrafe,782001.0,ACTIVIDADES DE LAS EMPRESAS DE TRABAJO TEMPORAL,ACTIVIDADES DE LAS EMPRESAS DE TRABAJO TEMPORAL,105,782001,ACTIVIDADES DE LAS EMPRESAS DE TRABAJO TEMPORAL,True,False,numeric_normalized
epigrafe,476401.0,COMERCIO AL POR MENOR DE BICICLETAS,COMERCIO AL POR MENOR DE BICICLETAS,408,476401,COMERCIO AL POR MENOR DE BICICLETAS,True,False,numeric_normalized
epigrafe,463802.0,COMERCIO AL POR MAYOR DE PRODUCTOS DE LA PESCA Y MARISCOS (EXCEPTO CONGELADOS),COMERCIO AL POR MAYOR DE PRODUCTOS DE LA PESCA Y MARISCOS EXCEPTO CONGELADOS,548,463802,COMERCIO AL POR MAYOR DE PRODUCTOS DE LA PESCA Y MARISCOS (EXCEPTO CONGELADOS),True,False,numeric_normalized
epigrafe,472904.0,COMERCIO AL POR MENOR DE HELADOS SIN OBRADOR,COMERCIO AL POR MENOR DE HELADOS SIN OBRADOR,781,472904,COMERCIO AL POR MENOR DE HELADOS SIN OBRADOR,True,False,numeric_normalized
epigrafe,949201.0,ACTIVIDADES DE ORGANIZACIONES POLITICAS,ACTIVIDADES DE ORGANIZACIONES POLITICAS,267,949201,ACTIVIDADES DE ORGANIZACIONES POLITICAS,True,False,numeric_normalized
epigrafe,691001.0,ACTIVIDADES JURIDICAS,ACTIVIDADES JURIDICAS,623,691001,ACTIVIDADES JURIDICAS,True,False,numeric_normalized
epigrafe,773001.0,ALQUILER MAQUINARIA Y EQUIPO DE CONSTRUCCION,ALQUILER MAQUINARIA Y EQUIPO DE CONSTRUCCION,324,773001,ALQUILER MAQUINARIA Y EQUIPO DE CONSTRUCCION,True,False,numeric_normalized
epigrafe,661002.0,CAMBIO Y ENVIO DE MONEDA,CAMBIO Y ENVIO DE MONEDA,537,661002,CAMBIO Y ENVIO DE MONEDA,True,False,numeric_normalized
epigrafe,475902.0,COMERCIO AL POR MENOR DE MENAJE DEL HOGAR,COMERCIO AL POR MENOR DE MENAJE DEL HOGAR,628,475902,COMERCIO AL POR MENOR DE MENAJE DEL HOGAR,True,False,numeric_normalized
epigrafe,853003.0,"CENTRO PRIV.CONCERTADO DE PRIMARIA, SECUND., BACHILL. Y/O FP",CENTRO PRIV CONCERTADO DE PRIMARIA SECUND BACHILL Y O FP,644,853003,"CENTRO PRIV.CONCERTADO DE PRIMARIA, SECUND., BACHILL. Y/O FP",True,False,numeric_normalized
epigrafe,331001.0,"MANTENIMIENTO Y REPARACION DE MAQUINARIA Y EQUIPO, INCLUIDO EL FERROVIARIO",MANTENIMIENTO Y REPARACION DE MAQUINARIA Y EQUIPO INCLUIDO EL FERROVIARIO,567,331001,"MANTENIMIENTO Y REPARACION DE MAQUINARIA Y EQUIPO, INCLUIDO EL FERROVIARIO",True,False,numeric_normalized
epigrafe,750002.0,CLINICA VETERINARIA CON TRATAMIENTO HIGIENICO,CLINICA VETERINARIA CON TRATAMIENTO HIGIENICO,778,750002,CLINICA VETERINARIA CON TRATAMIENTO HIGIENICO,True,False,numeric_normalized
epigrafe,101001.0,"PROCESADO Y CONSERVACION DE CARNE Y ELABORACION DE PRODUCTOS CARNICOS, AVES Y CAZA",PROCESADO Y CONSERVACION DE CARNE Y ELABORACION DE PRODUCTOS CARNICOS AVES Y CAZA,115,101001,"PROCESADO Y CONSERVACION DE CARNE Y ELABORACION DE PRODUCTOS CARNICOS, AVES Y CAZA",True,False,numeric_normalized
epigrafe,433001.0,"ACABADO DE EDIFICIOS (CARPINTERIA, REVOCAMIENTO, REVESTIMIENTO DE SUELOS Y PAREDES, PINTURA, ACRISTALAMIENTO)",ACABADO DE EDIFICIOS CARPINTERIA REVOCAMIENTO REVESTIMIENTO DE SUELOS Y PAREDES PINTURA ACRISTALAMIENTO,1049,433001,"ACABADO DE EDIFICIOS (CARPINTERIA, REVOCAMIENTO, REVESTIMIENTO DE SUELOS Y PAREDES, PINTURA, ACRISTALAMIENTO)",True,False,numeric_normalized
epigrafe,960301.0,POMPAS FUNEBRES Y ACTIVIDADES RELACIONADAS,POMPAS FUNEBRES Y ACTIVIDADES RELACIONADAS,147,960301,POMPAS FUNEBRES Y ACTIVIDADES RELACIONADAS,True,False,numeric_normalized
epigrafe,332001.0,INSTALACION DE MAQUINAS Y EQUIPOS INDUSTRIALES,INSTALACION DE MAQUINAS Y EQUIPOS INDUSTRIALES,167,332001,INSTALACION DE MAQUINAS Y EQUIPOS INDUSTRIALES,True,False,numeric_normalized
epigrafe,852002.0,CENTRO DE INFANTIL Y PRIMARIA PRIVADO,CENTRO DE INFANTIL Y PRIMARIA PRIVADO,521,852002,CENTRO DE INFANTIL Y PRIMARIA PRIVADO,True,False,numeric_normalized
epigrafe,643001.0,"INVERSION COLECTIVA, FONDOS Y ENTIDADES FINANCIERAS SIMILARES",INVERSION COLECTIVA FONDOS Y ENTIDADES FINANCIERAS SIMILARES,75,643001,"INVERSION COLECTIVA, FONDOS Y ENTIDADES FINANCIERAS SIMILARES",True,False,numeric_normalized
epigrafe,720001.0,INVESTIGACION Y DESARROLLO,INVESTIGACION Y DESARROLLO,194,720001,INVESTIGACION Y DESARROLLO,True,False,numeric_normalized
epigrafe,813001.0,ACTIVIDADES DE JARDINERIA,ACTIVIDADES DE JARDINERIA,103,813001,ACTIVIDADES DE JARDINERIA,True,False,numeric_normalized
epigrafe,851008.0,CENTROS PRIVADOS DE EDUCACION PRIMARIA,CENTROS PRIVADOS DE EDUCACION PRIMARIA,156,851008,CENTROS PRIVADOS DE EDUCACION PRIMARIA,True,False,numeric_normalized
epigrafe,932002.0,CENTROS DE JUEGOS O CELEBRACIONES INFANTILES SIN COCINA,CENTROS DE JUEGOS O CELEBRACIONES INFANTILES SIN COCINA,414,932002,CENTROS DE JUEGOS O CELEBRACIONES INFANTILES SIN COCINA,True,False,numeric_normalized
epigrafe,250003.0,"FABRICACION DE PRODUCTOS METALICOS, EXCEPTO MAQUINARIA Y EQUIPO",FABRICACION DE PRODUCTOS METALICOS EXCEPTO MAQUINARIA Y EQUIPO,1888,250003,"FABRICACION DE PRODUCTOS METALICOS, EXCEPTO MAQUINARIA Y EQUIPO",True,False,numeric_normalized
epigrafe,463905.0,ALMACEN DE DISTRIBUCION POLIVALENTE A TEMPERATURA NO REGULADA,ALMACEN DE DISTRIBUCION POLIVALENTE A TEMPERATURA NO REGULADA,87,463905,ALMACEN DE DISTRIBUCION POLIVALENTE A TEMPERATURA NO REGULADA,True,False,numeric_normalized
epigrafe,920002.0,"JUEGOS DE AZAR Y APUESTAS DE GESTION PRIVADA (BINGOS, CASINOS, MAQUINAS TRAGAPERRAS)",JUEGOS DE AZAR Y APUESTAS DE GESTION PRIVADA BINGOS CASINOS MAQUINAS TRAGAPERRAS,893,920002,"JUEGOS DE AZAR Y APUESTAS DE GESTION PRIVADA (BINGOS, CASINOS, MAQUINAS TRAGAPERRAS)",True,False,numeric_normalized
epigrafe,479001.0,"COMERCIO AL POR MENOR POR CORRESPONDENCIA, INTERNET, A DOMICILIO",COMERCIO AL POR MENOR POR CORRESPONDENCIA INTERNET A DOMICILIO,215,479001,"COMERCIO AL POR MENOR POR CORRESPONDENCIA, INTERNET, A DOMICILIO",True,False,numeric_normalized
epigrafe,772002.0,VIDEOCLUB,VIDEOCLUB,265,772002,VIDEOCLUB,True,False,numeric_normalized
epigrafe,240001.0,"METALURGIA. FABRICACION DE PRODUCTOS DE HIERRO, ACERO Y FERROALEACIONES",METALURGIA FABRICACION DE PRODUCTOS DE HIERRO ACERO Y FERROALEACIONES,30,240001,"METALURGIA. FABRICACION DE PRODUCTOS DE HIERRO, ACERO Y FERROALEACIONES",True,False,numeric_normalized
epigrafe,663001.0,ACTIVIDADES DE GESTION DE FONDOS,ACTIVIDADES DE GESTION DE FONDOS,26,663001,ACTIVIDADES DE GESTION DE FONDOS,True,False,numeric_normalized
epigrafe,931003.0,PISCINAS DE USO PUBLLICO CLIMATIZADAS,PISCINAS DE USO PUBLLICO CLIMATIZADAS,464,931003,PISCINAS DE USO PUBLLICO CLIMATIZADAS,True,False,numeric_normalized
epigrafe,451002.0,COMERCIO DE VEHICULOS DE MOTOR USADOS,COMERCIO DE VEHICULOS DE MOTOR USADOS,605,451002,COMERCIO DE VEHICULOS DE MOTOR USADOS,True,False,numeric_normalized
epigrafe,960401.0,BALNEARIOS Y SPA URBANOS,BALNEARIOS Y SPA URBANOS,234,960401,BALNEARIOS Y SPA URBANOS,True,False,numeric_normalized
epigrafe,960204.0,INSTITUTOS O CENTROS CAPILARES,INSTITUTOS O CENTROS CAPILARES,45,960204,INSTITUTOS O CENTROS CAPILARES,True,False,numeric_normalized
epigrafe,310002.0,CARPINTERIA Y EBANISTERIA,CARPINTERIA Y EBANISTERIA,641,310002,CARPINTERIA Y EBANISTERIA,True,False,numeric_normalized
epigrafe,463601.0,"COMERCIO AL POR MAYOR DE AZUCAR, CHOCOLATE Y CONFITERIA",COMERCIO AL POR MAYOR DE AZUCAR CHOCOLATE Y CONFITERIA,65,463601,"COMERCIO AL POR MAYOR DE AZUCAR, CHOCOLATE Y CONFITERIA",True,False,numeric_normalized
epigrafe,931009.0,ACTIVIDADES DE CLUBES DEPORTIVOS Y OTRAS ACTIVIDADES DEPORTIVAS,ACTIVIDADES DE CLUBES DEPORTIVOS Y OTRAS ACTIVIDADES DEPORTIVAS,601,931009,ACTIVIDADES DE CLUBES DEPORTIVOS Y OTRAS ACTIVIDADES DEPORTIVAS,True,False,numeric_normalized
epigrafe,472101.0,COMERCIO AL POR MENOR DE FRUTAS Y HORTALIZAS CON OBRADOR,COMERCIO AL POR MENOR DE FRUTAS Y HORTALIZAS CON OBRADOR,437,472101,COMERCIO AL POR MENOR DE FRUTAS Y HORTALIZAS CON OBRADOR,True,False,numeric_normalized
epigrafe,750003.0,CLINICA VETERINARIA SIN TRATAMIENTO HIGIENICO,CLINICA VETERINARIA SIN TRATAMIENTO HIGIENICO,382,750003,CLINICA VETERINARIA SIN TRATAMIENTO HIGIENICO,True,False,numeric_normalized
epigrafe,931002.0,PISCINAS DE USO PUBLICO DE TEMPORADA,PISCINAS DE USO PUBLICO DE TEMPORADA,376,931002,PISCINAS DE USO PUBLICO DE TEMPORADA,True,False,numeric_normalized
epigrafe,829001.0,"ACTIVIDADES DE APOYO A LAS EMPRESAS N.C.O.P. (AGENCIAS DE COBROS, ENVASADO Y EMPAQUETADO)",ACTIVIDADES DE APOYO A LAS EMPRESAS N C O P AGENCIAS DE COBROS ENVASADO Y EMPAQUETADO,194,829001,"ACTIVIDADES DE APOYO A LAS EMPRESAS N.C.O.P. (AGENCIAS DE COBROS, ENVASADO Y EMPAQUETADO)",True,False,numeric_normalized
epigrafe,230006.0,FABRICACION DE PRODUCTOS ABRASIVOS Y PRODUCTOS MINERALES NO METALICOS N.C.O.P.,FABRICACION DE PRODUCTOS ABRASIVOS Y PRODUCTOS MINERALES NO METALICOS N C O P,12,230006,FABRICACION DE PRODUCTOS ABRASIVOS Y PRODUCTOS MINERALES NO METALICOS N.C.O.P.,True,False,numeric_normalized
epigrafe,932004.0,SALAS DE FIESTA CON RESTAURACION,SALAS DE FIESTA CON RESTAURACION,55,932004,SALAS DE FIESTA CON RESTAURACION,True,False,numeric_normalized
epigrafe,561007.0,CHOCOLATERIA/SALON DE TE Y HELADERIA,CHOCOLATERIA SALON DE TE Y HELADERIA,394,561007,CHOCOLATERIA/SALON DE TE Y HELADERIA,True,False,numeric_normalized
epigrafe,463201.0,"COMERCIO AL POR MAYOR CARNES Y DERIVADOS, AVES Y CAZA",COMERCIO AL POR MAYOR CARNES Y DERIVADOS AVES Y CAZA,147,463201,"COMERCIO AL POR MAYOR CARNES Y DERIVADOS, AVES Y CAZA",True,False,numeric_normalized
epigrafe,853001.0,"CENTRO PUBLICO DE SECUNDARIA, BACHILLERATO Y/O FP",CENTRO PUBLICO DE SECUNDARIA BACHILLERATO Y O FP,562,853001,"CENTRO PUBLICO DE SECUNDARIA, BACHILLERATO Y/O FP",True,False,numeric_normalized
epigrafe,181002.0,SERIGRAFIA Y SERVICIOS DE PREIMPRESION Y PREPARACION DE SOPORTES,SERIGRAFIA Y SERVICIOS DE PREIMPRESION Y PREPARACION DE SOPORTES,511,181002,SERIGRAFIA Y SERVICIOS DE PREIMPRESION Y PREPARACION DE SOPORTES,True,False,numeric_normalized
epigrafe,90001.0,ACTIVIDADES DE APOYO A LAS INDUSTRIAS EXTRACTIVAS,ACTIVIDADES DE APOYO A LAS INDUSTRIAS EXTRACTIVAS,4,90001,ACTIVIDADES DE APOYO A LAS INDUSTRIAS EXTRACTIVAS,True,False,numeric_normalized
epigrafe,452003.0,TALLER DE MONTAJE DE ACCESORIOS PARA EL AUTOMOVIL,TALLER DE MONTAJE DE ACCESORIOS PARA EL AUTOMOVIL,297,452003,TALLER DE MONTAJE DE ACCESORIOS PARA EL AUTOMOVIL,True,False,numeric_normalized
epigrafe,823001.0,ORGANIZACION DE CONVENCIONES Y FERIAS DE MUESTRAS,ORGANIZACION DE CONVENCIONES Y FERIAS DE MUESTRAS,195,823001,ORGANIZACION DE CONVENCIONES Y FERIAS DE MUESTRAS,True,False,numeric_normalized
epigrafe,811001.0,SERVICIOS INTEGRALES A EDIFICIOS E INSTALACIONES,SERVICIOS INTEGRALES A EDIFICIOS E INSTALACIONES,210,811001,SERVICIOS INTEGRALES A EDIFICIOS E INSTALACIONES,True,False,numeric_normalized
epigrafe,463101.0,"COMERCIO AL POR MAYOR FRUTAS, VERDURAS Y DERIVADOS",COMERCIO AL POR MAYOR FRUTAS VERDURAS Y DERIVADOS,750,463101,"COMERCIO AL POR MAYOR FRUTAS, VERDURAS Y DERIVADOS",True,False,numeric_normalized
epigrafe,463901.0,COMERCIO AL POR MAYOR DE PLATOS PREPARADOS Y COCINADOS,COMERCIO AL POR MAYOR DE PLATOS PREPARADOS Y COCINADOS,43,463901,COMERCIO AL POR MAYOR DE PLATOS PREPARADOS Y COCINADOS,True,False,numeric_normalized
epigrafe,265001.0,"FABRICACION DE INSTRUMENTOS DE PRECISION, MEDIDA Y CONTROL. FABRICACION DE RELOJES",FABRICACION DE INSTRUMENTOS DE PRECISION MEDIDA Y CONTROL FABRICACION DE RELOJES,43,265001,"FABRICACION DE INSTRUMENTOS DE PRECISION, MEDIDA Y CONTROL. FABRICACION DE RELOJES",True,False,numeric_normalized
epigrafe,649001.0,"OTROS SERVICIOS FINANCIEROS(ARRENDAMIENTO FINANCIERO, PRESTAMOS POR ENTIDADES NO FINANCIERAS), EXCEPTO SEGUROS Y FONDOS DE PENSIONES",OTROS SERVICIOS FINANCIEROS ARRENDAMIENTO FINANCIERO PRESTAMOS POR ENTIDADES NO FINANCIERAS EXCEPTO SEGUROS Y FONDOS DE PENSIONES,161,649001,"OTROS SERVICIOS FINANCIEROS(ARRENDAMIENTO FINANCIERO, PRESTAMOS POR ENTIDADES NO FINANCIERAS), EXCEPTO SEGUROS Y FONDOS DE PENSIONES",True,False,numeric_normalized
epigrafe,142001.0,FABRICACION DE ARTICULOS DE PELETERIA,FABRICACION DE ARTICULOS DE PELETERIA,62,142001,FABRICACION DE ARTICULOS DE PELETERIA,True,False,numeric_normalized
epigrafe,803001.0,ACTIVIDADES DE INVESTIGACION (DETECTIVES Y VIGILANCIA),ACTIVIDADES DE INVESTIGACION DETECTIVES Y VIGILANCIA,12,803001,ACTIVIDADES DE INVESTIGACION (DETECTIVES Y VIGILANCIA),True,False,numeric_normalized
epigrafe,750001.0,HOSPITALES VETERINARIOS,HOSPITALES VETERINARIOS,39,750001,HOSPITALES VETERINARIOS,True,False,numeric_normalized
epigrafe,750005.0,CONSULTORIO VETERINARIO SIN TRATAMIENTO HIGIENICO ANIMAL,CONSULTORIO VETERINARIO SIN TRATAMIENTO HIGIENICO ANIMAL,76,750005,CONSULTORIO VETERINARIO SIN TRATAMIENTO HIGIENICO ANIMAL,True,False,numeric_normalized
epigrafe,210001.0,FABRICACION PRODUCTOS FARMACEUTICOS,FABRICACION PRODUCTOS FARMACEUTICOS,44,210001,FABRICACION PRODUCTOS FARMACEUTICOS,True,False,numeric_normalized
epigrafe,47800101.0,SITUADOS: HELADOS Y/O BEBIDAS REFRESCANTES,SITUADOS HELADOS Y O BEBIDAS REFRESCANTES,96,47800101,SITUADOS: HELADOS Y/O BEBIDAS REFRESCANTES,True,False,numeric_normalized
epigrafe,477603.0,COMERCIO AL POR MENOR DE ANIMALES DE COMPAÑIA,COMERCIO AL POR MENOR DE ANIMALES DE COMPANIA,86,477603,COMERCIO AL POR MENOR DE ANIMALES DE COMPAÑIA,True,False,numeric_normalized
epigrafe,563006.0,CIBER-CAFE,CIBER CAFE,35,563006,CIBER-CAFE,True,False,numeric_normalized
epigrafe,472903.0,COMERCIO AL POR MENOR DE HELADOS CON OBRADOR SIN BARRA DE DEGUSTACION,COMERCIO AL POR MENOR DE HELADOS CON OBRADOR SIN BARRA DE DEGUSTACION,81,472903,COMERCIO AL POR MENOR DE HELADOS CON OBRADOR SIN BARRA DE DEGUSTACION,True,False,numeric_normalized
epigrafe,464902.0,"COMERCIO AL POR MAYOR DE LIBROS, PERIODICOS, REVISTAS, PAPELERIA Y ESCRITORIO",COMERCIO AL POR MAYOR DE LIBROS PERIODICOS REVISTAS PAPELERIA Y ESCRITORIO,301,464902,"COMERCIO AL POR MAYOR DE LIBROS, PERIODICOS, REVISTAS, PAPELERIA Y ESCRITORIO",True,False,numeric_normalized
epigrafe,472909.0,"COMERCIO AL POR MENOR DE MASAS Y PATATAS FRITAS, CHURRERIA SIN OBRADOR",COMERCIO AL POR MENOR DE MASAS Y PATATAS FRITAS CHURRERIA SIN OBRADOR,39,472909,"COMERCIO AL POR MENOR DE MASAS Y PATATAS FRITAS, CHURRERIA SIN OBRADOR",True,False,numeric_normalized
epigrafe,463701.0,"COMERCIO AL POR MAYOR DE CAFE, TE, CACAO Y ESPECIAS",COMERCIO AL POR MAYOR DE CAFE TE CACAO Y ESPECIAS,39,463701,"COMERCIO AL POR MAYOR DE CAFE, TE, CACAO Y ESPECIAS",True,False,numeric_normalized
epigrafe,475904.0,COMERCIO AL POR MENOR DE INSTRUMENTOS MUSICALES,COMERCIO AL POR MENOR DE INSTRUMENTOS MUSICALES,188,475904,COMERCIO AL POR MENOR DE INSTRUMENTOS MUSICALES,True,False,numeric_normalized
epigrafe,463301.0,COMERCIO AL POR MAYOR DE HUEVOS Y DERIVADOS,COMERCIO AL POR MAYOR DE HUEVOS Y DERIVADOS,113,463301,COMERCIO AL POR MAYOR DE HUEVOS Y DERIVADOS,True,False,numeric_normalized
epigrafe,204001.0,"FABRICACION DE JABONES, DETERGENTES Y OTROS ARTICULOS DE LIMPIEZA. PERFUMES Y COSMETICOS",FABRICACION DE JABONES DETERGENTES Y OTROS ARTICULOS DE LIMPIEZA PERFUMES Y COSMETICOS,47,204001,"FABRICACION DE JABONES, DETERGENTES Y OTROS ARTICULOS DE LIMPIEZA. PERFUMES Y COSMETICOS",True,False,numeric_normalized
epigrafe,105002.0,ELABORACION DE HELADOS,ELABORACION DE HELADOS,43,105002,ELABORACION DE HELADOS,True,False,numeric_normalized
epigrafe,869010.0,DESPACHO DE DIETISTAS,DESPACHO DE DIETISTAS,18,869010,DESPACHO DE DIETISTAS,True,False,numeric_normalized
epigrafe,461801.0,INTERMEDIARIOS DEL COMERCIO ESPECIALIZADOS EN LA VENTA DE OTROS PRODUCTOS ESPECIFICOS,INTERMEDIARIOS DEL COMERCIO ESPECIALIZADOS EN LA VENTA DE OTROS PRODUCTOS ESPECIFICOS,211,461801,INTERMEDIARIOS DEL COMERCIO ESPECIALIZADOS EN LA VENTA DE OTROS PRODUCTOS ESPECIFICOS,True,False,numeric_normalized
epigrafe,862002.0,DESPACHO MEDICO DE MEDICINA GENERAL Y ESPECIALISTAS,DESPACHO MEDICO DE MEDICINA GENERAL Y ESPECIALISTAS,168,862002,DESPACHO MEDICO DE MEDICINA GENERAL Y ESPECIALISTAS,True,False,numeric_normalized
epigrafe,170001.0,INDUSTRIA DEL PAPEL,INDUSTRIA DEL PAPEL,60,170001,INDUSTRIA DEL PAPEL,True,False,numeric_normalized
epigrafe,290001.0,"FABRICACION DE VEHICULOS DE MOTOR, REMOLQUES Y SEMIRREMOLQUES",FABRICACION DE VEHICULOS DE MOTOR REMOLQUES Y SEMIRREMOLQUES,50,290001,"FABRICACION DE VEHICULOS DE MOTOR, REMOLQUES Y SEMIRREMOLQUES",True,False,numeric_normalized
epigrafe,203002.0,FABRICACION DE TINTAS DE IMPRENTA Y MASILLAS,FABRICACION DE TINTAS DE IMPRENTA Y MASILLAS,4,203002,FABRICACION DE TINTAS DE IMPRENTA Y MASILLAS,True,False,numeric_normalized
epigrafe,270002.0,FABRICACION DE MATERIAL Y EQUIPO ELECTRICO (EXCEPTO ORDENADORES),FABRICACION DE MATERIAL Y EQUIPO ELECTRICO EXCEPTO ORDENADORES,209,270002,FABRICACION DE MATERIAL Y EQUIPO ELECTRICO (EXCEPTO ORDENADORES),True,False,numeric_normalized
epigrafe,642001.0,ACTIVIDADES DE LAS SOCIEDADES HOLDING,ACTIVIDADES DE LAS SOCIEDADES HOLDING,20,642001,ACTIVIDADES DE LAS SOCIEDADES HOLDING,True,False,numeric_normalized
epigrafe,322001.0,FABRICACION DE INSTRUMENTOS MUSICALES,FABRICACION DE INSTRUMENTOS MUSICALES,61,322001,FABRICACION DE INSTRUMENTOS MUSICALES,True,False,numeric_normalized
epigrafe,108002.0,PROCESADO Y CONSERVACION DE CONGELADOS,PROCESADO Y CONSERVACION DE CONGELADOS,4,108002,PROCESADO Y CONSERVACION DE CONGELADOS,True,False,numeric_normalized
epigrafe,280001.0,FABRICACION DE MAQUINARIA DE USO GENERAL Y EQUIPO N.C.O.P.,FABRICACION DE MAQUINARIA DE USO GENERAL Y EQUIPO N C O P,122,280001,FABRICACION DE MAQUINARIA DE USO GENERAL Y EQUIPO N.C.O.P.,True,False,numeric_normalized
epigrafe,462001.0,"COMERCIO AL POR MAYOR DE MATERIAS PRIMAS AGRARIAS, DE ANIMALES VIVOS Y ALIMENTOS PARA ANIMALES",COMERCIO AL POR MAYOR DE MATERIAS PRIMAS AGRARIAS DE ANIMALES VIVOS Y ALIMENTOS PARA ANIMALES,68,462001,"COMERCIO AL POR MAYOR DE MATERIAS PRIMAS AGRARIAS, DE ANIMALES VIVOS Y ALIMENTOS PARA ANIMALES",True,False,numeric_normalized
epigrafe,467002.0,"COMERCIO AL POR MAYOR DE COMBUSTIBLES, QUIMICOS Y PRODUCTOS SEMIELABORADOS",COMERCIO AL POR MAYOR DE COMBUSTIBLES QUIMICOS Y PRODUCTOS SEMIELABORADOS,174,467002,"COMERCIO AL POR MAYOR DE COMBUSTIBLES, QUIMICOS Y PRODUCTOS SEMIELABORADOS",True,False,numeric_normalized
epigrafe,461201.0,"INTERMEDIARIOS DEL COMERCIO DE COMBUSTIBLES, MINERALES, METALES Y PRODUCTOS QUIMICOS INDUSTRIALES",INTERMEDIARIOS DEL COMERCIO DE COMBUSTIBLES MINERALES METALES Y PRODUCTOS QUIMICOS INDUSTRIALES,24,461201,"INTERMEDIARIOS DEL COMERCIO DE COMBUSTIBLES, MINERALES, METALES Y PRODUCTOS QUIMICOS INDUSTRIALES",True,False,numeric_normalized
epigrafe,270001.0,"FABRICACION DE APARATOS ELECTRICOS, ELECTRODOMESTICOS (EXCEPTO ORDENADORES)",FABRICACION DE APARATOS ELECTRICOS ELECTRODOMESTICOS EXCEPTO ORDENADORES,44,270001,"FABRICACION DE APARATOS ELECTRICOS, ELECTRODOMESTICOS (EXCEPTO ORDENADORES)",True,False,numeric_normalized
epigrafe,261001.0,FABRICACION DE COMPONENTES ELECTRONICOS Y CIRCUITOS IMPRESOS ENSAMBLADOS,FABRICACION DE COMPONENTES ELECTRONICOS Y CIRCUITOS IMPRESOS ENSAMBLADOS,49,261001,FABRICACION DE COMPONENTES ELECTRONICOS Y CIRCUITOS IMPRESOS ENSAMBLADOS,True,False,numeric_normalized
epigrafe,329001.0,INDUSTRIAS MANUFACTURERAS N.C.O.P.,INDUSTRIAS MANUFACTURERAS N C O P,177,329001,INDUSTRIAS MANUFACTURERAS N.C.O.P.,True,False,numeric_normalized
epigrafe,220001.0,FABRICACION DE PRODUCTOS DE CAUCHO Y PLASTICOS,FABRICACION DE PRODUCTOS DE CAUCHO Y PLASTICOS,152,220001,FABRICACION DE PRODUCTOS DE CAUCHO Y PLASTICOS,True,False,numeric_normalized
epigrafe,101002.0,SALAS DE DESPIECE,SALAS DE DESPIECE,187,101002,SALAS DE DESPIECE,True,False,numeric_normalized
epigrafe,230004.0,FABRICACION DE VIDRIO Y PRODUCTOS DERIVADOS,FABRICACION DE VIDRIO Y PRODUCTOS DERIVADOS,52,230004,FABRICACION DE VIDRIO Y PRODUCTOS DERIVADOS,True,False,numeric_normalized
epigrafe,463803.0,COMERCIO AL POR MAYOR DE PRODUCTOS DE LA PESCA Y MARISCOS CONGELADOS,COMERCIO AL POR MAYOR DE PRODUCTOS DE LA PESCA Y MARISCOS CONGELADOS,105,463803,COMERCIO AL POR MAYOR DE PRODUCTOS DE LA PESCA Y MARISCOS CONGELADOS,True,False,numeric_normalized
epigrafe,205001.0,FABRICACION DE OTROS PRODUCTOS QUIMICOS,FABRICACION DE OTROS PRODUCTOS QUIMICOS,8,205001,FABRICACION DE OTROS PRODUCTOS QUIMICOS,True,False,numeric_normalized
epigrafe,431001.0,DEMOLICION Y PREPARACION DE TERRENOS,DEMOLICION Y PREPARACION DE TERRENOS,69,431001,DEMOLICION Y PREPARACION DE TERRENOS,True,False,numeric_normalized
epigrafe,476402.0,COMERCIO AL POR MENOR DE EMBARCACIONES DE RECREO,COMERCIO AL POR MENOR DE EMBARCACIONES DE RECREO,16,476402,COMERCIO AL POR MENOR DE EMBARCACIONES DE RECREO,True,False,numeric_normalized
epigrafe,561008.0,VENDEDOR AMBULANTE DE ALIMENTOS PREPARADOS PARA SU CONSUMO INMEDIATO,VENDEDOR AMBULANTE DE ALIMENTOS PREPARADOS PARA SU CONSUMO INMEDIATO,23,561008,VENDEDOR AMBULANTE DE ALIMENTOS PREPARADOS PARA SU CONSUMO INMEDIATO,True,False,numeric_normalized
epigrafe,464901.0,COMERCIO AL POR MAYOR DE JUGUETES Y ARTICULOS DE DEPORTE,COMERCIO AL POR MAYOR DE JUGUETES Y ARTICULOS DE DEPORTE,90,464901,COMERCIO AL POR MAYOR DE JUGUETES Y ARTICULOS DE DEPORTE,True,False,numeric_normalized
epigrafe,639001.0,OTROS SERVICIOS DE INFORMACION: AGENCIAS DE NOTICIAS,OTROS SERVICIOS DE INFORMACION AGENCIAS DE NOTICIAS,28,639001,OTROS SERVICIOS DE INFORMACION: AGENCIAS DE NOTICIAS,True,False,numeric_normalized
epigrafe,10001.0,EXPLOTACIONES AGRICOLAS,EXPLOTACIONES AGRICOLAS,20,10001,EXPLOTACIONES AGRICOLAS,True,False,numeric_normalized
epigrafe,461901.0,INTERMEDIARIOS DEL COMERCIO DE ACCESORIOS DE VEHICULOS,INTERMEDIARIOS DEL COMERCIO DE ACCESORIOS DE VEHICULOS,4,461901,INTERMEDIARIOS DEL COMERCIO DE ACCESORIOS DE VEHICULOS,True,False,numeric_normalized
epigrafe,20001.0,SILVICULTURA Y EXPLOTACION FORESTAL,SILVICULTURA Y EXPLOTACION FORESTAL,8,20001,SILVICULTURA Y EXPLOTACION FORESTAL,True,False,numeric_normalized
epigrafe,106001.0,"FABRICACION DE PRODUCTOS DE MOLINERIA (HARINAS), ALMIDONES Y DERIVADOS",FABRICACION DE PRODUCTOS DE MOLINERIA HARINAS ALMIDONES Y DERIVADOS,8,106001,"FABRICACION DE PRODUCTOS DE MOLINERIA (HARINAS), ALMIDONES Y DERIVADOS",True,False,numeric_normalized
epigrafe,478001.0,COMERCIO AL POR MENOR EN PUESTOS DE VENTA Y EN MERCADILLOS,COMERCIO AL POR MENOR EN PUESTOS DE VENTA Y EN MERCADILLOS,81,478001,COMERCIO AL POR MENOR EN PUESTOS DE VENTA Y EN MERCADILLOS,True,False,numeric_normalized
epigrafe,491001.0,TRANSPORTE INTERURBANO DE PASAJEROS POR FERROCARRIL,TRANSPORTE INTERURBANO DE PASAJEROS POR FERROCARRIL,44,491001,TRANSPORTE INTERURBANO DE PASAJEROS POR FERROCARRIL,True,False,numeric_normalized
epigrafe,47800105.0,SITUADOS: FLORES Y PLANTAS,SITUADOS FLORES Y PLANTAS,23,47800105,SITUADOS: FLORES Y PLANTAS,True,False,numeric_normalized
epigrafe,463904.0,ALMACEN DE DISTRIBUCION POLIVALENTE A TEMPERATURA DE CONGELACION,ALMACEN DE DISTRIBUCION POLIVALENTE A TEMPERATURA DE CONGELACION,33,463904,ALMACEN DE DISTRIBUCION POLIVALENTE A TEMPERATURA DE CONGELACION,True,False,numeric_normalized
epigrafe,463805.0,ALMACEN DE DISTRIBUCION A TEMPERATURA DE CONGELACION DE PRODUCTOS PESQUEROS Y DE MARISCOS,ALMACEN DE DISTRIBUCION A TEMPERATURA DE CONGELACION DE PRODUCTOS PESQUEROS Y DE MARISCOS,6,463805,ALMACEN DE DISTRIBUCION A TEMPERATURA DE CONGELACION DE PRODUCTOS PESQUEROS Y DE MARISCOS,True,False,numeric_normalized
epigrafe,102001.0,"ELABORACION, ENVASADO Y CONSERVACION DE PRODUCTOS PESQUEROS Y MARISCOS",ELABORACION ENVASADO Y CONSERVACION DE PRODUCTOS PESQUEROS Y MARISCOS,74,102001,"ELABORACION, ENVASADO Y CONSERVACION DE PRODUCTOS PESQUEROS Y MARISCOS",True,False,numeric_normalized
epigrafe,553001.0,CAMPINGS Y APARCAMIENTOS PARA CARAVANAS,CAMPINGS Y APARCAMIENTOS PARA CARAVANAS,4,553001,CAMPINGS Y APARCAMIENTOS PARA CARAVANAS,True,False,numeric_normalized
epigrafe,202001.0,FABRICACION DE PESTICIDAS Y OTROS PRODUCTOS AGROQUIMICOS,FABRICACION DE PESTICIDAS Y OTROS PRODUCTOS AGROQUIMICOS,2,202001,FABRICACION DE PESTICIDAS Y OTROS PRODUCTOS AGROQUIMICOS,True,False,numeric_normalized
epigrafe,230002.0,FABRICACION DE ARTICULOS DERIVADOS DEL YESO Y/O ESCAYOLA,FABRICACION DE ARTICULOS DERIVADOS DEL YESO Y O ESCAYOLA,8,230002,FABRICACION DE ARTICULOS DERIVADOS DEL YESO Y/O ESCAYOLA,True,False,numeric_normalized
epigrafe,107002.0,"FABRICACION DE PASTAS ALIMENTICIAS,CUSCUS Y SIMILARES",FABRICACION DE PASTAS ALIMENTICIAS CUSCUS Y SIMILARES,11,107002,"FABRICACION DE PASTAS ALIMENTICIAS,CUSCUS Y SIMILARES",True,False,numeric_normalized
epigrafe,390001.0,ACTIVIDADES DE DESCONTAMINACION Y OTROS SERVICIOS DE GESTION DE RESIDUOS,ACTIVIDADES DE DESCONTAMINACION Y OTROS SERVICIOS DE GESTION DE RESIDUOS,32,390001,ACTIVIDADES DE DESCONTAMINACION Y OTROS SERVICIOS DE GESTION DE RESIDUOS,True,False,numeric_normalized
epigrafe,323001.0,FABRICACION DE ARTICULOS DE DEPORTE,FABRICACION DE ARTICULOS DE DEPORTE,4,323001,FABRICACION DE ARTICULOS DE DEPORTE,True,False,numeric_normalized
epigrafe,110001.0,FABRICACION DE BEBIDAS,FABRICACION DE BEBIDAS,18,110001,FABRICACION DE BEBIDAS,True,False,numeric_normalized
epigrafe,60001.0,EXTRACCION DE CRUDO DE PETROLEO Y GAS NATURAL,EXTRACCION DE CRUDO DE PETROLEO Y GAS NATURAL,8,60001,EXTRACCION DE CRUDO DE PETROLEO Y GAS NATURAL,True,False,numeric_normalized
epigrafe,120001.0,INDUSTRIA DEL TABACO,INDUSTRIA DEL TABACO,4,120001,INDUSTRIA DEL TABACO,True,False,numeric_normalized
epigrafe,104001.0,FABRICACION DE ACEITES Y GRASAS VEGETALES Y ANIMALES,FABRICACION DE ACEITES Y GRASAS VEGETALES Y ANIMALES,6,104001,FABRICACION DE ACEITES Y GRASAS VEGETALES Y ANIMALES,True,False,numeric_normalized
epigrafe,268001.0,FABRICACION DE SOPORTES MAGNETICOS Y OPTICOS,FABRICACION DE SOPORTES MAGNETICOS Y OPTICOS,5,268001,FABRICACION DE SOPORTES MAGNETICOS Y OPTICOS,True,False,numeric_normalized
epigrafe,202001,FABRICACION DE PESTICIDAS Y OTROS PRODUCTOS AGROQUIMICOS,FABRICACION DE PESTICIDAS Y OTROS PRODUCTOS AGROQUIMICOS,115,202001,FABRICACION DE PESTICIDAS Y OTROS PRODUCTOS AGROQUIMICOS,True,False,exact_valid
epigrafe,102002,PUESTO DEL MERCADO CENTRAL DE PESCADOS DE FABRICACION Y/0 ELABORACION Y/O TRANSFORMACION DE PRODUCTOS DE LA PESCA,PUESTO DEL MERCADO CENTRAL DE PESCADOS DE FABRICACION Y O ELABORACION Y O TRANSFORMACION DE PRODUCTOS DE LA PESCA,3342,102002,PUESTO DEL MERCADO CENTRAL DE PESCADOS DE FABRICACION Y/0 ELABORACION Y/O TRANSFORMACION DE PRODUCTOS DE LA PESCA,True,False,exact_valid
epigrafe,102003,PUESTO DEL MERCADO CENTRAL DE PESCADOS DE ENVASADO DE PRODUCTOS DE LA PESCA: ENVASADO Y REENVASADO DE PRODUCTOS DE LA PESCA,PUESTO DEL MERCADO CENTRAL DE PESCADOS DE ENVASADO DE PRODUCTOS DE LA PESCA ENVASADO Y REENVASADO DE PRODUCTOS DE LA PESCA,7977,102003,PUESTO DEL MERCADO CENTRAL DE PESCADOS DE ENVASADO DE PRODUCTOS DE LA PESCA: ENVASADO Y REENVASADO DE PRODUCTOS DE LA PESCA,True,False,exact_valid
epigrafe,855002,"ENSEÐANZA NO REGLADA (DEPORTIVA Y RECREATIVA, CULTURAL, CLASES DE RECUPERACION, INFORMATICA)",ENSE ANZA NO REGLADA DEPORTIVA Y RECREATIVA CULTURAL CLASES DE RECUPERACION INFORMATICA,4445,855002,"ENSEÑANZA NO REGLADA (DEPORTIVA Y RECREATIVA, CULTURAL, CLASES DE RECUPERACION, INFORMATICA)",True,False,exact_valid
epigrafe,741001,ACTIVIDADES DE DISEÐO ESPECIALIZADO,ACTIVIDADES DE DISE O ESPECIALIZADO,446,741001,ACTIVIDADES DE DISEÑO ESPECIALIZADO,True,False,exact_valid
epigrafe,477603,COMERCIO AL POR MENOR DE ANIMALES DE COMPAÐIA,COMERCIO AL POR MENOR DE ANIMALES DE COMPA IA,209,477603,COMERCIO AL POR MENOR DE ANIMALES DE COMPAÑIA,True,False,exact_valid
epigrafe,151001,"PREPARACION, CURTIDO Y ACABADO DEL CUERO. FABRICACION DE ARTICULOS DE MARROQUINERIA, VIAJE, GUARNICIONERIA Y TALABARTERIA. PREPARACION Y TEÐIDO DE PIELES",PREPARACION CURTIDO Y ACABADO DEL CUERO FABRICACION DE ARTICULOS DE MARROQUINERIA VIAJE GUARNICIONERIA Y TALABARTERIA PREPARACION Y TE IDO DE PIELES,106,151001,"PREPARACION, CURTIDO Y ACABADO DEL CUERO. FABRICACION DE ARTICULOS DE MARROQUINERIA, VIAJE, GUARNICIONERIA Y TALABARTERIA. PREPARACION Y TEÑIDO DE PIELES",True,False,exact_valid
epigrafe,562904,SERVICIOS DE COMEDOR EN CENTROS DE ACTIVIDADES DE SERVICIOS SOCIALES,SERVICIOS DE COMEDOR EN CENTROS DE ACTIVIDADES DE SERVICIOS SOCIALES,8593,562904,SERVICIOS DE COMEDOR EN CENTROS DE ACTIVIDADES DE SERVICIOS SOCIALES,True,False,exact_valid
epigrafe,562905,SERVICIOS DE PREPARACION DE COMIDAS EN HOSPITALES,SERVICIOS DE PREPARACION DE COMIDAS EN HOSPITALES,1029,562905,SERVICIOS DE PREPARACIÓN DE COMIDAS EN HOSPITALES,True,False,exact_valid
epigrafe,551005,VIVIENDAS TURISTICAS,VIVIENDAS TURISTICAS,3146,551005,VIVIENDAS TURÍSTICAS,True,False,exact_valid
epigrafe,90001,ACTIVIDADES DE APOYO A LAS INDUSTRIAS EXTRACTIVAS,ACTIVIDADES DE APOYO A LAS INDUSTRIAS EXTRACTIVAS,10,90001,ACTIVIDADES DE APOYO A LAS INDUSTRIAS EXTRACTIVAS,True,False,exact_valid
epigrafe,20001,SILVICULTURA Y EXPLOTACION FORESTAL,SILVICULTURA Y EXPLOTACION FORESTAL,5,20001,SILVICULTURA Y EXPLOTACION FORESTAL,True,False,exact_valid
epigrafe,492001,TRANSPORTE DE MERCANCIAS POR FERROCARRIL,TRANSPORTE DE MERCANCIAS POR FERROCARRIL,99,492001,TRANSPORTE DE MERCANCIAS POR FERROCARRIL,True,False,exact_valid
epigrafe,80001,OTRAS INDUSTRIAS EXTRACTIVAS,OTRAS INDUSTRIAS EXTRACTIVAS,4,80001,OTRAS INDUSTRIAS EXTRACTIVAS,True,False,exact_valid
epigrafe,500001,TRANSPORTE MARITIMO Y POR VIAS NAVEGABLES INTERIORES,TRANSPORTE MARITIMO Y POR VIAS NAVEGABLES INTERIORES,180,500001,TRANSPORTE MARITIMO Y POR VIAS NAVEGABLES INTERIORES,True,False,exact_valid
epigrafe,080001,OTRAS INDUSTRIAS EXTRACTIVAS,OTRAS INDUSTRIAS EXTRACTIVAS,206,80001,OTRAS INDUSTRIAS EXTRACTIVAS,True,False,numeric_normalized
epigrafe,551005,VIVIENDAS TURÍSTICAS,VIVIENDAS TURISTICAS,81674,551005,VIVIENDAS TURÍSTICAS,True,False,exact_valid
epigrafe,-1,VALOR NULO EN ORIGEN,VALOR NULO EN ORIGEN,937838,-1,VALOR NULO EN ORIGEN,False,True,placeholder
epigrafe,561008,ESTABLECIMIENTO DE RESTAURACION MOVIL,ESTABLECIMIENTO DE RESTAURACION MOVIL,254,561008,VENDEDOR AMBULANTE DE ALIMENTOS PREPARADOS PARA SU CONSUMO INMEDIATO,True,False,exact_valid
epigrafe,521002,DEPOSITO O ALMACEN DE APOYO MINORISTA PARA ALIMENTOS,DEPOSITO O ALMACEN DE APOYO MINORISTA PARA ALIMENTOS,190,521002,DEPOSITO O ALMACEN DE APOYO MINORISTA PARA ALIMENTOS,True,False,exact_valid
epigrafe,931012,ESTABLECIMIENTOS DE EQUITACION,ESTABLECIMIENTOS DE EQUITACION,238,931012,ESTABLECIMIENTOS DE EQUITACION,True,False,exact_valid
epigrafe,070001,EXTRACCION DE MINERALES METALICOS,EXTRACCION DE MINERALES METALICOS,16,70001,EXTRACCION DE MINERALES METALICOS,True,False,numeric_normalized
epigrafe,190001,COQUERIAS Y REFINO DE PETROLEO,COQUERIAS Y REFINO DE PETROLEO,16,190001,COQUERIAS Y REFINO DE PETROLEO,True,False,exact_valid
epigrafe,463801,"COMERCIO AL POR MAYOR DE HARINAS, DERIVADOS Y CEREALES",COMERCIO AL POR MAYOR DE HARINAS DERIVADOS Y CEREALES,49,463801,"COMERCIO AL POR MAYOR DE HARINAS, DERIVADOS Y CEREALES",True,False,exact_valid
epigrafe,851002.0,EDUCACION INFANTIL PRIVADA,EDUCACION INFANTIL PRIVADA,644,851002,ESCUELAS INFANTILES DE SEGUNDO CICLO,True,False,numeric_normalized
epigrafe,855002.0,"ENSEÑANZA NO REGLADA (DEPORTIVA Y RECREATIVA, CULTURAL, CLASES DE RECUPERACION, INFORMATICA)",ENSENANZA NO REGLADA DEPORTIVA Y RECREATIVA CULTURAL CLASES DE RECUPERACION INFORMATICA,1196,855002,"ENSEÑANZA NO REGLADA (DEPORTIVA Y RECREATIVA, CULTURAL, CLASES DE RECUPERACION, INFORMATICA)",True,False,numeric_normalized
epigrafe,931005.0,PISCINA PRIVADA DE TEMPORADA,PISCINA PRIVADA DE TEMPORADA,105,931005,PISCINA PRIVADA DE TEMPORADA,True,False,numeric_normalized
epigrafe,477602.0,COMERCIO AL POR MENOR DE ANIMALES DE COMPAÑIA Y SUS COMPLEMENTOS,COMERCIO AL POR MENOR DE ANIMALES DE COMPANIA Y SUS COMPLEMENTOS,200,477602,COMERCIO AL POR MENOR DE COMPLEMENTOS Y ALIMENTOS PARA ANIMALES DE COMPAÑIA,True,False,numeric_normalized
epigrafe,851001.0,EDUCACION INFANTIL PUBLICA,EDUCACION INFANTIL PUBLICA,199,851001,ESCUELAS INFANTILES DE PRIMER CICLO,True,False,numeric_normalized
epigrafe,931004.0,PISCINAS PUBLICAS CLIMATIZADAS/TEMPORADA,PISCINAS PUBLICAS CLIMATIZADAS TEMPORADA,24,931004,PISCINAS PUBLICAS CLIMATIZADAS/TEMPORADA,True,False,numeric_normalized
epigrafe,931010.0,PISCINAS DE COMUNIDADES DE VECINOS,PISCINAS DE COMUNIDADES DE VECINOS,24,931010,PISCINAS DE COMUNIDADES DE VECINOS DE TEMPORADA,True,False,numeric_normalized
epigrafe,151001.0,"PREPARACION, CURTIDO Y ACABADO DEL CUERO. FABRICACION DE ARTICULOS DE MARROQUINERIA, VIAJE, GUARNICIONERIA Y TALABARTERIA. PREPARACION Y TEÑIDO DE PIELES",PREPARACION CURTIDO Y ACABADO DEL CUERO FABRICACION DE ARTICULOS DE MARROQUINERIA VIAJE GUARNICIONERIA Y TALABARTERIA PREPARACION Y TENIDO DE PIELES,33,151001,"PREPARACION, CURTIDO Y ACABADO DEL CUERO. FABRICACION DE ARTICULOS DE MARROQUINERIA, VIAJE, GUARNICIONERIA Y TALABARTERIA. PREPARACION Y TEÑIDO DE PIELES",True,False,numeric_normalized
epigrafe,741001.0,ACTIVIDADES DE DISEÑO ESPECIALIZADO,ACTIVIDADES DE DISENO ESPECIALIZADO,138,741001,ACTIVIDADES DE DISEÑO ESPECIALIZADO,True,False,numeric_normalized
epigrafe,463202.0,ALMACEN DE DISTRIBUCION FRIGORIFICO DE ALIMENTOS,ALMACEN DE DISTRIBUCION FRIGORIFICO DE ALIMENTOS,8,463202,ALMACEN DE DISTRIBUCION A TEMPERATURA DE REFRIGERACION Y CONGELACION DE CARNE Y DERIVADOS DE CARNE,True,False,numeric_normalized
epigrafe,47800106,SITUADOS: ARTICULOS NAVIDEÑOS NO ALIMENTICIOS,SITUADOS ARTICULOS NAVIDENOS NO ALIMENTICIOS,1,47800106,SITUADOS: ARTICULOS NAVIDEÑOS NO ALIMENTICIOS,True,False,exact_valid
