source_portal,city_slug,operation,page_number,listing_id,listing_key,listing_url,contact_url,card_title,detail_title,product_name,listing_type,advertiser_type,price_eur,price_per_m2_eur,area_m2,bathroom_count,tag_list,description_short,description_full,breadcrumb_zone,breadcrumb_path,address_text,geocode_query,geocode_status,coord_source,coord_precision,geocode_display_name,lat_wgs84,lon_wgs84,h3_cell,h3_resolution,section_key,district_code,district_name,barrio_code,barrio_name,published_at,modified_at,detail_fetch_status
locales.es,madrid,alquiler,1,176600,alquiler:176600,https://www.locales.es/madrid/alquiler-traspaso/local176600#offerType=2&estateType=3&settlement=6773,https://www.locales.es/madrid/contactar/propietario/176600,"Local comercial en Alquiler en El Pilar, Madrid",,,local_comercial,De inmobiliaria,2600.0,21.67,120.0,,Muebles | Alta visibilidad,"Traspaso de pastelería-heladería llave en mano, reformado hace 2 años y totalmente equipado con Cashdro.",,,,"El Pilar, Madrid","El Pilar, Madrid, España",ok,nominatim,zone_approx,"Pilar, Fuencarral, Fuencarral-El Pardo, Madrid, Comunidad de Madrid, España",40.4771334,-3.7089157,,,,,,,,,,card_only_geocoded
locales.es,madrid,alquiler,1,177021,alquiler:177021,https://www.locales.es/madrid/alquiler-traspaso/local177021#offerType=2&estateType=3&settlement=6773,https://www.locales.es/madrid/contactar/propietario/177021,"Local comercial en Alquiler en Calle del Olivar, Embajadores, Madrid",,,local_comercial,De inmobiliaria,1430.0,14.3,100.0,1.0,Almacén,"Tienda de ropa de segunda mano en Palacio, Madrid (100 m²). Local reformado y listo para entrar, con proveedores y stock.",,,,"Calle del Olivar, Embajadores, Madrid","Calle del Olivar, Embajadores, Madrid, España",ok,nominatim,street_approx,"Calle del Olivar, Lavapiés, Embajadores, Centro, Madrid, Comunidad de Madrid, 28012, España",40.4106656,-3.7016757,8a390cb1b79ffff,10.0,1047.0,1.0,Centro,12.0,Embajadores,,,card_only_geocoded
locales.es,madrid,alquiler,1,177022,alquiler:177022,https://www.locales.es/madrid/alquiler-traspaso/local177022#offerType=2&estateType=3&settlement=6773,https://www.locales.es/madrid/contactar/propietario/177022,"Local comercial en Alquiler en Calle de Juan de Dios, Universidad, Madrid",,,local_comercial,De inmobiliaria,1800.0,30.0,60.0,2.0,Situado a pie de calle,Bar en planta baja sin licencia para espectáculos en vivo; aforo 47; 60 m². Traspaso y alquiler.,,,,"Calle de Juan de Dios, Universidad, Madrid","Calle de Juan de Dios, Universidad, Madrid, España",ok,nominatim,street_approx,"Calle de Juan de Dios, Malasaña, Universidad, Centro, Madrid, Comunidad de Madrid, 28105, España",40.4254891,-3.7100654,8a390cb1bd4ffff,10.0,1108.0,1.0,Centro,15.0,Universidad,,,card_only_geocoded
locales.es,madrid,alquiler,1,177063,alquiler:177063,https://www.locales.es/madrid/alquiler-traspaso/local177063#offerType=2&estateType=3&settlement=6773,https://www.locales.es/madrid/contactar/propietario/177063,"Local comercial en Alquiler en Simancas, Madrid",,,local_comercial,De inmobiliaria,5000.0,16.67,300.0,,Cocina completamente equipada | Almacén | Salida de humos | Terraza,"Restaurante en alquiler en el polígono Julián Camarillo (Madrid): 280 m², 20 mesas de terraza, cocina con salida de humos y licencia.",,,,"Simancas, Madrid","Simancas, Madrid, España",ok,nominatim,zone_approx,"Simancas, San Blas - Canillejas, Madrid, Comunidad de Madrid, 28037, España",40.437583,-3.6248568,,,,,,,,,,card_only_geocoded
locales.es,madrid,alquiler,1,177064,alquiler:177064,https://www.locales.es/madrid/alquiler-traspaso/local177064#offerType=2&estateType=3&settlement=6773,https://www.locales.es/madrid/contactar/propietario/177064,"Local comercial en Alquiler en Palacio, Madrid",,,local_comercial,De inmobiliaria,2910.0,18.77,155.0,,Aire acondicionado | Almacén | Salida de humos | Terraza | +1,"Local hostelería 140 m² en planta calle, terraza 8 mesas, licencia >60, salida de humos, A/C; reformado hace 5 años.",,,,"Palacio, Madrid","Palacio, Madrid, España",ok,nominatim,zone_approx,"Palacio, Centro, Madrid, Comunidad de Madrid, España",40.4153295,-3.7147092,,,,,,,,,,card_only_geocoded
locales.es,madrid,alquiler,1,177067,alquiler:177067,https://www.locales.es/madrid/alquiler-traspaso/local177067#offerType=2&estateType=3&settlement=6773,https://www.locales.es/madrid/contactar/propietario/177067,"Local comercial en Alquiler en Nueva España, Madrid",,,local_comercial,De inmobiliaria,14000.0,40.0,350.0,,Barra,"Licencia Café-Espectáculo, local equipado, 300 m², aforo 320; sin salida humos ni terraza; 6 trabajadores",,,,"Nueva España, Madrid","Nueva España, Madrid",ok,nominatim,zone_approx,"Nueva España, Chamartín, Madrid, Comunidad de Madrid, 28046, España",40.4625939,-3.6787346,,,,,,,,,,card_only_geocoded
locales.es,madrid,alquiler,1,177068,alquiler:177068,https://www.locales.es/madrid/alquiler-traspaso/local177068#offerType=2&estateType=3&settlement=6773,https://www.locales.es/madrid/contactar/propietario/177068,"Local comercial en Alquiler en Castellana, Madrid",,,local_comercial,De inmobiliaria,2400.0,30.0,80.0,,Cocina completamente equipada | Barra | Alta visibilidad | Terraza,"Bar en traspaso en zona prime de Madrid (50 m²): 35 aforo, terraza 6 mesas, licencia sin salida humos, contrato 4 años.",,,,"Castellana, Madrid","Castellana, Madrid, España",ok,nominatim,zone_approx,"Castellana, Salamanca, Madrid, Comunidad de Madrid, 28006, España",40.4333241,-3.6841316,,,,,,,,,,card_only_geocoded
locales.es,madrid,alquiler,1,177069,alquiler:177069,https://www.locales.es/madrid/alquiler-traspaso/local177069#offerType=2&estateType=3&settlement=6773,https://www.locales.es/madrid/contactar/propietario/177069,"Local comercial en Alquiler en Hispanoamérica, Madrid",,,local_comercial,De inmobiliaria,3900.0,22.29,175.0,2.0,Barra | Terraza | Luminoso,"Bar de 150 m² en 2 plantas, terraza para 26, aforo 90; sin cocina y sin salida de humos.",,,,"Hispanoamérica, Madrid","Hispanoamérica, Madrid, España",ok,nominatim,zone_approx,"Hispanoamérica, Chamartín, Madrid, Comunidad de Madrid, 28016, España",40.4552736,-3.6772025,,,,,,,,,,card_only_geocoded
locales.es,madrid,alquiler,1,177078,alquiler:177078,https://www.locales.es/madrid/alquiler-traspaso/local177078#offerType=2&estateType=3&settlement=6773,https://www.locales.es/madrid/contactar/propietario/177078,"Local comercial en Alquiler en Calle del Marqués de Santillana, Ciudad Jardín, Madrid",,,local_comercial,De inmobiliaria,3300.0,19.41,170.0,2.0,Cocina completamente equipada | Salida de humos,"Restaurante en planta baja de 170 m² en Prosperidad, con cocina equipada y salida de humos; incluye opción de traspaso.",,,,"Calle del Marqués de Santillana, Ciudad Jardín, Madrid","Calle del Marqués de Santillana, Ciudad Jardín, Madrid, España",not_found,nominatim,,,,,,,,,,,,,,reused_snapshot
locales.es,madrid,alquiler,1,177096,alquiler:177096,https://www.locales.es/madrid/alquiler/local177096#offerType=2&estateType=3&settlement=6773,https://www.locales.es/madrid/contactar/propietario/177096,"Local comercial en Alquiler en Calle de Pelayo, Justicia, Madrid",,,local_comercial,De inmobiliaria,3700.0,24.67,150.0,1.0,Aire acondicionado | Almacén | Situado a pie de calle,"Local en barrio Justicia (c/ Pelayo), 150 m²: 2 plantas, 2 oficinas, baño, A/A, altura>3 m, reforma <10 años.",,,,"Calle de Pelayo, Justicia, Madrid","Calle de Pelayo, Justicia, Madrid, España",ok,nominatim,street_approx,"Calle de Pelayo, Chueca, Justicia, Centro, Madrid, Comunidad de Madrid, 28004, España",40.42339,-3.6980652,8a390cb1ba97fff,10.0,1079.0,1.0,Centro,14.0,Justicia,,,card_only_geocoded
locales.es,madrid,alquiler,1,177098,alquiler:177098,https://www.locales.es/madrid/alquiler-traspaso/local177098#offerType=2&estateType=3&settlement=6773,https://www.locales.es/madrid/contactar/propietario/177098,"Local comercial en Alquiler en Paseo del Prado, Cortes, Madrid",,,local_comercial,De inmobiliaria,8500.0,38.64,220.0,2.0,Cocina completamente equipada | Salida de humos,"Bar restaurante en Madrid centro, 2 plantas, 220 m²; en funcionamiento, licencia definitiva y cocina con salida de humos.",,,,"Paseo del Prado, Cortes, Madrid","Paseo del Prado, Cortes, Madrid, España",ok,nominatim,street_approx,"Paseo del Prado, Cortes, Centro, Madrid, Comunidad de Madrid, 28014, España",40.4152995,-3.694544,8a390cb1b297fff,10.0,1072.0,1.0,Centro,13.0,Cortes,,,card_only_geocoded
locales.es,madrid,alquiler,1,177159,alquiler:177159,https://www.locales.es/madrid/alquiler-traspaso/local177159#offerType=2&estateType=3&settlement=6773,https://www.locales.es/madrid/contactar/propietario/177159,"Local comercial en Alquiler en Calle del Valle de Arán, Ciudad Universitaria, Madrid",,,local_comercial,De inmobiliaria,1600.0,28.07,57.0,2.0,Situado a pie de calle,"Local de 57 m² en funcionamiento, planta baja y equipado; modalidad alquiler con traspaso.",,,,"Calle del Valle de Arán, Ciudad Universitaria, Madrid","Calle del Valle de Arán, Ciudad Universitaria, Madrid, España",not_found,nominatim,,,,,,,,,,,,,,reused_snapshot
locales.es,madrid,alquiler,1,177316,alquiler:177316,https://www.locales.es/madrid/alquiler-traspaso/local177316#offerType=2&estateType=3&settlement=6773,https://www.locales.es/madrid/contactar/propietario/177316,"Local comercial en Alquiler en Calle de Montalbán, Jerónimos, Madrid",,,local_comercial,De inmobiliaria,1600.0,53.33,30.0,1.0,,"Local en Chueca-Ju sticia, 30 m² en planta baja, pastelería Take Away equipada; clientes fijos y contrato de 3 años.",,,,"Calle de Montalbán, Jerónimos, Madrid","Calle de Montalbán, Jerónimos, Madrid, España",ok,nominatim,street_approx,"Calle de Montalbán, Jerónimos, Retiro, Madrid, Comunidad de Madrid, 28014, España",40.4181379,-3.6921819,8a390cb1b217fff,10.0,3069.0,3.0,Retiro,35.0,Jerónimos,,,card_only_geocoded
locales.es,madrid,alquiler,1,177566,alquiler:177566,https://www.locales.es/madrid/alquiler-traspaso/local177566#offerType=2&estateType=3&settlement=6773,https://www.locales.es/madrid/contactar/propietario/177566,"Local comercial en Alquiler en Calle de Rafaela Bonilla, Guindalera, Madrid",,,local_comercial,De inmobiliaria,630.0,57.27,11.0,1.0,Cocina completamente equipada,"Traspaso de local para bar de comida y tapas frías, cocina equipada con hornos, freidora y ollas.",,,,"Calle de Rafaela Bonilla, Guindalera, Madrid","Calle de Rafaela Bonilla, Guindalera, Madrid, España",ok,nominatim,street_approx,"Calle de Rafaela Bonilla, Guindalera, Salamanca, Madrid, Comunidad de Madrid, 28028, España",40.4328376,-3.6674888,8a390ca26a27fff,10.0,4069.0,4.0,Salamanca,4.0,Guindalera,,,card_only_geocoded
locales.es,madrid,alquiler,1,177567,alquiler:177567,https://www.locales.es/madrid/alquiler-traspaso/local177567#offerType=2&estateType=3&settlement=6773,https://www.locales.es/madrid/contactar/propietario/177567,"Local comercial en Alquiler en Calle de Vizcaya, Palos de la Frontera, Madrid",,,local_comercial,De inmobiliaria,1350.0,19.29,70.0,1.0,,"Local de 70 m² en planta baja, actualmente como consigna de equipajes en Lavapiés-Embajadores, Madrid.",,,,"Calle de Vizcaya, Palos de la Frontera, Madrid","Calle de Vizcaya, Palos de la Frontera, Madrid, España",ok,nominatim,street_approx,"Calle de Vizcaya, Palos de la Frontera, Arganzuela, Madrid, Comunidad de Madrid, 28045, España",40.4047381,-3.6945999,8a390ca35c07fff,10.0,2079.0,2.0,Arganzuela,6.0,Palos De La Frontera,,,card_only_geocoded
locales.es,madrid,alquiler,1,177593,alquiler:177593,https://www.locales.es/madrid/alquiler/local177593#offerType=2&estateType=3&settlement=6773,https://www.locales.es/madrid/contactar/propietario/177593,"Local comercial en Alquiler en Calle de San Jaime, Casco Histórico de Vallecas, Madrid",,,local_comercial,De propietario,370.0,12.33,30.0,4.0,Sistemas de Seguridad | Aire acondicionado | Almacén | Montacargas | +1,"Diáfano, luminoso y listo para entrar; alarma, vigilancia 24h, limpieza diaria, climatización y aire frío/calor, parking, internet.",,,,"Calle de San Jaime, Casco Histórico de Vallecas, Madrid","Calle de San Jaime, Casco Histórico de Vallecas, Madrid, España",ok,nominatim,street_approx,"Calle de San Jaime, Casco Histórico de Vallecas, Villa de Vallecas, Madrid, Comunidad de Madrid, 28031, España",40.3795422,-3.6273039,8a390ca009b7fff,10.0,18005.0,18.0,Villa De Vallecas,1.0,Casco H.Vallecas,,,card_only_geocoded
locales.es,madrid,alquiler,1,177620,alquiler:177620,https://www.locales.es/madrid/alquiler-traspaso/local177620#offerType=2&estateType=3&settlement=6773,https://www.locales.es/madrid/contactar/propietario/177620,"Local comercial en Alquiler en Calle de Juan Martínez Arroyo, Palomas, Madrid",,,local_comercial,De inmobiliaria,1800.0,13.85,130.0,2.0,Salida de humos,"Local de comida para llevar en 2 plantas, hace esquina y con salida de humos; licencia y equipo de 4. 35 años.",,,,"Calle de Juan Martínez Arroyo, Palomas, Madrid","Calle de Juan Martínez Arroyo, Palomas, Madrid, España",ok,nominatim,street_approx,"Calle de Juan Martínez Arroyo, Palomas, Hortaleza, Madrid, Comunidad de Madrid, 29043, España",40.454478,-3.6156707,8a390cb52ceffff,10.0,16121.0,16.0,Hortaleza,1.0,Palomas,,,card_only_geocoded
locales.es,madrid,alquiler,1,177666,alquiler:177666,https://www.locales.es/madrid/alquiler-traspaso/local177666#offerType=2&estateType=3&settlement=6773,https://www.locales.es/madrid/contactar/propietario/177666,"Local comercial en Alquiler en Travesía de la Parada, Universidad, Madrid",,,local_comercial,De inmobiliaria,1300.0,18.57,70.0,1.0,Aire acondicionado,"Bar-cafetería para especialidad o copas; 37 aforo, aire acondicionado, licencia antigua; sin salida de humos.",,,,"Travesía de la Parada, Universidad, Madrid","Travesía de la Parada, Universidad, Madrid, España",ok,nominatim,street_approx,"Travesía de la Parada, Malasaña, Universidad, Centro, Madrid, Comunidad de Madrid, 28015, España",40.422787,-3.7078989,8a390cb1bc4ffff,10.0,1112.0,1.0,Centro,5.0,Universidad,,,card_only_geocoded
locales.es,madrid,alquiler,1,177667,alquiler:177667,https://www.locales.es/madrid/alquiler-traspaso/local177667#offerType=2&estateType=3&settlement=6773,https://www.locales.es/madrid/contactar/propietario/177667,"Local comercial en Alquiler en Calle de Palos de la Frontera, Palos de la Frontera, Madrid",,,local_comercial,De inmobiliaria,400.0,14.29,28.0,1.0,Almacén,"Local con degustación en planta baja dentro de mercado en Lavapiés-Embajadores; 28 m², equipado con 2 almacenes (congelador y frigorífico).",,,,"Calle de Palos de la Frontera, Palos de la Frontera, Madrid","Calle de Palos de la Frontera, Palos de la Frontera, Madrid, España",ok,nominatim,street_approx,"Calle de Palos de la Frontera, Palos de la Frontera, Arganzuela, Madrid, Comunidad de Madrid, 28045, España",40.4030903,-3.6947922,8a390ca35c17fff,10.0,2070.0,2.0,Arganzuela,6.0,Palos De La Frontera,,,card_only_geocoded
locales.es,madrid,alquiler,1,177912,alquiler:177912,https://www.locales.es/madrid/alquiler-traspaso/local177912#offerType=2&estateType=3&settlement=6773,https://www.locales.es/madrid/contactar/propietario/177912,"Local comercial en Alquiler en Justicia, Madrid",,,local_comercial,De inmobiliaria,3400.0,24.29,140.0,,Cocina completamente equipada | Salida de humos,"Bar-restaurante en traspaso en Madrid centro: 130 m², cocina equipada, salida de humos y aforo 68; cerca Metro Chueca.",,,,"Justicia, Madrid","Justicia, Madrid, España",ok,nominatim,zone_approx,"Justicia, Centro, Madrid, Comunidad de Madrid, España",40.4232759,-3.6966805,,,,,,,,,,card_only_geocoded
locales.es,madrid,alquiler,1,177913,alquiler:177913,https://www.locales.es/madrid/alquiler-traspaso/local177913#offerType=2&estateType=3&settlement=6773,https://www.locales.es/madrid/contactar/propietario/177913,"Local comercial en Alquiler en Trafalgar, Madrid",,,local_comercial,De inmobiliaria,4000.0,36.36,110.0,,Salida de humos,"Local en buen estado, listo para continuar; aforo 34 interior, sin terraza, salida de humos; ubicación prime.",,,,"Trafalgar, Madrid","Trafalgar, Madrid, España",ok,nominatim,zone_approx,"Trafalgar, Chamberí, Madrid, Comunidad de Madrid, 28010, España",40.4330613,-3.7010182,,,,,,,,,,card_only_geocoded
locales.es,madrid,alquiler,1,177944,alquiler:177944,https://www.locales.es/madrid/alquiler/local177944#offerType=2&estateType=3&settlement=6773,https://www.locales.es/madrid/contactar/propietario/177944,"Local comercial en Alquiler en Calle de Raimundo Fernández Villaverde, Cuatro Caminos, Madrid",,,local_comercial,De inmobiliaria,5799.0,20.42,284.0,2.0,,"284 m² diáfano para adaptar a gimnasios, clínicas u oficinas; zona consolidada y sin salida de humos",,,,"Calle de Raimundo Fernández Villaverde, Cuatro Caminos, Madrid","Calle de Raimundo Fernández Villaverde, Cuatro Caminos, Madrid, España",ok,nominatim,street_approx,"Calle de Raimundo Fernández Villaverde, Cuatro Caminos, Tetuán, Madrid, Comunidad de Madrid, 28003, España",40.4469188,-3.7034296,8a390cb19d77fff,10.0,06024,06,Tetuan,002,Cuatro Caminos,,,card_only_geocoded
locales.es,madrid,alquiler,1,177993,alquiler:177993,https://www.locales.es/madrid/alquiler/local177993#offerType=2&estateType=3&settlement=6773,https://www.locales.es/madrid/contactar/propietario/177993,"Local comercial en Alquiler en avenida del doctor federico rubio y galí, Bellas Vistas, Madrid",,,local_comercial,De inmobiliaria,1300.0,11.93,109.0,2.0,Cocina completamente equipada | Aire acondicionado | Salida de humos,"Traspaso de bar restaurante 109 m² en Rubio y Galí (Madrid) con licencia, salida humos, clientela fija, recetas y formación.",,,,"avenida del doctor federico rubio y galí, Bellas Vistas, Madrid","avenida del doctor federico rubio y galí, Bellas Vistas, Madrid, España",ok,nominatim,street_approx,"Avenida del Doctor Federico Rubio y Galí, Bellas Vistas, Tetuán, Madrid, Comunidad de Madrid, 28039, España",40.4506759,-3.7095191,8a390cb1d617fff,10.0,06003,06,Tetuan,001,Bellas Vistas,,,card_only_geocoded
locales.es,madrid,alquiler,1,178186,alquiler:178186,https://www.locales.es/madrid/alquiler-traspaso/local178186#offerType=2&estateType=3&settlement=6773,https://www.locales.es/madrid/contactar/propietario/178186,"Local comercial en Alquiler en Calle de Torrelaguna, San Juan Bautista, Madrid",,,local_comercial,De inmobiliaria,2200.0,20.95,105.0,2.0,Cocina completamente equipada | Almacén | Salida de humos | Terraza,"Pizzería en planta baja con cocina equipada, salida de humos y 2 almacenes; incluye licencia de terraza.",,,,"Calle de Torrelaguna, San Juan Bautista, Madrid","Calle de Torrelaguna, San Juan Bautista, Madrid, España",ok,nominatim,street_approx,"Calle de Torrelaguna, San Juan Bautista, Ciudad Lineal, Madrid, Comunidad de Madrid, 28027, España",40.4467679,-3.6561644,8a390ca2430ffff,10.0,15149,15,Ciudad Lineal,006,San Juan Bautista,,,card_only_geocoded
locales.es,madrid,alquiler,1,178223,alquiler:178223,https://www.locales.es/madrid/alquiler-traspaso/local178223#offerType=2&estateType=3&settlement=6773,https://www.locales.es/madrid/contactar/propietario/178223,"Local comercial en Alquiler en Pueblo Nuevo, Madrid",,,local_comercial,De inmobiliaria,723.0,13.64,53.0,,Muebles | Situado a pie de calle,"Bar totalmente equipado y en funcionamiento, listo para entrar a trabajar, con maquinaria y mobiliario incluidos.",,,,"Pueblo Nuevo, Madrid","Pueblo Nuevo, Madrid, España",ok,nominatim,unknown,"Pueblo Nuevo, Calle de los Hermanos de Pablo, Quintana, Ciudad Lineal, Madrid, Comunidad de Madrid, 28027, España",40.4350329,-3.644171,,,,,,,,,,card_only_geocoded
locales.es,madrid,alquiler,1,178238,alquiler:178238,https://www.locales.es/madrid/alquiler-traspaso/local178238#offerType=2&estateType=3&settlement=6773,https://www.locales.es/madrid/contactar/propietario/178238,"Local comercial en Alquiler en Avenida de los Toreros, Guindalera, Madrid",,,local_comercial,De inmobiliaria,1490.0,14.61,102.0,1.0,Recepción,"Centro estético en funcionamiento; 102 m² acondicionados, recepción y salas de tratamiento, mobiliario y clientela activa.",,,,"Avenida de los Toreros, Guindalera, Madrid","Avenida de los Toreros, Guindalera, Madrid, España",ok,nominatim,street_approx,"Avenida de los Toreros, Guindalera, Salamanca, Madrid, Comunidad de Madrid, 28028, España",40.433339,-3.6617839,8a390ca2469ffff,10.0,04071,04,Salamanca,004,Guindalera,,,card_only_geocoded
locales.es,madrid,alquiler,1,178322,alquiler:178322,https://www.locales.es/madrid/alquiler/local178322#offerType=2&estateType=3&settlement=6773,https://www.locales.es/madrid/contactar/propietario/178322,"Local comercial en Alquiler en Goya, Madrid",,,local_comercial,De inmobiliaria,3000.0,33.33,90.0,1.0,Patio | Almacén | Escaparate | Alta visibilidad | +1,"Calle muy transitada, puerta y escaparate, 2 ventanas a patio, oficina, almacén, baño, techos 3 m y climatización.",,,,"Goya, Madrid","Goya, Madrid, España",ok,nominatim,unknown,"Goya, Calle de Goya, Goya, Salamanca, Madrid, Comunidad de Madrid, 28001, España",40.4246991,-3.6762001,,,,,,,,,,card_only_geocoded
locales.es,madrid,alquiler,1,178323,alquiler:178323,https://www.locales.es/madrid/alquiler/local178323#offerType=2&estateType=3&settlement=6773,https://www.locales.es/madrid/contactar/propietario/178323,"Local comercial en Alquiler en Lista, Madrid",,,local_comercial,De inmobiliaria,3000.0,22.22,135.0,,Almacén | Alta visibilidad | Situado a pie de calle,"100 m² en planta calle + 35 m² sótano; acceso directo, fachada 5 m; entrada independiente empleados; listo para actividad.",,,,"Lista, Madrid","Lista, Madrid, España",ok,nominatim,zone_approx,"Lista, Salamanca, Madrid, Comunidad de Madrid, España",40.4326938,-3.6745087,,,,,,,,,,card_only_geocoded
locales.es,madrid,alquiler,1,178329,alquiler:178329,https://www.locales.es/madrid/alquiler/local178329#offerType=2&estateType=3&settlement=6773,https://www.locales.es/madrid/contactar/propietario/178329,"Local comercial en Alquiler en Nueva España, Madrid",,,local_comercial,De inmobiliaria,6000.0,30.0,200.0,,Cocina completamente equipada | Salida de humos | Barra | Terraza,"Restaurante de 2200 m² en Paseo de la Castellana, reformado, con cocina, salida de humos, terraza y premios Michelin/Repsol.",,,,"Nueva España, Madrid","Nueva España, Madrid",ok,nominatim,zone_approx,"Nueva España, Chamartín, Madrid, Comunidad de Madrid, 28046, España",40.4625939,-3.6787346,,,,,,,,,,card_only_geocoded
locales.es,madrid,alquiler,1,178331,alquiler:178331,https://www.locales.es/madrid/alquiler-traspaso/local178331#offerType=2&estateType=3&settlement=6773,https://www.locales.es/madrid/contactar/propietario/178331,"Local comercial en Alquiler en Universidad, Madrid",,,local_comercial,De inmobiliaria,1550.0,31.0,50.0,,Barra,"Local en una planta con barra, pista de baile y 2 aseos; licencia, insonorización y capacidad para 18 personas.",,,,"Universidad, Madrid","Universidad, Madrid, España",ok,nominatim,zone_approx,"Universidad, Centro, Madrid, Comunidad de Madrid, España",40.425426,-3.7060234,,,,,,,,,,card_only_geocoded
locales.es,madrid,alquiler,2,175134,alquiler:175134,https://www.locales.es/madrid/alquiler-traspaso/local175134#offerType=2&estateType=3&settlement=6773,https://www.locales.es/madrid/contactar/propietario/175134,"Local comercial en Alquiler en Paseo Salón de los Pinos, Imperial, Madrid",,,local_comercial,De inmobiliaria,2000.0,16.67,120.0,2.0,Cocina completamente equipada | Salida de humos | Situado a pie de calle,"Bar restaurante en La Latina (Madrid), 120 m² en 2 plantas, aforo 54, licencia, cocina equipada y salida de humos.",,,,"Paseo Salón de los Pinos, Imperial, Madrid","Paseo Salón de los Pinos, Imperial, Madrid, España",not_found,nominatim,,,,,,,,,,,,,,reused_snapshot
locales.es,madrid,alquiler,2,175136,alquiler:175136,https://www.locales.es/madrid/alquiler-traspaso/local175136#offerType=2&estateType=3&settlement=6773,https://www.locales.es/madrid/contactar/propietario/175136,"Local comercial en Alquiler en Carretera de Villaverde a Vallecas, Casco Histórico de Vallecas, Madrid",,,local_comercial,De inmobiliaria,2000.0,10.0,200.0,2.0,Cocina completamente equipada | Salida de humos | Terraza cerrada,"Planta baja en funcionamiento, equipado; cocina y salida de humos; terraza cerrada; traspaso por jubilación.",,,,"Carretera de Villaverde a Vallecas, Casco Histórico de Vallecas, Madrid","Carretera de Villaverde a Vallecas, Casco Histórico de Vallecas, Madrid, España",ok,nominatim,street_approx,"Carretera de Villaverde a Vallecas, Casco Histórico de Vallecas, Villa de Vallecas, Madrid, Comunidad de Madrid, 28018, España",40.3676337,-3.6500292,8a390ca06187fff,10.0,18046.0,18.0,Villa de Vallecas,181.0,Casco Histórico de Vallecas,,,card_only_geocoded
locales.es,madrid,alquiler,2,175137,alquiler:175137,https://www.locales.es/madrid/alquiler-traspaso/local175137#offerType=2&estateType=3&settlement=6773,https://www.locales.es/madrid/contactar/propietario/175137,"Local comercial en Alquiler en Calle de la Genciana, Valdeacederas, Madrid",,,local_comercial,De inmobiliaria,3300.0,18.33,180.0,2.0,Cocina completamente equipada | Barra | Terraza | Situado a pie de calle,"Bar-restaurante en pie de calle con terraza (20 mesas), cocina equipada y comedor en entreplanta para eventos; aforo 67.",,,,"Calle de la Genciana, Valdeacederas, Madrid","Calle de la Genciana, Valdeacederas, Madrid, España",ok,nominatim,street_approx,"Calle de la Genciana, Valdeacederas, Tetuán, Madrid, Comunidad de Madrid, 28039, España",40.464227,-3.7034686,8a390cb1dac7fff,10.0,6103.0,6.0,Tetuán,65.0,Valdeacederas,,,card_only_geocoded
locales.es,madrid,alquiler,2,175138,alquiler:175138,https://www.locales.es/madrid/alquiler-traspaso/local175138#offerType=2&estateType=3&settlement=6773,https://www.locales.es/madrid/contactar/propietario/175138,"Local comercial en Alquiler en Calle de O'Donnell, Goya, Madrid",,,local_comercial,De inmobiliaria,1250.0,41.67,30.0,2.0,Muebles,"Centro en 1ª planta, 30 m², totalmente equipado y en declaración responsable; sin licencia definitiva.",,,,"Calle de O'Donnell, Goya, Madrid","Calle de O'Donnell, Goya, Madrid, España",ok,nominatim,street_approx,"Calle de O'Donnell, Goya, Salamanca, Madrid, Comunidad de Madrid, 28009, España",40.4215414,-3.6751867,8a390ca26087fff,10.0,4042.0,4.0,Salamanca,42.0,Goya,,,card_only_geocoded
locales.es,madrid,alquiler,2,175139,alquiler:175139,https://www.locales.es/madrid/alquiler-traspaso/local175139#offerType=2&estateType=3&settlement=6773,https://www.locales.es/madrid/contactar/propietario/175139,"Local comercial en Alquiler en El Goloso, Madrid",,,local_comercial,De inmobiliaria,3000.0,13.64,220.0,2.0,Cocina completamente equipada | Salida de humos,"Restaurante en primera planta de 220 m² en Madrid, equipado, con salida de humos y >10 años; facturación demostrable.",,,,"El Goloso, Madrid","El Goloso, Madrid, España",ok,nominatim,zone_approx,"El Goloso, Fuencarral-El Pardo, Madrid, Comunidad de Madrid, 28049, España",40.539789,-3.6905166,,,,,,,,,,card_only_geocoded
locales.es,madrid,alquiler,2,175141,alquiler:175141,https://www.locales.es/madrid/alquiler-traspaso/local175141#offerType=2&estateType=3&settlement=6773,https://www.locales.es/madrid/contactar/propietario/175141,"Local comercial en Alquiler en Calle de Cádiz, Sol, Madrid",,,local_comercial,De inmobiliaria,2600.0,13.68,190.0,2.0,Cocina completamente equipada | Salida de humos | Terraza,"Bar restaurante en 2 plantas, terraza 5 mesas/15 sillas, aforo 80; cocina equipada con salida de humos y aire bomba calor.",,,,"Calle de Cádiz, Sol, Madrid","Calle de Cádiz, Sol, Madrid, España",ok,nominatim,street_approx,"Calle de Cádiz, Barrio de los Austrias, Sol, Centro, Madrid, Comunidad de Madrid, 28012, España",40.4158122,-3.7027778,8a390cb1b737fff,10.0,1119.0,1.0,Centro,16.0,Sol,,,card_only_geocoded
locales.es,madrid,alquiler,2,175145,alquiler:175145,https://www.locales.es/madrid/alquiler/local175145#offerType=2&estateType=3&settlement=6773,https://www.locales.es/madrid/contactar/propietario/175145,"Local comercial en Alquiler en Calle de Ríos Rosas, Ríos Rosas, Madrid",,,local_comercial,De inmobiliaria,8000.0,14.47,553.0,2.0,Salida de humos | Buen acceso,553 m² distribuidos en planta baja y sótano; antes oficinas; licencia hostelería y restauración; salida de humos.,,,,"Calle de Ríos Rosas, Ríos Rosas, Madrid","Calle de Ríos Rosas, Ríos Rosas, Madrid, España",ok,nominatim,street_approx,"Calle de Ríos Rosas, Ríos Rosas, Chamberí, Madrid, Comunidad de Madrid, 28003, España",40.4419909,-3.700041,8a390cb19ceffff,10.0,7108.0,7.0,Chamberí,75.0,Ríos Rosas,,,card_only_geocoded
locales.es,madrid,alquiler,2,175146,alquiler:175146,https://www.locales.es/madrid/alquiler-traspaso/local175146#offerType=2&estateType=3&settlement=6773,https://www.locales.es/madrid/contactar/propietario/175146,"Local comercial en Alquiler en Calle de los Pirineos, Ciudad Universitaria, Madrid",,,local_comercial,De inmobiliaria,2150.0,17.92,120.0,2.0,Situado a pie de calle,"Centro equipado con 8 cabinas hombre/mujer, 2 duchas y zona de lavado (lavadora/secadora/nevera); cuarto cambio ropa.",,,,"Calle de los Pirineos, Ciudad Universitaria, Madrid","Calle de los Pirineos, Ciudad Universitaria, Madrid, España",ok,nominatim,street_approx,"Calle de los Pirineos, Ciudad Universitaria, Moncloa-Aravaca, Madrid, Comunidad de Madrid, 28040, España",40.4560604,-3.7170636,8a390cb1d547fff,10.0,9038.0,9.0,Moncloa - Aravaca,93.0,Ciudad Universitaria,,,card_only_geocoded
locales.es,madrid,alquiler,2,175149,alquiler:175149,https://www.locales.es/madrid/alquiler/local175149#offerType=2&estateType=3&settlement=6773,https://www.locales.es/madrid/contactar/propietario/175149,"Local comercial en Alquiler en Calle de Tampico, Salvador, Madrid",,,local_comercial,De inmobiliaria,7500.0,10.0,750.0,2.0,Salida de humos | Situado a pie de calle,"Planta única diáfana con salida de humos; fachada 20 m y altura 3,2 m; admite restauración u otros usos.",,,,"Calle de Tampico, Salvador, Madrid","Calle de Tampico, Salvador, Madrid, España",ok,nominatim,street_approx,"Calle de Tampico, Salvador, San Blas - Canillejas, Madrid, Comunidad de Madrid, 28027, España",40.4403551,-3.6325085,8a390ca256f7fff,10.0,20096.0,20.0,San Blas - Canillejas,208.0,Salvador,,,card_only_geocoded
locales.es,madrid,alquiler,2,175150,alquiler:175150,https://www.locales.es/madrid/alquiler-traspaso/local175150#offerType=2&estateType=3&settlement=6773,https://www.locales.es/madrid/contactar/propietario/175150,"Local comercial en Alquiler en Avenida de las Comunidades, Valdebernardo, Madrid",,,local_comercial,De inmobiliaria,1100.0,11.0,100.0,2.0,Situado a pie de calle,"Clínica de fisioterapia totalmente equipada, diáfana en planta calle y con licencia para fisioterapia.",,,,"Avenida de las Comunidades, Valdebernardo, Madrid","Avenida de las Comunidades, Valdebernardo, Madrid, España",ok,nominatim,street_approx,"Avenida de las Comunidades, Valdebernardo, Vicálvaro, Madrid, Comunidad de Madrid, 28032, España",40.393437,-3.6076719,8a390ca0501ffff,10.0,19044.0,19.0,Vicálvaro,192.0,Valdebernardo,,,card_only_geocoded
locales.es,madrid,alquiler,2,175153,alquiler:175153,https://www.locales.es/madrid/alquiler-traspaso/local175153#offerType=2&estateType=3&settlement=6773,https://www.locales.es/madrid/contactar/propietario/175153,"Local comercial en Alquiler en Avenida de América, Prosperidad, Madrid",,,local_comercial,De inmobiliaria,1700.0,10.9,156.0,2.0,,"Cafetería/bar en primera planta, equipado y en funcionamiento; coctelería con shishas, licencias vigentes y clientela fidelizada.",,,,"Avenida de América, Prosperidad, Madrid","Avenida de América, Prosperidad, Madrid, España",ok,nominatim,unknown,"Avenida de América, Intercambiador de Avenida de América, Prosperidad, Chamartín, Madrid, Comunidad de Madrid, 28006, España",40.4376477,-3.6772962,,,,,,,,,,card_only_geocoded
locales.es,madrid,alquiler,2,175154,alquiler:175154,https://www.locales.es/madrid/alquiler-traspaso/local175154#offerType=2&estateType=3&settlement=6773,https://www.locales.es/madrid/contactar/propietario/175154,"Local comercial en Alquiler en Calle de Raimundo Fernández Villaverde, Cuatro Caminos, Madrid",,,local_comercial,De inmobiliaria,4000.0,16.26,246.0,3.0,Almacén | Salida de humos,"Local en una planta, esquina con ventanales; cocina equipada, barra y comedor, salida humos, licencia hostelería y aforo 120.",,,,"Calle de Raimundo Fernández Villaverde, Cuatro Caminos, Madrid","Calle de Raimundo Fernández Villaverde, Cuatro Caminos, Madrid, España",ok,nominatim,street_approx,"Calle de Raimundo Fernández Villaverde, Cuatro Caminos, Tetuán, Madrid, Comunidad de Madrid, 28000, España",40.4465725,-3.6954935,8a390cb198d7fff,10.0,6029.0,6.0,Tetuán,62.0,Cuatro Caminos,,,card_only_geocoded
locales.es,madrid,alquiler,2,175156,alquiler:175156,https://www.locales.es/madrid/alquiler-traspaso/local175156#offerType=2&estateType=3&settlement=6773,https://www.locales.es/madrid/contactar/propietario/175156,"Local comercial en Alquiler en Calle de los Caídos de la División Azul, Castilla, Madrid",,,local_comercial,De inmobiliaria,5000.0,20.83,240.0,2.0,Almacén | Muebles | Barra,"Bar especial en primera planta, 240 m², 99 aforo, insonorizado y equipado con 65 cachimbas y 9 pantallas.",,,,"Calle de los Caídos de la División Azul, Castilla, Madrid","Calle de los Caídos de la División Azul, Castilla, Madrid, España",ok,nominatim,street_approx,"Calle de los Caídos de la División Azul, Castilla, Chamartín, Madrid, Comunidad de Madrid, 28036, España",40.4664771,-3.6721777,8a390cb0a367fff,10.0,5085.0,5.0,Chamartín,56.0,Castilla,,,card_only_geocoded
locales.es,madrid,alquiler,2,175157,alquiler:175157,https://www.locales.es/madrid/alquiler-traspaso/local175157#offerType=2&estateType=3&settlement=6773,https://www.locales.es/madrid/contactar/propietario/175157,"Local comercial en Alquiler en Calle de Valdebernardo, Pavones, Madrid",,,local_comercial,De inmobiliaria,1600.0,17.2,93.0,2.0,Salida de humos | Terraza,"Taberna en primera planta con terraza todo el año (24 mesas), licencia de cafetería y salida de humos; 93 m².",,,,"Calle de Valdebernardo, Pavones, Madrid","Calle de Valdebernardo, Pavones, Madrid, España",ok,nominatim,street_approx,"Calle de Valdebernardo, Pavones, Moratalaz, Madrid, Comunidad de Madrid, 28030, España",40.4037236,-3.6317134,8a390ca234e7fff,10.0,14004.0,14.0,Moratalaz,141.0,Pavones,,,card_only_geocoded
locales.es,madrid,alquiler,2,175158,alquiler:175158,https://www.locales.es/madrid/alquiler-traspaso/local175158#offerType=2&estateType=3&settlement=6773,https://www.locales.es/madrid/contactar/propietario/175158,"Local comercial en Alquiler en Parque Cerro Almodóvar, Aluche, Madrid",,,local_comercial,De inmobiliaria,8500.0,20.48,415.0,2.0,Salida de humos | Terraza,"Local totalmente montado en planta, gran tamaño, terraza de veladores, salida de humos; zona con alta afluencia y buenas comunicaciones.",,,,"Parque Cerro Almodóvar, Aluche, Madrid","Parque Cerro Almodóvar, Aluche, Madrid, España",ok,nominatim,street_approx,"Auditorio Parque de Cerro Almodóvar, Calle de Marcelino Castillo, Aluche, Latina, Madrid, Comunidad de Madrid, 28047, España",40.3942617,-3.7454573,8a390cba9ccffff,10.0,10081.0,10.0,Latina,104.0,Aluche,,,card_only_geocoded
locales.es,madrid,alquiler,2,175162,alquiler:175162,https://www.locales.es/madrid/alquiler-traspaso/local175162#offerType=2&estateType=3&settlement=6773,https://www.locales.es/madrid/contactar/propietario/175162,"Local comercial en Alquiler en Calle del Marqués de Mondéjar, Fuente del Berro, Madrid",,,local_comercial,De inmobiliaria,3200.0,26.67,120.0,2.0,Terraza,Panadería operativa y moderna. Terraza retranqueada; 10 mesas; fachada con 16 m acristalada. Sin salida de humos.,,,,"Calle del Marqués de Mondéjar, Fuente del Berro, Madrid","Calle del Marqués de Mondéjar, Fuente del Berro, Madrid, España",ok,nominatim,street_approx,"Calle del Marqués de Mondéjar, Fuente del Berro, Salamanca, Madrid, Comunidad de Madrid, 28028, España",40.42795,-3.6649606,8a390ca26adffff,10.0,4058.0,4.0,Salamanca,43.0,Fuente del Berro,,,card_only_geocoded
locales.es,madrid,alquiler,2,175164,alquiler:175164,https://www.locales.es/madrid/alquiler-traspaso/local175164#offerType=2&estateType=3&settlement=6773,https://www.locales.es/madrid/contactar/propietario/175164,"Local comercial en Alquiler en Calle de Alfredo Marqueríe, La Paz, Madrid",,,local_comercial,De inmobiliaria,1000.0,40.0,25.0,2.0,Salida de humos | Situado a pie de calle,"Local con licencia de panadería/pastelería, equipado y diáfano, 2 plantas y salida de humos.",,,,"Calle de Alfredo Marqueríe, La Paz, Madrid","Calle de Alfredo Marqueríe, La Paz, Madrid, España",ok,nominatim,street_approx,"Calle de Alfredo Marqueríe, La Paz, Fuencarral, Fuencarral-El Pardo, Madrid, Comunidad de Madrid, 28034, España",40.4860844,-3.7060554,8a390cb0e8d7fff,10.0,8035.0,8.0,Fuencarral - El Pardo,85.0,La Paz,,,card_only_geocoded
locales.es,madrid,alquiler,2,175167,alquiler:175167,https://www.locales.es/madrid/alquiler-traspaso/local175167#offerType=2&estateType=3&settlement=6773,https://www.locales.es/madrid/contactar/propietario/175167,"Local comercial en Alquiler en Calle del Comandante Fontanes, San Isidro, Madrid",,,local_comercial,De inmobiliaria,2800.0,14.0,200.0,3.0,Alta visibilidad,"Cafetería tetería reformada, bien ubicada en vía transitada; 200 m² en planta única y espacios amplios.",,,,"Calle del Comandante Fontanes, San Isidro, Madrid","Calle del Comandante Fontanes, San Isidro, Madrid, España",not_found,nominatim,,,,,,,,,,,,,,reused_snapshot
locales.es,madrid,alquiler,2,175172,alquiler:175172,https://www.locales.es/madrid/alquiler-traspaso/local175172#offerType=2&estateType=3&settlement=6773,https://www.locales.es/madrid/contactar/propietario/175172,"Local comercial en Alquiler en Paseo del General Martínez Campos, Almagro, Madrid",,,local_comercial,De inmobiliaria,850.0,56.67,15.0,2.0,Cocina completamente equipada | Salida de humos,"Local para platos preparados, listo para operar y con amplia maquinaria incluida: frío, horno compacto y cocción eléctrica.",,,,"Paseo del General Martínez Campos, Almagro, Madrid","Paseo del General Martínez Campos, Almagro, Madrid, España",ok,nominatim,street_approx,"Paseo del General Martínez Campos, Almagro, Chamberí, Madrid, Comunidad de Madrid, 28010, España",40.435087,-3.6939818,8a390cb197a7fff,10.0,7084.0,7.0,Chamberí,74.0,Almagro,,,card_only_geocoded
locales.es,madrid,alquiler,2,175338,alquiler:175338,https://www.locales.es/madrid/alquiler-traspaso/local175338#offerType=2&estateType=3&settlement=6773,https://www.locales.es/madrid/contactar/propietario/175338,"Local comercial en Alquiler en Avenida del Aster, Hispanoamérica, Madrid",,,local_comercial,De inmobiliaria,1500.0,15.0,100.0,1.0,Cocina completamente equipada | Salida de humos,"Local en buen estado, equipado con cocina y salida de humos; listo para actividad de take away en planta baja.",,,,"Avenida del Aster, Hispanoamérica, Madrid","Avenida del Aster, Hispanoamérica, Madrid, España",ok,nominatim,street_approx,"Avenida del Aster, Hispanoamérica, Chamartín, Madrid, Comunidad de Madrid, 28016, España",40.4565155,-3.6652638,8a390cb0b497fff,10.0,5053.0,5.0,Chamartín,54.0,Hispanoamérica,,,card_only_geocoded
locales.es,madrid,alquiler,2,175512,alquiler:175512,https://www.locales.es/madrid/alquiler-traspaso/local175512#offerType=2&estateType=3&settlement=6773,https://www.locales.es/madrid/contactar/propietario/175512,"Local comercial en Alquiler en Glorieta del General Álvarez de Castro, Trafalgar, Madrid",,,local_comercial,De inmobiliaria,600.0,10.91,55.0,1.0,,"Negocio consolidado con 6+ años, menús semanales y clientela recurrente; traspaso y acompañamiento para la transición.",,,,"Glorieta del General Álvarez de Castro, Trafalgar, Madrid","Glorieta del General Álvarez de Castro, Trafalgar, Madrid, España",ok,nominatim,street_approx,"Glorieta del General Álvarez de Castro, Trafalgar, Chamberí, Madrid, Comunidad de Madrid, 28010, España",40.4369926,-3.7025466,8a390cb1951ffff,10.0,7066.0,7.0,Chamberí,73.0,Trafalgar,,,card_only_geocoded
locales.es,madrid,alquiler,2,176153,alquiler:176153,https://www.locales.es/madrid/alquiler-traspaso/local176153#offerType=2&estateType=3&settlement=6773,https://www.locales.es/madrid/contactar/propietario/176153,"Local comercial en Alquiler en Calle de los Madrazo, Cortes, Madrid",,,local_comercial,De inmobiliaria,4500.0,25.0,180.0,2.0,Cocina completamente equipada | Salida de humos | Situado a pie de calle,"Local de 180 m² en pleno centro, a pie de calle, con cocina equipada y salida de humos.",,,,"Calle de los Madrazo, Cortes, Madrid","Calle de los Madrazo, Cortes, Madrid, España",ok,nominatim,street_approx,"Calle de Los Madrazo, Barrio de las Letras, Cortes, Centro, Madrid, Comunidad de Madrid, 28014, España",40.4175994,-3.6972575,8a390cb1b397fff,10.0,1072.0,1.0,Centro,13.0,Cortes,,,card_only_geocoded
locales.es,madrid,alquiler,2,176187,alquiler:176187,https://www.locales.es/madrid/alquiler-traspaso/local176187#offerType=2&estateType=3&settlement=6773,https://www.locales.es/madrid/contactar/propietario/176187,"Local comercial en Alquiler en Paseo de los Melancólicos, Imperial, Madrid",,,local_comercial,De inmobiliaria,1350.0,18.0,75.0,1.0,Recepción,"Centro estético equipado en funcionamiento: manicura/pedicura, recepción, licencias al día y cartera fidelizada en zona de alta afluencia.",,,,"Paseo de los Melancólicos, Imperial, Madrid","Paseo de los Melancólicos, Imperial, Madrid, España",ok,nominatim,street_approx,"Paseo de los Melancólicos, Imperial, Arganzuela, Madrid, Comunidad de Madrid, 28005, España",40.4042986,-3.7205011,8a390ca34d6ffff,10.0,2010.0,2.0,Arganzuela,21.0,Imperial,,,card_only_geocoded
locales.es,madrid,alquiler,2,176274,alquiler:176274,https://www.locales.es/madrid/alquiler/local176274#offerType=2&estateType=3&settlement=6773,https://www.locales.es/madrid/contactar/propietario/176274,"Local comercial en Alquiler en Calle de San Bruno, Palacio, Madrid",,,local_comercial,De inmobiliaria,5400.0,41.54,130.0,1.0,Sistemas de Seguridad | Alta visibilidad | Situado a pie de calle | Luminoso,"Local 130 m² en Madrid Centro, frente a San Isidro: 2 plantas, 4 estancias, alarma, buen estado y a pie de calle.",,,,"Calle de San Bruno, Palacio, Madrid","Calle de San Bruno, Palacio, Madrid, España",ok,nominatim,street_approx,"Calle de San Bruno, Barrio de la Latina, Palacio, Centro, Madrid, Comunidad de Madrid, 28005, España",40.4129001,-3.7079251,8a390cb1b41ffff,10.0,1012.0,1.0,Centro,11.0,Palacio,,,card_only_geocoded
locales.es,madrid,alquiler,2,176300,alquiler:176300,https://www.locales.es/madrid/alquiler-traspaso/local176300#offerType=2&estateType=3&settlement=6773,https://www.locales.es/madrid/contactar/propietario/176300,"Local comercial en Alquiler en Calle Mayor, Sol, Madrid",,,local_comercial,De inmobiliaria,2541.0,39.09,65.0,2.0,Muebles | Alta visibilidad,"Local de hostelería en funcionamiento, acondicionado, con equipamiento y licencias vigentes; clientela consolidada y gran visibilidad.",,,,"Calle Mayor, Sol, Madrid","Calle Mayor, Sol, Madrid, España",ok,nominatim,street_approx,"Calle Mayor, Barrio de los Austrias, Sol, Centro, Madrid, Comunidad de Madrid, 28013, España",40.416541,-3.7049024,8a390cb1b097fff,10.0,1123.0,1.0,Centro,16.0,Sol,,,card_only_geocoded
locales.es,madrid,alquiler,2,176301,alquiler:176301,https://www.locales.es/madrid/alquiler-traspaso/local176301#offerType=2&estateType=3&settlement=6773,https://www.locales.es/madrid/contactar/propietario/176301,"Local comercial en Alquiler en Calle de Moreno Nieto, Imperial, Madrid",,,local_comercial,De inmobiliaria,2000.0,23.53,85.0,1.0,Salida de humos,"Bar-cafetería en planta baja, 85 m², en funcionamiento 12 años, con licencia y salida de humos.",,,,"Calle de Moreno Nieto, Imperial, Madrid","Calle de Moreno Nieto, Imperial, Madrid, España",ok,nominatim,street_approx,"Calle de Moreno Nieto, Imperial, Arganzuela, Madrid, Comunidad de Madrid, 28005, España",40.4120538,-3.7198391,8a390cb1a28ffff,10.0,2005.0,2.0,Arganzuela,21.0,Imperial,,,card_only_geocoded
locales.es,madrid,alquiler,2,176302,alquiler:176302,https://www.locales.es/madrid/alquiler-traspaso/local176302#offerType=2&estateType=3&settlement=6773,https://www.locales.es/madrid/contactar/propietario/176302,"Local comercial en Alquiler en Plaza de San Juan de la Cruz, Ríos Rosas, Madrid",,,local_comercial,De inmobiliaria,3000.0,13.7,219.0,2.0,Aire acondicionado | Salida de humos,"219 m² con obrador reformado en 2024, maquinaria nueva, licencia de obrador, cámaras y climatización frío/calor.",,,,"Plaza de San Juan de la Cruz, Ríos Rosas, Madrid","Plaza de San Juan de la Cruz, Ríos Rosas, Madrid, España",ok,nominatim,street_approx,"Plaza de San Juan de la Cruz, Ríos Rosas, Chamberí, Madrid, Comunidad de Madrid, 28003, España",40.4412725,-3.693818,8a390cb19017fff,10.0,7095.0,7.0,Chamberí,75.0,Ríos Rosas,,,card_only_geocoded
locales.es,madrid,alquiler,2,176303,alquiler:176303,https://www.locales.es/madrid/alquiler-traspaso/local176303#offerType=2&estateType=3&settlement=6773,https://www.locales.es/madrid/contactar/propietario/176303,"Local comercial en Alquiler en Calle de la Virgen de la Monjía, Concepción, Madrid",,,local_comercial,De inmobiliaria,6000.0,21.43,280.0,2.0,Almacén | Alta visibilidad | Terraza,"Local 280 m² en una planta, fachada 30 m; terraza 150 m en jardines sin tasa; almacén 70 m y garaje.",,,,"Calle de la Virgen de la Monjía, Concepción, Madrid","Calle de la Virgen de la Monjía, Concepción, Madrid, España",ok,nominatim,street_approx,"Calle de la Virgen de la Monjía, Concepción, Ciudad Lineal, Madrid, Comunidad de Madrid, 28027, España",40.4376574,-3.6521913,8a390ca20837fff,10.0,15122.0,15.0,Ciudad Lineal,154.0,Concepción,,,card_only_geocoded
locales.es,madrid,alquiler,2,176382,alquiler:176382,https://www.locales.es/madrid/alquiler-traspaso/local176382#offerType=2&estateType=3&settlement=6773,https://www.locales.es/madrid/contactar/propietario/176382,"Local comercial en Alquiler en Calle del Biombo, Palacio, Madrid",,,local_comercial,De inmobiliaria,2500.0,27.78,90.0,2.0,Salida de humos,"Bar en planta baja en funcionamiento, equipado con salida de humos y licencia vigente; alta afluencia.",,,,"Calle del Biombo, Palacio, Madrid","Calle del Biombo, Palacio, Madrid, España",ok,nominatim,street_approx,"Calle del Biombo, Barrio de la Latina, Palacio, Centro, Madrid, Comunidad de Madrid, 28013, España",40.4159954,-3.7119346,8a390cb1b507fff,10.0,1007.0,1.0,Centro,11.0,Palacio,,,card_only_geocoded
locales.es,madrid,alquiler,2,176599,alquiler:176599,https://www.locales.es/madrid/alquiler-traspaso/local176599#offerType=2&estateType=3&settlement=6773,https://www.locales.es/madrid/contactar/propietario/176599,"Local comercial en Alquiler en Ciudad Jardín, Madrid",,,local_comercial,De inmobiliaria,5200.0,33.55,155.0,,Salida de humos | Terraza,"Local renovado en funcionamiento con salida de humos, terraza 18 mesas y aforo interior 50; cerca Auditorio y Bernabéu.",,,,"Ciudad Jardín, Madrid","Ciudad Jardín, Madrid, España",ok,nominatim,zone_approx,"Ciudad Jardín, Chamartín, Madrid, Comunidad de Madrid, 28002, España",40.4487115,-3.6738706,,,,,,,,,,card_only_geocoded
locales.es,madrid,alquiler,3,175084,alquiler:175084,https://www.locales.es/madrid/alquiler/local175084#offerType=2&estateType=3&settlement=6773,https://www.locales.es/madrid/contactar/propietario/175084,"Local comercial en Alquiler en Calle del Doctor Cirajas, Pueblo Nuevo, Madrid",,,local_comercial,De inmobiliaria,4900.0,17.31,283.0,2.0,Cocina completamente equipada | Salida de humos | Chimenea,"Planta baja 283 m² en edificio industrial, licencia hostelería, cocina equipada, salida de humos y chimenea exclusiva.",,,,"Calle del Doctor Cirajas, Pueblo Nuevo, Madrid","Calle del Doctor Cirajas, Pueblo Nuevo, Madrid, España",ok,nominatim,street_approx,"Calle del Doctor Cirajas, Pueblo Nuevo, Ciudad Lineal, Madrid, Comunidad de Madrid, 28017, España",40.4353093,-3.6375936,8a390ca20a0ffff,10.0,15090.0,15.0,Ciudad Lineal,152.0,Pueblo Nuevo,,,card_only_geocoded
locales.es,madrid,alquiler,3,175086,alquiler:175086,https://www.locales.es/madrid/alquiler-traspaso/local175086#offerType=2&estateType=3&settlement=6773,https://www.locales.es/madrid/contactar/propietario/175086,"Local comercial en Alquiler en Parque Campo del Moro, Palacio, Madrid",,,local_comercial,De inmobiliaria,1800.0,32.73,55.0,3.0,,"Bar de copas reformado hace 2 años, en funcionamiento, con permisos al día y maquinaria en perfecto estado.",,,,"Parque Campo del Moro, Palacio, Madrid","Parque Campo del Moro, Palacio, Madrid, España",not_found,nominatim,,,,,,,,,,,,,,reused_snapshot
locales.es,madrid,alquiler,3,175087,alquiler:175087,https://www.locales.es/madrid/alquiler-traspaso/local175087#offerType=2&estateType=3&settlement=6773,https://www.locales.es/madrid/contactar/propietario/175087,"Local comercial en Alquiler en Calle de Claudio Coello, Recoletos, Madrid",,,local_comercial,De inmobiliaria,2000.0,26.67,75.0,1.0,Almacén | Salida de humos | Situado a pie de calle,"Local en planta calle con cocina profesional, salida de humos, almacén y licencia; aforo 32.",,,,"Calle de Claudio Coello, Recoletos, Madrid","Calle de Claudio Coello, Recoletos, Madrid, España",ok,nominatim,street_approx,"Calle de Claudio Coello, Recoletos, Salamanca, Madrid, Comunidad de Madrid, 28001, España",40.427857,-3.686202,8a390ca26d0ffff,10.0,4008.0,4.0,Salamanca,41.0,Recoletos,,,card_only_geocoded
locales.es,madrid,alquiler,3,175091,alquiler:175091,https://www.locales.es/madrid/alquiler-traspaso/local175091#offerType=2&estateType=3&settlement=6773,https://www.locales.es/madrid/contactar/propietario/175091,"Local comercial en Alquiler en Calle de los Condes de Torreanaz, Fuente del Berro, Madrid",,,local_comercial,De inmobiliaria,3900.0,32.5,120.0,3.0,,"Ubicación con alto tráfico peatonal; restaurante equipado y con licencias en regla, listo para operar y con clientela habitual.",,,,"Calle de los Condes de Torreanaz, Fuente del Berro, Madrid","Calle de los Condes de Torreanaz, Fuente del Berro, Madrid, España",not_found,nominatim,,,,,,,,,,,,,,reused_snapshot
locales.es,madrid,alquiler,3,175094,alquiler:175094,https://www.locales.es/madrid/alquiler-traspaso/local175094#offerType=2&estateType=3&settlement=6773,https://www.locales.es/madrid/contactar/propietario/175094,"Local comercial en Alquiler en Paseo de Juan XXIII, Ciudad Universitaria, Madrid",,,local_comercial,De inmobiliaria,1000.0,15.38,65.0,2.0,,"Peluquería/barbería en planta baja en Cuatro Caminos (Madrid), 65 m², operativa, 3 puestos y clientela consolidada.",,,,"Paseo de Juan XXIII, Ciudad Universitaria, Madrid","Paseo de Juan XXIII, Ciudad Universitaria, Madrid, España",ok,nominatim,street_approx,"Paseo de Juan XXIII, Ciudad Universitaria, Moncloa-Aravaca, Madrid, Comunidad de Madrid, 28040, España",40.4489536,-3.7164354,8a390cb1d4d7fff,10.0,9037.0,9.0,Moncloa - Aravaca,93.0,Ciudad Universitaria,,,card_only_geocoded
locales.es,madrid,alquiler,3,175098,alquiler:175098,https://www.locales.es/madrid/alquiler-traspaso/local175098#offerType=2&estateType=3&settlement=6773,https://www.locales.es/madrid/contactar/propietario/175098,"Local comercial en Alquiler en Calle de la Beneficencia, Justicia, Madrid",,,local_comercial,De inmobiliaria,4500.0,28.13,160.0,3.0,Salida de humos,"Restaurante en planta baja en esquina, totalmente reformado, con salida de humos y licencia definitiva en Santa Engracia.",,,,"Calle de la Beneficencia, Justicia, Madrid","Calle de la Beneficencia, Justicia, Madrid, España",ok,nominatim,street_approx,"Calle de la Beneficencia, Chueca, Justicia, Centro, Madrid, Comunidad de Madrid, 28004, España",40.4256596,-3.7002178,8a390cb1bb97fff,10.0,1087.0,1.0,Centro,14.0,Justicia,,,card_only_geocoded
locales.es,madrid,alquiler,3,175100,alquiler:175100,https://www.locales.es/madrid/alquiler-traspaso/local175100#offerType=2&estateType=3&settlement=6773,https://www.locales.es/madrid/contactar/propietario/175100,"Local comercial en Alquiler en Calle de San Carlos, Embajadores, Madrid",,,local_comercial,De inmobiliaria,2000.0,25.0,80.0,2.0,Salida de humos,"Planta baja, 80 m²; bar restaurante cafetería. Sin salida de humos, con extractor. En zona Arganzuela.",,,,"Calle de San Carlos, Embajadores, Madrid","Calle de San Carlos, Embajadores, Madrid, España",ok,nominatim,street_approx,"Calle de San Carlos, Lavapiés, Embajadores, Centro, Madrid, Comunidad de Madrid, 28012, España",40.4103862,-3.7017132,8a390cb1b79ffff,10.0,1047.0,1.0,Centro,12.0,Embajadores,,,card_only_geocoded
locales.es,madrid,alquiler,3,175101,alquiler:175101,https://www.locales.es/madrid/alquiler-traspaso/local175101#offerType=2&estateType=3&settlement=6773,https://www.locales.es/madrid/contactar/propietario/175101,"Local comercial en Alquiler en Calle de Zúrich, Rosas, Madrid",,,local_comercial,De inmobiliaria,1600.0,11.43,140.0,1.0,Salida de humos | Terraza,"Local en planta baja con 140 m², obrador, licencia vigente, aforo 50, terraza y salida de humos.",,,,"Calle de Zúrich, Rosas, Madrid","Calle de Zúrich, Rosas, Madrid, España",ok,nominatim,street_approx,"Calle de Zurich, Rosas, San Blas - Canillejas, Madrid, Comunidad de Madrid, 28022, España",40.4219221,-3.6066058,8a390ca2e99ffff,10.0,20128.0,20.0,San Blas - Canillejas,205.0,Rosas,,,card_only_geocoded
locales.es,madrid,alquiler,3,175103,alquiler:175103,https://www.locales.es/madrid/alquiler-traspaso/local175103#offerType=2&estateType=3&settlement=6773,https://www.locales.es/madrid/contactar/propietario/175103,"Local comercial en Alquiler en Calle de Zurbarán, Almagro, Madrid",,,local_comercial,De inmobiliaria,4900.0,94.23,52.0,1.0,,"Local reformado y operativo en planta baja; 52 m², licencia de alimentación; apto para take away sin salida de humos.",,,,"Calle de Zurbarán, Almagro, Madrid","Calle de Zurbarán, Almagro, Madrid, España",ok,nominatim,street_approx,"Calle de Zurbarán, Almagro, Chamberí, Madrid, Comunidad de Madrid, 28071, España",40.4294903,-3.6916646,8a390cb1ba67fff,10.0,7081.0,7.0,Chamberí,74.0,Almagro,,,card_only_geocoded
locales.es,madrid,alquiler,3,175104,alquiler:175104,https://www.locales.es/madrid/alquiler-traspaso/local175104#offerType=2&estateType=3&settlement=6773,https://www.locales.es/madrid/contactar/propietario/175104,"Local comercial en Alquiler en Calle de Jesús Maestro, Vallehermoso, Madrid",,,local_comercial,De inmobiliaria,4000.0,11.43,350.0,3.0,Cocina completamente equipada | Terraza | Luminoso,"Local restaurante planta baja con cocina equipada, sala eventos 100 m² y terraza; aforo 150; almacén y despachos.",,,,"Calle de Jesús Maestro, Vallehermoso, Madrid","Calle de Jesús Maestro, Vallehermoso, Madrid, España",ok,nominatim,street_approx,"Calle de Jesús Maestro, Vallehermoso, Chamberí, Madrid, Comunidad de Madrid, 28003, España",40.4407839,-3.7109608,8a390cb18adffff,10.0,7125.0,7.0,Chamberí,76.0,Vallehermoso,,,card_only_geocoded
locales.es,madrid,alquiler,3,175105,alquiler:175105,https://www.locales.es/madrid/alquiler-traspaso/local175105#offerType=2&estateType=3&settlement=6773,https://www.locales.es/madrid/contactar/propietario/175105,"Local comercial en Alquiler en Carretera del Escorial, Madrid",,,local_comercial,De inmobiliaria,6000.0,15.38,390.0,2.0,,"Restaurante de planta baja, 390 m² equipado. Inversión para gestionar equipo; ambiente latino y ventas demostrables.",,,,"Carretera del Escorial, Madrid","Carretera del Escorial, Madrid, España",ok,nominatim,unknown,"Carretera El Escorial - Quinta del Sol, Carretera de El Escorial, Urbanización El Coto, Las Rozas de Madrid, Comunidad de Madrid, 28231, España",40.4860692,-3.8656847,,,,,,,,,,card_only_geocoded
locales.es,madrid,alquiler,3,175106,alquiler:175106,https://www.locales.es/madrid/alquiler-traspaso/local175106#offerType=2&estateType=3&settlement=6773,https://www.locales.es/madrid/contactar/propietario/175106,"Local comercial en Alquiler en Calle de Santa María la Real de Nieva, Imperial, Madrid",,,local_comercial,De inmobiliaria,3000.0,20.0,150.0,2.0,Salida de humos,"Local de hostelería de 150 m² en La Latina, con salida de humos y licencia vigente, listo para iniciar actividad.",,,,"Calle de Santa María la Real de Nieva, Imperial, Madrid","Calle de Santa María la Real de Nieva, Imperial, Madrid, España",ok,nominatim,street_approx,"Calle de Santa María la Real de Nieva, Imperial, Arganzuela, Madrid, Comunidad de Madrid, 28005, España",40.4060927,-3.7183984,8a390ca3498ffff,10.0,2009.0,2.0,Arganzuela,21.0,Imperial,,,card_only_geocoded
locales.es,madrid,alquiler,3,175110,alquiler:175110,https://www.locales.es/madrid/alquiler-traspaso/local175110#offerType=2&estateType=3&settlement=6773,https://www.locales.es/madrid/contactar/propietario/175110,"Local comercial en Alquiler en Calle de Tudelilla, Bellas Vistas, Madrid",,,local_comercial,De inmobiliaria,1525.0,20.33,75.0,1.0,Aire acondicionado | Almacén | Muebles,"75 m² reformados; 3 cabinas equipadas, sonido, zona espera, cuarto empleados y almacén; cartera de clientes",,,,"Calle de Tudelilla, Bellas Vistas, Madrid","Calle de Tudelilla, Bellas Vistas, Madrid, España",not_found,nominatim,,,,,,,,,,,,,,reused_snapshot
locales.es,madrid,alquiler,3,175111,alquiler:175111,https://www.locales.es/madrid/alquiler-traspaso/local175111#offerType=2&estateType=3&settlement=6773,https://www.locales.es/madrid/contactar/propietario/175111,"Local comercial en Alquiler en Calle de la Manzana, Universidad, Madrid",,,local_comercial,De inmobiliaria,2150.0,30.71,70.0,2.0,Situado a pie de calle,Bar en funcionamiento con todo equipado; licencia de bar musical y uso de DJ; listo para trabajar en Chueca.,,,,"Calle de la Manzana, Universidad, Madrid","Calle de la Manzana, Universidad, Madrid, España",ok,nominatim,street_approx,"Calle de la Manzana, Malasaña, Universidad, Centro, Madrid, Comunidad de Madrid, 28015, España",40.4239725,-3.7082421,8a390cb1bc6ffff,10.0,1112.0,1.0,Centro,15.0,Universidad,,,card_only_geocoded
locales.es,madrid,alquiler,3,175112,alquiler:175112,https://www.locales.es/madrid/alquiler-traspaso/local175112#offerType=2&estateType=3&settlement=6773,https://www.locales.es/madrid/contactar/propietario/175112,"Local comercial en Alquiler en Paseo de San Francisco de Sales, Vallehermoso, Madrid",,,local_comercial,De inmobiliaria,3000.0,27.27,110.0,2.0,Terraza,"Planta baja, terraza de 19 mesas, aforo 39, totalmente equipado; traspaso por jubilación; ubicación en Madrid.",,,,"Paseo de San Francisco de Sales, Vallehermoso, Madrid","Paseo de San Francisco de Sales, Vallehermoso, Madrid, España",ok,nominatim,street_approx,"Paseo de San Francisco de Sales, Vallehermoso, Chamberí, Madrid, Comunidad de Madrid, 28003, España",40.4449993,-3.7091128,8a390cb18a4ffff,10.0,7120.0,7.0,Chamberí,76.0,Vallehermoso,,,card_only_geocoded
locales.es,madrid,alquiler,3,175116,alquiler:175116,https://www.locales.es/madrid/alquiler-traspaso/local175116#offerType=2&estateType=3&settlement=6773,https://www.locales.es/madrid/contactar/propietario/175116,"Local comercial en Alquiler en Calle de Lagasca, Castellana, Madrid",,,local_comercial,De inmobiliaria,9580.0,20.38,470.0,2.0,Cocina completamente equipada | Almacén | Muebles | Terraza,"Restaurante en 2 plantas, terraza, capacidad hasta 280, cocina equipada y almacén; listo para operar.",,,,"Calle de Lagasca, Castellana, Madrid","Calle de Lagasca, Castellana, Madrid, España",ok,nominatim,street_approx,"Calle de Lagasca, Castellana, Salamanca, Madrid, Comunidad de Madrid, 28006, España",40.4340037,-3.6844973,8a390cb1965ffff,10.0,4119.0,4.0,Salamanca,46.0,Castellana,,,card_only_geocoded
locales.es,madrid,alquiler,3,175117,alquiler:175117,https://www.locales.es/madrid/alquiler-traspaso/local175117#offerType=2&estateType=3&settlement=6773,https://www.locales.es/madrid/contactar/propietario/175117,"Local comercial en Alquiler en Calle de las Flautas, Cuatro Vientos, Madrid",,,local_comercial,De inmobiliaria,4800.0,10.67,450.0,2.0,Recepción | Buen acceso | Alta visibilidad | Situado a pie de calle,"Centro deportivo en esquina con licencia, 450 m² en 2 plantas: salas diáfanas, vestuarios, duchas, recepción y oficina.",,,,"Calle de las Flautas, Cuatro Vientos, Madrid","Calle de las Flautas, Cuatro Vientos, Madrid, España",ok,nominatim,street_approx,"Calle de las Flautas, Cuatro Vientos, Latina, Madrid, Comunidad de Madrid, 28044, España",40.3719544,-3.7713199,8a390cbaaa97fff,10.0,10221.0,10.0,Latina,106.0,Cuatro Vientos,,,card_only_geocoded
locales.es,madrid,alquiler,3,175118,alquiler:175118,https://www.locales.es/madrid/alquiler-traspaso/local175118#offerType=2&estateType=3&settlement=6773,https://www.locales.es/madrid/contactar/propietario/175118,"Local comercial en Alquiler en Calle de Vallehermoso, Arapiles, Madrid",,,local_comercial,De inmobiliaria,3600.0,17.31,208.0,3.0,Sistemas de Seguridad | Aire acondicionado | Almacén,"Local de bar restaurante con 208 m² en dos plantas, mobiliario y equipamiento de barra; aire, calefacción, alarma.",,,,"Calle de Vallehermoso, Arapiles, Madrid","Calle de Vallehermoso, Arapiles, Madrid, España",ok,nominatim,street_approx,"Calle de Vallehermoso, Arapiles, Chamberí, Madrid, Comunidad de Madrid, 28015, España",40.432109,-3.7088514,8a390cb1b92ffff,10.0,7045.0,7.0,Chamberí,72.0,Arapiles,,,card_only_geocoded
locales.es,madrid,alquiler,3,175119,alquiler:175119,https://www.locales.es/madrid/alquiler-traspaso/local175119#offerType=2&estateType=3&settlement=6773,https://www.locales.es/madrid/contactar/propietario/175119,"Local comercial en Alquiler en Calle de Joaquín Costa, El Viso, Madrid",,,local_comercial,De inmobiliaria,3700.0,20.0,185.0,,Terraza,"Planta baja con terraza (4 mesas), 185 m² e incluye sótano; apto para montar negocio.",,,,"Calle de Joaquín Costa, El Viso, Madrid","Calle de Joaquín Costa, El Viso, Madrid, España",ok,nominatim,street_approx,"Calle de Joaquín Costa, El Viso, Chamartín, Madrid, Comunidad de Madrid, 28006, España",40.4421156,-3.6824042,8a390cb19227fff,10.0,5001.0,5.0,Chamartín,51.0,El Viso,,,card_only_geocoded
locales.es,madrid,alquiler,3,175120,alquiler:175120,https://www.locales.es/madrid/alquiler-traspaso/local175120#offerType=2&estateType=3&settlement=6773,https://www.locales.es/madrid/contactar/propietario/175120,"Local comercial en Alquiler en Calle de Vallehermoso, Arapiles, Madrid",,,local_comercial,De inmobiliaria,2345.0,19.71,119.0,2.0,Aire acondicionado | Almacén | Salida de humos,"Local bar especial en Aravaca-Moncloa (Madrid), 119 m² en 2 plantas, aforo 56, en funcionamiento; licencia hasta 3:30, equipado.",,,,"Calle de Vallehermoso, Arapiles, Madrid","Calle de Vallehermoso, Arapiles, Madrid, España",ok,nominatim,street_approx,"Calle de Vallehermoso, Arapiles, Chamberí, Madrid, Comunidad de Madrid, 28015, España",40.432109,-3.7088514,8a390cb1b92ffff,10.0,7045.0,7.0,Chamberí,72.0,Arapiles,,,card_only_geocoded
locales.es,madrid,alquiler,3,175121,alquiler:175121,https://www.locales.es/madrid/alquiler-traspaso/local175121#offerType=2&estateType=3&settlement=6773,https://www.locales.es/madrid/contactar/propietario/175121,"Local comercial en Alquiler en Paseo del Salón del Estanque, Jerónimos, Madrid",,,local_comercial,De inmobiliaria,2500.0,17.86,140.0,2.0,,"Local de lavadero de motos con licencia, en funcionamiento, 5 estrellas y buena ubicación. 140 m², listo para seguir operando.",,,,"Paseo del Salón del Estanque, Jerónimos, Madrid","Paseo del Salón del Estanque, Jerónimos, Madrid, España",not_found,nominatim,,,,,,,,,,,,,,reused_snapshot
locales.es,madrid,alquiler,3,175122,alquiler:175122,https://www.locales.es/madrid/alquiler-traspaso/local175122#offerType=2&estateType=3&settlement=6773,https://www.locales.es/madrid/contactar/propietario/175122,"Local comercial en Alquiler en Calle de Requena, Palacio, Madrid",,,local_comercial,De inmobiliaria,3900.0,27.86,140.0,2.0,Almacén | Alta visibilidad | Terraza | Situado a pie de calle,"Bar-cafetería en planta baja de 140 m² con terraza 25 mesas y almacén; zona Centro turística, alto flujo.",,,,"Calle de Requena, Palacio, Madrid","Calle de Requena, Palacio, Madrid, España",ok,nominatim,street_approx,"Calle de Requena, Palacio, Centro, Madrid, Comunidad de Madrid, 28013, España",40.4171414,-3.7125614,8a390cb1b527fff,10.0,1001.0,1.0,Centro,11.0,Palacio,,,card_only_geocoded
locales.es,madrid,alquiler,3,175124,alquiler:175124,https://www.locales.es/madrid/alquiler-traspaso/local175124#offerType=2&estateType=3&settlement=6773,https://www.locales.es/madrid/contactar/propietario/175124,"Local comercial en Alquiler en Calle de Montesa, Goya, Madrid",,,local_comercial,De inmobiliaria,2200.0,14.67,150.0,2.0,Escaparate | Terraza,"Bar cafetería en funcionamiento: 2 plantas, terraza con 7 mesas, 21 sillas, sin salida de humos y facturación demostrable.",,,,"Calle de Montesa, Goya, Madrid","Calle de Montesa, Goya, Madrid, España",ok,nominatim,street_approx,"Calle de Montesa, Goya, Salamanca, Madrid, Comunidad de Madrid, 28006, España",40.4279994,-3.6723341,8a390ca26147fff,10.0,4029.0,4.0,Salamanca,42.0,Goya,,,card_only_geocoded
locales.es,madrid,alquiler,3,175125,alquiler:175125,https://www.locales.es/madrid/alquiler-traspaso/local175125#offerType=2&estateType=3&settlement=6773,https://www.locales.es/madrid/contactar/propietario/175125,"Local comercial en Alquiler en Calle de Salamanca, Cuatro Caminos, Madrid",,,local_comercial,De inmobiliaria,6000.0,20.0,300.0,2.0,Salida de humos | Terraza,"Local de 300 m² en 2 plantas, con 2 terrazas (uso privado sin coste), equipado; terraza acristalada con salida de humos.",,,,"Calle de Salamanca, Cuatro Caminos, Madrid","Calle de Salamanca, Cuatro Caminos, Madrid, España",ok,nominatim,street_approx,"Calle de Salamanca, Cuatro Caminos, Tetuán, Madrid, Comunidad de Madrid, 28020, España",40.453886,-3.6999642,8a390cb19927fff,10.0,6053.0,6.0,Tetuán,62.0,Cuatro Caminos,,,card_only_geocoded
locales.es,madrid,alquiler,3,175126,alquiler:175126,https://www.locales.es/madrid/alquiler-traspaso/local175126#offerType=2&estateType=3&settlement=6773,https://www.locales.es/madrid/contactar/propietario/175126,"Local comercial en Alquiler en Paseo de la Castellana, Cuatro Caminos, Madrid",,,local_comercial,De inmobiliaria,2500.0,19.23,130.0,2.0,,"Restaurante de 130 m², equipado, en Plaza de Cuzco (Tetuán). Aforo para 61 personas. Incluye alquiler y traspaso.",,,,"Paseo de la Castellana, Cuatro Caminos, Madrid","Paseo de la Castellana, Cuatro Caminos, Madrid, España",ok,nominatim,street_approx,"Paseo de la Castellana, Complejo AZCA, Cuatro Caminos, Tetuán, Madrid, Comunidad de Madrid, 28000, España",40.4473765,-3.692863,8a390cb198cffff,10.0,6029.0,6.0,Tetuán,62.0,Cuatro Caminos,,,card_only_geocoded
locales.es,madrid,alquiler,3,175127,alquiler:175127,https://www.locales.es/madrid/alquiler-traspaso/local175127#offerType=2&estateType=3&settlement=6773,https://www.locales.es/madrid/contactar/propietario/175127,"Local comercial en Alquiler en Marroquina, Madrid",,,local_comercial,De inmobiliaria,700.0,11.67,60.0,2.0,Cocina completamente equipada | Salida de humos | Terraza,"Pizzería restaurante en planta baja con terraza de 17 mesas, cocina equipada y salida de humos; licencia bar-restaurante.",,,,"Marroquina, Madrid","Marroquina, Madrid, España",ok,nominatim,zone_approx,"Marroquina, Moratalaz, Madrid, Comunidad de Madrid, España",40.4107193,-3.6405684,,,,,,,,,,card_only_geocoded
locales.es,madrid,alquiler,3,175130,alquiler:175130,https://www.locales.es/madrid/alquiler-traspaso/local175130#offerType=2&estateType=3&settlement=6773,https://www.locales.es/madrid/contactar/propietario/175130,"Local comercial en Alquiler en Ciudad Universitaria, Madrid",,,local_comercial,De inmobiliaria,2550.0,18.35,139.0,2.0,Cocina completamente equipada | Aire acondicionado | Terraza | Situado a pie de calle,"Local en planta baja a pie de calle, en funcionamiento, terraza, baño, calefacción, A/A, cocina con maquinaria incluida.",,,,"Ciudad Universitaria, Madrid","Ciudad Universitaria, Madrid, España",ok,nominatim,unknown,"Ciudad Universitaria, Plaza de Ramón y Cajal, Ciudad Universitaria, Moncloa-Aravaca, Madrid, Comunidad de Madrid, 28040, España",40.4438005,-3.7264206,,,,,,,,,,card_only_geocoded
locales.es,madrid,alquiler,3,175131,alquiler:175131,https://www.locales.es/madrid/alquiler-traspaso/local175131#offerType=2&estateType=3&settlement=6773,https://www.locales.es/madrid/contactar/propietario/175131,"Local comercial en Alquiler en Calle de la Cava de San Miguel, Sol, Madrid",,,local_comercial,De inmobiliaria,5500.0,30.56,180.0,2.0,Terraza,"Local de hostelería 180 m² en planta baja, en esquina, con terraza; ventas altas demostrables. Traspaso por jubilación.",,,,"Calle de la Cava de San Miguel, Sol, Madrid","Calle de la Cava de San Miguel, Sol, Madrid, España",ok,nominatim,street_approx,"Calle de la Cava de San Miguel, Barrio de los Austrias, Sol, Centro, Madrid, Comunidad de Madrid, 28005, España",40.4154201,-3.7086581,8a390cb1b557fff,10.0,1121.0,1.0,Centro,16.0,Sol,,,card_only_geocoded
locales.es,madrid,alquiler,3,175132,alquiler:175132,https://www.locales.es/madrid/alquiler-traspaso/local175132#offerType=2&estateType=3&settlement=6773,https://www.locales.es/madrid/contactar/propietario/175132,"Local comercial en Alquiler en Calle de la Academia, Jerónimos, Madrid",,,local_comercial,De inmobiliaria,1800.0,18.95,95.0,2.0,Almacén | Alta visibilidad,"Bar de copas insonorizado en 2 plantas. Licencia con música sin actuaciones, aforo 48. 72 m² sala + almacén.",,,,"Calle de la Academia, Jerónimos, Madrid","Calle de la Academia, Jerónimos, Madrid, España",not_found,nominatim,,,,,,,,,,,,,,reused_snapshot
locales.es,madrid,alquiler,3,175133,alquiler:175133,https://www.locales.es/madrid/alquiler-traspaso/local175133#offerType=2&estateType=3&settlement=6773,https://www.locales.es/madrid/contactar/propietario/175133,"Local comercial en Alquiler en Calle de la Bahía de Cádiz, Los Corralejos, Madrid",,,local_comercial,De inmobiliaria,2000.0,16.67,120.0,2.0,,Sala de eventos y cumpleaños en planta baja de 120 m²; opción de alquiler y traspaso.,,,,"Calle de la Bahía de Cádiz, Los Corralejos, Madrid","Calle de la Bahía de Cádiz, Los Corralejos, Madrid, España",not_found,nominatim,,,,,,,,,,,,,,reused_snapshot
locales.es,madrid,alquiler,4,175042,alquiler:175042,https://www.locales.es/madrid/alquiler-traspaso/local175042#offerType=2&estateType=3&settlement=6773,https://www.locales.es/madrid/contactar/propietario/175042,"Local comercial en Alquiler en Paseo de Moret, Argüelles, Madrid",,,local_comercial,De inmobiliaria,4000.0,20.0,200.0,3.0,Cocina completamente equipada | Salida de humos,"Restaurante en planta, reformado y en funcionamiento, equipado, con salida de humos; horario 10:00-02:00.",,,,"Paseo de Moret, Argüelles, Madrid","Paseo de Moret, Argüelles, Madrid, España",ok,nominatim,street_approx,"Paseo de Moret, Argüelles, Moncloa-Aravaca, Madrid, Comunidad de Madrid, 28008, España",40.4335365,-3.7228279,8a390cb1846ffff,10.0,9031.0,9.0,Moncloa - Aravaca,92.0,Argüelles,,,card_only_geocoded
locales.es,madrid,alquiler,4,175043,alquiler:175043,https://www.locales.es/madrid/alquiler-traspaso/local175043#offerType=2&estateType=3&settlement=6773,https://www.locales.es/madrid/contactar/propietario/175043,"Local comercial en Alquiler en Calle de Alberto Aguilera, Gaztambide, Madrid",,,local_comercial,De inmobiliaria,1600.0,17.78,90.0,2.0,Salida de humos,Local de bar restaurante totalmente equipado y en funcionamiento; licencia hostelería con salida de humos; personal 2-3.,,,,"Calle de Alberto Aguilera, Gaztambide, Madrid","Calle de Alberto Aguilera, Gaztambide, Madrid, España",ok,nominatim,street_approx,"Calle de Alberto Aguilera, Gaztambide, Chamberí, Madrid, Comunidad de Madrid, 28015, España",40.4303005,-3.7127649,8a390cb18647fff,10.0,7003.0,7.0,Chamberí,71.0,Gaztambide,,,card_only_geocoded
locales.es,madrid,alquiler,4,175044,alquiler:175044,https://www.locales.es/madrid/alquiler-traspaso/local175044#offerType=2&estateType=3&settlement=6773,https://www.locales.es/madrid/contactar/propietario/175044,"Local comercial en Alquiler en Parque Tierno Galván, Legazpi, Madrid",,,local_comercial,De inmobiliaria,2000.0,21.05,95.0,3.0,Terraza,"Bar restaurante en pleno funcionamiento, zona empresarial, todo el día; terraza exterior con 12 mesas y 48 sillas.",,,,"Parque Tierno Galván, Legazpi, Madrid","Parque Tierno Galván, Legazpi, Madrid, España",ok,nominatim,unknown,"Lago del Parque Enrique Tierno Galván, Legazpi, Arganzuela, Madrid, Comunidad de Madrid, España",40.3868314,-3.6824205,,,,,,,,,,card_only_geocoded
locales.es,madrid,alquiler,4,175045,alquiler:175045,https://www.locales.es/madrid/alquiler-traspaso/local175045#offerType=2&estateType=3&settlement=6773,https://www.locales.es/madrid/contactar/propietario/175045,"Local comercial en Alquiler en Calle de Ceuta, Valdeacederas, Madrid",,,local_comercial,De inmobiliaria,1650.0,19.41,85.0,2.0,Buen acceso | Alta visibilidad,Local de hostelería reformado de 85 m² en Cuatro Caminos. Vacío y listo; requiere revisar/actualizar licencia.,,,,"Calle de Ceuta, Valdeacederas, Madrid","Calle de Ceuta, Valdeacederas, Madrid, España",ok,nominatim,street_approx,"Calle de Ceuta, Valdeacederas, Tetuán, Madrid, Comunidad de Madrid, 28039, España",40.4621024,-3.6988496,8a390cb1d36ffff,10.0,6107.0,6.0,Tetuán,65.0,Valdeacederas,,,card_only_geocoded
locales.es,madrid,alquiler,4,175049,alquiler:175049,https://www.locales.es/madrid/alquiler/local175049#offerType=2&estateType=3&settlement=6773,https://www.locales.es/madrid/contactar/propietario/175049,"Local comercial en Alquiler en Calle de José Martínez de Velasco, Estrella, Madrid",,,local_comercial,De inmobiliaria,5000.0,20.0,250.0,2.0,,"Local comercial diáfano en dos plantas y amplios espacios en el distrito Retiro, Madrid.",,,,"Calle de José Martínez de Velasco, Estrella, Madrid","Calle de José Martínez de Velasco, Estrella, Madrid, España",not_found,nominatim,,,,,,,,,,,,,,reused_snapshot
locales.es,madrid,alquiler,4,175050,alquiler:175050,https://www.locales.es/madrid/alquiler-traspaso/local175050#offerType=2&estateType=3&settlement=6773,https://www.locales.es/madrid/contactar/propietario/175050,"Local comercial en Alquiler en Calle de Arganda, Acacias, Madrid",,,local_comercial,De inmobiliaria,1100.0,18.33,60.0,2.0,,"Taberna en planta baja de 60 m² en el Centro de Madrid (Palacio), buen estado, con aseos adaptados. Alquiler y traspaso.",,,,"Calle de Arganda, Acacias, Madrid","Calle de Arganda, Acacias, Madrid, España",ok,nominatim,street_approx,"Calle de Arganda, Las Acacias, Arganzuela, Madrid, Comunidad de Madrid, 28005, España",40.4012103,-3.70692,8a390ca3406ffff,10.0,2085.0,2.0,Arganzuela,22.0,Acacias,,,card_only_geocoded
locales.es,madrid,alquiler,4,175052,alquiler:175052,https://www.locales.es/madrid/alquiler/local175052#offerType=2&estateType=3&settlement=6773,https://www.locales.es/madrid/contactar/propietario/175052,"Local comercial en Alquiler en Calle del Factor, Palacio, Madrid",,,local_comercial,De inmobiliaria,11000.0,55.0,200.0,2.0,Alta visibilidad | Situado a pie de calle,"Planta calle, gran fachada; en obras y entrega 1 abril 2026. Alquiler sin traspaso; admite negociación para contrato anterior.",,,,"Calle del Factor, Palacio, Madrid","Calle del Factor, Palacio, Madrid, España",ok,nominatim,street_approx,"Calle del Factor, Barrio de la Latina, Palacio, Centro, Madrid, Comunidad de Madrid, 28013, España",40.4159399,-3.7125729,8a390cb1b517fff,10.0,1001.0,1.0,Centro,11.0,Palacio,,,card_only_geocoded
locales.es,madrid,alquiler,4,175053,alquiler:175053,https://www.locales.es/madrid/alquiler-traspaso/local175053#offerType=2&estateType=3&settlement=6773,https://www.locales.es/madrid/contactar/propietario/175053,"Local comercial en Alquiler en Paseo de Santa María de la Cabeza, Palos de la Frontera, Madrid",,,local_comercial,De inmobiliaria,3500.0,38.89,90.0,2.0,Cocina completamente equipada | Alta visibilidad | Terraza,Bar restaurante en planta baja en centro de Madrid; zona turística todo el año. Cocina equipada; 32 pax + terraza.,,,,"Paseo de Santa María de la Cabeza, Palos de la Frontera, Madrid","Paseo de Santa María de la Cabeza, Palos de la Frontera, Madrid, España",ok,nominatim,street_approx,"Paseo de Santa María de la Cabeza, Palos de la Frontera, Arganzuela, Madrid, Comunidad de Madrid, 28045, España",40.4051069,-3.6954232,8a390ca35c37fff,10.0,2079.0,2.0,Arganzuela,26.0,Palos de la Frontera,,,card_only_geocoded
locales.es,madrid,alquiler,4,175054,alquiler:175054,https://www.locales.es/madrid/alquiler-traspaso/local175054#offerType=2&estateType=3&settlement=6773,https://www.locales.es/madrid/contactar/propietario/175054,"Local comercial en Alquiler en Calle de Santa Engracia, Trafalgar, Madrid",,,local_comercial,De inmobiliaria,1870.0,23.38,80.0,2.0,Recepción | Almacén,"Local activo y equipado, 80 m² (64,4 planta + 15,8 sótano), 4 puestos de barbero, licencia de actividad.",,,,"Calle de Santa Engracia, Trafalgar, Madrid","Calle de Santa Engracia, Trafalgar, Madrid, España",ok,nominatim,street_approx,"Calle de Santa Engracia, Trafalgar, Chamberí, Madrid, Comunidad de Madrid, 28010, España",40.4337757,-3.6982149,8a390cb194e7fff,10.0,7085.0,7.0,Chamberí,74.0,Almagro,,,card_only_geocoded
locales.es,madrid,alquiler,4,175058,alquiler:175058,https://www.locales.es/madrid/alquiler-traspaso/local175058#offerType=2&estateType=3&settlement=6773,https://www.locales.es/madrid/contactar/propietario/175058,"Local comercial en Alquiler en Plaza de Matute, Cortes, Madrid",,,local_comercial,De inmobiliaria,4200.0,10.12,415.0,2.0,Salida de humos,"Cafetería pastelería en funcionamiento, totalmente reformada, mobiliario de calidad y extractor. Dos plantas.",,,,"Plaza de Matute, Cortes, Madrid","Plaza de Matute, Cortes, Madrid, España",ok,nominatim,unknown,"Plaza de Matute, Barrio de las Letras, Cortes, Centro, Madrid, Comunidad de Madrid, España",40.4136196,-3.6998442,,,,,,,,,,card_only_geocoded
locales.es,madrid,alquiler,4,175059,alquiler:175059,https://www.locales.es/madrid/alquiler-traspaso/local175059#offerType=2&estateType=3&settlement=6773,https://www.locales.es/madrid/contactar/propietario/175059,"Local comercial en Alquiler en Calle de la Playa de Barlovento, Timón, Madrid",,,local_comercial,De inmobiliaria,1816.0,15.26,119.0,3.0,Salida de humos | Situado a pie de calle,"Local en funcionamiento, a pie de calle, equipado; aforo 69; salida de humos.",,,,"Calle de la Playa de Barlovento, Timón, Madrid","Calle de la Playa de Barlovento, Timón, Madrid, España",ok,nominatim,street_approx,"Calle de la Playa de Barlovento, Timón, Barajas, Madrid, Comunidad de Madrid, 28042, España",40.4740094,-3.5951918,8a390cb503b7fff,10.0,21028.0,21.0,Barajas,214.0,Timón,,,card_only_geocoded
locales.es,madrid,alquiler,4,175062,alquiler:175062,https://www.locales.es/madrid/alquiler-traspaso/local175062#offerType=2&estateType=3&settlement=6773,https://www.locales.es/madrid/contactar/propietario/175062,"Local comercial en Alquiler en Calle de Carlota O'Neill, San Pascual, Madrid",,,local_comercial,De inmobiliaria,2900.0,14.5,200.0,2.0,,"Ferretería operativa con fachada acristalada, 200 m² en 2 plantas (100 m² cada una), incluye mercancía; en actividad 2 años.",,,,"Calle de Carlota O'Neill, San Pascual, Madrid","Calle de Carlota O'Neill, San Pascual, Madrid, España",ok,nominatim,street_approx,"Calle de Carlota O’Neill, San Pascual, Ciudad Lineal, Madrid, Comunidad de Madrid, 28027, España",40.4419665,-3.6518536,8a390ca242c7fff,10.0,15138.0,15.0,Ciudad Lineal,155.0,San Pascual,,,card_only_geocoded
locales.es,madrid,alquiler,4,175063,alquiler:175063,https://www.locales.es/madrid/alquiler/local175063#offerType=2&estateType=3&settlement=6773,https://www.locales.es/madrid/contactar/propietario/175063,"Local comercial en Alquiler en Calle de Prim, Justicia, Madrid",,,local_comercial,De inmobiliaria,10000.0,72.99,137.0,2.0,,"Local de 2 plantas en pleno centro de Madrid, 137 m² y licencia comercial para hostelería take away o degustación.",,,,"Calle de Prim, Justicia, Madrid","Calle de Prim, Justicia, Madrid, España",ok,nominatim,street_approx,"Calle de Prim, Chueca, Justicia, Centro, Madrid, Comunidad de Madrid, 28004, España",40.4219089,-3.6940242,8a390cb1b307fff,10.0,1073.0,1.0,Centro,14.0,Justicia,,,card_only_geocoded
locales.es,madrid,alquiler,4,175064,alquiler:175064,https://www.locales.es/madrid/alquiler-traspaso/local175064#offerType=2&estateType=3&settlement=6773,https://www.locales.es/madrid/contactar/propietario/175064,"Local comercial en Alquiler en Calle de Fernando Poo, Chopera, Madrid",,,local_comercial,De inmobiliaria,4000.0,20.0,200.0,2.0,Cocina completamente equipada | Salida de humos | Escaparate,Bar restaurante de 200 m² en esquina triangular con cocina equipada y salida de humos; ideal por su visibilidad.,,,,"Calle de Fernando Poo, Chopera, Madrid","Calle de Fernando Poo, Chopera, Madrid, España",ok,nominatim,street_approx,"Calle de Fernando Poo, Chopera, Arganzuela, Madrid, Comunidad de Madrid, 28045, España",40.3972023,-3.6998202,8a390ca3421ffff,10.0,2040.0,2.0,Arganzuela,23.0,Chopera,,,card_only_geocoded
locales.es,madrid,alquiler,4,175065,alquiler:175065,https://www.locales.es/madrid/alquiler-traspaso/local175065#offerType=2&estateType=3&settlement=6773,https://www.locales.es/madrid/contactar/propietario/175065,"Local comercial en Alquiler en 2B, Atalaya, Madrid",,,local_comercial,De inmobiliaria,4200.0,28.0,150.0,2.0,Cocina completamente equipada | Salida de humos | Terraza,"Local de 150 m², reformado y equipado, cocina con salida de humos; terraza y buena ubicación para clientes de vivienda/oficina.",,,,"2B, Atalaya, Madrid","2B, Atalaya, Madrid, España",ok,nominatim,unknown,"2B, Calzada lateral M-30, Atalaya, Ciudad Lineal, Madrid, Comunidad de Madrid, 28016, España",40.4661301,-3.6677522,,,,,,,,,,card_only_geocoded
locales.es,madrid,alquiler,4,175067,alquiler:175067,https://www.locales.es/madrid/alquiler/local175067#offerType=2&estateType=3&settlement=6773,https://www.locales.es/madrid/contactar/propietario/175067,"Local comercial en Alquiler en Avenida del Doctor García Tapia, Media Legua, Madrid",,,local_comercial,De inmobiliaria,9800.0,14.96,655.0,4.0,Aire acondicionado | Salida de humos,"Retiro, 655 m²: 265 m² planta baja + 290 m² sótano, salida de humos, 26 m fachada, bien comunicado.",,,,"Avenida del Doctor García Tapia, Media Legua, Madrid","Avenida del Doctor García Tapia, Media Legua, Madrid, España",ok,nominatim,street_approx,"Avenida del Doctor García Tapia, Media Legua, Moratalaz, Madrid, Comunidad de Madrid, 28030, España",40.4129157,-3.6557782,8a390ca228cffff,10.0,14040.0,14.0,Moratalaz,144.0,Media Legua,,,card_only_geocoded
locales.es,madrid,alquiler,4,175068,alquiler:175068,https://www.locales.es/madrid/alquiler-traspaso/local175068#offerType=2&estateType=3&settlement=6773,https://www.locales.es/madrid/contactar/propietario/175068,"Local comercial en Alquiler en Calle del Doctor Severo Ochoa, Ciudad Universitaria, Madrid",,,local_comercial,De inmobiliaria,5700.0,22.8,250.0,4.0,Cocina completamente equipada | Salida de humos | Alta visibilidad | Terraza,"Cafetería con franquicia, 250 m², terraza para 11 mesas, cocina equipada y salida de humos en zona de alto tráfico.",,,,"Calle del Doctor Severo Ochoa, Ciudad Universitaria, Madrid","Calle del Doctor Severo Ochoa, Ciudad Universitaria, Madrid, España",ok,nominatim,street_approx,"Calle del Doctor Severo Ochoa, Ciudad Universitaria, Moncloa-Aravaca, Madrid, Comunidad de Madrid, 28040, España",40.442671,-3.7231614,8a390cb188d7fff,10.0,9033.0,9.0,Moncloa - Aravaca,93.0,Ciudad Universitaria,,,card_only_geocoded
locales.es,madrid,alquiler,4,175069,alquiler:175069,https://www.locales.es/madrid/alquiler-traspaso/local175069#offerType=2&estateType=3&settlement=6773,https://www.locales.es/madrid/contactar/propietario/175069,"Local comercial en Alquiler en Calle de Cartagena, Guindalera, Madrid",,,local_comercial,De inmobiliaria,2000.0,25.0,80.0,2.0,Cocina completamente equipada | Salida de humos | Alta visibilidad | Terraza,"Bar restaurante en zona comercial y residencial con alto tránsito, terraza y cocina equipada con salida de humos.",,,,"Calle de Cartagena, Guindalera, Madrid","Calle de Cartagena, Guindalera, Madrid, España",ok,nominatim,street_approx,"Calle de Cartagena, Guindalera, Salamanca, Madrid, Comunidad de Madrid, 28028, España",40.4390701,-3.6732787,8a390ca24417fff,10.0,4086.0,4.0,Salamanca,44.0,Guindalera,,,card_only_geocoded
locales.es,madrid,alquiler,4,175070,alquiler:175070,https://www.locales.es/madrid/alquiler-traspaso/local175070#offerType=2&estateType=3&settlement=6773,https://www.locales.es/madrid/contactar/propietario/175070,"Local comercial en Alquiler en Calle de Palos de la Frontera, Palos de la Frontera, Madrid",,,local_comercial,De inmobiliaria,1720.0,19.11,90.0,2.0,Salida de humos | Terraza,"Restaurante en funcionamiento con terraza todo el año, cocina equipada y salida de humos; altas ventas y afluencia turística.",,,,"Calle de Palos de la Frontera, Palos de la Frontera, Madrid","Calle de Palos de la Frontera, Palos de la Frontera, Madrid, España",ok,nominatim,street_approx,"Calle de Palos de la Frontera, Palos de la Frontera, Arganzuela, Madrid, Comunidad de Madrid, 28045, España",40.4030903,-3.6947922,8a390ca35c17fff,10.0,2070.0,2.0,Arganzuela,26.0,Palos de la Frontera,,,card_only_geocoded
locales.es,madrid,alquiler,4,175071,alquiler:175071,https://www.locales.es/madrid/alquiler/local175071#offerType=2&estateType=3&settlement=6773,https://www.locales.es/madrid/contactar/propietario/175071,"Local comercial en Alquiler en Calle de Bravo Murillo, Ríos Rosas, Madrid",,,local_comercial,De inmobiliaria,7500.0,27.78,270.0,2.0,Escaparate,"Local en planta baja de 270 m² en Chamberí, con dos escaparates y entorno comercial consolidado.",,,,"Calle de Bravo Murillo, Ríos Rosas, Madrid","Calle de Bravo Murillo, Ríos Rosas, Madrid, España",ok,nominatim,street_approx,"Calle de Bravo Murillo, Ríos Rosas, Chamberí, Madrid, Comunidad de Madrid, 28003, España",40.4456987,-3.7039875,8a390cb19d57fff,10.0,7118.0,7.0,Chamberí,76.0,Vallehermoso,,,card_only_geocoded
locales.es,madrid,alquiler,4,175073,alquiler:175073,https://www.locales.es/madrid/alquiler-traspaso/local175073#offerType=2&estateType=3&settlement=6773,https://www.locales.es/madrid/contactar/propietario/175073,"Local comercial en Alquiler en Calle del Teniente Coronel Noreña, Legazpi, Madrid",,,local_comercial,De inmobiliaria,4000.0,20.0,200.0,2.0,Almacén | Salida de humos,"Bar en funcionamiento, equipado y con licencias vigentes; salida de humos, cocina profesional y material de shisha.",,,,"Calle del Teniente Coronel Noreña, Legazpi, Madrid","Calle del Teniente Coronel Noreña, Legazpi, Madrid, España",ok,nominatim,street_approx,"Calle del Teniente Coronel Noreña, Legazpi, Arganzuela, Madrid, Comunidad de Madrid, 28045, España",40.3884881,-3.6934131,8a390ca308effff,10.0,2111.0,2.0,Arganzuela,24.0,Legazpi,,,card_only_geocoded
locales.es,madrid,alquiler,4,175074,alquiler:175074,https://www.locales.es/madrid/alquiler-traspaso/local175074#offerType=2&estateType=3&settlement=6773,https://www.locales.es/madrid/contactar/propietario/175074,"Local comercial en Alquiler en Avenida de la Paz, Legazpi, Madrid",,,local_comercial,De inmobiliaria,2100.0,12.35,170.0,2.0,Salida de humos | Terraza,"Bar restaurante en 2 plantas con terraza (5 mesas), cocina y salida de humos; aforo 48. Hace esquina.",,,,"Avenida de la Paz, Legazpi, Madrid","Avenida de la Paz, Legazpi, Madrid, España",ok,nominatim,street_approx,"Avenida de la Paz, Legazpi, Arganzuela, Madrid, Comunidad de Madrid, 27007, España",40.3905291,-3.6788717,8a390ca31d27fff,10.0,2103.0,2.0,Arganzuela,24.0,Legazpi,,,card_only_geocoded
locales.es,madrid,alquiler,4,175075,alquiler:175075,https://www.locales.es/madrid/alquiler/local175075#offerType=2&estateType=3&settlement=6773,https://www.locales.es/madrid/contactar/propietario/175075,"Local comercial en Alquiler en Paseo de la Castellana, Ríos Rosas, Madrid",,,local_comercial,De inmobiliaria,7500.0,39.47,190.0,4.0,Salida de humos | Escaparate | Alta visibilidad,"Planta baja con alto tránsito; 3 estancias: 75 m² calle, 35 m² entreplanta y 80 m² sótano; 4 baños; doble escaparate.",,,,"Paseo de la Castellana, Ríos Rosas, Madrid","Paseo de la Castellana, Ríos Rosas, Madrid, España",ok,nominatim,street_approx,"Paseo de la Castellana, Ríos Rosas, Chamberí, Madrid, Comunidad de Madrid, 28046, España",40.4396703,-3.69134,8a390cb190f7fff,10.0,7095.0,7.0,Chamberí,75.0,Ríos Rosas,,,card_only_geocoded
locales.es,madrid,alquiler,4,175076,alquiler:175076,https://www.locales.es/madrid/alquiler-traspaso/local175076#offerType=2&estateType=3&settlement=6773,https://www.locales.es/madrid/contactar/propietario/175076,"Local comercial en Alquiler en Calle de San Aquilino, Almenara, Madrid",,,local_comercial,De inmobiliaria,4500.0,22.5,200.0,2.0,Cocina completamente equipada | Salida de humos | Barra | Alta visibilidad | +1,"Recién reformado, planta calle y dos alturas, cocina y barra equipadas, terraza 12 y aforo 95, 2 salidas de humos.",,,,"Calle de San Aquilino, Almenara, Madrid","Calle de San Aquilino, Almenara, Madrid, España",not_found,nominatim,,,,,,,,,,,,,,reused_snapshot
locales.es,madrid,alquiler,4,175077,alquiler:175077,https://www.locales.es/madrid/alquiler-traspaso/local175077#offerType=2&estateType=3&settlement=6773,https://www.locales.es/madrid/contactar/propietario/175077,"Local comercial en Alquiler en Paseo del General Martínez Campos, Almagro, Madrid",,,local_comercial,De inmobiliaria,2350.0,15.16,155.0,2.0,,"Local totalmente equipado (155 m²), actividad con beneficios demostrables y base de datos de 9 años.",,,,"Paseo del General Martínez Campos, Almagro, Madrid","Paseo del General Martínez Campos, Almagro, Madrid, España",ok,nominatim,street_approx,"Paseo del General Martínez Campos, Almagro, Chamberí, Madrid, Comunidad de Madrid, 28010, España",40.435087,-3.6939818,8a390cb197a7fff,10.0,7084.0,7.0,Chamberí,74.0,Almagro,,,card_only_geocoded
locales.es,madrid,alquiler,4,175078,alquiler:175078,https://www.locales.es/madrid/alquiler-traspaso/local175078#offerType=2&estateType=3&settlement=6773,https://www.locales.es/madrid/contactar/propietario/175078,"Local comercial en Alquiler en Calle del Jardín de San Federico, Goya, Madrid",,,local_comercial,De inmobiliaria,1600.0,13.11,122.0,3.0,Salida de humos | Situado a pie de calle,"Bar cafetería en funcionamiento en Madrid, pie de calle, 122 m², equipado; salida de humos y aseos adaptados.",,,,"Calle del Jardín de San Federico, Goya, Madrid","Calle del Jardín de San Federico, Goya, Madrid, España",ok,nominatim,street_approx,"Calle del Jardín de San Federico, Goya, Salamanca, Madrid, Comunidad de Madrid, 28009, España",40.4248897,-3.6698267,8a390ca26047fff,10.0,4036.0,4.0,Salamanca,42.0,Goya,,,card_only_geocoded
locales.es,madrid,alquiler,4,175079,alquiler:175079,https://www.locales.es/madrid/alquiler-traspaso/local175079#offerType=2&estateType=3&settlement=6773,https://www.locales.es/madrid/contactar/propietario/175079,"Local comercial en Alquiler en Calle del Sombrerete, Embajadores, Madrid",,,local_comercial,De inmobiliaria,2400.0,60.0,40.0,2.0,Terraza,"Bar de tapas y restaurante en planta baja, 40 m², esquina en Barrio Sol (centro Madrid), terraza 5 mesas; sin cocina ni salida humos.",,,,"Calle del Sombrerete, Embajadores, Madrid","Calle del Sombrerete, Embajadores, Madrid, España",not_found,nominatim,,,,,,,,,,,,,,reused_snapshot
locales.es,madrid,alquiler,4,175080,alquiler:175080,https://www.locales.es/madrid/alquiler-traspaso/local175080#offerType=2&estateType=3&settlement=6773,https://www.locales.es/madrid/contactar/propietario/175080,"Local comercial en Alquiler en Calle de Trafalgar, Trafalgar, Madrid",,,local_comercial,De inmobiliaria,1100.0,15.71,70.0,2.0,Salida de humos | Terraza,"Bar en planta baja con terraza de 7 mesas y salida de humos, en funcionamiento; 70 m² en Chamberí, Madrid.",,,,"Calle de Trafalgar, Trafalgar, Madrid","Calle de Trafalgar, Trafalgar, Madrid, España",ok,nominatim,street_approx,"Calle de Trafalgar, Trafalgar, Chamberí, Madrid, Comunidad de Madrid, 28010, España",40.432763,-3.7010403,8a390cb19487fff,10.0,7069.0,7.0,Chamberí,73.0,Trafalgar,,,card_only_geocoded
locales.es,madrid,alquiler,4,175081,alquiler:175081,https://www.locales.es/madrid/alquiler-traspaso/local175081#offerType=2&estateType=3&settlement=6773,https://www.locales.es/madrid/contactar/propietario/175081,"Local comercial en Alquiler en Calle del Alcalde Sainz de Baranda, Estrella, Madrid",,,local_comercial,De inmobiliaria,2800.0,28.0,100.0,2.0,Salida de humos | Terraza,"Local de 100 m² en planta baja, terraza para 3 mesas, equipado y con salida de humos; alquiler y traspaso.",,,,"Calle del Alcalde Sainz de Baranda, Estrella, Madrid","Calle del Alcalde Sainz de Baranda, Estrella, Madrid, España",ok,nominatim,street_approx,"Calle del Alcalde Sáinz de Baranda, Estrella, Retiro, Madrid, Comunidad de Madrid, 28007, España",40.4181016,-3.6659936,8a390ca2666ffff,10.0,3045.0,3.0,Retiro,33.0,Estrella,,,card_only_geocoded
locales.es,madrid,alquiler,4,175082,alquiler:175082,https://www.locales.es/madrid/alquiler-traspaso/local175082#offerType=2&estateType=3&settlement=6773,https://www.locales.es/madrid/contactar/propietario/175082,"Local comercial en Alquiler en Calle de Jerte, Palacio, Madrid",,,local_comercial,De inmobiliaria,4500.0,32.14,140.0,2.0,Cocina completamente equipada | Salida de humos,"Local reformado y en funcionamiento en Calle céntrica, 45 aforo, cocina equipada y salida de humos.",,,,"Calle de Jerte, Palacio, Madrid","Calle de Jerte, Palacio, Madrid, España",ok,nominatim,street_approx,"Calle de Jerte, Barrio de la Latina, Palacio, Centro, Madrid, Comunidad de Madrid, 28005, España",40.4109758,-3.7152679,8a390ca34977fff,10.0,1018.0,1.0,Centro,11.0,Palacio,,,card_only_geocoded
locales.es,madrid,alquiler,5,174994,alquiler:174994,https://www.locales.es/madrid/alquiler/local174994#offerType=2&estateType=3&settlement=6773,https://www.locales.es/madrid/contactar/propietario/174994,"Local comercial en Alquiler en Plaza de España, Argüelles, Madrid",,,local_comercial,De inmobiliaria,3850.0,32.08,120.0,3.0,Patio | Salida de humos | Escaparate | Terraza | +1,"Local de hostelería en centro de Madrid, 120 m² con patio; reformado 2019, licencia vigente y 2 salidas de humos.",,,,"Plaza de España, Argüelles, Madrid","Plaza de España, Argüelles, Madrid",ok,nominatim,unknown,"Plaza de España, Universidad, Moncloa-Aravaca, Centro, Madrid, Comunidad de Madrid, 28105, España",40.423449,-3.7108809,,,,,,,,,,card_only_geocoded
locales.es,madrid,alquiler,5,174996,alquiler:174996,https://www.locales.es/madrid/alquiler/local174996#offerType=2&estateType=3&settlement=6773,https://www.locales.es/madrid/contactar/propietario/174996,"Local comercial en Alquiler en Avenida de Daroca, Ventas, Madrid",,,local_comercial,De inmobiliaria,3000.0,16.67,180.0,2.0,Salida de humos | Alta visibilidad,"Local semi esquinero en planta baja, gran fachada y mucho paso; acondicionado para peluquería, llave en mano.",,,,"Avenida de Daroca, Ventas, Madrid","Avenida de Daroca, Ventas, Madrid, España",ok,nominatim,street_approx,"Avenida de Daroca, La Elipa, Ventas, Ciudad Lineal, Madrid, Comunidad de Madrid, 28017, España",40.4293664,-3.652898,8a390ca20c5ffff,10.0,15024.0,15.0,Ciudad Lineal,151.0,Ventas,,,card_only_geocoded
locales.es,madrid,alquiler,5,174998,alquiler:174998,https://www.locales.es/madrid/alquiler-traspaso/local174998#offerType=2&estateType=3&settlement=6773,https://www.locales.es/madrid/contactar/propietario/174998,"Local comercial en Alquiler en Calle de la Rosaleda, Casa de Campo, Madrid",,,local_comercial,De inmobiliaria,1100.0,20.0,55.0,8.0,,"Local operativo con clientes fidelizados y facturación, ubicación en zona Palacio; incluye traspaso.",,,,"Calle de la Rosaleda, Casa de Campo, Madrid","Calle de la Rosaleda, Casa de Campo, Madrid, España",ok,nominatim,street_approx,"Calle de la Rosaleda, Casa de Campo, Moncloa-Aravaca, Madrid, Comunidad de Madrid, 28008, España",40.4250822,-3.7213536,8a390cb1ab5ffff,10.0,9010.0,9.0,Moncloa - Aravaca,91.0,Casa de Campo,,,card_only_geocoded
locales.es,madrid,alquiler,5,175001,alquiler:175001,https://www.locales.es/madrid/alquiler/local175001#offerType=2&estateType=3&settlement=6773,https://www.locales.es/madrid/contactar/propietario/175001,"Local comercial en Alquiler en Calle de Ariadna, Los Corralejos, Madrid",,,local_comercial,De inmobiliaria,16000.0,17.62,908.0,4.0,Salida de humos | Terraza,"908 m² en planta baja y sótano, salida de humos, licencia cafetería-restaurante y terraza; aforo 418.",,,,"Calle de Ariadna, Los Corralejos, Madrid","Calle de Ariadna, Los Corralejos, Madrid, España",not_found,nominatim,,,,,,,,,,,,,,reused_snapshot
locales.es,madrid,alquiler,5,175003,alquiler:175003,https://www.locales.es/madrid/alquiler-traspaso/local175003#offerType=2&estateType=3&settlement=6773,https://www.locales.es/madrid/contactar/propietario/175003,"Local comercial en Alquiler en Ventas, Madrid",,,local_comercial,De inmobiliaria,1600.0,12.9,124.0,3.0,Cocina completamente equipada | Salida de humos | Alta visibilidad,"Planta baja esquinera, 124 m² (112 útiles), 16 m de fachada; licencia bar-cafetería, cocina y salida de humos.",,,,"Ventas, Madrid","Ventas, Madrid, España",ok,nominatim,unknown,"Ventas, Calle de Julio Camba, Guindalera, Salamanca, Madrid, Comunidad de Madrid, 28028, España",40.4310642,-3.6635419,,,,,,,,,,card_only_geocoded
locales.es,madrid,alquiler,5,175004,alquiler:175004,https://www.locales.es/madrid/alquiler-traspaso/local175004#offerType=2&estateType=3&settlement=6773,https://www.locales.es/madrid/contactar/propietario/175004,"Local comercial en Alquiler en Calle de Centenera, Pueblo Nuevo, Madrid",,,local_comercial,De inmobiliaria,2000.0,25.0,80.0,2.0,Alta visibilidad,Local en una planta (80 m²) en avenida con alto tránsito; funciona como bar-cafetería y sin salida de humos.,,,,"Calle de Centenera, Pueblo Nuevo, Madrid","Calle de Centenera, Pueblo Nuevo, Madrid, España",ok,nominatim,street_approx,"Calle de la Centenera, Pueblo Nuevo, Ciudad Lineal, Madrid, Comunidad de Madrid, 28017, España",40.4342284,-3.6408009,8a390ca20a17fff,10.0,15088.0,15.0,Ciudad Lineal,152.0,Pueblo Nuevo,,,card_only_geocoded
locales.es,madrid,alquiler,5,175005,alquiler:175005,https://www.locales.es/madrid/alquiler-traspaso/local175005#offerType=2&estateType=3&settlement=6773,https://www.locales.es/madrid/contactar/propietario/175005,"Local comercial en Alquiler en Calle de Collado Mostajo, Mirasierra, Madrid",,,local_comercial,De inmobiliaria,3000.0,24.39,123.0,2.0,Salida de humos | Terraza,"Bar-restaurante en funcionamiento en Fuencarral-El Pardo (Madrid): 123 m² en 2 plantas y terraza 170 m² (25 mesas, 82 sillas).",,,,"Calle de Collado Mostajo, Mirasierra, Madrid","Calle de Collado Mostajo, Mirasierra, Madrid, España",ok,nominatim,street_approx,"Calle de Collado Mostajo, Mirasierra, Fuencarral-El Pardo, Madrid, Comunidad de Madrid, 28035, España",40.4893555,-3.7220312,8a390cb01787fff,10.0,8181.0,8.0,Fuencarral - El Pardo,87.0,Mirasierra,,,card_only_geocoded
locales.es,madrid,alquiler,5,175008,alquiler:175008,https://www.locales.es/madrid/alquiler-traspaso/local175008#offerType=2&estateType=3&settlement=6773,https://www.locales.es/madrid/contactar/propietario/175008,"Local comercial en Alquiler en Calle de Atocha, Sol, Madrid",,,local_comercial,De inmobiliaria,3000.0,21.43,140.0,1.0,Alta visibilidad | Situado a pie de calle,"Local equipado y en funcionamiento, a pie de calle, con alto tránsito peatonal; 140 m². Ubicación céntrica.",,,,"Calle de Atocha, Sol, Madrid","Calle de Atocha, Sol, Madrid, España",ok,nominatim,street_approx,"Calle de Atocha, Barrio de los Austrias, Sol, Centro, Madrid, Comunidad de Madrid, 28012, España",40.4144481,-3.704387,8a390cb1b447fff,10.0,1120.0,1.0,Centro,16.0,Sol,,,card_only_geocoded
locales.es,madrid,alquiler,5,175009,alquiler:175009,https://www.locales.es/madrid/alquiler-traspaso/local175009#offerType=2&estateType=3&settlement=6773,https://www.locales.es/madrid/contactar/propietario/175009,"Local comercial en Alquiler en Calle de José Barbastre, Ventas, Madrid",,,local_comercial,De inmobiliaria,2200.0,22.0,100.0,2.0,Salida de humos | Alta visibilidad,"Cafetería típica española en zona residencial y peatonal; cuenta con máquinas de juegos, cocina y salida de humos.",,,,"Calle de José Barbastre, Ventas, Madrid","Calle de José Barbastre, Ventas, Madrid, España",ok,nominatim,street_approx,"Calle de José Barbastre, La Elipa, Ventas, Ciudad Lineal, Madrid, Comunidad de Madrid, 28017, España",40.4272071,-3.6514889,8a390ca20197fff,10.0,15022.0,15.0,Ciudad Lineal,151.0,Ventas,,,card_only_geocoded
locales.es,madrid,alquiler,5,175011,alquiler:175011,https://www.locales.es/madrid/alquiler-traspaso/local175011#offerType=2&estateType=3&settlement=6773,https://www.locales.es/madrid/contactar/propietario/175011,"Local comercial en Alquiler en Calle de Albacete, San Pascual, Madrid",,,local_comercial,De inmobiliaria,3900.0,111.4,35.0,1.0,Cocina completamente equipada | Barra,"Cafetería en funcionamiento, licencia de hostelería, barra y cocina equipada; 15 plazas y zonas comunes hasta 94",,,,"Calle de Albacete, San Pascual, Madrid","Calle de Albacete, San Pascual, Madrid, España",ok,nominatim,street_approx,"Calle de Albacete, San Pascual, Ciudad Lineal, Madrid, Comunidad de Madrid, 28027, España",40.4428619,-3.6572825,8a390ca2439ffff,10.0,15147.0,15.0,Ciudad Lineal,155.0,San Pascual,,,card_only_geocoded
locales.es,madrid,alquiler,5,175012,alquiler:175012,https://www.locales.es/madrid/alquiler-traspaso/local175012#offerType=2&estateType=3&settlement=6773,https://www.locales.es/madrid/contactar/propietario/175012,"Local comercial en Alquiler en Calle de San Nicolás, Palacio, Madrid",,,local_comercial,De inmobiliaria,2000.0,25.0,80.0,2.0,Salida de humos,"Planta baja, licencia y aforo 45. Zona turística y céntrica; salida de humos autorizada. Bar-cafetería gourmet y take away.",,,,"Calle de San Nicolás, Palacio, Madrid","Calle de San Nicolás, Palacio, Madrid, España",ok,nominatim,street_approx,"Calle de San Nicolás, Barrio de la Latina, Palacio, Centro, Madrid, Comunidad de Madrid, 28013, España",40.4158809,-3.7120528,8a390cb1b517fff,10.0,1001.0,1.0,Centro,11.0,Palacio,,,card_only_geocoded
locales.es,madrid,alquiler,5,175013,alquiler:175013,https://www.locales.es/madrid/alquiler-traspaso/local175013#offerType=2&estateType=3&settlement=6773,https://www.locales.es/madrid/contactar/propietario/175013,"Local comercial en Alquiler en Calle de Carranza, Universidad, Madrid",,,local_comercial,De inmobiliaria,6500.0,59.09,110.0,2.0,Salida de humos | Situado a pie de calle,"Cafetería premium de 110 m² en 2 plantas, fachada acristalada; licencia y salida de humos; alta afluencia turística",,,,"Calle de Carranza, Universidad, Madrid","Calle de Carranza, Universidad, Madrid, España",ok,nominatim,street_approx,"Calle de Carranza, Malasaña, Universidad, Chamberí, Centro, Madrid, Comunidad de Madrid, 28010, España",40.4292369,-3.703924,8a390cb1b877fff,10.0,1091.0,1.0,Centro,15.0,Universidad,,,card_only_geocoded
locales.es,madrid,alquiler,5,175016,alquiler:175016,https://www.locales.es/madrid/alquiler-traspaso/local175016#offerType=2&estateType=3&settlement=6773,https://www.locales.es/madrid/contactar/propietario/175016,"Local comercial en Alquiler en Paseo Imperial, Imperial, Madrid",,,local_comercial,De inmobiliaria,1450.0,17.26,84.0,1.0,,"Peluquería en planta baja, equipada y en funcionamiento. Incluye alquiler y traspaso en zona Palacio, Madrid.",,,,"Paseo Imperial, Imperial, Madrid","Paseo Imperial, Imperial, Madrid, España",ok,nominatim,street_approx,"Paseo Imperial, Imperial, Arganzuela, Madrid, Comunidad de Madrid, 28005, España",40.4039983,-3.7158496,8a390ca3488ffff,10.0,2107.0,2.0,Arganzuela,21.0,Imperial,,,card_only_geocoded
locales.es,madrid,alquiler,5,175018,alquiler:175018,https://www.locales.es/madrid/alquiler-traspaso/local175018#offerType=2&estateType=3&settlement=6773,https://www.locales.es/madrid/contactar/propietario/175018,"Local comercial en Alquiler en Calle de Juan de Austria, Trafalgar, Madrid",,,local_comercial,De inmobiliaria,4100.0,102.5,40.0,1.0,Aire acondicionado | Alta visibilidad,"Local listo para operar: licencias vigentes, aire acondicionado, alto tránsito peatonal; contrato con hasta 5 años.",,,,"Calle de Juan de Austria, Trafalgar, Madrid","Calle de Juan de Austria, Trafalgar, Madrid, España",ok,nominatim,street_approx,"Calle de Juan de Austria, Trafalgar, Chamberí, Madrid, Comunidad de Madrid, 28010, España",40.4330436,-3.699583,8a390cb194affff,10.0,7070.0,7.0,Chamberí,73.0,Trafalgar,,,card_only_geocoded
locales.es,madrid,alquiler,5,175019,alquiler:175019,https://www.locales.es/madrid/alquiler/local175019#offerType=2&estateType=3&settlement=6773,https://www.locales.es/madrid/contactar/propietario/175019,"Local comercial en Alquiler en Paseo de San Francisco de Sales, Vallehermoso, Madrid",,,local_comercial,De inmobiliaria,2500.0,60.98,41.0,1.0,Salida de humos | Alta visibilidad,"Local en esquina, planta, con salida de humos y acondicionado como take away; gran visibilidad y alto paso peatonal.",,,,"Paseo de San Francisco de Sales, Vallehermoso, Madrid","Paseo de San Francisco de Sales, Vallehermoso, Madrid, España",ok,nominatim,street_approx,"Paseo de San Francisco de Sales, Vallehermoso, Chamberí, Madrid, Comunidad de Madrid, 28003, España",40.4449993,-3.7091128,8a390cb18a4ffff,10.0,7120.0,7.0,Chamberí,76.0,Vallehermoso,,,card_only_geocoded
locales.es,madrid,alquiler,5,175020,alquiler:175020,https://www.locales.es/madrid/alquiler-traspaso/local175020#offerType=2&estateType=3&settlement=6773,https://www.locales.es/madrid/contactar/propietario/175020,"Local comercial en Alquiler en Calle del Eucalipto, Hispanoamérica, Madrid",,,local_comercial,De inmobiliaria,3200.0,26.67,120.0,2.0,Cocina completamente equipada | Salida de humos | Terraza cerrada | Alta visibilidad | +1,"Bar restaurante en Chamartín: 2 plantas reformadas (100 m²), licencia vigente, salida de humos, terraza cubierta y cocina equipada.",,,,"Calle del Eucalipto, Hispanoamérica, Madrid","Calle del Eucalipto, Hispanoamérica, Madrid, España",ok,nominatim,street_approx,"Calle del Eucalipto, Hispanoamérica, Chamartín, Madrid, Comunidad de Madrid, 28016, España",40.4549688,-3.6639925,8a390ca2484ffff,10.0,5053.0,5.0,Chamartín,54.0,Hispanoamérica,,,card_only_geocoded
locales.es,madrid,alquiler,5,175022,alquiler:175022,https://www.locales.es/madrid/alquiler-traspaso/local175022#offerType=2&estateType=3&settlement=6773,https://www.locales.es/madrid/contactar/propietario/175022,"Local comercial en Alquiler en Calle de Paradinas, Imperial, Madrid",,,local_comercial,De inmobiliaria,2250.0,15.52,145.0,2.0,Cocina completamente equipada | Salida de humos,"Bar restaurante operativo en planta de 145 m², con cocina y salida de humos; licencia definitiva.",,,,"Calle de Paradinas, Imperial, Madrid","Calle de Paradinas, Imperial, Madrid, España",ok,nominatim,street_approx,"Calle de Paradinas, Imperial, Arganzuela, Madrid, Comunidad de Madrid, 28005, España",40.405409,-3.7196556,8a390ca34997fff,10.0,2090.0,2.0,Arganzuela,21.0,Imperial,,,card_only_geocoded
locales.es,madrid,alquiler,5,175023,alquiler:175023,https://www.locales.es/madrid/alquiler-traspaso/local175023#offerType=2&estateType=3&settlement=6773,https://www.locales.es/madrid/contactar/propietario/175023,"Local comercial en Alquiler en Calle de Juan de Austria, Trafalgar, Madrid",,,local_comercial,De inmobiliaria,3600.0,30.0,120.0,1.0,,"Take away de 120 m² en planta con altillo, barra de degustación, reforma y licencia de declaración responsable; sin salida de humos.",,,,"Calle de Juan de Austria, Trafalgar, Madrid","Calle de Juan de Austria, Trafalgar, Madrid, España",ok,nominatim,street_approx,"Calle de Juan de Austria, Trafalgar, Chamberí, Madrid, Comunidad de Madrid, 28010, España",40.4330436,-3.699583,8a390cb194affff,10.0,7070.0,7.0,Chamberí,73.0,Trafalgar,,,card_only_geocoded
locales.es,madrid,alquiler,5,175024,alquiler:175024,https://www.locales.es/madrid/alquiler-traspaso/local175024#offerType=2&estateType=3&settlement=6773,https://www.locales.es/madrid/contactar/propietario/175024,"Local comercial en Alquiler en Pinar del Rey, Madrid",,,local_comercial,De inmobiliaria,1772.0,23.63,75.0,2.0,Aire acondicionado | Muebles | Escaparate | Situado a pie de calle,"75 m²; planta baja con escaparate amplio y buena visibilidad; sala de estética; A/A; listo, con mobiliario y maquinaria",,,,"Pinar del Rey, Madrid","Pinar del Rey, Madrid, España",ok,nominatim,zone_approx,"Pinar del Rey, Hortaleza, Madrid, Comunidad de Madrid, 28033, España",40.4724696,-3.6489613,,,,,,,,,,card_only_geocoded
locales.es,madrid,alquiler,5,175026,alquiler:175026,https://www.locales.es/madrid/alquiler-traspaso/local175026#offerType=2&estateType=3&settlement=6773,https://www.locales.es/madrid/contactar/propietario/175026,"Local comercial en Alquiler en Calle de los Astros, Estrella, Madrid",,,local_comercial,De inmobiliaria,5000.0,25.0,200.0,2.0,Terraza cerrada | Alta visibilidad,"Local premium en 2 plantas, reformado, equipado y en funcionamiento; terraza acristalada con 10 mesas.",,,,"Calle de los Astros, Estrella, Madrid","Calle de los Astros, Estrella, Madrid, España",ok,nominatim,street_approx,"Calle de los Astros, Estrella, Retiro, Madrid, Comunidad de Madrid, 28007, España",40.4113311,-3.6698149,8a390ca22d37fff,10.0,3032.0,3.0,Retiro,33.0,Estrella,,,card_only_geocoded
locales.es,madrid,alquiler,5,175028,alquiler:175028,https://www.locales.es/madrid/alquiler-traspaso/local175028#offerType=2&estateType=3&settlement=6773,https://www.locales.es/madrid/contactar/propietario/175028,"Local comercial en Alquiler en Calle del Plátano, Valdeacederas, Madrid",,,local_comercial,De inmobiliaria,3500.0,21.88,160.0,2.0,Salida de humos | Terraza,"Bar restaurante reformado en planta baja, 160 m², terraza 6 mesas, en funcionamiento, cocina profesional y salida de humos.",,,,"Calle del Plátano, Valdeacederas, Madrid","Calle del Plátano, Valdeacederas, Madrid, España",ok,nominatim,street_approx,"Calle del Plátano, Valdeacederas, Tetuán, Madrid, Comunidad de Madrid, 28029, España",40.4680716,-3.700338,8a390cb1da6ffff,10.0,6093.0,6.0,Tetuán,65.0,Valdeacederas,,,card_only_geocoded
locales.es,madrid,alquiler,5,175029,alquiler:175029,https://www.locales.es/madrid/alquiler-traspaso/local175029#offerType=2&estateType=3&settlement=6773,https://www.locales.es/madrid/contactar/propietario/175029,"Local comercial en Alquiler en Calle del Doctor Drumen, Embajadores, Madrid",,,local_comercial,De inmobiliaria,9000.0,66.67,135.0,3.0,Cocina completamente equipada | Salida de humos,"Bar-restaurante nuevo con 2 plantas, cocina equipada y salida de humos; licencia hasta 02:00 h.",,,,"Calle del Doctor Drumen, Embajadores, Madrid","Calle del Doctor Drumen, Embajadores, Madrid, España",ok,nominatim,street_approx,"Calle del Doctor Drumen, Embajadores, Centro, Madrid, Comunidad de Madrid, 28012, España",40.4086527,-3.6932283,8a390ca35d67fff,10.0,1058.0,1.0,Centro,12.0,Embajadores,,,card_only_geocoded
locales.es,madrid,alquiler,5,175030,alquiler:175030,https://www.locales.es/madrid/alquiler-traspaso/local175030#offerType=2&estateType=3&settlement=6773,https://www.locales.es/madrid/contactar/propietario/175030,"Local comercial en Alquiler en Calle de Romero Robledo, Argüelles, Madrid",,,local_comercial,De inmobiliaria,3000.0,18.75,160.0,3.0,,"Local en esquina con 160 m², 2 plantas, licencia de bar de copas y aforo interior de 48; no tiene salida de humos.",,,,"Calle de Romero Robledo, Argüelles, Madrid","Calle de Romero Robledo, Argüelles, Madrid, España",ok,nominatim,street_approx,"Calle de Romero Robledo, Argüelles, Moncloa-Aravaca, Madrid, Comunidad de Madrid, 28008, España",40.4325379,-3.7191452,8a390cb18707fff,10.0,9028.0,9.0,Moncloa - Aravaca,92.0,Argüelles,,,card_only_geocoded
locales.es,madrid,alquiler,5,175031,alquiler:175031,https://www.locales.es/madrid/alquiler-traspaso/local175031#offerType=2&estateType=3&settlement=6773,https://www.locales.es/madrid/contactar/propietario/175031,"Local comercial en Alquiler en Calle del General Cadenas Campos, Valdezarza, Madrid",,,local_comercial,De inmobiliaria,1800.0,15.0,120.0,1.0,Recepción,"Centro estético premium en Puerta de Hierro (Madrid), 120 m² en dos plantas, listo para entrar: 3 cabinas, docencia y contenido.",,,,"Calle del General Cadenas Campos, Valdezarza, Madrid","Calle del General Cadenas Campos, Valdezarza, Madrid, España",not_found,nominatim,,,,,,,,,,,,,,reused_snapshot
locales.es,madrid,alquiler,5,175032,alquiler:175032,https://www.locales.es/madrid/alquiler-traspaso/local175032#offerType=2&estateType=3&settlement=6773,https://www.locales.es/madrid/contactar/propietario/175032,"Local comercial en Alquiler en Calle de Blasco de Garay, Vallehermoso, Madrid",,,local_comercial,De inmobiliaria,5000.0,25.0,200.0,2.0,Salida de humos | Terraza | Situado a pie de calle,"Local premium en planta baja, 200 m², licencia bar restaurante con salida de humos y terraza de 10 mesas.",,,,"Calle de Blasco de Garay, Vallehermoso, Madrid","Calle de Blasco de Garay, Vallehermoso, Madrid, España",ok,nominatim,street_approx,"Calle de Blasco de Garay, Vallehermoso, Chamberí, Madrid, Comunidad de Madrid, 28003, España",40.4393156,-3.7110869,8a390cb1830ffff,10.0,7124.0,7.0,Chamberí,76.0,Vallehermoso,,,card_only_geocoded
locales.es,madrid,alquiler,5,175033,alquiler:175033,https://www.locales.es/madrid/alquiler-traspaso/local175033#offerType=2&estateType=3&settlement=6773,https://www.locales.es/madrid/contactar/propietario/175033,"Local comercial en Alquiler en Calle de Anoeta, Los Ángeles, Madrid",,,local_comercial,De inmobiliaria,950.0,13.57,70.0,1.0,Situado a pie de calle,"Local en planta baja de 70 m² en Leganés, equipado y con licencia; especialidad uñas y pestañas.",,,,"Calle de Anoeta, Los Ángeles, Madrid","Calle de Anoeta, Los Ángeles, Madrid, España",ok,nominatim,street_approx,"Calle de Anoeta, Los Ángeles, Villaverde, Madrid, Comunidad de Madrid, 28041, España",40.35237,-3.6996347,8a390ca32637fff,10.0,17102.0,17.0,Villaverde,175.0,Los Ángeles,,,card_only_geocoded
locales.es,madrid,alquiler,5,175034,alquiler:175034,https://www.locales.es/madrid/alquiler-traspaso/local175034#offerType=2&estateType=3&settlement=6773,https://www.locales.es/madrid/contactar/propietario/175034,"Local comercial en Alquiler en Plaza de Segovia Nueva, Palacio, Madrid",,,local_comercial,De inmobiliaria,2100.0,11.67,180.0,2.0,Cocina completamente equipada | Salida de humos,"Bar restaurante en planta baja, equipado con cocina y salida de humos; opción de alquiler y traspaso en zona céntrica.",,,,"Plaza de Segovia Nueva, Palacio, Madrid","Plaza de Segovia Nueva, Palacio, Madrid, España",ok,nominatim,street_approx,"Plaza de Segovia Nueva, Barrio de la Latina, Palacio, Centro, Madrid, Comunidad de Madrid, 28005, España",40.4134549,-3.7075897,8a390cb1b40ffff,10.0,1012.0,1.0,Centro,11.0,Palacio,,,card_only_geocoded
locales.es,madrid,alquiler,5,175036,alquiler:175036,https://www.locales.es/madrid/alquiler-traspaso/local175036#offerType=2&estateType=3&settlement=6773,https://www.locales.es/madrid/contactar/propietario/175036,"Local comercial en Alquiler en Travesía del Reloj, Palacio, Madrid",,,local_comercial,De inmobiliaria,2233.0,25.38,88.0,2.0,Cocina completamente equipada | Aire acondicionado | Salida de humos | Terraza | +1,"Local a pie de calle en funcionamiento, reformado <1 año, licencia restaurante y bar, 85m², salida de humos, aire y terraza ampliable.",,,,"Travesía del Reloj, Palacio, Madrid","Travesía del Reloj, Palacio, Madrid, España",ok,nominatim,street_approx,"Travesía del Reloj, Palacio, Centro, Madrid, Comunidad de Madrid, 28013, España",40.422163,-3.7114746,8a390cb1bc0ffff,10.0,1002.0,1.0,Centro,11.0,Palacio,,,card_only_geocoded
locales.es,madrid,alquiler,5,175037,alquiler:175037,https://www.locales.es/madrid/alquiler/local175037#offerType=2&estateType=3&settlement=6773,https://www.locales.es/madrid/contactar/propietario/175037,"Local comercial en Alquiler en M-823, Casco Histórico de Vicálvaro, Madrid",,,local_comercial,De inmobiliaria,2600.0,13.0,200.0,1.0,Salida de humos,"Local en alquiler en Vicalvaro (Madrid), 200 m², salida de humos; documentación a revisar por el inquilino.",,,,"M-823, Casco Histórico de Vicálvaro, Madrid","M-823, Casco Histórico de Vicálvaro, Madrid, España",ok,nominatim,street_approx,"M-823, Casco Histórico de Vicálvaro, Vicálvaro, Madrid, Comunidad de Madrid, 28523, España",40.3868964,-3.5450958,8a390ca0dc27fff,10.0,19001.0,19.0,Vicálvaro,191.0,Casco Histórico de Vicálvaro,,,card_only_geocoded
locales.es,madrid,alquiler,5,175038,alquiler:175038,https://www.locales.es/madrid/alquiler-traspaso/local175038#offerType=2&estateType=3&settlement=6773,https://www.locales.es/madrid/contactar/propietario/175038,"Local comercial en Alquiler en Plaza de los Herradores, Sol, Madrid",,,local_comercial,De inmobiliaria,2500.0,37.88,66.0,2.0,Terraza,"Bar-cafetería en planta baja de 66 m² en Malasaña–Universidad, terraza, reformado y en funcionamiento; licencia sin salida de humos.",,,,"Plaza de los Herradores, Sol, Madrid","Plaza de los Herradores, Sol, Madrid, España",not_found,nominatim,,,,,,,,,,,,,,reused_snapshot
locales.es,madrid,alquiler,6,173364,alquiler:173364,https://www.locales.es/madrid/alquiler/local173364#offerType=2&estateType=3&settlement=6773,https://www.locales.es/madrid/contactar/propietario/173364,"Local comercial en Alquiler en Calle Clara del Rey, Prosperidad, Madrid",,,local_comercial,De inmobiliaria,8500.0,23.1,368.0,,Almacén | Montacargas | Salida de humos | Escaparate | +2,Licencia panadería/pastelería con obrador y cafetería; salida humos; 2 escaparates; fachada 12 m; planta calle 268 m² + sótano 100 m².,,,,"Calle Clara del Rey, Prosperidad, Madrid","Calle Clara del Rey, Prosperidad, Madrid, España",ok,nominatim,street_approx,"Calle Clara del Rey, Prosperidad, Chamartín, Madrid, Comunidad de Madrid, 28002, España",40.4432006,-3.6690546,8a390ca2456ffff,10.0,5035.0,5.0,Chamartín,52.0,Prosperidad,,,card_only_geocoded
locales.es,madrid,alquiler,6,173462,alquiler:173462,https://www.locales.es/madrid/alquiler/local173462#offerType=2&estateType=3&settlement=6773,https://www.locales.es/madrid/contactar/propietario/173462,"Local comercial en Alquiler en Palacio, Madrid",,,local_comercial,De inmobiliaria,9000.0,60.0,150.0,,Salida de humos | Situado a pie de calle | Luminoso,"Planta baja 120 m², salida de humos, sin terraza; zona céntrica con >16.000 peatones/día. Licencia hostelería.",,,,"Palacio, Madrid","Palacio, Madrid, España",ok,nominatim,zone_approx,"Palacio, Centro, Madrid, Comunidad de Madrid, España",40.4153295,-3.7147092,,,,,,,,,,card_only_geocoded
locales.es,madrid,alquiler,6,174270,alquiler:174270,https://www.locales.es/madrid/alquiler/local174270#offerType=2&estateType=3&settlement=6773,https://www.locales.es/madrid/contactar/propietario/174270,"Local comercial en Alquiler en Calle de Tomás López, Goya, Madrid",,,local_comercial,De inmobiliaria,10500.0,32.81,320.0,2.0,Sistemas de Seguridad | Recepción | Aire acondicionado | Situado a pie de calle,"Planta baja en Barrio de Salamanca: 300 m² útiles, preparado para actividad sanitaria, 10 estancias, 2 aseos, accesible.",,,,"Calle de Tomás López, Goya, Madrid","Calle de Tomás López, Goya, Madrid, España",ok,nominatim,street_approx,"Calle de Tomás López, Goya, Salamanca, Madrid, Comunidad de Madrid, 28009, España",40.4263993,-3.6697637,8a390ca2606ffff,10.0,4035.0,4.0,Salamanca,42.0,Goya,,,card_only_geocoded
locales.es,madrid,alquiler,6,174769,alquiler:174769,https://www.locales.es/madrid/alquiler-traspaso/local174769#offerType=2&estateType=3&settlement=6773,https://www.locales.es/madrid/contactar/propietario/174769,"Local comercial en Alquiler en Parque del Oeste, Casa de Campo, Madrid",,,local_comercial,De inmobiliaria,10000.0,22.22,450.0,2.0,,"Sala espectáculo en funcionamiento con licencia definitiva hasta las 6:00, aforo 300 y buena ubicación céntrica.",,,,"Parque del Oeste, Casa de Campo, Madrid","Parque del Oeste, Casa de Campo, Madrid, España",ok,nominatim,unknown,"Parque del Oeste, Paseo de Moret, Casa de Campo, Moncloa-Aravaca, Madrid, Comunidad de Madrid, 28008, España",40.4327821,-3.725391,,,,,,,,,,card_only_geocoded
locales.es,madrid,alquiler,6,174798,alquiler:174798,https://www.locales.es/madrid/alquiler/local174798#offerType=2&estateType=3&settlement=6773,https://www.locales.es/madrid/contactar/propietario/174798,"Local comercial en Alquiler en Calle del General Díaz Porlier, Lista, Madrid",,,local_comercial,De inmobiliaria,11000.0,29.73,370.0,1.0,Recepción | Almacén | Escaparate | Situado a pie de calle,"Local comercial 370 m² exterior en Barrio de Salamanca. Planta calle, entreplanta y sótano; a reformar y con 4 estancias.",,,,"Calle del General Díaz Porlier, Lista, Madrid","Calle del General Díaz Porlier, Lista, Madrid, España",ok,nominatim,street_approx,"Calle del General Díaz Porlier, Lista, Salamanca, Madrid, Comunidad de Madrid, 28006, España",40.4328794,-3.6765762,8a390ca2680ffff,10.0,4100.0,4.0,Salamanca,45.0,Lista,,,card_only_geocoded
locales.es,madrid,alquiler,6,174924,alquiler:174924,https://www.locales.es/madrid/alquiler-traspaso/local174924#offerType=2&estateType=3&settlement=6773,https://www.locales.es/madrid/contactar/propietario/174924,"Local comercial en Alquiler en Túnel de O'Donnell, Jerónimos, Madrid",,,local_comercial,De inmobiliaria,2800.0,31.11,90.0,2.0,Salida de humos | Situado a pie de calle,90 m² en una planta: 70 m² a pie de calle y altillo 20 m²; 25 años en funcionamiento; salida de humos y máquina.,,,,"Túnel de O'Donnell, Jerónimos, Madrid","Túnel de O'Donnell, Jerónimos, Madrid, España",ok,nominatim,street_approx,"Túnel de O'Donnell, Ibiza, Retiro, Madrid, Comunidad de Madrid, 28009, España",40.4214813,-3.6750726,8a390ca26087fff,10.0,3065.0,3.0,Retiro,34.0,Ibiza,,,card_only_geocoded
locales.es,madrid,alquiler,6,174943,alquiler:174943,https://www.locales.es/madrid/alquiler-traspaso/local174943#offerType=2&estateType=3&settlement=6773,https://www.locales.es/madrid/contactar/propietario/174943,"Local comercial en Alquiler en Calle de García Luna, Ciudad Jardín, Madrid",,,local_comercial,De inmobiliaria,6500.0,23.21,280.0,3.0,Salida de humos | Terraza cerrada | Terraza,"Restaurante con licencia y en funcionamiento: cocina equipada, salida de humos, terraza cubierta y 280 m² en Prosperidad.",,,,"Calle de García Luna, Ciudad Jardín, Madrid","Calle de García Luna, Ciudad Jardín, Madrid, España",ok,nominatim,street_approx,"Calle de García Luna, Ciudad Jardín, Chamartín, Madrid, Comunidad de Madrid, 28002, España",40.4462046,-3.6747686,8a390ca24c1ffff,10.0,5096.0,5.0,Chamartín,53.0,Ciudad Jardín,,,card_only_geocoded
locales.es,madrid,alquiler,6,174945,alquiler:174945,https://www.locales.es/madrid/alquiler/local174945#offerType=2&estateType=3&settlement=6773,https://www.locales.es/madrid/contactar/propietario/174945,"Local comercial en Alquiler en Calle de Agustín de Betancourt, Ríos Rosas, Madrid",,,local_comercial,De inmobiliaria,2750.0,70.51,39.0,2.0,Patio | Alta visibilidad | Terraza | Situado a pie de calle,"Local de 39 m² en planta calle y patio privativo; licencia de bar, posibilidad de terraza; sin salida de humos.",,,,"Calle de Agustín de Betancourt, Ríos Rosas, Madrid","Calle de Agustín de Betancourt, Ríos Rosas, Madrid, España",ok,nominatim,street_approx,"Calle de Agustín de Betancourt, Ríos Rosas, Chamberí, Madrid, Comunidad de Madrid, 28003, España",40.441758,-3.6948825,8a390cb19037fff,10.0,7110.0,7.0,Chamberí,75.0,Ríos Rosas,,,card_only_geocoded
locales.es,madrid,alquiler,6,174947,alquiler:174947,https://www.locales.es/madrid/alquiler-traspaso/local174947#offerType=2&estateType=3&settlement=6773,https://www.locales.es/madrid/contactar/propietario/174947,"Local comercial en Alquiler en Calle de Lozoyuela, Guindalera, Madrid",,,local_comercial,De inmobiliaria,3000.0,30.0,100.0,2.0,Cocina completamente equipada | Muebles | Salida de humos,"Restaurante listo para operar: licencia en vigor, cocina equipada, salida de humos, mobiliario y decoración; sin reformas.",,,,"Calle de Lozoyuela, Guindalera, Madrid","Calle de Lozoyuela, Guindalera, Madrid, España",not_found,nominatim,,,,,,,,,,,,,,reused_snapshot
locales.es,madrid,alquiler,6,174950,alquiler:174950,https://www.locales.es/madrid/alquiler-traspaso/local174950#offerType=2&estateType=3&settlement=6773,https://www.locales.es/madrid/contactar/propietario/174950,"Local comercial en Alquiler en Túnel de Santa María de la Cabeza, Chopera, Madrid",,,local_comercial,De inmobiliaria,1665.0,13.88,120.0,2.0,Cocina completamente equipada | Salida de humos,"Bar restaurante de 2 plantas (120 m²) en Lavapiés–Embajadores; licencia definitiva, aforo 55, cocina y salida de humos, en funcionamiento.",,,,"Túnel de Santa María de la Cabeza, Chopera, Madrid","Túnel de Santa María de la Cabeza, Chopera, Madrid, España",not_found,nominatim,,,,,,,,,,,,,,reused_snapshot
locales.es,madrid,alquiler,6,174951,alquiler:174951,https://www.locales.es/madrid/alquiler-traspaso/local174951#offerType=2&estateType=3&settlement=6773,https://www.locales.es/madrid/contactar/propietario/174951,"Local comercial en Alquiler en Paseo de San Francisco de Sales, Vallehermoso, Madrid",,,local_comercial,De inmobiliaria,2200.0,27.5,80.0,2.0,Cocina completamente equipada | Salida de humos | Alta visibilidad,"Bar cafetería en planta baja en funcionamiento, con cocina y salida de humos; licencia vigente y mucho paso peatonal.",,,,"Paseo de San Francisco de Sales, Vallehermoso, Madrid","Paseo de San Francisco de Sales, Vallehermoso, Madrid, España",ok,nominatim,street_approx,"Paseo de San Francisco de Sales, Vallehermoso, Chamberí, Madrid, Comunidad de Madrid, 28003, España",40.4449993,-3.7091128,8a390cb18a4ffff,10.0,7120.0,7.0,Chamberí,76.0,Vallehermoso,,,card_only_geocoded
locales.es,madrid,alquiler,6,174954,alquiler:174954,https://www.locales.es/madrid/alquiler-traspaso/local174954#offerType=2&estateType=3&settlement=6773,https://www.locales.es/madrid/contactar/propietario/174954,"Local comercial en Alquiler en Calle de Arganda, Acacias, Madrid",,,local_comercial,De inmobiliaria,2000.0,12.5,160.0,3.0,Salida de humos,"Local de bar restaurante en funcionamiento, 2 plantas, cocina equipada y salida de humos; licencia definitiva.",,,,"Calle de Arganda, Acacias, Madrid","Calle de Arganda, Acacias, Madrid, España",ok,nominatim,street_approx,"Calle de Arganda, Las Acacias, Arganzuela, Madrid, Comunidad de Madrid, 28005, España",40.4012103,-3.70692,8a390ca3406ffff,10.0,2085.0,2.0,Arganzuela,22.0,Acacias,,,card_only_geocoded
locales.es,madrid,alquiler,6,174955,alquiler:174955,https://www.locales.es/madrid/alquiler-traspaso/local174955#offerType=2&estateType=3&settlement=6773,https://www.locales.es/madrid/contactar/propietario/174955,"Local comercial en Alquiler en Avenida de Ramón y Cajal, Ciudad Jardín, Madrid",,,local_comercial,De inmobiliaria,1200.0,32.43,37.0,1.0,Terraza | Situado a pie de calle,"Local en funcionamiento y equipado para pizzería; adaptable a café especialidad, pastelería y desayunos; posibilidad de mesas en exterior.",,,,"Avenida de Ramón y Cajal, Ciudad Jardín, Madrid","Avenida de Ramón y Cajal, Ciudad Jardín, Madrid, España",ok,nominatim,street_approx,"Avenida de Ramón y Cajal, Ciudad Jardín, Chamartín, Madrid, Comunidad de Madrid, 28016, España",40.4516748,-3.6742448,8a390ca24d6ffff,10.0,5052.0,5.0,Chamartín,54.0,Hispanoamérica,,,card_only_geocoded
locales.es,madrid,alquiler,6,174960,alquiler:174960,https://www.locales.es/madrid/alquiler-traspaso/local174960#offerType=2&estateType=3&settlement=6773,https://www.locales.es/madrid/contactar/propietario/174960,"Local comercial en Alquiler en Calle de la Luna, Universidad, Madrid",,,local_comercial,De inmobiliaria,4320.0,17.28,250.0,2.0,Salida de humos,"Bar restaurante 250 m² en Chamberí (Madrid), reformado y equipado; aforo 78, licencia, fachada 10 m y cocina con salida humos.",,,,"Calle de la Luna, Universidad, Madrid","Calle de la Luna, Universidad, Madrid, España",ok,nominatim,street_approx,"Calle de la Luna, Malasaña, Universidad, Centro, Madrid, Comunidad de Madrid, 28004, España",40.4222819,-3.705987,8a390cb1b117fff,10.0,1115.0,1.0,Centro,15.0,Universidad,,,card_only_geocoded
locales.es,madrid,alquiler,6,174961,alquiler:174961,https://www.locales.es/madrid/alquiler/local174961#offerType=2&estateType=3&settlement=6773,https://www.locales.es/madrid/contactar/propietario/174961,"Local comercial en Alquiler en Calle de Ferraz, Casa de Campo, Madrid",,,local_comercial,De inmobiliaria,5800.0,23.2,250.0,3.0,,"Local de hostelería con licencia de cafetería, 2 plantas. Sin salida de humos. Zona estudiantes universitarios.",,,,"Calle de Ferraz, Casa de Campo, Madrid","Calle de Ferraz, Casa de Campo, Madrid, España",ok,nominatim,street_approx,"Calle de Ferraz, Casa de Campo, Moncloa-Aravaca, Madrid, Comunidad de Madrid, 28008, España",40.4247018,-3.7159944,8a390cb1bd07fff,10.0,9010.0,9.0,Moncloa - Aravaca,91.0,Casa de Campo,,,card_only_geocoded
locales.es,madrid,alquiler,6,174962,alquiler:174962,https://www.locales.es/madrid/alquiler/local174962#offerType=2&estateType=3&settlement=6773,https://www.locales.es/madrid/contactar/propietario/174962,"Local comercial en Alquiler en Calle del General Ibáñez de Íbero, Vallehermoso, Madrid",,,local_comercial,De inmobiliaria,5000.0,11.11,450.0,2.0,Buen acceso | Situado a pie de calle,"Local comercial de 450 m² útiles, planta baja y diáfana, acceso directo desde calle; zona consolidada, apto gran superficie/fitness.",,,,"Calle del General Ibáñez de Íbero, Vallehermoso, Madrid","Calle del General Ibáñez de Íbero, Vallehermoso, Madrid, España",ok,nominatim,street_approx,"Calle del General Ibáñez de Ibero, Vallehermoso, Chamberí, Madrid, Comunidad de Madrid, 28003, España",40.4457153,-3.7104887,8a390cb18a47fff,10.0,7120.0,7.0,Chamberí,76.0,Vallehermoso,,,card_only_geocoded
locales.es,madrid,alquiler,6,174965,alquiler:174965,https://www.locales.es/madrid/alquiler/local174965#offerType=2&estateType=3&settlement=6773,https://www.locales.es/madrid/contactar/propietario/174965,"Local comercial en Alquiler en Paseo de Fernán Núñez, Jerónimos, Madrid",,,local_comercial,De inmobiliaria,5000.0,25.0,200.0,2.0,Situado a pie de calle,"Local a pie de calle en buena ubicación, 200 m² distribuidos en dos plantas, diáfano.",,,,"Paseo de Fernán Núñez, Jerónimos, Madrid","Paseo de Fernán Núñez, Jerónimos, Madrid, España",ok,nominatim,street_approx,"Paseo de Fernán Núñez, Jerónimos, Retiro, Madrid, Comunidad de Madrid, 28009, España",40.4170718,-3.6803338,8a390ca2641ffff,10.0,3073.0,3.0,Retiro,35.0,Jerónimos,,,card_only_geocoded
locales.es,madrid,alquiler,6,174968,alquiler:174968,https://www.locales.es/madrid/alquiler-traspaso/local174968#offerType=2&estateType=3&settlement=6773,https://www.locales.es/madrid/contactar/propietario/174968,"Local comercial en Alquiler en Avenida de Asturias, Almenara, Madrid",,,local_comercial,De inmobiliaria,1200.0,21.82,55.0,1.0,,"Clínica totalmente equipada, 4 gabinetes, estudio biomecánico y tratamientos; agenda consolidada y calefacción",,,,"Avenida de Asturias, Almenara, Madrid","Avenida de Asturias, Almenara, Madrid, España",ok,nominatim,street_approx,"Avenida de Asturias, Almenara, Tetuán, Madrid, Comunidad de Madrid, 28029, España",40.4692123,-3.6951552,8a390cb0e6dffff,10.0,6127.0,6.0,Tetuán,64.0,Almenara,,,card_only_geocoded
locales.es,madrid,alquiler,6,174970,alquiler:174970,https://www.locales.es/madrid/alquiler/local174970#offerType=2&estateType=3&settlement=6773,https://www.locales.es/madrid/contactar/propietario/174970,"Local comercial en Alquiler en Calle de Padilla, Castellana, Madrid",,,local_comercial,De inmobiliaria,10800.0,47.58,227.0,2.0,Salida de humos | Terraza,"227,42 m²: planta calle y sótano. Licencia hostelería definitiva ZPAE, salida de humos y posibilidad de terraza amplia.",,,,"Calle de Padilla, Castellana, Madrid","Calle de Padilla, Castellana, Madrid, España",ok,nominatim,street_approx,"Calle de Padilla, Castellana, Salamanca, Madrid, Comunidad de Madrid, 28006, España",40.4315411,-3.683239,8a390ca26997fff,10.0,4115.0,4.0,Salamanca,46.0,Castellana,,,card_only_geocoded
locales.es,madrid,alquiler,6,174971,alquiler:174971,https://www.locales.es/madrid/alquiler-traspaso/local174971#offerType=2&estateType=3&settlement=6773,https://www.locales.es/madrid/contactar/propietario/174971,"Local comercial en Alquiler en Calle de O'Donnell, Jerónimos, Madrid",,,local_comercial,De inmobiliaria,8500.0,56.67,150.0,2.0,Terraza cerrada | Terraza,"Bar restaurante de 150 m² en tres plantas, terraza con 13 mesas y cerramiento; contrato 15 años desde sep. 2021.",,,,"Calle de O'Donnell, Jerónimos, Madrid","Calle de O'Donnell, Jerónimos, Madrid, España",ok,nominatim,street_approx,"Calle de O'Donnell, Jerónimos, Retiro, Madrid, Comunidad de Madrid, 28009, España",40.4213857,-3.6811695,8a390ca26577fff,10.0,3073.0,3.0,Retiro,35.0,Jerónimos,,,card_only_geocoded
locales.es,madrid,alquiler,6,174975,alquiler:174975,https://www.locales.es/madrid/alquiler-traspaso/local174975#offerType=2&estateType=3&settlement=6773,https://www.locales.es/madrid/contactar/propietario/174975,"Local comercial en Alquiler en Paseo de la Castellana, Cuatro Caminos, Madrid",,,local_comercial,De inmobiliaria,6700.0,33.5,200.0,2.0,Alta visibilidad,"Discoteca en funcionamiento en zona Bernabéu (Tetúan), licencia sala espectáculo hasta 6:00, aforo 170, equipada con sonido e iluminación.",,,,"Paseo de la Castellana, Cuatro Caminos, Madrid","Paseo de la Castellana, Cuatro Caminos, Madrid, España",ok,nominatim,street_approx,"Paseo de la Castellana, Complejo AZCA, Cuatro Caminos, Tetuán, Madrid, Comunidad de Madrid, 28000, España",40.4473765,-3.692863,8a390cb198cffff,10.0,6029.0,6.0,Tetuán,62.0,Cuatro Caminos,,,card_only_geocoded
locales.es,madrid,alquiler,6,174978,alquiler:174978,https://www.locales.es/madrid/alquiler-traspaso/local174978#offerType=2&estateType=3&settlement=6773,https://www.locales.es/madrid/contactar/propietario/174978,"Local comercial en Alquiler en Avenida de Pablo Iglesias, Vallehermoso, Madrid",,,local_comercial,De inmobiliaria,2000.0,18.18,110.0,2.0,,"Local de 110 m² en planta baja para centro estético en Chamberí, equipado y con licencias vigentes.",,,,"Avenida de Pablo Iglesias, Vallehermoso, Madrid","Avenida de Pablo Iglesias, Vallehermoso, Madrid, España",ok,nominatim,street_approx,"Avenida de Pablo Iglesias, Vallehermoso, Chamberí, Madrid, Comunidad de Madrid, 28003, España",40.4458633,-3.7076808,8a390cb19d37fff,10.0,7120.0,7.0,Chamberí,76.0,Vallehermoso,,,card_only_geocoded
locales.es,madrid,alquiler,6,174981,alquiler:174981,https://www.locales.es/madrid/alquiler-traspaso/local174981#offerType=2&estateType=3&settlement=6773,https://www.locales.es/madrid/contactar/propietario/174981,"Local comercial en Alquiler en Paseo de la Virgen del Puerto, Palacio, Madrid",,,local_comercial,De inmobiliaria,3500.0,36.46,96.0,2.0,Salida de humos,En funcionamiento; licencia de actividad y salida de humos. Local equipado para seguir y adaptar a distintos conceptos.,,,,"Paseo de la Virgen del Puerto, Palacio, Madrid","Paseo de la Virgen del Puerto, Palacio, Madrid, España",ok,nominatim,street_approx,"Paseo de la Virgen del Puerto, Palacio, Moncloa-Aravaca, Centro, Madrid, Comunidad de Madrid, 28008, España",40.419891,-3.7203922,8a390cb1aadffff,10.0,1001.0,1.0,Centro,11.0,Palacio,,,card_only_geocoded
locales.es,madrid,alquiler,6,174984,alquiler:174984,https://www.locales.es/madrid/alquiler-traspaso/local174984#offerType=2&estateType=3&settlement=6773,https://www.locales.es/madrid/contactar/propietario/174984,"Local comercial en Alquiler en Calle del Doctor Castelo, Ibiza, Madrid",,,local_comercial,De inmobiliaria,1500.0,24.59,61.0,1.0,,"Centro estético reformado con licencias al día; incluye puestos de manicura, pedicura y camilla para tratamientos.",,,,"Calle del Doctor Castelo, Ibiza, Madrid","Calle del Doctor Castelo, Ibiza, Madrid, España",ok,nominatim,street_approx,"Calle del Doctor Castelo, Ibiza, Retiro, Madrid, Comunidad de Madrid, 28009, España",40.4201916,-3.6726466,8a390ca2672ffff,10.0,3048.0,3.0,Retiro,34.0,Ibiza,,,card_only_geocoded
locales.es,madrid,alquiler,6,174985,alquiler:174985,https://www.locales.es/madrid/alquiler-traspaso/local174985#offerType=2&estateType=3&settlement=6773,https://www.locales.es/madrid/contactar/propietario/174985,"Local comercial en Alquiler en Calle de la Virgen de Nieva, Vallehermoso, Madrid",,,local_comercial,De inmobiliaria,2300.0,23.0,100.0,2.0,Barra | Situado a pie de calle,"Bar de tapas y restaurante en planta baja, barra y salón; céntrico en Barrio Universitario; licencias en regla y clientes consolidados.",,,,"Calle de la Virgen de Nieva, Vallehermoso, Madrid","Calle de la Virgen de Nieva, Vallehermoso, Madrid, España",not_found,nominatim,,,,,,,,,,,,,,reused_snapshot
locales.es,madrid,alquiler,6,174987,alquiler:174987,https://www.locales.es/madrid/alquiler-traspaso/local174987#offerType=2&estateType=3&settlement=6773,https://www.locales.es/madrid/contactar/propietario/174987,"Local comercial en Alquiler en Calle de la Flor Alta, Universidad, Madrid",,,local_comercial,De inmobiliaria,4200.0,14.0,300.0,2.0,Cocina completamente equipada | Salida de humos,"Local reformado y listo para actividad, 300 m², equipado con cocina y salida de humos. Buen estado.",,,,"Calle de la Flor Alta, Universidad, Madrid","Calle de la Flor Alta, Universidad, Madrid, España",ok,nominatim,street_approx,"Calle de la Flor Alta, Universidad, Centro, Madrid, Comunidad de Madrid, 28004, España",40.4215977,-3.7072256,8a390cb1b1a7fff,10.0,1115.0,1.0,Centro,15.0,Universidad,,,card_only_geocoded
locales.es,madrid,alquiler,6,174988,alquiler:174988,https://www.locales.es/madrid/alquiler-traspaso/local174988#offerType=2&estateType=3&settlement=6773,https://www.locales.es/madrid/contactar/propietario/174988,"Local comercial en Alquiler en Calle del Cardenal Cisneros, Trafalgar, Madrid",,,local_comercial,De inmobiliaria,12000.0,85.71,140.0,2.0,Escaparate | Alta visibilidad | Situado a pie de calle,"Planta baja en zona Sol, calle peatonal; 6 m de fachada acristalada, equipado con licencia y listo para reforma.",,,,"Calle del Cardenal Cisneros, Trafalgar, Madrid","Calle del Cardenal Cisneros, Trafalgar, Madrid, España",ok,nominatim,street_approx,"Calle del Cardenal Cisneros, Trafalgar, Chamberí, Madrid, Comunidad de Madrid, 28010, España",40.4354101,-3.7031356,8a390cb195affff,10.0,7061.0,7.0,Chamberí,73.0,Trafalgar,,,card_only_geocoded
locales.es,madrid,alquiler,6,174990,alquiler:174990,https://www.locales.es/madrid/alquiler-traspaso/local174990#offerType=2&estateType=3&settlement=6773,https://www.locales.es/madrid/contactar/propietario/174990,"Local comercial en Alquiler en Calle de Joaquín María López, Gaztambide, Madrid",,,local_comercial,De inmobiliaria,9000.0,26.47,340.0,4.0,Salida de humos | Alta visibilidad,"340 m² en dos plantas, licencia definitiva, salida de humos y cocina completa; alto tráfico peatonal; listo para operar, mobiliario a actualizar.",,,,"Calle de Joaquín María López, Gaztambide, Madrid","Calle de Joaquín María López, Gaztambide, Madrid, España",ok,nominatim,street_approx,"Calle de Joaquín María López, Gaztambide, Chamberí, Madrid, Comunidad de Madrid, 28015, España",40.4376551,-3.7131238,8a390cb183affff,10.0,7018.0,7.0,Chamberí,71.0,Gaztambide,,,card_only_geocoded
locales.es,madrid,alquiler,6,174991,alquiler:174991,https://www.locales.es/madrid/alquiler-traspaso/local174991#offerType=2&estateType=3&settlement=6773,https://www.locales.es/madrid/contactar/propietario/174991,"Local comercial en Alquiler en Parque Campo del Moro, Palacio, Madrid",,,local_comercial,De inmobiliaria,8500.0,188.9,45.0,1.0,Alta visibilidad | Situado a pie de calle,"Local de 45 m² en planta baja en zona de mayor tráfico peatonal; licencia comercial en vigor, traspaso y alquiler.",,,,"Parque Campo del Moro, Palacio, Madrid","Parque Campo del Moro, Palacio, Madrid, España",not_found,nominatim,,,,,,,,,,,,,,reused_snapshot
locales.es,madrid,alquiler,6,174993,alquiler:174993,https://www.locales.es/madrid/alquiler-traspaso/local174993#offerType=2&estateType=3&settlement=6773,https://www.locales.es/madrid/contactar/propietario/174993,"Local comercial en Alquiler en Calle Fuente Cisneros, Madrid",,,local_comercial,De inmobiliaria,2245.0,18.71,120.0,2.0,Cocina completamente equipada | Salida de humos | Terraza,"Planta baja con terraza de 21 mesas, cocina equipada, salida de humos, insonorizado y licencia música en vivo.",,,,"Calle Fuente Cisneros, Madrid","Calle Fuente Cisneros, Madrid, España",ok,nominatim,street_approx,"Calle Fuente Cisneros, Urbanización ""la Princesa"", Suroeste, Móstoles, Comunidad de Madrid, 28932, España",40.3322996,-3.8543789,8a390cbb32cffff,10.0,,,,,,,,card_only_geocoded
locales.es,madrid,alquiler,7,138905,alquiler:138905,https://www.locales.es/madrid/alquiler/local138905#offerType=2&estateType=3&settlement=6773,https://www.locales.es/madrid/contactar/propietario/138905,"Local comercial en Alquiler en Palacio, Madrid",,,local_comercial,De inmobiliaria,4500.0,9.0,500.0,,Buen acceso | Alta visibilidad | Situado a pie de calle,"500 m² útiles, segunda mano, necesita reformas. Ubicación central (Puerta de Toledo, Parque de Atenas, Palacio Real). Apto para coliving.",,,,"Palacio, Madrid","Palacio, Madrid, España",ok,nominatim,zone_approx,"Palacio, Centro, Madrid, Comunidad de Madrid, España",40.4153295,-3.7147092,,,,,,,,,,card_only_geocoded
locales.es,madrid,alquiler,7,138941,alquiler:138941,https://www.locales.es/madrid/alquiler/local138941#offerType=2&estateType=3&settlement=6773,https://www.locales.es/madrid/contactar/propietario/138941,"Local comercial en Alquiler en Calle de las Infantas 26, Sol, Madrid","Local comercial en alquiler con 130m² en Madrid, en la zona de Sol, Calle de las Infantas 26",Local comercial,local_comercial,De propietario,5000.0,38.46,130.0,2.0,Patio | Persiana metálica | Situado a pie de calle,Local 130 m² en sótano en Plaza Pedro Zerolo (1 min de Gran Vía). Salida a patio de luces. Para reformar. Licencias a cargo del arrendatario.,"e alquila amplio local comercial de 130 m² en planta sótano, ubicado en la Plaza de Pedro Zerolo, a tan solo 1 minuto a pie de la calle Gran Vía, una de las zonas más transitadas y emblemáticas de Madrid. El espacio cuenta con salida a patio de luces, lo que aporta ventilación natural y posibilidades de acondicionamiento. El local se encuentra para reformar, ofreciendo una excelente oportunidad para adaptar el espacio a las necesidades específicas de tu negocio. 🔹 Ubicación privilegiada en el corazón de Madrid 🔹 130 m² en planta sótano 🔹 Salida a patio de luces 🔹 Ideal para proyectos personalizados Importante: La licencia de actividad, así como todos los trámites administrativos y técnicos necesarios para su obtención, deberán ser gestionados directamente por el arrendatario. Esto incluye cualquier consulta o solicitud ante el Ayuntamiento de Madrid, cumpliendo con los requisitos legales y urbanísticos exigidos para la actividad que se desee desarrollar. Una oportunidad única para emprendedores, marcas o profesionales que buscan establecerse en una zona estratégica con alto flujo peatonal y comercial. 📩 Para más información o visitas, no dudes en contactarnos: 622006596 / alquiler.calleclavel@gmail.com",Sol,Madrid > Sol > Alquiler,"Calle de las Infantas 26, Sol, Madrid","Sol, Madrid, España",ok,nominatim,unknown,"Sol, Plaza de la Puerta del Sol, Barrio de los Austrias, Sol, Centro, Madrid, Comunidad de Madrid, 28013, España",40.4178272,-3.7022221,,,,,,,,2025-09-30T11:42:44+0000,2025-09-30T11:42:44+0000,ok
locales.es,madrid,alquiler,7,139049,alquiler:139049,https://www.locales.es/madrid/alquiler-traspaso/local139049#offerType=2&estateType=3&settlement=6773,https://www.locales.es/madrid/contactar/propietario/139049,"Local comercial en Alquiler en Justicia, Madrid",,,local_comercial,De inmobiliaria,2150.0,39.09,55.0,,Cocina completamente equipada | Salida de humos,"50 m², aforo 20, cocina equipada y salida de humos; reformado; ubicado junto a Metro Chueca; local traspasado libre de cargas.",,,,"Justicia, Madrid","Justicia, Madrid, España",ok,nominatim,zone_approx,"Justicia, Centro, Madrid, Comunidad de Madrid, España",40.4232759,-3.6966805,,,,,,,,,,card_only_geocoded
locales.es,madrid,alquiler,7,139386,alquiler:139386,https://www.locales.es/madrid/alquiler-traspaso/local139386#offerType=2&estateType=3&settlement=6773,https://www.locales.es/madrid/contactar/propietario/139386,"Local comercial en Alquiler en Universidad, Madrid","Bar en alquiler con 115m² en Madrid, en la zona de Universidad",Local comercial,local_comercial,De inmobiliaria,2254.0,19.6,115.0,,Muebles | Alta visibilidad,"Bar 105 m² reformado y equipado, aforo 32. Centro de Madrid junto a Gran Vía. Alquiler con contrato 7 años y fianza 2 meses.","Inmorest Consultores, S. L. traspasa con una magnífica oportunidad para emprender en el mundo de la hostelería. Se trata de un bar de copas con aforo legal para 32 comensales que ha sido reformado recientemente. Se encuentra ubicado en una de las mejores zonas del centro de Madrid, a pocos metros de la Gran Vía con un gran tránsito de personas. El local se traspasa completamente equipado y libre de cargas de todo tipo para poder continuar la actividad. Características y condiciones: Traspaso: 85.000€ Renta: 2.254€ + IVA (7 años) Fianzas y Garantías: 2 mensualidades Gastos: Suministros y tasa de basuras. Comunidad e IBI a cargo de la propiedad. Honorarios de agencia: Un mes de renta + IVA Para ampliar información o concertar visita contáctanos preguntando por la Ref. 995 bien por whatsapp, contestando a este anuncio o dejando recado en nuestras oficinas. La información incluida no es vinculante y no forma parte de ninguna oferta o contrato y puede estar sujeta a cualquier modificación sin previo aviso. Somos expertos en locales de hostelería y podemos ayudarle a elegir la mejor ubicación para su negocio. Cualquier información puede consultarnos por WhatsApp.",Universidad,Madrid > Universidad > Alquiler,"Universidad, Madrid","Universidad, Madrid, España",ok,nominatim,zone_approx,"Universidad, Centro, Madrid, Comunidad de Madrid, 28004, España",40.425426,-3.7060234,,,,,,,,2025-10-08T10:14:21+0000,2025-10-08T10:14:23+0000,ok
locales.es,madrid,alquiler,7,139388,alquiler:139388,https://www.locales.es/madrid/alquiler/local139388#offerType=2&estateType=3&settlement=6773,https://www.locales.es/madrid/contactar/propietario/139388,"Local comercial en Alquiler en Ventas, Madrid","Local comercial en alquiler con 240m² en Madrid, en la zona de Ventas",Local comercial,local_comercial,De inmobiliaria,4500.0,18.75,240.0,,Salida de humos | Terraza,Local 220 m² en esquina en avenida principal de La Elipa (Madrid). Adaptable; salida de humos autorizada y posibilidad de terraza. Libre de cargas.,"Inmorest Consultores, S. L. alquila en exclusividad probablemente el mejor local de La Elipa. Este local hace esquina y se encuentra en una de las avenidas principales de la zona, representando una gran oportunidad para que tu emprendimiento alcance una mayor visibilidad. Se trata de un local que anteriormente ha sido oficina bancaria y tienda de joyería; sin embargo, es un local que se puede adaptar perfectamente a cualquier tipo de negocio. El local puede ser una gran oportunidad para el mundo de la hostelería, ya que hace poco la comunidad ha autorizado la instalación de la salida de humos y creemos que el local puede ser objeto de una gran terraza. El local se alquila libre de cargas de todo tipo para poder ejercer la actividad. Características y condiciones: Alquiler: 4.500€ + IVA (con posibilidad de alquilarlo 10 años o más) Fianzas y Garantías: 2 mensualidades de fianza y 6 mensualidades de garantía adicional o seguro de impago Gastos: Suministros y tasa de basuras. Comunidad e IBI a cargo de la propiedad. Honorarios de agencia: Un mes de alquiler + IVA Para ampliar información o concertar visita contáctanos preguntando por la Ref. 1092 bien por whatsapp, contestando a este anuncio o dejando recado en nuestras oficinas. La información incluida no es vinculante y no forma parte de ninguna oferta o contrato y puede estar sujeta a cualquier modificación sin previo aviso. Somos expertos en locales de hostelería y podemos ayudarle a elegir la mejor ubicación para su negocio. Cualquier información puede consultarnos por WhatsApp.",Ventas,Madrid > Ventas > Alquiler,"Ventas, Madrid","Ventas, Madrid, España",ok,nominatim,unknown,"Ventas, Calle de Julio Camba, Guindalera, Salamanca, Madrid, Comunidad de Madrid, 28028, España",40.4310642,-3.6635419,,,,,,,,2025-10-08T10:18:29+0000,2025-10-08T10:18:30+0000,ok
locales.es,madrid,alquiler,7,139500,alquiler:139500,https://www.locales.es/madrid/alquiler-traspaso/local139500#offerType=2&estateType=3&settlement=6773,https://www.locales.es/madrid/contactar/propietario/139500,"Local comercial en Alquiler en Gaztambide, Madrid","Restaurante en alquiler con 120m² en Madrid, en la zona de Gaztambide",Local comercial,local_comercial,De inmobiliaria,5890.0,49.08,120.0,,Cocina completamente equipada | Salida de humos | Alta visibilidad | Terraza,"Traspaso de restaurante 110 m², cocina equipada con salida de humos, aforo 66, terraza 13 mesas, reformado y libre de cargas, zona de alto tránsito.","Inmorest Consultores, S. L. traspasa una magnífica oportunidad para emprender en el mundo de la hostelería en la capital. Se trata de un bar restaurante con cocina completamente equipada, salida de humos y aforo legal para 66 comensales que ha sido reformado recientemente. El local cuenta también con 13 mesas en terraza. Se encuentra ubicado en una de las mejores zonas de hostelería en Madrid, en plena calle de Guzmán el Bueno, con un gran tránsito de personas. El local se traspasa completamente equipado y libre de cargas de todo tipo para poder continuar la actividad. Características y condiciones: Traspaso: 200.000€ Renta: 5.890€ + IVA (10 años) + impuesto urbanístico Fianzas y Garantías: 2 mensualidades + 4 mensualidades de garantía Gastos: Suministros y tasa de basuras. Comunidad e IBI a cargo de la propiedad. Honorarios de agencia: Un mes de renta + IVA Para ampliar información o concertar visita contáctanos preguntando por la Ref. 1110 bien por whatsapp, contestando a este anuncio o dejando recado en nuestras oficinas. La información incluida no es vinculante y no forma parte de ninguna oferta o contrato y puede estar sujeta a cualquier modificación sin previo aviso. Somos expertos en locales de hostelería y podemos ayudarle a elegir la mejor ubicación para su negocio. Cualquier información puede consultarnos por WhatsApp.",Gaztambide,Madrid > Gaztambide > Alquiler,"Gaztambide, Madrid","Gaztambide, Madrid, España",ok,nominatim,zone_approx,"Gaztambide, Chamberí, Madrid, Comunidad de Madrid, España",40.4349358,-3.7147092,,,,,,,,2025-10-13T11:02:00+0000,2025-10-13T11:02:01+0000,ok
locales.es,madrid,alquiler,7,139513,alquiler:139513,https://www.locales.es/madrid/alquiler/local139513#offerType=2&estateType=3&settlement=6773,https://www.locales.es/madrid/contactar/propietario/139513,"Local comercial en Alquiler en Calle Paseo de los Melancolicos, Imperial, Madrid","Local comercial en alquiler con 20m² en Madrid, en la zona de Imperial, Calle Paseo de los Melancolicos, 7",Local comercial,local_comercial,De inmobiliaria,1450.0,72.5,20.0,,Salida de humos,"Local 20 m² en Madrid: cocina oculta con salida de humos, lista para operar. Libre de cargas; requiere fianzas y garantías.","Inmorest Consultores, S. L. pone en alquiler una magnífica oportunidad para emprender en el mundo de la hostelería. Se trata de una cocina oculta (dark kitchen) con salida de humos y lista para funcionar. Se encuentra ubicada en una zona de alto crecimiento para delivery en Madrid (una de las zonas que están experimentando un gran crecimiento), a pocos metros de Madrid Río. La cocina oculta se alquila libre de cargas de todo tipo para poder continuar la actividad. Características y condiciones: Renta: 1.450€ con IVA incluído (incluye mantenimiento) + 2% de fee por pedido Fianzas y Garantías: 2 mensualidades + 2 mensualidad de garantías Honorarios de agencia: Un mes de renta + IVA Para ampliar información o concertar visita contáctanos preguntando por la Ref. 1102 bien por whatsapp, contestando a este anuncio o dejando recado en nuestras oficinas. La información incluida no es vinculante y no forma parte de ninguna oferta o contrato y puede estar sujeta a cualquier modificación sin previo aviso. Somos expertos en locales de hostelería y podemos ayudarle a elegir la mejor ubicación para su negocio. Cualquier información puede consultarnos por WhatsApp.",Imperial,Madrid > Imperial > Alquiler,"Calle Paseo de los Melancolicos, Imperial, Madrid","Imperial, Madrid, España",ok,nominatim,zone_approx,"Imperial, Arganzuela, Madrid, Comunidad de Madrid, España",40.4057995,-3.7186854,,,,,,,,2025-10-13T11:22:52+0000,2025-10-13T11:22:53+0000,ok
locales.es,madrid,alquiler,7,145664,alquiler:145664,https://www.locales.es/madrid/alquiler/local145664#offerType=2&estateType=3&settlement=6773,https://www.locales.es/madrid/contactar/propietario/145664,"Local comercial en Alquiler en Calle de San Fernando, Madrid",,,local_comercial,De inmobiliaria,1900.0,26.76,71.0,2.0,Terraza,"Local vacío 71 m² en Pacífico (Retiro). Bien comunicado, posibilidad de hostelería sin humos y terraza; obra en gran parte realizada.",,,,"Calle de San Fernando, Madrid","Calle de San Fernando, Madrid, España",outside_scope,nominatim,street_approx,"Calle de San Fernando, El Mirador, Aranjuez, Comunidad de Madrid, 28300, España",,,,,,,,,,,,reused_snapshot
locales.es,madrid,alquiler,7,147734,alquiler:147734,https://www.locales.es/madrid/alquiler/local147734#offerType=2&estateType=3&settlement=6773,https://www.locales.es/madrid/contactar/propietario/147734,"Local comercial en Alquiler en calle polonia 10, Sol, Madrid","Local comercial en alquiler con 130m² en Madrid, en la zona de Sol, calle polonia 10",Local comercial,local_comercial,De propietario,1650.0,12.69,130.0,,Situado a pie de calle,"110 m² útiles (130 const.), 2 plantas (4,75 m), sala blindada para rayos X, A/A, divisible en 2; buena conexión transporte","Local con licencia de CONSULTA MÉDICA CON RAYOS X. ¡Oportunidad única en El Carrascal, Leganés! Este local en alquiler es ideal para emprendedores que buscan un espacio versátil y bien ubicado. Con 130 m² construidos y 110 m² útiles, cuenta con dos plantas que ofrecen una altura total de 4,75 metros, perfectas para adaptarse a diversas actividades. La última actividad fue un centro médico, lo que resalta su potencial para negocios relacionados con la salud o servicios. Uno de los espacios del local esta cubierto en sus paredes de plomo que es la habitacion donde ser realizaban los RAYOS X. Situado a pie de calle y a pocos pasos de la estación de Renfe de Zarzaquemada, este local garantiza una excelente visibilidad y acceso para tus clientes. Además, dispone de aire acondicionado para crear un ambiente cómodo durante todo el año. Esta la posibilidad de dividir el local en 2, con 65m2 cuadrados construidos cada uno, el precio de los locales por separado sería negociable. Está muy bien comunicado, con cercanias Zarzaquemada, metro El Carrascal, salidas a M-40, M-45, carretera de Toledo y diferentes paradas de autobus Tiene muy cerca, diferentes supermercados (Lidl, Dia, Ahorramas.. . ) y proximo a centro comercial Plaza Nueva y Parquesur ¡No dejes pasar esta oportunidad! así que contáctanos para más información y ven a descubrir tu próximo negocio en este prometedor barrio.",Sol,Madrid > Sol > Alquiler,"calle polonia 10, Sol, Madrid","Sol, Madrid, España",ok,nominatim,unknown,"Sol, Plaza de la Puerta del Sol, Barrio de los Austrias, Sol, Centro, Madrid, Comunidad de Madrid, 28013, España",40.4178272,-3.7022221,,,,,,,,2025-12-16T09:33:08+0000,2025-12-16T09:34:50+0000,ok
locales.es,madrid,alquiler,7,149523,alquiler:149523,https://www.locales.es/madrid/alquiler/local149523#offerType=2&estateType=3&settlement=6773,https://www.locales.es/madrid/contactar/propietario/149523,"Local comercial en Alquiler en Calle de Martín de los Heros, Argüelles, Madrid",,,local_comercial,De inmobiliaria,2800.0,24.78,113.0,1.0,Almacén | Salida de humos | Escaparate,"Local comercial 113 m² en Argüelles. Licencia de restaurante, salida de humos, gran escaparate, en funcionamiento. Apto para hostelería y comercio.",,,,"Calle de Martín de los Heros, Argüelles, Madrid","Calle de Martín de los Heros, Argüelles, Madrid, España",ok,nominatim,street_approx,"Calle de Martín de los Heros, Argüelles, Moncloa-Aravaca, Madrid, Comunidad de Madrid, 28008, España",40.4243724,-3.7134869,8a390cb1bd0ffff,10.0,9014.0,9.0,Moncloa-Aravaca,2.0,Arguelles,,,card_only_geocoded
locales.es,madrid,alquiler,7,149838,alquiler:149838,https://www.locales.es/madrid/alquiler-traspaso/local149838#offerType=2&estateType=3&settlement=6773,https://www.locales.es/madrid/contactar/propietario/149838,"Local comercial en Alquiler en Calle de Jesús del Valle, Universidad, Madrid",,,local_comercial,De inmobiliaria,3000.0,15.0,110.0,,Terraza,"Local planta calle 170 m² en esquina con 4 escaparates; licencia definitiva; salida de humos; terraza autorizada 18 mesas; cerrado, necesita reforma.",,,,"Calle de Jesús del Valle, Universidad, Madrid","Calle de Jesús del Valle, Universidad, Madrid, España",ok,nominatim,street_approx,"Calle de Jesús del Valle, Malasaña, Universidad, Centro, Madrid, Comunidad de Madrid, 28004, España",40.4244734,-3.7042117,8a390cb1b12ffff,10.0,1097.0,1.0,Centro,5.0,Universidad,,,card_only_geocoded
locales.es,madrid,alquiler,7,150095,alquiler:150095,https://www.locales.es/madrid/alquiler-traspaso/local150095#offerType=2&estateType=3&settlement=6773,https://www.locales.es/madrid/contactar/propietario/150095,"Local comercial en Alquiler en Calle Narvaez, Ibiza, Madrid","Restaurante en alquiler con 170m² en Madrid, en la zona de Ibiza, Calle Narvaez, 61",Local comercial,local_comercial,De inmobiliaria,2400.0,14.12,170.0,,Aire acondicionado | Almacén | Salida de humos | Terraza cerrada | +3,150 m²; aforo 62; cocina con salida de humos. Terraza 64 (40 climatizada). Incluye maquinaria y mobiliario. Contrato: 9 años restantes.,"Inmorest Consultores traspasa en exclusiva Bar Restaurante en magnífica ubicación del barrio del Retiro, concretamente una esquina de máxima visibilidad y paso entre las calles Narváez y Alcalde Sainz de Baranda. La zona de Ibiza de Madrid destaca por su oferta gastronómica debido a su proximidad al parque del Retiro y porque aúna, residentes de alto poder adquisitivo, despachos de oficinas y turistas, pudiendo trabajar a un alto ritmo durante toda la semana. El local cuenta además con una magnífica terraza en la calle Narváez para 64 personas, de las cuales 40 se encuentran dentro de un cerramiento climatizado para poder utilizarlo durante todo el año. Dentro del local, con aforo para 62 personas, se accede por la propia esquina a la zona de barra, tras la cual se encuentra la cocina con salida de humos, además de mesas altas. Tras un solo tramo de escaleras se accede al salón principal, almacenes con cámaras de frío panelizadas y servicios. El negocio se encuentra actualmente en pleno funcionamiento y se traspasa libre de cargas de todo tipo incluyendo toda la maquinaria y mobiliario. Hay que destacar el precio tan bajo de la renta para un local con esa licencia y terraza en esa ubicación. Condiciones económicas: - Traspaso: 160.000€ exentos de IVA - Renta inicial: 2.400€ + IVA. Posteriormente aplicación IPC con mínimos - Restan 9 años de contrato aunque puede negociarse nuevo contrato. - Gastos de comunidad a cargo del arrendatario: 270€ mes - IBI y derramas a cargo del arrendador. - Tasa de terraza anual: 11.000€ - Garantías: 2 meses de fianza y posible garantía adicional según solvencia. - Honorarios de agencia a cargo del nuevo arrendatario: 2.400€ + IVA Si acuden al local rogamos discreción y no consulten al personal. Para organizar visita contacten por este anuncio de Ref. 1151 a la Atención de Carlos. La información incluida no es vinculante y no forma parte de ninguna oferta o contrato y puede estar sujeta a cualquier modificación sin previo aviso. Somos expertos en locales de hostelería y podemos ayudarle a elegir la mejor ubicación para su negocio.",Ibiza,Madrid > Ibiza > Alquiler,"Calle Narvaez, Ibiza, Madrid","Calle Narvaez, Ibiza, Madrid, España",ok,nominatim,street_approx,"Calle de Narváez, Ibiza, Retiro, Madrid, Comunidad de Madrid, 28009, España",40.4162771,-3.6763948,8a390ca267b7fff,10.0,3054.0,3.0,Retiro,34.0,Ibiza,2026-01-20T14:29:31+0000,2026-01-20T14:29:32+0000,ok
locales.es,madrid,alquiler,7,151471,alquiler:151471,https://www.locales.es/madrid/alquiler-traspaso/local151471#offerType=2&estateType=3&settlement=6773,https://www.locales.es/madrid/contactar/propietario/151471,"Local comercial en Alquiler en Calle Blas de Otero, Madrid","Restaurante en alquiler con 190m² en Madrid, Calle Blas de Otero",Local comercial,local_comercial,De inmobiliaria,4600.0,24.21,190.0,,Escaparate | Terraza cerrada | Alta visibilidad | Situado a pie de calle,"190 m² en planta calle, licencia de restaurante, totalmente equipado, aforo 88, terraza cerrada 34, zona Chamartín residencial y comercial.","Restaurante en traspaso Calle Valparaíso 3. GRUPO ANDINO TRASPASA – RESTAURANTE LISTO PARA OPERAR EN CHAMARTÍNExcelente oportunidad de traspaso en una de las mejores zonas del barrio de Chamartín, uno de los distritos más consolidados y demandados de Madrid para el sector de la hostelería, Plaza de Valparaíso 3.El local se presenta totalmente equipado y en perfecto estado, con amplios ventanales y una fachada generosa que le aporta una gran visibilidad y una imagen comercial muy atractiva, ideal para captar clientela desde el primer día.CARACTERÍSTICAS DEL LOCALSuperficie total: 190 m² en planta calleLicencia: RestauranteAforo interior: 88 personasTerraza cerrada: Capacidad para 34 personasEquipamiento completo: Maquinaria, mobiliario e instalaciones en excelente estado de conservaciónListo para operar: No requiere inversión adicional, permitiendo iniciar la actividad de forma inmediataAlta versatilidad: Apto para cualquier concepto gastronómico, tanto para continuar la actividad actual como para desarrollar un nuevo proyectoENTORNO Y POTENCIAL DE LA ZONAUbicado en un entorno residencial de nivel medio-alto, con una importante presencia de oficinas, comercios y servicios, lo que garantiza un flujo constante de público durante todo el día.Chamartín es un barrio altamente valorado por operadores de restauración gracias a su clientela estable, poder adquisitivo y consumo recurrente, tanto entre semana como los fines de semana.OPORTUNIDAD PARA OPERADORES Y MARCASEste local es especialmente atractivo para:Emprendedores con concepto propioCadenas y franquicias que busquen posicionarse en una zona primeOperadores que necesiten un local listo para activar de inmediatoMarcas que valoren visibilidad, aforo y un entorno comercial consolidadoCONDICIONES ECONÓMICASTraspaso: 120.000 €Alquiler mensual: 4.600 €Fianza: 2 mesesGarantías adicionales: 4 mesesHonorarios Agencia: 10% de la renta anual mas IVA.",,Madrid > Alquiler,"Calle Blas de Otero, Madrid","Calle Blas de Otero, Madrid, España",outside_scope,nominatim,street_approx,"Calle Blas de Otero, Urbanización Pablo Iglesias, Sector III, Getafe, Comunidad de Madrid, 28905, España",,,,,,,,,,2026-01-29T10:40:33+0000,2026-01-29T10:40:33+0000,ok
locales.es,madrid,alquiler,7,152241,alquiler:152241,https://www.locales.es/madrid/alquiler/local152241#offerType=2&estateType=3&settlement=6773,https://www.locales.es/madrid/contactar/propietario/152241,"Local comercial en Alquiler en Sol, Madrid","Comercio en alquiler con 770m² en Madrid, en la zona de Sol",Local comercial,local_comercial,De inmobiliaria,25000.0,32.47,770.0,4.0,Patio | Persiana metálica | Sistemas de Seguridad | Aire acondicionado | +3,"Aprox. 800 m² en 2 plantas (calle + semisótano). Amplia fachada, licencia pública, accesos y salidas de emergencia. Buena comunicación.","¡Se alquila magnífico local comercial de 770 m² distribuidos en dos plantas (planta calle y semisótano), ubicado en la prestigiosa Chamberí, una de las zonas más consolidadas y demandadas de Madrid. El inmueble cuenta con una amplia fachada a la calle, excelente visibilidad y acceso peatonal, y está rodeado de viviendas de alto poder adquisitivo, colegios, oficinas y comercios consolidados. Dispone de licencia de pública concurrencia y salidas de emergencia adaptadas. La planta a pie de calle ofrece una superficie diáfana ideal para zona de atención al público, exposición o recepción, mientras que el semisótano, también con acceso directo, resulta perfecto para salas de consulta, almacén, vestuarios o cocina, según el tipo de actividad. Gracias a su amplitud y ubicación, el local es perfecto para proyectos de gran formato como: Clínica médica o de medicina estética. Centro de fisioterapia, bienestar o gimnasio boutique. Restaurante o espacio gastronómico de alta gama. Showroom, academia o coworking premium. Cuenta con muy buena comunicación por metro, autobús y acceso a vías principales. Zona con elevada densidad de población, alto poder adquisitivo y flujo constante de residentes y profesionales. Características principales Superficie total: 800 m² (aprox.) Distribución: planta calle + semisótano Estado: buen estado general Amplia fachada con escaparate Apto para actividades de pública concurrencia Acceso directo desde calle Zona de alto nivel socioeconómico (Chamberí, Madrid) ________________________________________ Condiciones Renta mensual: 25.000 € Contrato de larga duración Condiciones negociables según perfil y proyecto ________________________________________ Ideal para empresas o marcas que busquen: Un espacio emblemático en una ubicación estratégica, con gran superficie y excelente visibilidad en el corazón de Madrid.¡¡",Sol,Madrid > Sol > Alquiler,"Sol, Madrid","Sol, Madrid, España",ok,nominatim,unknown,"Sol, Plaza de la Puerta del Sol, Barrio de los Austrias, Sol, Centro, Madrid, Comunidad de Madrid, 28013, España",40.4178272,-3.7022221,,,,,,,,2026-02-09T10:19:15+0000,2026-02-09T10:20:41+0000,ok
locales.es,madrid,alquiler,7,152644,alquiler:152644,https://www.locales.es/madrid/alquiler/local152644#offerType=2&estateType=3&settlement=6773,https://www.locales.es/madrid/contactar/propietario/152644,"Local comercial en Alquiler en Embajadores, Madrid","Local comercial en alquiler con 285m² en Madrid, en la zona de Embajadores",Local comercial,local_comercial,De inmobiliaria,4000.0,14.04,285.0,1.0,Escaparate,"285 m2 en planta baja, 12 escaparates en esquina. Sin salida de humos (no hostelería). Próximo a Plaza de Lavapiés y transporte.","LOCAL COMERCIAL CON 12 ESCAPARATES EN LAVAPIES !! Excelente local, haciendo esquina y con muchas posibilidades para cualquier negocio SALVO hostelería. ( NO SALIDA DE HUMOS ) Local en planta con una superficie de 285 metros. Ubicación inmejorable, ya que se encuentra próximo a la Plaza de Lavapiés. Paradas de taxis y metro. Alrededor se encuentran zonas comerciales y zonas de ocio (Rastro de Madrid, Mercado San Fernando), museos (museo de arte Reina Sofía) colegios, teatros, restaurantes. OPORTUNIDAD!!!",Embajadores,Madrid > Embajadores > Alquiler,"Embajadores, Madrid","Embajadores, Madrid, España",ok,nominatim,zone_approx,"Embajadores, Centro, Madrid, Comunidad de Madrid, España",40.4095856,-3.7029851,,,,,,,,2026-02-10T11:05:11+0000,2026-02-10T11:05:13+0000,ok
locales.es,madrid,alquiler,7,156357,alquiler:156357,https://www.locales.es/madrid/alquiler-traspaso/local156357#offerType=2&estateType=3&settlement=6773,https://www.locales.es/madrid/contactar/propietario/156357,"Local comercial en Alquiler en Costillares, Madrid","Cafetería en alquiler con 230m² en Madrid, en la zona de Costillares",Local comercial,local_comercial,De inmobiliaria,2450.0,10.65,230.0,,Salida de humos | Terraza,222 m²; aforo 50 niños y 46 adultos; en funcionamiento con personal reducido subrogable; licencias en regla; contrato 8 años; listo para operar.,"nmorest traspasa en exclusiva un estupendo Parque Infantil con Cafetería en pleno funcionamiento, con clientela fija y muchas posibilidades de crecimiento. Se trata de un gran local de 222 m en plena Calle Arturo Soria, en la confluencia con Sanchinarro, sin competencia en varios Km. a la redonda, con aforo para 50 niños y 46 adultos en la zona de cafetería. Además es posible obtener permiso para terraza de veladores, no solo para los padres sino para vecinos y trabajadores de la Torre de Elecnor (a 50 m) y otros edificios de oficinas. Se trata de un negocio ideal para una familia, que puede complementar los ingresos de celebración de cumpleaños infantiles por las tardes y fines de semana con los de la cafetería (la única de la zona), para trabajadores y vecinos durante toda la semana. Actualmente el negocio funciona con muy poco personal que ya conoce a la clientela y se aconseja subrogar, sobre todo si se pretende ampliar horario y servicios. Incluso con el actual horario reducido puede demostrarse la rentabilidad actual del negocio, principalmente por los gastos tan reducidos que tiene. Se traspasa libre de cargas de todo tipo y listo para continuar con la actividad sin necesidad de mayor inversión. Las condiciones son las siguientes: - Traspaso: 68.000€ exentos de IVA - Renta: 2.450€ + IVA al mes. - Contrato nuevo por 8 años. - Comunidad e IBI a cargo del arrendador. - Garantías: 2 meses de fianza + 2 meses de garantía complementaria. - Honorarios de agencia: 2.450€+ IVA - Licencias en regla. Para mayor información rogamos no contacten con el personal. Pueden contestar a este anuncio o llamar a la oficina para concertar visitas preguntando por Carlos e indicando la Ref. 1159.",Costillares,Madrid > Costillares > Alquiler,"Costillares, Madrid","Costillares, Madrid, España",ok,nominatim,zone_approx,"Costillares, Ciudad Lineal, Madrid, Comunidad de Madrid, España",40.4760473,-3.6685122,,,,,,,,2026-02-19T08:18:51+0000,2026-02-19T08:18:52+0000,ok
locales.es,madrid,alquiler,7,156358,alquiler:156358,https://www.locales.es/madrid/alquiler/local156358#offerType=2&estateType=3&settlement=6773,https://www.locales.es/madrid/contactar/propietario/156358,"Local comercial en Alquiler en El Pilar, Madrid","Local comercial en alquiler con 470m² en Madrid, en la zona de El Pilar",Local comercial,local_comercial,De inmobiliaria,6900.0,14.68,470.0,,Almacén | Salida de humos | Terraza | Situado a pie de calle,"Local de 450 m² en 3 plantas: cámaras y almacenaje, cocina con salida de humos y zona pública. Parcialmente equipado y listo para actividad.","Inmorest Consultores, S. L. pone en alquiler una excelente oportunidad para desarrollar una cocina central en una ubicación estratégica, en la zona de Vaguada. Se trata de un local de hostelería distribuido en tres plantas: planta sótano de cámaras, vestuarios y almacenamiento, planta a pie de calle de cocina y mostrador, planta superior acondicionada para servir al público. El local se encuentra parcialmente equipado, con salida de humos y recientemente reformado, en perfecto estado de conservación. Por su distribución vertical y características técnicas, resulta ideal para centralizar producción, preparación y logística, tanto para delivery como para abastecimiento de varios puntos de venta. Ubicado en una zona estratégica de Madrid. El local se alquila parcialmente equipado y libre de cargas, permitiendo iniciar la actividad de forma inmediata. Características y condiciones: Renta: 6.900 € + IVA Fianzas y garantías: 2 mensualidades Canon de entrada: 2 mensualidades Gastos: suministros y tasa de basuras Comunidad e IBI a cargo de la propiedad Honorarios de agencia: una mensualidad de renta + IVA Para ampliar información o concertar una visita, contáctanos indicando la Ref. 1158 por WhatsApp, respondiendo a este anuncio o dejando recado en nuestras oficinas. La información no es vinculante y puede estar sujeta a modificaciones sin previo aviso. Somos especialistas en locales de hostelería y cocinas centrales. Consúltanos sin compromiso por WhatsApp.",El Pilar,Madrid > El Pilar > Alquiler,"El Pilar, Madrid","El Pilar, Madrid, España",ok,nominatim,zone_approx,"Pilar, Fuencarral, Fuencarral-El Pardo, Madrid, Comunidad de Madrid, España",40.4771334,-3.7089157,,,,,,,,2026-02-19T08:20:41+0000,2026-02-19T08:20:42+0000,ok
locales.es,madrid,alquiler,7,161650,alquiler:161650,https://www.locales.es/madrid/alquiler/local161650#offerType=2&estateType=3&settlement=6773,https://www.locales.es/madrid/contactar/propietario/161650,"Local comercial en Alquiler en Ventas, Madrid","Local comercial en alquiler con 128m² en Madrid, en la zona de Ventas",Local comercial,local_comercial,De inmobiliaria,1300.0,10.16,128.0,1.0,,"Local de 128 m² con 3 estancias y baño, necesita adecuación; acceso por dos calles. Ubicado en La Elipa, con buena comunicación y servicios.","Acogedor local comercial en alquiler en la zona de La Elipa, en Madrid. Con 3 estancias un baño, esta propiedad de segunda mano ofrece un amplio espacio de 128 m2 para adaptarlo a tus necesidades comerciales. Acceso por dos calles aunque necesita adecuación, cuenta con un gran potencial para convertirse en el negocio de tus sueños. Además, se encuentra en una ubicación privilegiada con fácil acceso a transporte público y una amplia variedad de servicios en los alrededores. !No dejes pasar esta oportunidad única para darle vida a tu negocio en una de las zonas más transitadas de la ciudad!",Ventas,Madrid > Ventas > Alquiler,"Ventas, Madrid","Ventas, Madrid, España",ok,nominatim,unknown,"Ventas, Calle de Julio Camba, Guindalera, Salamanca, Madrid, Comunidad de Madrid, 28028, España",40.4310642,-3.6635419,,,,,,,,2026-02-24T03:06:08+0000,2026-02-24T03:06:12+0000,ok
locales.es,madrid,alquiler,7,161693,alquiler:161693,https://www.locales.es/madrid/alquiler/local161693#offerType=2&estateType=3&settlement=6773,https://www.locales.es/madrid/contactar/propietario/161693,"Local comercial en Alquiler en Plaza del Niño Jesús, Niño Jesús, Madrid","Local comercial en alquiler con 248m² en Madrid, en la zona de Niño Jesús, Plaza del Niño Jesús",Local comercial,local_comercial,De inmobiliaria,4750.0,19.15,248.0,3.0,Alta visibilidad | Situado a pie de calle,"248 m² en 2 plantas, 5 estancias, reformado, 16 m fachada, exterior. Zona Retiro: alto tránsito peatonal y entorno residencial.","222-01. Local en Retiro, con 248 m² construidos, 230 m² útiles, 5 estancias, 3 aseos, reformado, exterior, planta Baja, alta suministros realizada, a pie de calle¡¡ TU NEGOCIO EN UNA UBICACIÓN PRIVILEGIADA RETIRO, MADRID¡¡Hay ubicaciones y luego está el entorno del Parque del Retiro.Te presentamos una oportunidad única para posicionar tu marca en una de las zonas más exclusivas y consolidadas de Madrid. 248 m² distribuidos en dos plantas 16 metros de fachada que proyectan imagen y visibilidad Totalmente reformado y listo para comenzar actividadUn espacio que no solo es un local es una declaración de intenciones.La amplitud, la luz y la impresionante fachada permiten crear un concepto diferenciador, elegante y con fuerte presencia comercial. Ideal para firmas que buscan prestigio, imagen y posicionamiento estratégico.Perfecto paraClínicas premiumCentros de formaciónEspacios wellness o estéticaShowrooms de marcaOficinas corporativas representativasConcept stores o retail especializadoUbicado en una zona de alto tránsito peatonal y residencial, rodeado de comercios consolidados y clientes con alto poder adquisitivo.Aquí no solo alquilas metros cuadrados.Aquí proyectas marca, crecimiento y futuro..",Niño Jesús,Madrid > Niño Jesús > Alquiler,"Plaza del Niño Jesús, Niño Jesús, Madrid","Plaza del Niño Jesús, Niño Jesús, Madrid, España",ok,nominatim,street_approx,"Plaza del Niño Jesús, Niño Jesús, Retiro, Madrid, Comunidad de Madrid, 28009, España",40.4111265,-3.6756502,8a390ca35a2ffff,10.0,3084.0,3.0,Retiro,36.0,Niño Jesús,2026-02-24T03:59:46+0000,2026-02-24T03:59:46+0000,ok
locales.es,madrid,alquiler,7,163909,alquiler:163909,https://www.locales.es/madrid/alquiler-traspaso/local163909#offerType=2&estateType=3&settlement=6773,https://www.locales.es/madrid/contactar/propietario/163909,"Local comercial en Alquiler en Lista, Madrid","Local comercial en alquiler con 120m² en Madrid, en la zona de Lista",Local comercial,local_comercial,De inmobiliaria,1650.0,13.75,120.0,,Salida de humos | Alta visibilidad | Terraza,"Local de 110 m² en Madrid, fachada en calle de alto tránsito, aforo 35, terraza para 8 mesas, listo para iniciar actividad.","Inmorest Consultores, S. L. presenta una excelente oportunidad de traspaso en una ubicación privilegiada, situada en una de las zonas con mayor afluencia peatonal y actividad comercial de la ciudad. Ref 1168 Se trata de un local amplio y versátil, con excelente visibilidad gracias a su fachada en calle de alto tránsito, aforo para 35 personas y 8 mesas en terraza. El espacio se encuentra en muy buen estado, con distribución funcional y múltiples posibilidades de implantación para diferentes tipos de negocio. Ideal para restaurante o cualquier actividad de restauración que busque posicionamiento y proyección en una zona consolidada. El local se ofrece en traspaso con muy buenas condiciones de alquiler, listo para iniciar actividad de forma inmediata. Condiciones del alquiler: * Traspaso: 118.000 € *Renta mensual: 1.650 € + IVA * Contrato: 10 años (5 + 5) * Garantías: 5 mensualidades * Gastos: suministros y tasa de basuras * Comunidad e IBI: a cargo de la propiedad * Honorarios de agencia: 1 mes de renta + IVA Para más información o concertar una visita, contacte indicando la referencia 1167 por WhatsApp o a través de este anuncio.",Lista,Madrid > Lista > Alquiler,"Lista, Madrid","Lista, Madrid, España",ok,nominatim,zone_approx,"Lista, Salamanca, Madrid, Comunidad de Madrid, España",40.4326938,-3.6745087,,,,,,,,2026-03-09T10:21:47+0000,2026-03-09T10:21:50+0000,ok
locales.es,madrid,alquiler,7,163911,alquiler:163911,https://www.locales.es/madrid/alquiler-traspaso/local163911#offerType=2&estateType=3&settlement=6773,https://www.locales.es/madrid/contactar/propietario/163911,"Local comercial en Alquiler en Calle Plaza del Rey, Justicia, Madrid","Restaurante en alquiler con 150m² en Madrid, en la zona de Justicia, Calle Plaza del Rey, S/N",Local comercial,local_comercial,De inmobiliaria,4000.0,26.67,150.0,,Almacén | Salida de humos | Terraza,"Bar restaurante reformado en Madrid, con salida de humos, terraza de 8 mesas y aforo ~50; 145 m² útiles (30 m² sótano para almacén).","InmoRest Consultores traspasa Bar Restaurante con licencia definitiva, salida de humos y terraza de 8 mesas en una de las plazas de mayor afluencia del barrio de Chueca. El local, con aforo para casi 50 Personas ha sido recientemente reformado por completo y se encuentra en perfecto estado con una facturación mensual cercana a los 60 K. De los 145 m útiles tan solo 30 m se encuentran en sótano destinados a almacén. Condiciones Económicas: * Traspaso: 220.000 € exentos de IVA. * Renta: 4.000 € + IVA. * Fianza: 2 mensualidades. * Comisiön Agencia: 4.000€ Se traspasa completamente libre de cargas por razones personales de los socios, pues a día de hoy es un negocio rentable. Nota de Discrecionalidad: Por deseo expreso de la propiedad y para garantizar la confidencialidad de la operación, las imágenes mostradas pueden ser orientativas y la ubicación exacta se facilitará tras una la firma de un acuerdo de confidencialidad online. Para ello se solicitará copia de documento de identidad y correo para el envío de la firma. Â¿Desea realizar una visita? Póngase en contacto con nosotros mencionando la Ref. 1164. Consultor encargado: Carlos.",Justicia,Madrid > Justicia > Alquiler,"Calle Plaza del Rey, Justicia, Madrid","Justicia, Madrid, España",ok,nominatim,zone_approx,"Justicia, Centro, Madrid, Comunidad de Madrid, España",40.4232759,-3.6966805,,,,,,,,2026-03-09T10:23:04+0000,2026-03-09T10:23:04+0000,ok
locales.es,madrid,alquiler,7,166502,alquiler:166502,https://www.locales.es/madrid/alquiler/local166502#offerType=2&estateType=3&settlement=6773,https://www.locales.es/madrid/contactar/propietario/166502,"Local comercial en Alquiler en Ginzo de Limia 42, Sol, Madrid","Peluqueria en alquiler con 110m² en Madrid, en la zona de Sol, Ginzo de Limia 42",Local comercial,local_comercial,De propietario,1950.0,17.73,110.0,2.0,Patio | Aire acondicionado | Salida de humos | Situado a pie de calle,"Local 110 m², dos plantas, esquina a pie de calle, luminoso y equipado para peluquería/estética; clientela fiel; opción de traspaso.","Se alquila local de 110 m² en Calle Ginzo de Limia, 42 en la zona norte de Madrid, en una de las mejores zonas de la ciudad, a escasa distancia del Metro Barrio del Pilar, línea 9. Junto al Centro Comercial La Vaguada. El local tiene una planta baja, hace esquina y posee amplios escaparates con gran luminosidad. Local a pie de calle en zona de mucho tránsito, rodeado de comercios y servicios de todo tipo. Actualmente funciona como peluquería y centro de estética, completamente equipado, permitiendo inicio inmediato de la actividad, con una clientela fija y fiel de más de 40 años. Mobiliario de alta calidad, aparatología de últimas prestaciones y todo lo necesario para continuar la actividad sin inversión adicional. Existe la opción de traspaso por 38.000 euros a acordar con la inquilina. Condiciones: - Alquiler: 1.950 €/mes - Traspaso: 38.000 € Características básicas: 110m² construidos, dividido en dos plantas Segunda mano/buen estado Distribución 4 estancias Situado a pie de calle Hace esquina Actividades comerciales: Centro estético, Peluquería. Durante años alquilado a distintas Sucursales bancarias. En origen fue una Tienda de alimentación. Edificio Bajo 8 metros de fachada/ escaparate Equipamiento Calefacción Aire acondicionado Almacén/archivo Salida de humos Dos baños, uno de ellos adaptado y accesible para personas de movilidad reducida. Office habilitado con horno microondas con mesa y sillas.",Sol,Madrid > Sol > Alquiler,"Ginzo de Limia 42, Sol, Madrid","Sol, Madrid, España",ok,nominatim,unknown,"Sol, Plaza de la Puerta del Sol, Barrio de los Austrias, Sol, Centro, Madrid, Comunidad de Madrid, 28013, España",40.4178272,-3.7022221,,,,,,,,2026-03-24T09:31:54+0000,2026-03-24T09:32:42+0000,ok
locales.es,madrid,alquiler,7,169329,alquiler:169329,https://www.locales.es/madrid/alquiler-traspaso/local169329#offerType=2&estateType=3&settlement=6773,https://www.locales.es/madrid/contactar/propietario/169329,"Local comercial en Alquiler en Ríos Rosas, Madrid",,,local_comercial,De inmobiliaria,5500.0,22.0,250.0,,Salida de humos | Barra | Terraza,"Local de 230 m² en 3 plantas, aforo 99, terraza 40; licencia Bar Restaurante y sin salida de humos.",,,,"Ríos Rosas, Madrid","Ríos Rosas, Madrid, España",ok,nominatim,unknown,"Ríos Rosas, Calle de Santa Engracia, Ríos Rosas, Chamberí, Madrid, Comunidad de Madrid, 28003, España",40.4415935,-3.7015924,,,,,,,,,,card_only_geocoded
locales.es,madrid,alquiler,7,170734,alquiler:170734,https://www.locales.es/madrid/alquiler/local170734#offerType=2&estateType=3&settlement=6773,https://www.locales.es/madrid/contactar/propietario/170734,"Local comercial en Alquiler en Calle ramon de aguinaga, Fuente del Berro, Madrid",,,local_comercial,De inmobiliaria,1145.0,7.63,150.0,,Salida de humos,"Cocina oculta dark kitchen, lista para funcionar, con salida de humos, en zona de alta demanda de delivery.",,,,"Calle ramon de aguinaga, Fuente del Berro, Madrid","Calle ramon de aguinaga, Fuente del Berro, Madrid, España",ok,nominatim,street_approx,"Calle de Ramón de Aguinaga, Fuente del Berro, Salamanca, Madrid, Comunidad de Madrid, 28028, España",40.4268211,-3.6621742,8a390ca26347fff,10.0,4053.0,4.0,Salamanca,43.0,Fuente del Berro,,,card_only_geocoded
locales.es,madrid,alquiler,7,170780,alquiler:170780,https://www.locales.es/madrid/alquiler/local170780#offerType=2&estateType=3&settlement=6773,https://www.locales.es/madrid/contactar/propietario/170780,"Local comercial en Alquiler en Embajadores, Madrid",,,local_comercial,De inmobiliaria,1800.0,22.5,80.0,,,,,,,"Embajadores, Madrid","Embajadores, Madrid, España",ok,nominatim,zone_approx,"Embajadores, Centro, Madrid, Comunidad de Madrid, España",40.4095856,-3.7029851,,,,,,,,,,card_only_geocoded
locales.es,madrid,alquiler,7,171719,alquiler:171719,https://www.locales.es/madrid/alquiler/local171719#offerType=2&estateType=3&settlement=6773,https://www.locales.es/madrid/contactar/propietario/171719,"Local comercial en Alquiler en Calle del Alcalde Sainz de Baranda, Ibiza, Madrid",,,local_comercial,De inmobiliaria,5400.0,38.57,140.0,1.0,Sistemas de Seguridad | Alta visibilidad | Terraza | Situado a pie de calle,"120 m² en planta calle, diáfano, 3 estancias, aseo, terraza, alarma; buena visibilidad y comunicaciones cercanas.",,,,"Calle del Alcalde Sainz de Baranda, Ibiza, Madrid","Calle del Alcalde Sainz de Baranda, Ibiza, Madrid, España",ok,nominatim,street_approx,"Calle del Alcalde Sáinz de Baranda, Ibiza, Retiro, Madrid, Comunidad de Madrid, 28009, España",40.4168855,-3.6739485,8a390ca267affff,10.0,3051.0,3.0,Retiro,34.0,Ibiza,,,card_only_geocoded
locales.es,madrid,alquiler,7,171721,alquiler:171721,https://www.locales.es/madrid/alquiler/local171721#offerType=2&estateType=3&settlement=6773,https://www.locales.es/madrid/contactar/propietario/171721,"Local comercial en Alquiler en Avenida de la Reina Victoria, Vallehermoso, Madrid",,,local_comercial,De inmobiliaria,5800.0,40.0,145.0,2.0,Salida de humos | Alta visibilidad | Terraza | Situado a pie de calle,"145 m² construidos, 4 estancias, 2 aseos, nuevo, exterior, planta baja; terraza y salida de humos.",,,,"Avenida de la Reina Victoria, Vallehermoso, Madrid","Avenida de la Reina Victoria, Vallehermoso, Madrid, España",ok,nominatim,street_approx,"Avenida de la Reina Victoria, Vallehermoso, Chamberí, Madrid, Comunidad de Madrid, 28003, España",40.4468345,-3.7055515,8a390cb19d2ffff,10.0,7118.0,7.0,Chamberí,76.0,Vallehermoso,,,card_only_geocoded
locales.es,madrid,alquiler,7,172121,alquiler:172121,https://www.locales.es/madrid/alquiler/local172121#offerType=2&estateType=3&settlement=6773,https://www.locales.es/madrid/contactar/propietario/172121,"Local comercial en Alquiler en Calle de San Graciano, Moscardó, Madrid",,,local_comercial,De propietario,12500.0,7.81,1600.0,6.0,Conserje | Almacén | Salida de humos | Acceso de carga y descarga | +1,"Gran local en calle de Madrid Río; 1450 m², 13 ventanas a patio, 4 salidas de emergencia y varias salidas de humos.",,,,"Calle de San Graciano, Moscardó, Madrid","Calle de San Graciano, Moscardó, Madrid, España",ok,nominatim,street_approx,"Calle de San Graciano, Moscardó, Usera, Madrid, Comunidad de Madrid, 28026, España",40.3931002,-3.702656,8a390ca3466ffff,10.0,12053.0,12.0,Usera,125.0,Moscardó,,,card_only_geocoded
locales.es,madrid,alquiler,7,172587,alquiler:172587,https://www.locales.es/madrid/alquiler/local172587#offerType=2&estateType=3&settlement=6773,https://www.locales.es/madrid/contactar/propietario/172587,"Local comercial en Alquiler en Calle del General Álvarez de Castro, Trafalgar, Madrid",,,local_comercial,De inmobiliaria,22000.0,28.57,770.0,6.0,Sistemas de Seguridad | Recepción | Aire acondicionado | Almacén | +4,"770 m² en 2 plantas; reformado, exterior y hace esquina. AACC, ascensor, alarma, licencia pública concurrencia.",,,,"Calle del General Álvarez de Castro, Trafalgar, Madrid","Calle del General Álvarez de Castro, Trafalgar, Madrid, España",not_found,nominatim,,,,,,,,,,,,,,reused_snapshot
locales.es,madrid,alquiler,7,173318,alquiler:173318,https://www.locales.es/madrid/alquiler/local173318#offerType=2&estateType=3&settlement=6773,https://www.locales.es/madrid/contactar/propietario/173318,"Local comercial en Alquiler en Lista, Madrid",,,local_comercial,De inmobiliaria,3000.0,33.33,90.0,1.0,Patio | Aire acondicionado | Almacén | Escaparate | +2,"Puerta y escaparate a calle, 2 ventanas a patio de luces, patio trasero, oficina y almacén; A/C y calefacción.",,,,"Lista, Madrid","Lista, Madrid, España",ok,nominatim,zone_approx,"Lista, Salamanca, Madrid, Comunidad de Madrid, España",40.4326938,-3.6745087,,,,,,,,,,card_only_geocoded
locales.es,madrid,alquiler,8,113672,alquiler:113672,https://www.locales.es/madrid/alquiler-traspaso/local113672#offerType=2&estateType=3&settlement=6773,https://www.locales.es/madrid/contactar/propietario/113672,"Local comercial en Alquiler en Valdefuentes, Madrid",,,local_comercial,De inmobiliaria,3350.0,19.71,170.0,2.0,Aire acondicionado | Salida de humos | Terraza cerrada | Luminoso,"Local de 150m², aforo para 50, y espacio privado para Take Away. Perfecto estado y alta rentabilidad demostrable.",,,,"Valdefuentes, Madrid","Valdefuentes, Madrid, España",ok,nominatim,zone_approx,"Valdefuentes, Hortaleza, Madrid, Comunidad de Madrid, España",40.4930457,-3.6351015,,,,,,,,,,card_only_geocoded
locales.es,madrid,alquiler,8,113990,alquiler:113990,https://www.locales.es/madrid/alquiler/local113990#offerType=2&estateType=3&settlement=6773,https://www.locales.es/madrid/contactar/propietario/113990,"Local comercial en Alquiler en Aravaca, Madrid",,,local_comercial,De inmobiliaria,900.0,3.0,300.0,,Escaparate,No tiene salida de humos. Incluye dos meses de fianza.,,,,"Aravaca, Madrid","Aravaca, Madrid, España",ok,nominatim,zone_approx,"Moncloa-Aravaca, Madrid, Comunidad de Madrid, España",40.457749,-3.7827941,,,,,,,,,,card_only_geocoded
locales.es,madrid,alquiler,8,113991,alquiler:113991,https://www.locales.es/madrid/alquiler/local113991#offerType=2&estateType=3&settlement=6773,https://www.locales.es/madrid/contactar/propietario/113991,"Local comercial en Alquiler en Aravaca, Madrid",,,local_comercial,De inmobiliaria,400.0,2.67,150.0,,Video vigilancia,"Local con estanterías, cámaras frigoríficas y expositor frío. Sin salida de humos, se requiere dos meses de fianza.",,,,"Aravaca, Madrid","Aravaca, Madrid, España",ok,nominatim,zone_approx,"Moncloa-Aravaca, Madrid, Comunidad de Madrid, España",40.457749,-3.7827941,,,,,,,,,,card_only_geocoded
locales.es,madrid,alquiler,8,117674,alquiler:117674,https://www.locales.es/madrid/alquiler-venta/local117674#offerType=2&estateType=3&settlement=6773,https://www.locales.es/madrid/contactar/propietario/117674,"Local comercial en Alquiler en Calle de José de Cadalso, Sol, Madrid","Comercio en venta, alquiler con 163m² en Madrid, en la zona de Sol, Calle de José de Cadalso",Local comercial,local_comercial,De propietario,850.0,5.21,163.0,1.0,Patio | Persiana metálica | Aire acondicionado | Almacén | +2,"Local luminoso con 2 plantas, apto para cambio de uso, en zona residencial, requiere reforma.","Excelente local en buen estado de conservación en el Barrio de Águilas-Carabanchel. Necesita reforma y es apto para cambio de uso. Se encuentra disponible en venta o en alquiler. No dispone de salida de humos. Nos encontramos ante un luminoso local de 163 m2, distribuidos en 2 plantas; próximo a Renfe y metro, en zona residencial, que consta de los siguientes elementos: En planta calle encontramos 68 m² útiles, con una gran zona diáfana, ideal para adaptarlo a tus necesidades. El sótano cuenta con 68 m², distribuidos en dos amplias estancias y un cuarto de baño. El local dispone de suelo de gresite de alta calidad, puerta de seguridad, calefacción y aire acondicionado.",Sol,Madrid > Sol > Venta,"Calle de José de Cadalso, Sol, Madrid","Sol, Madrid, España",ok,nominatim,unknown,"Sol, Plaza de la Puerta del Sol, Barrio de los Austrias, Sol, Centro, Madrid, Comunidad de Madrid, 28013, España",40.4178272,-3.7022221,,,,,,,,2025-04-10T09:55:38+0000,2025-04-10T12:30:29+0000,ok
locales.es,madrid,alquiler,8,117825,alquiler:117825,https://www.locales.es/madrid/alquiler-traspaso/local117825#offerType=2&estateType=3&settlement=6773,https://www.locales.es/madrid/contactar/propietario/117825,"Local comercial en Alquiler en El Cañaveral, Madrid","Cafetería en alquiler con 170m² en Madrid, en la zona de El Cañaveral",Local comercial,local_comercial,De inmobiliaria,3005.0,17.68,170.0,,Salida de humos | Terraza,"Cafetería de 150m² con aforo para 61 personas y licencia, en ubicación comercial clave.","Inmorest Consultores ofrece en exclusiva el traspaso de una marca conocida, para seguir con el concepto de cafetería pastelería en el barrio joven de el Cañaveral. Local con obra realizada hace 2 años, licencia de cafetería con salida de humos y aforo para 61 personas y 3 mesas altas de terraza, con posibilidad de ampliar. El local se encuentra en la calle principal del barrio, rodeado de comercios, clínica, colegio, restaurantes. Una zona en constante crecimiento inmobiliario. Oportunidad única para continuar con un negocio exitoso con facturación demostrable. Traspaso: 239.000 € Honorarios a la inmobiliaria: 3.005 € + IVA Este establecimiento es comercializado por InmoRest, referencia 1049 por el agente comercial Bertha tef: La información incluida no es vinculante y no forma parte de ninguna oferta o contrato y puede estar sujeta a cualquier modificación sin previo aviso. Somos expertos en locales y podemos ayudarle a elegir la mejor ubicación para su negocio. Cualquier información puede consultarnos por WhatsApp al 6 8 0 9 1 4 9 3 6.",El Cañaveral,Madrid > El Cañaveral > Alquiler,"El Cañaveral, Madrid","El Cañaveral, Madrid, España",ok,nominatim,zone_approx,"El Cañaveral, Madrid, Comunidad de Madrid, 28052, España",40.4025252,-3.5550809,,,,,,,,2025-04-14T09:10:31+0000,2025-04-14T09:10:47+0000,ok
locales.es,madrid,alquiler,8,117831,alquiler:117831,https://www.locales.es/madrid/alquiler-venta/local117831#offerType=2&estateType=3&settlement=6773,https://www.locales.es/madrid/contactar/propietario/117831,"Local comercial en Alquiler en Avenida ciudad de barcelona, Pacífico, Madrid","Local comercial en venta, alquiler con 62m² en Madrid, en la zona de Pacífico, Avenida ciudad de barcelona, 21",Local comercial,local_comercial,De inmobiliaria,1750.0,28.23,62.0,,Patio | Alta visibilidad | Situado a pie de calle,"Local de 64 m² con gran visibilidad, cercano al metro y en área comercial con potencial alto de clientela.","!OPORTUNIDAD ÚNICA! LOCAL COMERCIAL EN LA AV. CIUDAD DE BARCELONA (BARRIO DE RETIRO, MADRID) Ubicado en uno de los tramos más estratégicos de la Avenida Ciudad de Barcelona, a escasos 50 metros del Metro Menéndez Pelayo y a 500 metros de la Puerta de Atocha. Este local cuenta con excelente visibilidad, gran paso peatonal y rodado, en una zona comercial y residencial rodeada de grandes marcas como Granier, Alain Afflelou, Mapfre y más. Características principales: Superficie total: 64 m2 construidos (51 m2 útiles) en planta calle. Extras: Patio privativo de 6,44 m2 útiles y sótano. Fachada acristalada: 4,5 metros lineales para máxima exposición. Ideal para hostelería: Zona sin restricciones (sin salida de humos). Para reformar: Adáptalo a tus necesidades. Precio Alquiler: 1.750 €/mes + IVA. Precio Venta: 365.000 € + IVA. Ventajas: Excelente conexión con transporte público. Zona consolidada con gran afluencia de clientes potenciales. Ideal para negocios que buscan proyección y tráfico constante. !No dejes pasar esta oportunidad de negocio! Contáctanos para más información: Este establecimiento es comercializado por InmoRest, referencia 1026. !Contáctanos hoy mismo para más detalles y comienza tu camino hacia el éxito empresarial en uno de los barrios más vibrantes de Madrid! 9 1 0 2 5 0 0 3 4 indicando la Referencia 1026 La información incluida no es vinculante y no forma parte de ninguna oferta o contrato y puede estar sujeta a cualquier modificación sin previo aviso. Somos expertos en locales de hostelería y podemos ayudarle a elegir la mejor ubicación para su negocio. Cualquier información puede consultarnos por WhatsApp al 9 1 0 2 5 0 0 3 4.",Pacífico,Madrid > Pacífico > Venta,"Avenida ciudad de barcelona, Pacífico, Madrid","Avenida ciudad de barcelona, Pacífico, Madrid, España",ok,nominatim,street_approx,"Avenida de la Ciudad de Barcelona, Pacífico, Retiro, Madrid, Comunidad de Madrid, 28007, España",40.4057412,-3.6858253,8a390ca35107fff,10.0,3002.0,3.0,Retiro,31.0,Pacífico,2025-04-14T09:11:56+0000,2025-04-14T09:12:10+0000,ok
locales.es,madrid,alquiler,8,127287,alquiler:127287,https://www.locales.es/madrid/alquiler/local127287#offerType=2&estateType=3&settlement=6773,https://www.locales.es/madrid/contactar/propietario/127287,"Local comercial en Alquiler en Aravaca, Madrid","Restaurante en alquiler con 120m² en Madrid, en la zona de Aravaca",Local comercial,local_comercial,De inmobiliaria,2400.0,20.0,120.0,,Salida de humos | Terraza,"Local operativo con aforo interior para 45 personas, terraza ampliable y sin necesidad de reformas.","INMOREST CONSULTORES alquila en exclusiva BAR RESTAURANTE con licencia definitiva de cafetería, salida de humos y terraza en una esquina de la zona más comercial del centro de Aravaca. Puesto que se trata de un negocio en funcionamiento con muy buenos resultados y con todas sus instalaciones, maquinaría y mobiliario en perfecto estado, se solicita un precio de cesión de 125.000€, bien por compra de sociedad o contrato de cesión de negocio. El local cuenta con aforo interior para 45 comensales y terraza de 4 mesas ampliable. De hecho siempre se han colocado más del doble. La facturación anual cerrando el mes de agosto alcanza los 450.000€ con tan solo 4 empleados y la ayuda puntual de dos de los socios. La subrogación del personal es negociable, aunque recomendable. En cualquier caso el pasivo laboral es muy bajo. Con estas cifras la amortización de la inversión podría recuperarse en poco más de dos años, ya que no requiere reformas ni nueva inversión. Resumen de condiciones: - Renta: 2.400€ + Iva - Contrato nuevo a negociar entre 5 y 10 años. - Comunidad e IBI a cargo de la propiedad. - Garantías: 2 meses de fianza + aval o depósito de 15.000€ - Precio del negocio con 4 años de antigÃ¼edad: 125.000€ libre de cargas. - Honorarios de agencia: 2.400€ + IVA No se muestran fotografías por discreción con el personal que desconoce la posibilidad de venta del negocio. Para más información de la aquí descrita pueden concertar visita o enviar foto del DNI a Carlos por whatsapp al 6 5 1 8 1 6 7 2 7 para firmar visita y confidencialidad online. Somos expertos en locales de hostelería en toda la comunidad de Madrid. No dude en contactar con nosotros para una valoración de su negocio o si busca abrir uno nuevo.",Aravaca,Madrid > Aravaca > Alquiler,"Aravaca, Madrid","Aravaca, Madrid, España",ok,nominatim,zone_approx,"Moncloa-Aravaca, Madrid, Comunidad de Madrid, España",40.457749,-3.7827941,,,,,,,,2025-06-18T10:26:24+0000,2025-06-18T10:26:24+0000,ok
locales.es,madrid,alquiler,8,127290,alquiler:127290,https://www.locales.es/madrid/alquiler-traspaso/local127290#offerType=2&estateType=3&settlement=6773,https://www.locales.es/madrid/contactar/propietario/127290,"Local comercial en Alquiler en Ríos Rosas, Madrid","Local comercial en alquiler con 200m² en Madrid, en la zona de Ríos Rosas",Local comercial,local_comercial,De inmobiliaria,4500.0,22.5,200.0,,Salida de humos,"Local de hostelería de 175m² en dos plantas, ubicado en área con alta afluencia y potencial comercial comprobado.","Local de esquina con Potencial demostrado en Zona de Moda de Madrid. InmoRest Consultores presenta en traspaso un local de hosteleria ubicado en una de las zonas más vibrantes y de moda de Madrid, en el área de Ríos Rosas - Chamberí, Ponzano. Este local, con una superficie util total de 175 m2 (113 m2 en planta calle y 62 m2 en planta sótano), ofrece una excelente oportunidad para desarrollar diversos tipos de conceptos. Cuenta con salida de humos, lo que le convierte en un local excepcional de hostelería. Características Destacadas: Ubicación estratégica en una zona con gran afluencia de público y alta demanda comercial. Espacio distribuido en dos plantas, ofreciendo versatilidad para el diseño del negocio. Salida de humos, una ventaja para negocios de restauración. Entorno dinámico y con gran atractivo para el público local y turístico. Condiciones de Arrendamiento: Renta: 4.500 €/mes Traspaso: 180.000 € Garantías: depnde de la solvencia. Honorarios de InmoRest Consultores: 1 mes de renta No deje pasar esta oportunidad única de establecer su negocio en una de las zonas con mayor proyección de Madrid. Este establecimiento es comercializado por InmoRest, referencia 1063. !Contáctanos hoy mismo para más detalles y comienza tu camino hacia el éxito empresarial en uno de los barrios más vibrantes de Madrid! 9 1 0 2 5 0 0 3 4 indicando la Referencia 1063 La información incluida no es vinculante y no forma parte de ninguna oferta o contrato y puede estar sujeta a cualquier modificación sin previo aviso. Somos expertos en locales de hostelería y podemos ayudarle a elegir la mejor ubicación para su negocio. Cualquier información puede consultarnos por WhatsApp al 9 1 0 2 5 0 0 3 4.",Ríos Rosas,Madrid > Ríos Rosas > Alquiler,"Ríos Rosas, Madrid","Ríos Rosas, Madrid, España",ok,nominatim,unknown,"Ríos Rosas, Calle de Santa Engracia, Ríos Rosas, Chamberí, Madrid, Comunidad de Madrid, 28003, España",40.4415935,-3.7015924,,,,,,,,2025-06-18T10:26:59+0000,2025-06-18T10:27:01+0000,ok
locales.es,madrid,alquiler,8,132905,alquiler:132905,https://www.locales.es/madrid/alquiler/local132905#offerType=2&estateType=3&settlement=6773,https://www.locales.es/madrid/contactar/propietario/132905,"Local comercial en Alquiler en Casco Histórico de Vallecas, Madrid","Bar en alquiler con 30m² en Madrid, en la zona de Casco Histórico de Vallecas",Local comercial,local_comercial,De inmobiliaria,600.0,20.0,30.0,1.0,Situado a pie de calle,"Local en buen estado listo para funcionar, ideal para iniciar negocio individual o en pareja.","!Increíble oportunidad de alquilar un BAR en la animada zona de Villa de Vallecas en Madrid! Este local cuenta con 30m2 útiles, en buen estado y listo para funcionar . Con una ubicación estratégica en una zona de paso, Ideal para una persona o una pareja con ganas de iniciar su propio negocio !No dejes pasar esta oportunidad y haz de este espacio el lugar perfecto para tu próximo emprendimiento!",Casco Histórico de Vallecas,Madrid > Casco Histórico de Vallecas > Alquiler,"Casco Histórico de Vallecas, Madrid","Casco Histórico de Vallecas, Madrid, España",ok,nominatim,zone_approx,"Casco Histórico de Vallecas, Villa de Vallecas, Madrid, Comunidad de Madrid, 28031, España",40.3773477,-3.6217118,,,,,,,,2025-07-12T14:09:28+0000,2025-07-12T14:09:29+0000,ok
locales.es,madrid,alquiler,8,139385,alquiler:139385,https://www.locales.es/madrid/alquiler-traspaso/local139385#offerType=2&estateType=3&settlement=6773,https://www.locales.es/madrid/contactar/propietario/139385,"Local comercial en Alquiler en Universidad, Madrid",,,local_comercial,De inmobiliaria,1800.0,22.5,80.0,,,"Bar de copas 75 m², reformado y totalmente equipado, aforo legal 20, libre de cargas, ubicación con alto tránsito junto a Metro Bilbao.",,,,"Universidad, Madrid","Universidad, Madrid, España",ok,nominatim,zone_approx,"Universidad, Centro, Madrid, Comunidad de Madrid, 28004, España",40.425426,-3.7060234,,,,,,,,,,card_only_geocoded
locales.es,madrid,alquiler,8,139504,alquiler:139504,https://www.locales.es/madrid/alquiler-traspaso/local139504#offerType=2&estateType=3&settlement=6773,https://www.locales.es/madrid/contactar/propietario/139504,"Local comercial en Alquiler en Cuatro Caminos, Madrid",,,local_comercial,De inmobiliaria,12000.0,24.0,500.0,,Muebles | Salida de humos | Terraza cerrada,460 m² en Madrid; licencia >180 com.; terraza cerrada 150 pax; salón divisible y reservados; reformado; contrato 10 años; traspaso con maquinaria.,,,,"Cuatro Caminos, Madrid","Cuatro Caminos, Madrid, España",ok,nominatim,unknown,"Cuatro Caminos, Túnel de Cuatro Caminos, Vallehermoso, Chamberí, Madrid, Comunidad de Madrid, 28003, España",40.4467812,-3.7039643,,,,,,,,,,card_only_geocoded
locales.es,madrid,alquiler,8,145872,alquiler:145872,https://www.locales.es/madrid/alquiler/local145872#offerType=2&estateType=3&settlement=6773,https://www.locales.es/madrid/contactar/propietario/145872,"Local comercial en Alquiler en Pacífico, Madrid",,,local_comercial,De inmobiliaria,1900.0,25.33,75.0,,Alta visibilidad | Terraza | Situado a pie de calle,"Local a pie de calle 71 m² en Pacífico (Retiro). 6 m fachada, alta afluencia, buena conexión. Apto hostelería sin cocina caliente; terraza posible.",,,,"Pacífico, Madrid","Pacífico, Madrid, España",ok,nominatim,unknown,"Pacífico, Avenida de la Ciudad de Barcelona, Pacífico, Retiro, Madrid, Comunidad de Madrid, 28007, España",40.4013961,-3.6748832,,,,,,,,,,card_only_geocoded
locales.es,madrid,alquiler,8,14732,alquiler:14732,https://www.locales.es/madrid/alquiler/local14732#offerType=2&estateType=3&settlement=6773,https://www.locales.es/madrid/contactar/propietario/14732,"Local comercial en Alquiler en Fuente del Berro, Madrid","Local comercial en alquiler con 228m² en Madrid, en la zona de Fuente del Berro",Local comercial,local_comercial,De inmobiliaria,1600.0,7.02,228.0,3.0,Patio | Almacén | Puerta de seguridad | Situado a pie de calle,"Local-oficina de 181m² en una sola planta, acceso desde la calle, distribuido en 7 despachos, 1 aseo, 3 baños, área comercial y cerca de transporte público.","Dentro del excelente y propio barrio de Fuente del Berro, en el distrito de Salamanca, estamos comercializando en alquiler un local-oficina con acceso desde la calle y, a través del portal del edificio, en propiedad horizontal, del que forma parte. Se trata de un local muy cómodo porque se encuentra distribuido en una sola planta. La fachada exterior es en ladrillo de alta calidad, con ventanas de aluminio, con rejas. La entrada, desde la calle, dispone de doble puerta: puerta de hierro y puerta de aluminio, ambas de doble hoja. El uso es de oficina o despacho profesional. Actualmente se encuentra compartimentada en 7 despachos, 1 aseo y 3 baños, un área comercial, un office, cuarto de basura y trastero o cuarto de limpieza. La superficie útil es de 181 m2 y se encuentra en la planta baja de un edificio residencial cuya construcción data del año 1.988. Entre las calidades debemos de comentar las siguientes: suelo de madera laminada en haya pirineos, pintura en liso, luces led mediante focos y halógenos en falso techo, carpintería exterior de aluminio, rejas en las ventanas que da a la calle y al patio de manzana, agua caliente por termo eléctrico. Ideal para instalar su negocio, dentro de una zona tranquila y bien comunicada como es la de Fuente del Berro, donde dispone, a pocos metros, de todo tipo de servicios, sobre todo en las calles de Jorge Juan y de Paseo del Marqués de Zafra. En relación a la comunicación, fácil y rápido acceso en vehículo desde la M-30 y M-23, también conocida como prolongación de O´donnell. Perfecta comunicación en Transporte Público: Metro (Estaciones de O´donnell y Manuel Becerra). Autobuses (líneas 15, 28, 71 y N6). Fuente del Berro es uno de los seis barrios administrativos que componen el Distrito de Salamanca, en Madrid. En este barrio se encuentra la Colonia de Fuente del Berro, pequeños chalets y adosados que se construyeron a principios del siglo XX para la clase media. También se encuentra el Parque de la Quinta de la Fuente del Berro situado en la parte oriental del barrio. Este barrio toma el nombre de la Quinta de la Fuente del Berro, anteriormente conocida como Quinta de Miraflores, hoy un parque público que ocupa buena parte del barrio. A su lado chalets donde vive clase media construidos a principios del siglo XX. El barrio de Fuente del Berro está limitado por la calle de Alcalá por el norte; por la M-30 por el este; por la calle de O'Donnell por el sur; y por la calle del Doctor Esquerdo por el oeste. Casi 21 mil personas viven en este barrio, muchos de ellos en viviendas unifamiliares. La colonia de la Fuente del Berro vive ahora bajo el omnipresente influjo de la torre de telecomunicaciones de Madrid. El actual Parque Quinta de la Fuente del Berro, situado en el barrio de Salamanca, se encuentra en los terrenos de lo que en principio fue Quinta de Miraflores, encargado por Felipe IV como un nuevo Real Sitio. Después de tener varios propietarios y reformas de todo tipo, incluso de ser en 1900 un parque de atracciones, el parque actual ocupa una extensión de más de 13 hectáreas.",Fuente del Berro,Madrid > Fuente del Berro > Alquiler,"Fuente del Berro, Madrid","Fuente del Berro, Madrid, España",ok,nominatim,zone_approx,"Fuente del Berro, Salamanca, Madrid, Comunidad de Madrid, España",40.424977,-3.6636998,,,,,,,,2024-01-25T15:02:22+0000,2024-04-18T09:54:14+0000,ok
locales.es,madrid,alquiler,8,149811,alquiler:149811,https://www.locales.es/madrid/alquiler/local149811#offerType=2&estateType=3&settlement=6773,https://www.locales.es/madrid/contactar/propietario/149811,"Local comercial en Alquiler en Calle de las Carretas, Sol, Madrid",,,local_comercial,De inmobiliaria,9900.0,75.0,132.0,,Almacén | Alta visibilidad | Situado a pie de calle,132 m²: planta calle 80 m² y sótano 52 m². Fachada 4 m. Alta afluencia peatonal junto a Puerta del Sol. Licencia vigente y trámite para barra,,,,"Calle de las Carretas, Sol, Madrid","Calle de las Carretas, Sol, Madrid, España",not_found,nominatim,,,,,,,,,,,,,,reused_snapshot
locales.es,madrid,alquiler,8,150731,alquiler:150731,https://www.locales.es/madrid/alquiler/local150731#offerType=2&estateType=3&settlement=6773,https://www.locales.es/madrid/contactar/propietario/150731,"Local comercial en Alquiler en Calle de Barbieri, Justicia, Madrid",,,local_comercial,De inmobiliaria,140000.0,466.7,300.0,,Almacén | Salida de humos | Escaparate | Alta visibilidad,"Restaurante operativo 300 m² en Chueca. 2 plantas, fachada 12 m, licencia definitiva, salida de humos, almacén, totalmente equipado.",,,,"Calle de Barbieri, Justicia, Madrid","Calle de Barbieri, Justicia, Madrid, España",ok,nominatim,street_approx,"Calle de Barbieri, Chueca, Justicia, Centro, Madrid, Comunidad de Madrid, 28004, España",40.4212612,-3.6980879,8a390cb1b047fff,10.0,1074.0,1.0,Centro,14.0,Justicia,,,card_only_geocoded
locales.es,madrid,alquiler,8,169365,alquiler:169365,https://www.locales.es/madrid/alquiler/local169365#offerType=2&estateType=3&settlement=6773,https://www.locales.es/madrid/contactar/propietario/169365,"Local comercial en Alquiler en calle de alberto aguilera, Arapiles, Madrid",,,local_comercial,De inmobiliaria,2000.0,25.64,78.0,1.0,Aire acondicionado,"Traspaso local 73 m² en Alberto Aguilera, licencia alimentación vigente y equipado; stock, proveedores y clientela fija.",,,,"calle de alberto aguilera, Arapiles, Madrid","calle de alberto aguilera, Arapiles, Madrid, España",ok,nominatim,street_approx,"Calle de Alberto Aguilera, Malasaña, Arapiles, Chamberí, Centro, Madrid, Comunidad de Madrid, 28015, España",40.4297116,-3.7075355,8a390cb1b827fff,10.0,1103.0,1.0,Centro,15.0,Universidad,,,card_only_geocoded
locales.es,madrid,alquiler,8,169406,alquiler:169406,https://www.locales.es/madrid/alquiler-traspaso/local169406#offerType=2&estateType=3&settlement=6773,https://www.locales.es/madrid/contactar/propietario/169406,"Local comercial en Alquiler en Cortes, Madrid",,,local_comercial,De inmobiliaria,2100.0,16.15,130.0,,Barra,"Local 120 m² en Madrid centro, insonorizado, licencia Bar Especial con actuaciones en directo; aforo 80 y bodega; contrato 5 años.",,,,"Cortes, Madrid","Cortes, Madrid, España",ok,nominatim,zone_approx,"Cortes, Centro, Madrid, Comunidad de Madrid, 28014, España",40.4147791,-3.6975842,,,,,,,,,,card_only_geocoded
locales.es,madrid,alquiler,8,170671,alquiler:170671,https://www.locales.es/madrid/alquiler/local170671#offerType=2&estateType=3&settlement=6773,https://www.locales.es/madrid/contactar/propietario/170671,"Local comercial en Alquiler en Cuatro Caminos, Madrid",,,local_comercial,De inmobiliaria,170000.0,,,,,,,,,"Cuatro Caminos, Madrid","Cuatro Caminos, Madrid, España",ok,nominatim,unknown,"Cuatro Caminos, Túnel de Cuatro Caminos, Vallehermoso, Chamberí, Madrid, Comunidad de Madrid, 28003, España",40.4467812,-3.7039643,,,,,,,,,,card_only_geocoded
locales.es,madrid,alquiler,8,174976,alquiler:174976,https://www.locales.es/madrid/alquiler-traspaso/local174976#offerType=2&estateType=3&settlement=6773,https://www.locales.es/madrid/contactar/propietario/174976,"Local comercial en Alquiler en Calle de San Dimas, Universidad, Madrid",,,local_comercial,De inmobiliaria,600.0,30.0,20.0,1.0,,"Bar en centro comercial, en funcionamiento y buen estado; sin salida de humos.",,,,"Calle de San Dimas, Universidad, Madrid","Calle de San Dimas, Universidad, Madrid, España",ok,nominatim,street_approx,"Calle de San Dimas, Malasaña, Universidad, Centro, Madrid, Comunidad de Madrid, 28015, España",40.4275172,-3.7075078,8a390cb1b817fff,10.0,1103.0,1.0,Centro,15.0,Universidad,,,card_only_geocoded
locales.es,madrid,alquiler,8,175002,alquiler:175002,https://www.locales.es/madrid/alquiler-traspaso/local175002#offerType=2&estateType=3&settlement=6773,https://www.locales.es/madrid/contactar/propietario/175002,"Local comercial en Alquiler en Calle del León, Cortes, Madrid",,,local_comercial,De inmobiliaria,7800.0,260.0,30.0,1.0,Situado a pie de calle,Local en planta baja en ubicación céntrica prime; 30 m². Traspaso y alquiler; sin fotos detalladas por privacidad.,,,,"Calle del León, Cortes, Madrid","Calle del León, Cortes, Madrid, España",ok,nominatim,street_approx,"Calle del León, Barrio de las Letras, Cortes, Centro, Madrid, Comunidad de Madrid, 28014, España",40.4142817,-3.6987325,8a390cb1b627fff,10.0,1068.0,1.0,Centro,13.0,Cortes,,,card_only_geocoded
locales.es,madrid,alquiler,8,175092,alquiler:175092,https://www.locales.es/madrid/alquiler/local175092#offerType=2&estateType=3&settlement=6773,https://www.locales.es/madrid/contactar/propietario/175092,"Local comercial en Alquiler en Paseo de la Castellana, El Viso, Madrid",,,local_comercial,De inmobiliaria,9000.0,36.0,250.0,4.0,Cocina completamente equipada | Salida de humos,Local en 2 plantas con cocina equipada y salida de humos; alquiler sin traspaso en Chamberí.,,,,"Paseo de la Castellana, El Viso, Madrid","Paseo de la Castellana, El Viso, Madrid, España",ok,nominatim,street_approx,"Paseo de la Castellana, El Viso, Chamartín, Madrid, Comunidad de Madrid, 28046, España",40.4435066,-3.6911014,8a390cb19077fff,10.0,5002.0,5.0,Chamartín,51.0,El Viso,,,card_only_geocoded
locales.es,madrid,alquiler,8,175093,alquiler:175093,https://www.locales.es/madrid/alquiler-traspaso/local175093#offerType=2&estateType=3&settlement=6773,https://www.locales.es/madrid/contactar/propietario/175093,"Local comercial en Alquiler en Calle de la Drácena, Nueva España, Madrid",,,local_comercial,De inmobiliaria,3400.0,34.69,98.0,2.0,Cocina completamente equipada | Barra | Terraza,"Local listo para trabajar: 86 m² útiles, cocina equipada, 2 aseos (adaptado), licencia terraza 11 mesas; sin salida de humos.",,,,"Calle de la Drácena, Nueva España, Madrid","Calle de la Drácena, Nueva España, Madrid",ok,nominatim,street_approx,"Calle de la Drácena, Nueva España, Chamartín, Madrid, Comunidad de Madrid, 28016, España",40.4630805,-3.672461,8a390cb0a22ffff,10.0,5082.0,5.0,Chamartín,55.0,Nueva España,,,card_only_geocoded
locales.es,madrid,alquiler,8,177065,alquiler:177065,https://www.locales.es/madrid/alquiler-traspaso/local177065#offerType=2&estateType=3&settlement=6773,https://www.locales.es/madrid/contactar/propietario/177065,"Local comercial en Alquiler en Justicia, Madrid",,,local_comercial,De inmobiliaria,1250.0,56.82,22.0,,Alta visibilidad,"Local con licencia minorista, alta visibilidad y flujo peatonal; apto Pick & Go/para llevar, delivery y nocturno según normativa.",,,,"Justicia, Madrid","Justicia, Madrid, España",ok,nominatim,zone_approx,"Justicia, Centro, Madrid, Comunidad de Madrid, España",40.4232759,-3.6966805,,,,,,,,,,card_only_geocoded
locales.es,madrid,alquiler,8,17806,alquiler:17806,https://www.locales.es/madrid/alquiler/local17806#offerType=2&estateType=3&settlement=6773,https://www.locales.es/madrid/contactar/propietario/17806,"Local comercial en Alquiler en Aravaca, Madrid","Local comercial en alquiler con 197m² en Madrid, en la zona de Aravaca",Local comercial,local_comercial,De inmobiliaria,400.0,2.03,197.0,,,"Local de 197m² en Carretera de Castilla, esquina Finca Dopico. Instalación eléctrica y baños en perfecto estado. Dos meses de fianza.","REF:4679 OPORTUNIDAD PARA TÚ NEGOCIO!!!!!!!!! SE ALQUILA. bajo comercial en Carretera de Castilla, esquina Finca Dopico (Narón). Habilitado para uso comercial, instalación eléctrica y baños en perfecto estado. Precio durante el primer año 400€ mensuales; desde el segundo al quinto año ambos incluidos 700€ mensuales. Años posteriores a negociar. DOS MESES DE FIANZA.",Aravaca,Madrid > Aravaca > Alquiler,"Aravaca, Madrid","Aravaca, Madrid, España",ok,nominatim,zone_approx,"Moncloa-Aravaca, Madrid, Comunidad de Madrid, España",40.457749,-3.7827941,,,,,,,,2024-04-02T02:53:17+0000,2024-04-02T02:53:17+0000,ok
locales.es,madrid,alquiler,8,29268,alquiler:29268,https://www.locales.es/madrid/alquiler-venta/local29268#offerType=2&estateType=3&settlement=6773,https://www.locales.es/madrid/contactar/propietario/29268,"Local comercial en Alquiler en Paseo de Santa María de la Cabeza, Madrid",,,local_comercial,De inmobiliaria,28000.0,14.2,1972.0,6.0,Aire acondicionado | Ascensor | Situado a pie de calle,"Excelente ubicación con gran visibilidad, fachada acristalada y distribuido en tres alturas.",,,,"Paseo de Santa María de la Cabeza, Madrid","Paseo de Santa María de la Cabeza, Madrid, España",ok,nominatim,street_approx,"Paseo de Santa María de la Cabeza, Moscardó, Usera, Madrid, Comunidad de Madrid, 28026, España",40.3860831,-3.7163825,8a390ca36b1ffff,10.0,12073.0,12.0,Usera,125.0,Moscardó,,,card_only_geocoded
locales.es,madrid,alquiler,8,29725,alquiler:29725,https://www.locales.es/madrid/alquiler-traspaso/local29725#offerType=2&estateType=3&settlement=6773,https://www.locales.es/madrid/contactar/propietario/29725,"Local comercial en Alquiler en Lista, Madrid","Restaurante en alquiler con 170m² en Madrid, en la zona de Lista",Local comercial,local_comercial,De inmobiliaria,6020.0,35.41,170.0,,Salida de humos | Terraza cerrada | Barra | Terraza,Restaurante en zona estratégica con terraza para 47 comensales y espacio interior legalizado para 70 personas.,"Inmorest Consultores traspasa en exclusiva Bar Restaurante con 15 mesas de terraza en Conde de Peñalver. Gracias a su magnífica ubicación en el corazón del barrio de Salamanca el negocio funciona los 7 días de la semana desde el desayuno hasta la noche dando servicio tanto a oficinistas durante la semana como a residentes durante todo el año. Su principal ventaja es su acogedora terraza para 47 comensales, estando la mitad de las mesas en zona cubierta con cerramiento para poder utilizarla todo el año. Además, el local cuenta con zona de barra y sala en planta calle, donde también se encuentra la cocina con salida de humos. En planta primera cuenta con otra gran sala divisible en dos ideal para reservas de grupos y eventos. Cuenta con un aforo interior total de casi 70 comensales además de la terraza, todo ello legalizado con licencia de funcionamiento definitiva. Los gastos de comunidad e IBI corren a cargo de la propiedad. Se traspasa completamente libre de cargas de personal y proveedores. El traspaso incluye todo el mobiliario y maquinaria. Resumen de condiciones: Traspaso: 110.000€ negociables exentos de Iva Renta: 5.700€ + IVA al mes Gastos: Suministros + terraza Años restantes de contrato: 12 años Garantías: 2 meses de fianza + 4 meses de depósito o aval bancario Honorarios de agencia: 5.700€ + IVA No se muestran fotos por discreción con el personal y clientela. Para mayor información rogamos envíen Whatsapp a Carlos al 6 5 1 8 1 6 7 2 7, contesten a este anuncio o dejen recado en la oficina preguntando por la Ref. 985.",Lista,Madrid > Lista > Alquiler,"Lista, Madrid","Lista, Madrid, España",ok,nominatim,zone_approx,"Lista, Salamanca, Madrid, Comunidad de Madrid, España",40.4326938,-3.6745087,,,,,,,,2024-10-04T13:00:26+0000,2024-10-04T13:00:39+0000,ok
locales.es,madrid,alquiler,8,29941,alquiler:29941,https://www.locales.es/madrid/alquiler/local29941#offerType=2&estateType=3&settlement=6773,https://www.locales.es/madrid/contactar/propietario/29941,"Local comercial en Alquiler en Universidad, Madrid","Bar, Restaurante en alquiler con 80m² en Madrid, en la zona de Universidad",Local comercial,local_comercial,De inmobiliaria,600.0,7.5,80.0,2.0,Muebles | Salida de humos | Escaparate | Alta visibilidad,"Amplio local con parrilla integrada y licencia de bar restaurante en ubicación estratégica, ideal para emprendedores.","ALQUILER DE BAR PARRILADA EN AVENIDA DE BUENOS AIRES SUPERFICIE: 80M2 PRECIO: 600€ Ubicado estratégicamente en la concurrida Avenida de Buenos Aires, este amplio y acogedor bar parrillada ofrece una excelente oportunidad para emprendedores del sector gastronómico. Con una superficie de 80 metros cuadrados, este establecimiento cuenta con todos los elementos necesarios para brindar una experiencia gastronómica única a sus clientes. Características Principales: Amplio Espacio: Con 80 metros cuadrados, este local ofrece un espacio generoso para acomodar a comensales y clientes, proporcionando un ambiente cómodo y agradable. Parrilla Integrada: Equipado con una parrilla, este bar parrillada es perfecto para aquellos que deseen ofrecer deliciosas especialidades a la parrilla, atrayendo así a los amantes de la buena comida. Licencia de Bar Restaurante: Con la licencia correspondiente para operar como bar restaurante, este establecimiento cumple con todos los requisitos legales para comenzar a operar de inmediato, lo que brinda una gran ventaja a los nuevos propietarios. Dos Baños: Pensando en la comodidad de los clientes, el local cuenta con dos baños completamente equipados, lo que garantiza una experiencia satisfactoria para todos los visitantes. Ubicación Privilegiada: Situado en la concurrida Avenida de Buenos Aires, en Ourense, este bar parrillada se beneficia de una ubicación estratégica que garantiza una alta afluencia de clientes potenciales. Con una excelente visibilidad y accesibilidad, este local ofrece una gran oportunidad para aquellos que buscan establecerse en una zona con gran potencial comercial. Precio Competitivo: El alquiler de este magnífico establecimiento está disponible por tan solo 600 euros al mes, lo que lo convierte en una opción atractiva y asequible para emprendedores del sector gastronómico. ¡No pierdas la oportunidad de hacer realidad tu sueño empresarial! Contacta con nosotros hoy mismo para más información y para programar una visita a este encantador bar parrillada en Avenida de Buenos Aires, Ourense. Todas los servicios. Consúltanos sin compromiso. Llámanos, estaremos encantados de atenderte. Los datos de esta publicación se muestran a título informativo, no contractual y no son vinculantes.",Universidad,Madrid > Universidad > Alquiler,"Universidad, Madrid","Universidad, Madrid, España",ok,nominatim,zone_approx,"Universidad, Centro, Madrid, Comunidad de Madrid, 28004, España",40.425426,-3.7060234,,,,,,,,2024-10-09T11:58:32+0000,2024-10-09T11:58:36+0000,ok
locales.es,madrid,alquiler,8,32627,alquiler:32627,https://www.locales.es/madrid/alquiler/local32627#offerType=2&estateType=3&settlement=6773,https://www.locales.es/madrid/contactar/propietario/32627,"Local comercial en Alquiler en Embajadores, Madrid","Local comercial en alquiler con 100m² en Madrid, en la zona de Embajadores",Local comercial,local_comercial,De inmobiliaria,900.0,9.0,100.0,1.0,Aire acondicionado,"Local de 84m² reformado con calefacción y aire acondicionado, ideal para coworking o despacho.","Emblema Alquila Magnifico Local en el corazon del Centro de Madrid a escasos metros de Pta de Toledo, La Latina y Plaza Mayor.Consta de Entrada ,1 Ambiente ,Un Despacho y un Baño,Tilene Calefacción Individual de Gas Natural y Aire Acondicionado,Finca rehabilitada ,el local esta reforamdo.Ideal para Coworking,Sala de Masajes o Despacho para cualquier Actividad. Para más información no dude en ponerse en contacto con nosotros en los teléfonos: 637300896 o 913657943. Nuestro horario de atención al cliente es de 9:30h a 14:00h y de 17:00h a 20:30h.",Embajadores,Madrid > Embajadores > Alquiler,"Embajadores, Madrid","Embajadores, Madrid, España",ok,nominatim,zone_approx,"Embajadores, Centro, Madrid, Comunidad de Madrid, España",40.4095856,-3.7029851,,,,,,,,2024-10-22T06:04:09+0000,2024-10-22T06:04:14+0000,ok
locales.es,madrid,alquiler,8,67116,alquiler:67116,https://www.locales.es/madrid/alquiler/local67116#offerType=2&estateType=3&settlement=6773,https://www.locales.es/madrid/contactar/propietario/67116,"Local comercial en Alquiler en Calle Colegiata, Embajadores, Madrid",,,local_comercial,De inmobiliaria,3500.0,10.84,323.0,,,,,,,"Calle Colegiata, Embajadores, Madrid","Calle Colegiata, Embajadores, Madrid, España",ok,nominatim,street_approx,"Calle de la Colegiata, Lavapiés, Embajadores, Centro, Madrid, Comunidad de Madrid, 28012, España",40.4127987,-3.7057835,8a390cb1b4effff,10.0,1026.0,1.0,Centro,12.0,Embajadores,,,card_only_geocoded
locales.es,madrid,alquiler,8,90228,alquiler:90228,https://www.locales.es/madrid/alquiler/local90228#offerType=2&estateType=3&settlement=6773,https://www.locales.es/madrid/contactar/propietario/90228,"Local comercial en Alquiler en Calle Diego de León, Castellana, Madrid","Local comercial en alquiler con 320m² en Madrid, en la zona de Castellana, Calle Diego de León, 39",Local comercial,local_comercial,De inmobiliaria,7500.0,23.44,320.0,,,"Local de 200 m² en 2 plantas, anteriormente utilizado como clínica oftalmológica. Sin salida de humos.",Local comercial entre Calle Príncipe de Vergara y Calle Castello NO TIENE SALIDA HUMOS 320 m2 construidos aprox 3 plantas: Entreplanta 40 m2 Planta baja 30 m2 Planta sótano 250 m2 Última actividad Clínica Oftalmológica y centro médico. GASTOS GENERALES NO INCLUIDOS. LLAME E INFÓRMESE,Castellana,Madrid > Castellana > Alquiler,"Calle Diego de León, Castellana, Madrid","Calle Diego de León, Castellana, Madrid, España",ok,nominatim,street_approx,"Calle de Diego de León, Castellana, Salamanca, Madrid, Comunidad de Madrid, 28006, España",40.4350161,-3.68484,8a390cb19647fff,10.0,4118.0,4.0,Salamanca,46.0,Castellana,2025-02-07T08:47:06+0000,2025-02-07T08:47:08+0000,ok
locales.es,madrid,alquiler,9,156294,alquiler:156294,https://www.locales.es/madrid/alquiler/local156294#offerType=2&estateType=3&settlement=6773,https://www.locales.es/madrid/contactar/propietario/156294,"Local comercial en Alquiler en Casa de Campo, Madrid",,,local_comercial,De inmobiliaria,,,,,,,,,,"Casa de Campo, Madrid","Casa de Campo, Madrid, España",ok,nominatim,unknown,"Casa de Campo, Madrid, Comunidad de Madrid, España",40.4241907,-3.755858,,,,,,,,,,card_only_geocoded
locales.es,madrid,alquiler,9,32332,alquiler:32332,https://www.locales.es/madrid/alquiler/local32332#offerType=2&estateType=3&settlement=6773,https://www.locales.es/madrid/contactar/propietario/32332,"Local comercial en Alquiler en Calle corazon de maria, Prosperidad, Madrid",,,local_comercial,De inmobiliaria,4000.0,13.33,300.0,,Aire acondicionado | Almacén | Salida de humos | Alta visibilidad | +1,"Local de 280m² en esquina, con licencia de bar y amplia fachada. Excelente ubicación comercial y accesibilidad.",,,,"Calle corazon de maria, Prosperidad, Madrid","Calle corazon de maria, Prosperidad, Madrid, España",ok,nominatim,street_approx,"Calle del Corazón de María, Prosperidad, Chamartín, Madrid, Comunidad de Madrid, 28002, España",40.4466108,-3.6666623,8a390ca24037fff,10.0,5023.0,5.0,Chamartín,52.0,Prosperidad,,,card_only_geocoded
locales.es,madrid,venta,1,111524,venta:111524,https://www.locales.es/madrid/venta/local111524#offerType=1&estateType=3&settlement=6773,https://www.locales.es/madrid/contactar/propietario/111524,"Local comercial en Venta en Portazgo, Madrid",,,local_comercial,De inmobiliaria,1100000.0,4119.9,267.0,,Alta visibilidad,"Local de 267m² con contrato hasta 2036, en zona consolidada con buena red de transporte y servicios.",,,,"Portazgo, Madrid","Portazgo, Madrid, España",ok,nominatim,unknown,"Portazgo, Avenida de la Albufera, Palomeras Bajas, Puente de Vallecas, Madrid, Comunidad de Madrid, 28038, España",40.3930132,-3.659194,,,,,,,,,,card_only_geocoded
locales.es,madrid,venta,1,111939,venta:111939,https://www.locales.es/madrid/venta/local111939#offerType=1&estateType=3&settlement=6773,https://www.locales.es/madrid/contactar/propietario/111939,"Local comercial en Venta en Calle de Sajonia, Rosas, Madrid","Restaurante en venta con 235m² en Madrid, en la zona de Rosas, Calle de Sajonia",Local comercial,local_comercial,De propietario,650000.0,2766.0,235.0,3.0,Sistemas de Seguridad | Conserje | Cocina completamente equipada | Aire acondicionado | +4,"Restaurante de 235 m² con espacio para 126 comensales, totalmente equipado y adaptado para movilidad reducida.","1. Descripción del Restaurante • Ubicación: Las Rosas, Madrid, a tan solo 15 minutos del estadio Wanda Metropolitano. • Tipo de negocio: Restaurante de comida típica madrileña. • Fecha de apertura: 1998. • Tamaño total: 235 m² (dos locales que hacen esquina, uno de 125 m² y otro de 110 m²). • Aforo: 126 comensales. • Zonas disponibles: ◦ Zona de cafetería. ◦ Salón principal con área reservada. ◦ Terraza con capacidad para 12 mesas, disponible todo el año. ◦ Vestuarios y almacén. • Adaptación: El local está completamente adaptado para personas con movilidad reducida. 2. Características Técnicas y Equipamiento • Cocina: Completamente equipada y reformada en septiembre de 2017. ◦ Horno Rational. ◦ Roner. ◦ Fuegos. ◦ Plancha. ◦ Neveras y cámaras. ◦ Luces de calor. 3. Estado del Alquiler y Rentabilidad • Estado del alquiler: El restaurante se encuentra actualmente en alquiler desde hace 3 años, con un contrato de 10 años • Inquilino: Cumple con los pagos puntualmente, sin incidencias. • Rentabilidad estimada: La rentabilidad por alquiler sobre el precio de venta es del 7.3% anual, contando con un inquilino serio cumpliendo en fecha acordada sin ninguna incidencia durante los últimos años 4. Gastos Fijos del Local • Comunidad: 115€ mensuales. • Basuras y residuos urbanos: 212€ anuales. • IBI: 1.310€ anuales. • Terraza: 661€ anuales. 5. Valoración del Inmovilizado Material • Valoración: 696.000€ (incluyendo cocina equipada, mobiliario, y equipamiento técnico). • Precio de venta: incluye los dos locales comerciales y el negocio completamente equipado 6. Ubicación Estratégica • Proximidad: A 15 minutos del estadio Wanda Metropolitano, lo que supone un valor añadido dada la afluencia de público los días de partido y eventos. • Zona: Las Rosas es un área residencial con buen acceso a transporte público y gran afluencia de clientes locales. 7. Potencial de Plusvalía Dada la ubicación cercana al estadio Wanda Metropolitano y la consolidación del negocio en la zona, el inmueble tiene un potencial de plusvalía, además de la estabilidad que ofrece el alquiler actual.",Rosas,Madrid > Rosas > Venta,"Calle de Sajonia, Rosas, Madrid","Calle de Sajonia, Rosas, Madrid, España",ok,nominatim,street_approx,"Calle de Sajonia, Rosas, San Blas - Canillejas, Madrid, Comunidad de Madrid, 28032, España",40.4211877,-3.6062077,8a390ca2e8b7fff,10.0,20114.0,20.0,San Blas - Canillejas,205.0,Rosas,2025-03-21T12:24:34+0000,2025-03-27T10:08:48+0000,ok
locales.es,madrid,venta,1,123647,venta:123647,https://www.locales.es/madrid/venta/local123647#offerType=1&estateType=3&settlement=6773,https://www.locales.es/madrid/contactar/propietario/123647,"Local comercial en Venta en Acacias, Madrid",,,local_comercial,De inmobiliaria,570000.0,4672.1,122.0,,Escaparate | Alta visibilidad,"Local reformado en dos plantas con amplios ventanales, alquilado a operador de vehículos eléctricos en zona con comercios y parques.",,,,"Acacias, Madrid","Acacias, Madrid, España",ok,nominatim,unknown,"Acacias, Paseo de las Acacias, Las Acacias, Arganzuela, Madrid, Comunidad de Madrid, 28005, España",40.4040749,-3.7059572,,,,,,,,,,card_only_geocoded
locales.es,madrid,venta,1,123648,venta:123648,https://www.locales.es/madrid/venta/local123648#offerType=1&estateType=3&settlement=6773,https://www.locales.es/madrid/contactar/propietario/123648,"Local comercial en Venta en Trafalgar, Madrid",,,local_comercial,De inmobiliaria,900000.0,6428.6,140.0,,,"Local en dos plantas (60m² PB, 80m² sótano) en zona comercial bien comunicada con contrato vigente desde oct 2023.",,,,"Trafalgar, Madrid","Trafalgar, Madrid, España",ok,nominatim,zone_approx,"Trafalgar, Chamberí, Madrid, Comunidad de Madrid, 28010, España",40.4330613,-3.7010182,,,,,,,,,,card_only_geocoded
locales.es,madrid,venta,1,123649,venta:123649,https://www.locales.es/madrid/venta/local123649#offerType=1&estateType=3&settlement=6773,https://www.locales.es/madrid/contactar/propietario/123649,"Local comercial en Venta en Justicia, Madrid",,,local_comercial,De inmobiliaria,590000.0,6555.6,90.0,,,"Local de 90m² en planta baja y sótano, alquilado a peluquería, cerca Gran Vía y zona comercial con alta afluencia.",,,,"Justicia, Madrid","Justicia, Madrid, España",ok,nominatim,zone_approx,"Justicia, Centro, Madrid, Comunidad de Madrid, España",40.4232759,-3.6966805,,,,,,,,,,card_only_geocoded
locales.es,madrid,venta,1,123650,venta:123650,https://www.locales.es/madrid/venta/local123650#offerType=1&estateType=3&settlement=6773,https://www.locales.es/madrid/contactar/propietario/123650,"Local comercial en Venta en Castillejos, Madrid",,,local_comercial,De inmobiliaria,525000.0,10500.0,50.0,,Salida de humos | Terraza,"Hotel con terraza, salida de humos, contrato vigente hasta abril 2025 con arrendatario Espresso Americano y rentabilidad de 5,65%.",,,,"Castillejos, Madrid","Castillejos, Madrid, España",ok,nominatim,zone_approx,"Castillejos, Tetuán, Madrid, Comunidad de Madrid, 28020, España",40.4598788,-3.694067,,,,,,,,,,card_only_geocoded
locales.es,madrid,venta,1,123653,venta:123653,https://www.locales.es/madrid/venta/local123653#offerType=1&estateType=3&settlement=6773,https://www.locales.es/madrid/contactar/propietario/123653,"Local comercial en Venta en Sol, Madrid",,,local_comercial,De inmobiliaria,530000.0,6973.7,76.0,,Alta visibilidad,"Local con contrato de 10 años, 2 años obligatorios, ubicado en zona peatonal y cercana a puntos culturales y comerciales.",,,,"Sol, Madrid","Sol, Madrid, España",ok,nominatim,unknown,"Sol, Plaza de la Puerta del Sol, Barrio de los Austrias, Sol, Centro, Madrid, Comunidad de Madrid, 28013, España",40.4178272,-3.7022221,,,,,,,,,,card_only_geocoded
locales.es,madrid,venta,1,143225,venta:143225,https://www.locales.es/madrid/venta/local143225#offerType=1&estateType=3&settlement=6773,https://www.locales.es/madrid/contactar/propietario/143225,"Local comercial en Venta en Paseo de Extremadura 47, Sol, Madrid","Comercio en venta con 486m² en Madrid, en la zona de Sol, Paseo de Extremadura 47",Local comercial,local_comercial,De propietario,1655000.0,3405.3,486.0,,,"486 m² (415 m planta calle + 71,6 m sótano). Arrendado a EROSKI hasta 2037; inquilino de alta solvencia; rentabilidad neta estimada 4,7%.","OPORTUNIDAD DE INVERSIÓN PRIME: LOCAL COMERCIAL EN RENTABILIDAD (ARRENDADO A EROSKI) Ubicación Estratégica: Madrid. Zona puerta del Angel. Paseo de Extremadura 47. Inversión de Alto Valor Añadido con Operador LÍDER Ponemos a su disposición, en exclusiva, activo inmobiliario de inversión de la máxima solidez: local comercial NIVEL CALLE (415m) y SOTANO (71.61m), actualmente operando como supermercado de la reconocida cadena EROSKI. Este es un activo ""llave en mano"" diseñado para inversores que buscan flujo de caja estable y seguridad de pago. Ficha Técnica y Rentabilidad -Superficie NIVEL CALLE (415m) y SOTANO (71.61m), -Estado de Ocupación Arrendado a sociedad de G Eroski (Inquilino Operativo) -Inquilino EROSKI (Solvencia y reputación demostradas) -Contrato de Arrendamiento Hasta el año 2037. Sin obligado cumplimiento. -Renta Anual Actual 84.000€ (7.000€ x 12 meses) -Rentabilidad NETA Anual Estimada 4,7 % -Precio de Venta 1.655.000€ -Pagos Mensuales Flujo de caja inmediato garantizado desde el primer día. Ventajas Competitivas para el Inversor 1. Inquilino A+: EROSKI, una de las principales enseñas del sector de la distribución en España. Su presencia minimiza el riesgo de impago y asegura la continuidad del negocio. 2. Negocio Esencial y Estable: El sector de la alimentación (supermercados) ha demostrado ser excepcionalmente resiliente ante ciclos económicos, asegurando la demanda constante. A lo que se une el crecimiento en la zona que nos ocupa. 3. Contrato de Larga Duración: Los buenos rendimientos obtenidos por el distribuidor garantizan su interés en mantener el alquiler y con ello la rentabilidad a largo plazo. 4. Ubicación Consolidada: El local se encuentra en una zona de alto tráfico peatonal y rodado, con una base de clientes fidelizada, lo que potencia el valor de la ubicación para el operador y la revalorización del mismo para el inversor. No demore su decisión. Adquiera un activo que combina la solidez del sector retail de alimentación con una rentabilidad probada y un inquilino de primer nivel. Venta directa. Interesados contactar en el 644237255",Sol,Madrid > Sol > Venta,"Paseo de Extremadura 47, Sol, Madrid","Sol, Madrid, España",ok,nominatim,unknown,"Sol, Plaza de la Puerta del Sol, Barrio de los Austrias, Sol, Centro, Madrid, Comunidad de Madrid, 28013, España",40.4178272,-3.7022221,,,,,,,,2025-11-03T09:39:56+0000,2025-11-03T09:41:47+0000,ok
locales.es,madrid,venta,1,149337,venta:149337,https://www.locales.es/madrid/venta/local149337#offerType=1&estateType=3&settlement=6773,https://www.locales.es/madrid/contactar/propietario/149337,"Local comercial en Venta en Calle de Clara del Rey, Prosperidad, Madrid","Oficinas en venta con 500m² en Madrid, en la zona de Prosperidad, Calle de Clara del Rey, 14",Local comercial,local_comercial,De propietario,600000.0,1200.0,500.0,2.0,Sistemas de Seguridad | Conserje | Aire acondicionado,"450 m²: almacén, sala descanso, reunión, 3 despachos, 4 aulas, 2 aseos, recepción, tarima, fibra por área, firewall, alarma; con/sin mobiliario.","Local comercial funcionando en la actualidad como centro de formación informática. Está distribuido en 10 áreas de diferentes tamaños y en este momento distribuidos del siguiente modo: almacén, sala de descanso, sala de reuniones, 3 despachos y 4 aulas de formación. Las áreas tienen diferentes tamaños desde 20 hasta 70 m2, cuenta con un aseo femenino y otro masculino así como recepción y pasillo distribuidor de las diferentes áreas. El suelo es de tarima flotante y cuenta con bomba de frío-calor en cada estancia, conexión por cable de fibra por área diferenciados por firewall de acceso propio y zona de servidores así como alarma de seguridad entre otros elementos. Se podría vender con o sin mobiliario.",Prosperidad,Madrid > Prosperidad > Venta,"Calle de Clara del Rey, Prosperidad, Madrid","Calle de Clara del Rey, Prosperidad, Madrid, España",ok,nominatim,street_approx,"Calle de Clara del Rey, Prosperidad, Chamartín, Madrid, Comunidad de Madrid, 28002, España",40.4402763,-3.6734229,8a390ca24437fff,10.0,5032.0,5.0,Chamartín,52.0,Prosperidad,2026-01-07T14:09:40+0000,2026-01-07T14:09:43+0000,ok
locales.es,madrid,venta,1,176795,venta:176795,https://www.locales.es/madrid/venta/local176795#offerType=1&estateType=3&settlement=6773,https://www.locales.es/madrid/contactar/propietario/176795,"Local comercial en Venta en Calle Arcones gil, Pueblo Nuevo, Madrid",,,local_comercial,De inmobiliaria,88000.0,4000.0,22.0,1.0,Situado a pie de calle,"Anterior peluquería; 22 m². Garaje asignada. Para oficina o manicura; Ciudad Lineal, con servicios y metro García Noblejas/Ascao.",,,,"Calle Arcones gil, Pueblo Nuevo, Madrid","Calle Arcones gil, Pueblo Nuevo, Madrid, España",ok,nominatim,street_approx,"Calle de José Arcones Gil, Pueblo Nuevo, Ciudad Lineal, Madrid, Comunidad de Madrid, 28017, España",40.4296054,-3.6350426,8a390ca20357fff,10.0,15073.0,15.0,Ciudad Lineal,152.0,Pueblo Nuevo,,,card_only_geocoded
locales.es,madrid,venta,1,176804,venta:176804,https://www.locales.es/madrid/venta/local176804#offerType=1&estateType=3&settlement=6773,https://www.locales.es/madrid/contactar/propietario/176804,"Local comercial en Venta en Entrevías, Madrid",,,local_comercial,De inmobiliaria,150000.0,2054.8,73.0,,Almacén | Alta visibilidad | Situado a pie de calle | Luminoso,"65 m² en planta baja, en bruto, techos altos y dos aseos; última actividad almacén. Calle comercial y bien conectada.",,,,"Entrevías, Madrid","Entrevías, Madrid, España",ok,nominatim,zone_approx,"Entrevías, Puente de Vallecas, Madrid, Comunidad de Madrid, España",40.3790449,-3.6717573,,,,,,,,,,card_only_geocoded
locales.es,madrid,venta,1,176836,venta:176836,https://www.locales.es/madrid/venta/local176836#offerType=1&estateType=3&settlement=6773,https://www.locales.es/madrid/contactar/propietario/176836,"Local comercial en Venta en Calle de Santurce, Pueblo Nuevo, Madrid",,,local_comercial,De inmobiliaria,490000.0,3858.3,127.0,1.0,Escaparate | Alta visibilidad | Luminoso,"Local diáfano 127 m² (110 útiles), aseo. Esquina con doble fachada 13 y 11 m, orientación Noreste, junto a Alcalá.",,,,"Calle de Santurce, Pueblo Nuevo, Madrid","Calle de Santurce, Pueblo Nuevo, Madrid, España",ok,nominatim,street_approx,"Calle de Santurce, Pueblo Nuevo, Ciudad Lineal, Madrid, Comunidad de Madrid, 28017, España",40.4264395,-3.6375186,8a390ca2038ffff,10.0,15062.0,15.0,Ciudad Lineal,152.0,Pueblo Nuevo,,,card_only_geocoded
locales.es,madrid,venta,1,176891,venta:176891,https://www.locales.es/madrid/venta/local176891#offerType=1&estateType=3&settlement=6773,https://www.locales.es/madrid/contactar/propietario/176891,"Local comercial en Venta en Calle del Tutor, Argüelles, Madrid",,,local_comercial,De inmobiliaria,950000.0,2235.3,425.0,,Patio | Ascensor | Alta visibilidad | Situado a pie de calle | +1,"607 m² en Argüelles: centro de estudios en funcionamiento, contrato subrogable hasta dic. 2028, doble acceso y 2 patios ingleses.",,,,"Calle del Tutor, Argüelles, Madrid","Calle del Tutor, Argüelles, Madrid, España",not_found,nominatim,,,,,,,,,,,,,,card_only
locales.es,madrid,venta,1,177095,venta:177095,https://www.locales.es/madrid/venta/local177095#offerType=1&estateType=3&settlement=6773,https://www.locales.es/madrid/contactar/propietario/177095,"Local comercial en Venta en Calle de Pelayo, Justicia, Madrid",,,local_comercial,De inmobiliaria,820000.0,6833.3,120.0,1.0,Aire acondicionado | Almacén | Alta visibilidad | Situado a pie de calle,"Local en Justicia, calle Pelayo: 2 plantas diáfanas, 4 m fachada, 2 oficinas, baño, A/A, falso techo >3 m, reforma <10 años.",,,,"Calle de Pelayo, Justicia, Madrid","Calle de Pelayo, Justicia, Madrid, España",ok,nominatim,street_approx,"Calle de Pelayo, Chueca, Justicia, Centro, Madrid, Comunidad de Madrid, 28004, España",40.42339,-3.6980652,8a390cb1ba97fff,10.0,1079.0,1.0,Centro,14.0,Justicia,,,card_only_geocoded
locales.es,madrid,venta,1,177097,venta:177097,https://www.locales.es/madrid/venta/local177097#offerType=1&estateType=3&settlement=6773,https://www.locales.es/madrid/contactar/propietario/177097,"Local comercial en Venta en Calle del Marqués de Viana, Valdeacederas, Madrid",,,local_comercial,De inmobiliaria,838500.0,3629.9,231.0,2.0,Alta visibilidad,"231,53 m² en 3 niveles: calle, entreplanta y sótano; fachada 18 m; alto paso peatonal y rodado.",,,,"Calle del Marqués de Viana, Valdeacederas, Madrid","Calle del Marqués de Viana, Valdeacederas, Madrid, España",ok,nominatim,street_approx,"Calle del Marqués de Viana, Valdeacederas, Tetuán, Madrid, Comunidad de Madrid, 28039, España",40.463885,-3.7048978,8a390cb1daf7fff,10.0,6103.0,6.0,Tetuán,65.0,Valdeacederas,,,card_only_geocoded
locales.es,madrid,venta,1,177243,venta:177243,https://www.locales.es/madrid/venta/local177243#offerType=1&estateType=3&settlement=6773,https://www.locales.es/madrid/contactar/propietario/177243,"Local comercial en Venta en calle de carlos fuentes, Cármenes, Madrid",,,local_comercial,De inmobiliaria,129000.0,4031.3,32.0,1.0,Almacén | Alta visibilidad | Situado a pie de calle | Luminoso,"Local esquinero a pie de calle (32 m²): espacio diáfano, almacén/probador y aseo. Ventanales; cerca metro Lucero y Laguna.",,,,"calle de carlos fuentes, Cármenes, Madrid","calle de carlos fuentes, Cármenes, Madrid, España",ok,nominatim,street_approx,"Calle de Carlos Fuentes, Los Cármenes, Latina, Madrid, Comunidad de Madrid, 28047, España",40.4034923,-3.7405661,8a390cba9877fff,10.0,10219.0,10.0,Latina,101.0,Cármenes,,,card_only_geocoded
locales.es,madrid,venta,1,177562,venta:177562,https://www.locales.es/madrid/venta/local177562#offerType=1&estateType=3&settlement=6773,https://www.locales.es/madrid/contactar/propietario/177562,"Local comercial en Venta en Sol, Madrid",,,local_comercial,De propietario,2850000.0,19000.0,150.0,,,"150 m²: 100 m² calle + 50 m² sótano diáfano. Salida de humos, licencia vigente, sin comunidad.",,,,"Sol, Madrid","Sol, Madrid, España",ok,nominatim,unknown,"Sol, Plaza de la Puerta del Sol, Barrio de los Austrias, Sol, Centro, Madrid, Comunidad de Madrid, 28013, España",40.4178272,-3.7022221,,,,,,,,,,card_only_geocoded
locales.es,madrid,venta,1,177568,venta:177568,https://www.locales.es/madrid/venta/local177568#offerType=1&estateType=3&settlement=6773,https://www.locales.es/madrid/contactar/propietario/177568,Local comercial en Venta en Madrid,,,local_comercial,De inmobiliaria,349000.0,3034.8,,3.0,Situado a pie de calle,"115 m² diáfanos, 5,65 m de fachada; posibilidad de cambio a vivienda y conexión: Metro Tetuán L1 y varias líneas.",,,,Madrid,"Madrid, España",ok,nominatim,unknown,"Madrid, Comunidad de Madrid, España",40.416782,-3.703507,,,,,,,,,,card_only_geocoded
locales.es,madrid,venta,1,177584,venta:177584,https://www.locales.es/madrid/venta/local177584#offerType=1&estateType=3&settlement=6773,https://www.locales.es/madrid/contactar/propietario/177584,"Local comercial en Venta en calle de emiliano barral, San Juan Bautista, Madrid",,,local_comercial,De inmobiliaria,375000.0,5000.0,75.0,1.0,,"Planta abierta para loft o 1–2 dorm.; zona consolidada con metro, autobuses, M-30, Renfe, hospitales y universidades cerca.",,,,"calle de emiliano barral, San Juan Bautista, Madrid","calle de emiliano barral, San Juan Bautista, Madrid, España",ok,nominatim,street_approx,"Calle de Emiliano Barral, San Juan Bautista, Ciudad Lineal, Madrid, Comunidad de Madrid, 28002, España",40.4491138,-3.6603059,8a390ca24a97fff,10.0,15178.0,15.0,Ciudad Lineal,6.0,San Juan Bautista,,,card_only_geocoded
locales.es,madrid,venta,1,177752,venta:177752,https://www.locales.es/madrid/venta/local177752#offerType=1&estateType=3&settlement=6773,https://www.locales.es/madrid/contactar/propietario/177752,"Local comercial en Venta en Calle de las Peñuelas, Acacias, Madrid",,,local_comercial,De inmobiliaria,439000.0,3048.6,144.0,1.0,Aire acondicionado,"Local 144 m² planta baja exterior en Acacias (Arganzuela), doble altura, varias estancias y baño; para oficinas, clínicas o comercio.",,,,"Calle de las Peñuelas, Acacias, Madrid","Calle de las Peñuelas, Acacias, Madrid, España",ok,nominatim,street_approx,"Calle de las Peñuelas, Las Acacias, Arganzuela, Madrid, Comunidad de Madrid, 28005, España",40.3999453,-3.701709,8a390ca3430ffff,10.0,,,,,,,,card_only_geocoded
locales.es,madrid,venta,1,177761,venta:177761,https://www.locales.es/madrid/venta/local177761#offerType=1&estateType=3&settlement=6773,https://www.locales.es/madrid/contactar/propietario/177761,"Local comercial en Venta en Calle de Aguilafuente, Valdezarza, Madrid",,,local_comercial,De inmobiliaria,85000.0,3035.7,28.0,,Situado a pie de calle,"Local 28 m² a pie de calle en Madrid: estancia diáfana, aseo independiente e inquilino con contrato de 5 años.",,,,"Calle de Aguilafuente, Valdezarza, Madrid","Calle de Aguilafuente, Valdezarza, Madrid, España",ok,nominatim,street_approx,"Calle de Aguilafuente, Colonia de la Policía, Valdezarza, Moncloa-Aravaca, Madrid, Comunidad de Madrid, 28039, España",40.4622321,-3.7104508,8a390cb1d147fff,10.0,9067.0,9.0,Moncloa-Aravaca,4.0,Valdezarza,,,card_only_geocoded
locales.es,madrid,venta,1,177841,venta:177841,https://www.locales.es/madrid/venta/local177841#offerType=1&estateType=3&settlement=6773,https://www.locales.es/madrid/contactar/propietario/177841,Local comercial en Venta en Madrid,,,local_comercial,De inmobiliaria,1920000.0,19200.0,100.0,2.0,Salida de humos | Escaparate | Alta visibilidad | Terraza,"100 m² en planta baja, fachada con escaparate, salida de humos y terraza; alquiler con inquilino solvente y rentabilidad neta.",,,,Madrid,"Madrid, España",ok,nominatim,unknown,"Madrid, Comunidad de Madrid, España",40.416782,-3.703507,,,,,,,,,,card_only_geocoded
locales.es,madrid,venta,1,177853,venta:177853,https://www.locales.es/madrid/venta/local177853#offerType=1&estateType=3&settlement=6773,https://www.locales.es/madrid/contactar/propietario/177853,"Local comercial en Venta en Calle de Hernández Colón, Pinar del Rey, Madrid",,,local_comercial,De inmobiliaria,320000.0,1545.9,207.0,2.0,Sistemas de Seguridad | Aire acondicionado | Almacén | Buen acceso,"207 m² en buen estado, cocina, 2 baños y almacén; calefacción gas y A/A; cerca Metro L4 y L8, acceso M-30/M-40.",,,,"Calle de Hernández Colón, Pinar del Rey, Madrid","Calle de Hernández Colón, Pinar del Rey, Madrid, España",ok,nominatim,street_approx,"Calle de Hernández Colón, Colonia de Orisa, Pinar del Rey, Hortaleza, Madrid, Comunidad de Madrid, 28033, España",40.4699125,-3.6450469,8a390cb0b377fff,10.0,16046.0,16.0,Hortaleza,4.0,Pinar Del Rey,,,card_only_geocoded
locales.es,madrid,venta,1,177856,venta:177856,https://www.locales.es/madrid/venta/local177856#offerType=1&estateType=3&settlement=6773,https://www.locales.es/madrid/contactar/propietario/177856,"Local comercial en Venta en Calle de Alenza, Ríos Rosas, Madrid",,,local_comercial,De inmobiliaria,195000.0,4333.3,45.0,,Conserje | Ascensor,"Local diáfano de 45 m² en entreplanta, doble orientación (calle y portal), aseo independiente, edificio con conserje.",,,,"Calle de Alenza, Ríos Rosas, Madrid","Calle de Alenza, Ríos Rosas, Madrid, España",ok,nominatim,street_approx,"Calle de Alenza, Ríos Rosas, Chamberí, Madrid, Comunidad de Madrid, 28003, España",40.4443063,-3.7005359,8a390cb19c47fff,10.0,7116.0,7.0,Chamberi,5.0,Rios Rosas,,,card_only_geocoded
locales.es,madrid,venta,1,177881,venta:177881,https://www.locales.es/madrid/venta/local177881#offerType=1&estateType=3&settlement=6773,https://www.locales.es/madrid/contactar/propietario/177881,"Local comercial en Venta en Calle de Solsona, Pinar del Rey, Madrid",,,local_comercial,De inmobiliaria,160000.0,3404.3,47.0,1.0,,"Local reformado en planta baja, 47 m² en Pinar del Rey (Hortaleza): 1 dorm., 1 baño, salón con cocina integrada; listo.",,,,"Calle de Solsona, Pinar del Rey, Madrid","Calle de Solsona, Pinar del Rey, Madrid, España",not_found,nominatim,,,,,,,,,,,,,,reused_snapshot
locales.es,madrid,venta,1,177927,venta:177927,https://www.locales.es/madrid/venta/local177927#offerType=1&estateType=3&settlement=6773,https://www.locales.es/madrid/contactar/propietario/177927,"Local comercial en Venta en San Isidro, Madrid",,,local_comercial,De inmobiliaria,329900.0,1153.5,286.0,2.0,Alta visibilidad,"286 m², 2 baños, espacios abiertos; ubicación con mucha demanda y servicios. Venta sin cargas; IVA 21%.",,,,"San Isidro, Madrid","San Isidro, Madrid, España",ok,nominatim,zone_approx,"San Isidro, Carabanchel, Madrid, Comunidad de Madrid, España",40.3970503,-3.7293542,,,,,,,,,,card_only_geocoded
locales.es,madrid,venta,1,178056,venta:178056,https://www.locales.es/madrid/venta/local178056#offerType=1&estateType=3&settlement=6773,https://www.locales.es/madrid/contactar/propietario/178056,"Local comercial en Venta en Calle de Abtao, Pacífico, Madrid",,,local_comercial,De inmobiliaria,660000.0,1666.7,396.0,1.0,Aire acondicionado | Escaparate | Alta visibilidad,"Local de 396 m² en 2 plantas: planta calle con despacho, zona y baño; sótano casi diáfano. 2 escaparates, climatización.",,,,"Calle de Abtao, Pacífico, Madrid","Calle de Abtao, Pacífico, Madrid, España",ok,nominatim,street_approx,"Calle de Abtao, Pacífico, Retiro, Madrid, Comunidad de Madrid, 28007, España",40.4048787,-3.6756208,8a390ca35307fff,10.0,03020,03,Retiro,001,Pacifico,,,card_only_geocoded
locales.es,madrid,venta,1,178185,venta:178185,https://www.locales.es/madrid/venta/local178185#offerType=1&estateType=3&settlement=6773,https://www.locales.es/madrid/contactar/propietario/178185,"Local comercial en Venta en Calle de Arapiles, Arapiles, Madrid",,,local_comercial,De inmobiliaria,600000.0,14634.1,41.0,1.0,Salida de humos | Alta visibilidad | Terraza | Situado a pie de calle,"Local hostelería reformado en Chamberí Centro (Madrid), 40,62 m², salida de humos, licencia y opción terraza; 6 m fachada esq.",,,,"Calle de Arapiles, Arapiles, Madrid","Calle de Arapiles, Arapiles, Madrid, España",ok,nominatim,street_approx,"Calle de Arapiles, Arapiles, Chamberí, Madrid, Comunidad de Madrid, 28015, España",40.4329211,-3.7066614,8a390cb182dffff,10.0,07042,07,Chamberi,002,Arapiles,,,card_only_geocoded
locales.es,madrid,venta,1,178211,venta:178211,https://www.locales.es/madrid/venta/local178211#offerType=1&estateType=3&settlement=6773,https://www.locales.es/madrid/contactar/propietario/178211,"Local comercial en Venta en Castellana, Madrid",,,local_comercial,De inmobiliaria,1920000.0,19200.0,100.0,2.0,Salida de humos | Escaparate | Alta visibilidad | Terraza | +2,"100 m² en planta baja; fachada a calle, salida de humos, terraza y aforo. Actividad hostelería; inquilino solvente.",,,,"Castellana, Madrid","Castellana, Madrid, España",ok,nominatim,zone_approx,"Castellana, Salamanca, Madrid, Comunidad de Madrid, 28006, España",40.4333241,-3.6841316,,,,,,,,,,card_only_geocoded
locales.es,madrid,venta,1,178462,venta:178462,https://www.locales.es/madrid/venta/local178462#offerType=1&estateType=3&settlement=6773,https://www.locales.es/madrid/contactar/propietario/178462,"Local comercial en Venta en Calle de Antonio Cavero, Canillas, Madrid",,,local_comercial,De inmobiliaria,195000.0,4431.8,44.0,1.0,Almacén,"44 m² construidos (36 útiles) y trastero de 8,8 m². Bien comunicado con transporte público y privado.",,,,"Calle de Antonio Cavero, Canillas, Madrid","Calle de Antonio Cavero, Canillas, Madrid, España",not_found,nominatim,,,,,,,,,,,,,,card_only
locales.es,madrid,venta,2,173536,venta:173536,https://www.locales.es/madrid/venta/local173536#offerType=1&estateType=3&settlement=6773,https://www.locales.es/madrid/contactar/propietario/173536,"Local comercial en Venta en Calle Jose Arcones Gil, Pueblo Nuevo, Madrid",,,local_comercial,De inmobiliaria,190000.0,1583.3,120.0,1.0,Luminoso,Dos plantas con aseos y gran espacio; fachada con ventanales. Posible cambio a vivienda. Ideal alquiler tradicional o por habitaciones.,,,,"Calle Jose Arcones Gil, Pueblo Nuevo, Madrid","Calle Jose Arcones Gil, Pueblo Nuevo, Madrid, España",ok,nominatim,street_approx,"Calle de José Arcones Gil, Pueblo Nuevo, Ciudad Lineal, Madrid, Comunidad de Madrid, 28017, España",40.4296054,-3.6350426,8a390ca20357fff,10.0,15073.0,15.0,Ciudad Lineal,152.0,Pueblo Nuevo,,,card_only_geocoded
locales.es,madrid,venta,2,173563,venta:173563,https://www.locales.es/madrid/venta/local173563#offerType=1&estateType=3&settlement=6773,https://www.locales.es/madrid/contactar/propietario/173563,"Local comercial en Venta en Avenida de la Reina Victoria, Vallehermoso, Madrid",,,local_comercial,De inmobiliaria,110000.0,293.3,375.0,3.0,Sistemas de Seguridad | Cocina completamente equipada | Salida de humos | Terraza | +1,"Local restaurante en Vallehermoso (Chamberí): 315 m² útiles, terraza, licencia hostelería, salida de humos y equipado.",,,,"Avenida de la Reina Victoria, Vallehermoso, Madrid","Avenida de la Reina Victoria, Vallehermoso, Madrid, España",ok,nominatim,street_approx,"Avenida de la Reina Victoria, Vallehermoso, Chamberí, Madrid, Comunidad de Madrid, 28003, España",40.4468345,-3.7055515,8a390cb19d2ffff,10.0,7118.0,7.0,Chamberí,76.0,Vallehermoso,,,card_only_geocoded
locales.es,madrid,venta,2,173856,venta:173856,https://www.locales.es/madrid/venta/local173856#offerType=1&estateType=3&settlement=6773,https://www.locales.es/madrid/contactar/propietario/173856,"Local comercial en Venta en Calle de Walia, Niño Jesús, Madrid",,,local_comercial,De inmobiliaria,120000.0,5217.4,23.0,1.0,Aire acondicionado | Alta visibilidad,"Local comercial de 23 m² en Pacífico, con aseo; distribución eficiente y gran visibilidad, apto para inversión o negocio.",,,,"Calle de Walia, Niño Jesús, Madrid","Calle de Walia, Niño Jesús, Madrid, España",ok,nominatim,street_approx,"Calle de Walia, Niño Jesús, Retiro, Madrid, Comunidad de Madrid, 28007, España",40.4077603,-3.6715271,8a390ca22db7fff,10.0,3079.0,3.0,Retiro,36.0,Niño Jesús,,,card_only_geocoded
locales.es,madrid,venta,2,173869,venta:173869,https://www.locales.es/madrid/venta/local173869#offerType=1&estateType=3&settlement=6773,https://www.locales.es/madrid/contactar/propietario/173869,"Local comercial en Venta en Calle de Gaztambide, Gaztambide, Madrid",,,local_comercial,De inmobiliaria,440000.0,4400.0,100.0,1.0,Recepción | Almacén | Luminoso,"Local en esquina en Madrid: casi 100 m² en dos plantas, alta visibilidad y uso flexible (oficina/comercio). Posible alquiler con opción a compra.",,,,"Calle de Gaztambide, Gaztambide, Madrid","Calle de Gaztambide, Gaztambide, Madrid, España",ok,nominatim,street_approx,"Calle de Gaztambide, Gaztambide, Chamberí, Madrid, Comunidad de Madrid, 28015, España",40.4348493,-3.7155161,8a390cb18397fff,10.0,7012.0,7.0,Chamberí,71.0,Gaztambide,,,card_only_geocoded
locales.es,madrid,venta,2,173900,venta:173900,https://www.locales.es/madrid/venta/local173900#offerType=1&estateType=3&settlement=6773,https://www.locales.es/madrid/contactar/propietario/173900,Local comercial en Venta en Madrid,,,local_comercial,De inmobiliaria,157000.0,1207.7,130.0,,Almacén | Salida de humos | Situado a pie de calle,"A pie de calle, suelos de gres y techos altos. Salida de humos. 2 aseos, almacén y sótano 30 m. No cambio de uso.",,,,Madrid,"Madrid, España",ok,nominatim,unknown,"Madrid, Comunidad de Madrid, España",40.416782,-3.703507,,,,,,,,,,card_only_geocoded
locales.es,madrid,venta,2,174077,venta:174077,https://www.locales.es/madrid/venta/local174077#offerType=1&estateType=3&settlement=6773,https://www.locales.es/madrid/contactar/propietario/174077,"Local comercial en Venta en Calle de Isaac Peral, Ciudad Universitaria, Madrid",,,local_comercial,De inmobiliaria,1298000.0,3328.2,390.0,3.0,Aire acondicionado | Ascensor | Escaparate | Alta visibilidad | +1,390 m²: 160 m² en planta calle y 230 m² sótano. Diáfano y a reformar; usos terciarios compatibles.,,,,"Calle de Isaac Peral, Ciudad Universitaria, Madrid","Calle de Isaac Peral, Ciudad Universitaria, Madrid, España",ok,nominatim,street_approx,"Calle de Isaac Peral, Ciudad Universitaria, Moncloa-Aravaca, Madrid, Comunidad de Madrid, 28015, España",40.4396251,-3.7176513,8a390cb18067fff,10.0,,,,,,,,card_only_geocoded
locales.es,madrid,venta,2,174148,venta:174148,https://www.locales.es/madrid/venta/local174148#offerType=1&estateType=3&settlement=6773,https://www.locales.es/madrid/contactar/propietario/174148,"Local comercial en Venta en calle de guzmán el bueno, Gaztambide, Madrid",,,local_comercial,De inmobiliaria,429000.0,5231.7,82.0,1.0,Almacén | Escaparate | Alta visibilidad | Situado a pie de calle,"82 m² en dos estancias, escaparate y acceso a pie de calle; calefacción y almacén. Zona con alta afluencia y buenas comunicaciones.",,,,"calle de guzmán el bueno, Gaztambide, Madrid","calle de guzmán el bueno, Gaztambide, Madrid, España",ok,nominatim,street_approx,"Calle de Guzmán el Bueno, Gaztambide, Chamberí, Madrid, Comunidad de Madrid, 28015, España",40.431107,-3.7134662,8a390cb18647fff,10.0,7003.0,7.0,Chamberí,71.0,Gaztambide,,,card_only_geocoded
locales.es,madrid,venta,2,174271,venta:174271,https://www.locales.es/madrid/venta/local174271#offerType=1&estateType=3&settlement=6773,https://www.locales.es/madrid/contactar/propietario/174271,"Local comercial en Venta en Calle del Aviador Zorita, Cuatro Caminos, Madrid",,,local_comercial,De inmobiliaria,50000.0,833.3,60.0,1.0,Sistemas de Seguridad | Terraza | Situado a pie de calle,"Local en planta baja con terraza, alarma y suministros dados de alta; 50 m² útiles, 3 estancias, en funcionamiento.",,,,"Calle del Aviador Zorita, Cuatro Caminos, Madrid","Calle del Aviador Zorita, Cuatro Caminos, Madrid, España",ok,nominatim,street_approx,"Calle del Aviador Zorita, Cuatro Caminos, Tetuán, Madrid, Comunidad de Madrid, 28020, España",40.449583,-3.6983535,8a390cb19817fff,10.0,6037.0,6.0,Tetuán,62.0,Cuatro Caminos,,,card_only_geocoded
locales.es,madrid,venta,2,174272,venta:174272,https://www.locales.es/madrid/venta/local174272#offerType=1&estateType=3&settlement=6773,https://www.locales.es/madrid/contactar/propietario/174272,"Local comercial en Venta en Calle de Claudio Coello, Recoletos, Madrid",,,local_comercial,De inmobiliaria,120000.0,4000.0,30.0,1.0,Sistemas de Seguridad | Alta visibilidad | Terraza | Situado a pie de calle,"Traspaso de joyería en Barrio Salamanca (Milla de Oro): 30 m², 2 estancias, aseo, exterior, pta baja, licencia y alarma.",,,,"Calle de Claudio Coello, Recoletos, Madrid","Calle de Claudio Coello, Recoletos, Madrid, España",ok,nominatim,street_approx,"Calle de Claudio Coello, Recoletos, Salamanca, Madrid, Comunidad de Madrid, 28001, España",40.427857,-3.686202,8a390ca26d0ffff,10.0,4008.0,4.0,Salamanca,41.0,Recoletos,,,card_only_geocoded
locales.es,madrid,venta,2,174453,venta:174453,https://www.locales.es/madrid/venta/local174453#offerType=1&estateType=3&settlement=6773,https://www.locales.es/madrid/contactar/propietario/174453,"Local comercial en Venta en Ronda de Don Bosco, Buenavista, Madrid",,,local_comercial,De inmobiliaria,150000.0,986.8,152.0,2.0,Almacén | Buen acceso | Situado a pie de calle | Luminoso,Local en Carabanchel (Madrid): 152 m². Acceso desde calle; 39 m² planta baja y 113 m² sótano con luz natural.,,,,"Ronda de Don Bosco, Buenavista, Madrid","Ronda de Don Bosco, Buenavista, Madrid, España",ok,nominatim,street_approx,"Ronda de Don Bosco, Buenavista, Carabanchel, Madrid, Comunidad de Madrid, 28044, España",40.3756872,-3.7521471,8a390cbab117fff,10.0,11141.0,11.0,Carabanchel,116.0,Buenavista,,,card_only_geocoded
locales.es,madrid,venta,2,174745,venta:174745,https://www.locales.es/madrid/venta/local174745#offerType=1&estateType=3&settlement=6773,https://www.locales.es/madrid/contactar/propietario/174745,Local comercial en Venta en Madrid,,,local_comercial,De inmobiliaria,194999.0,3000.0,,2.0,Patio | Aire acondicionado | Alta visibilidad | Luminoso,"65 m² en una planta, diáfano con patio, doble baño, ventilación cruzada y luz natural; adaptable a comercios/oficinas.",,,,Madrid,"Madrid, España",ok,nominatim,unknown,"Madrid, Comunidad de Madrid, España",40.416782,-3.703507,,,,,,,,,,card_only_geocoded
locales.es,madrid,venta,2,175240,venta:175240,https://www.locales.es/madrid/venta/local175240#offerType=1&estateType=3&settlement=6773,https://www.locales.es/madrid/contactar/propietario/175240,"Local comercial en Venta en Calle de Bolívar, Delicias, Madrid",,,local_comercial,De inmobiliaria,110000.0,516.4,213.0,2.0,Sistemas de Seguridad | Aire acondicionado | Salida de humos | Terraza | +1,"Local exterior en planta baja, 213 m² (200 útiles), 5 estancias, terraza, aire A/A frío-calor, alarma y salida de humos.",,,,"Calle de Bolívar, Delicias, Madrid","Calle de Bolívar, Delicias, Madrid, España",not_found,nominatim,,,,,,,,,,,,,,reused_snapshot
locales.es,madrid,venta,2,175302,venta:175302,https://www.locales.es/madrid/venta/local175302#offerType=1&estateType=3&settlement=6773,https://www.locales.es/madrid/contactar/propietario/175302,"Local comercial en Venta en Bellas Vistas, Madrid",,,local_comercial,De inmobiliaria,185000.0,2720.6,68.0,1.0,Escaparate | Situado a pie de calle,"Local a pie de calle en San Raimundo: 64 m², estancia diáfana, despacho y baño, escaparate 3 m, listo para actividad.",,,,"Bellas Vistas, Madrid","Bellas Vistas, Madrid, España",ok,nominatim,zone_approx,"Bellas Vistas, Tetuán, Madrid, Comunidad de Madrid, España",40.4526848,-3.7072396,,,,,,,,,,card_only_geocoded
locales.es,madrid,venta,2,175572,venta:175572,https://www.locales.es/madrid/venta/local175572#offerType=1&estateType=3&settlement=6773,https://www.locales.es/madrid/contactar/propietario/175572,"Local comercial en Venta en Calle de Barrilero, Adelfas, Madrid",,,local_comercial,De inmobiliaria,245000.0,3310.8,74.0,2.0,Luminoso,"Local de 74 m² en Adelfas, a reformar, con estancia exterior, altillo y 2 baños; cerca de metro y autobuses.",,,,"Calle de Barrilero, Adelfas, Madrid","Calle de Barrilero, Adelfas, Madrid, España",ok,nominatim,street_approx,"Calle de Barrilero, Adelfas, Retiro, Madrid, Comunidad de Madrid, 28007, España",40.3972239,-3.6724088,8a390ca31927fff,10.0,3101.0,3.0,Retiro,2.0,Adelfas,,,card_only_geocoded
locales.es,madrid,venta,2,175746,venta:175746,https://www.locales.es/madrid/venta/local175746#offerType=1&estateType=3&settlement=6773,https://www.locales.es/madrid/contactar/propietario/175746,Local comercial en Venta en Madrid,,,local_comercial,De inmobiliaria,790000.0,2084.4,379.0,,Salida de humos,"Local diáfano con licencias para taller; 409 m² en Entrevías, zona con alta demanda y buenas conexiones.",,,,Madrid,"Madrid, España",ok,nominatim,unknown,"Madrid, Comunidad de Madrid, España",40.416782,-3.703507,,,,,,,,,,card_only_geocoded
locales.es,madrid,venta,2,176036,venta:176036,https://www.locales.es/madrid/venta/local176036#offerType=1&estateType=3&settlement=6773,https://www.locales.es/madrid/contactar/propietario/176036,Local comercial en Venta en Madrid,,,local_comercial,De inmobiliaria,185000.0,2720.6,68.0,1.0,Escaparate | Situado a pie de calle,"68 m²: estancia diáfana con columna, despacho y baño; suelos altos>3 m, escaparate>3 m, cierres motorizados.",,,,Madrid,"Madrid, España",ok,nominatim,unknown,"Madrid, Comunidad de Madrid, España",40.416782,-3.703507,,,,,,,,,,card_only_geocoded
locales.es,madrid,venta,2,176064,venta:176064,https://www.locales.es/madrid/venta/local176064#offerType=1&estateType=3&settlement=6773,https://www.locales.es/madrid/contactar/propietario/176064,"Local comercial en Venta en Avenida de Andalucía, Los Ángeles, Madrid",,,local_comercial,De inmobiliaria,75000.0,1923.1,39.0,1.0,,"Local acondicionado para uso residencial con 1 dormitorio, salón con cocina americana, 1 baño; sin cambio de uso.",,,,"Avenida de Andalucía, Los Ángeles, Madrid","Avenida de Andalucía, Los Ángeles, Madrid, España",ok,nominatim,street_approx,"Avenida de Andalucía, Los Ángeles, Villaverde, Madrid, Comunidad de Madrid, 28041, España",40.3543515,-3.6931683,8a390ca32297fff,10.0,17074.0,17.0,Villaverde,175.0,Los Ángeles,,,card_only_geocoded
locales.es,madrid,venta,2,176118,venta:176118,https://www.locales.es/madrid/venta/local176118#offerType=1&estateType=3&settlement=6773,https://www.locales.es/madrid/contactar/propietario/176118,"Local comercial en Venta en Carretera a la Estación de Hortaleza, Apóstol Santiago, Madrid",,,local_comercial,De inmobiliaria,18000.0,1000.0,18.0,,Alta visibilidad | Puerta de seguridad,"Local acondicionado para panadería, 18 m², con cierre de seguridad y mostrador; en zona de mercadillo con alta afluencia.",,,,"Carretera a la Estación de Hortaleza, Apóstol Santiago, Madrid","Carretera a la Estación de Hortaleza, Apóstol Santiago, Madrid, España",ok,nominatim,street_approx,"Carretera a la Estación de Hortaleza, Apóstol Santiago, Hortaleza, Madrid, Comunidad de Madrid, 28033, España",40.4800595,-3.6512535,8a390cb094c7fff,10.0,16090.0,16.0,Hortaleza,165.0,Apostol Santiago,,,card_only_geocoded
locales.es,madrid,venta,2,176119,venta:176119,https://www.locales.es/madrid/venta/local176119#offerType=1&estateType=3&settlement=6773,https://www.locales.es/madrid/contactar/propietario/176119,"Local comercial en Venta en Carretera a la Estación de Hortaleza, Pinar del Rey, Madrid",,,local_comercial,De inmobiliaria,22500.0,1071.4,21.0,,Acceso de carga y descarga | Alta visibilidad | Puerta de seguridad | Luminoso,"Local en mercadillo de Hortaleza (Madrid): 18 m² diáfanos, alto tránsito peatonal, cierre de seguridad y acceso carga/descarga.",,,,"Carretera a la Estación de Hortaleza, Pinar del Rey, Madrid","Carretera a la Estación de Hortaleza, Pinar del Rey, Madrid, España",ok,nominatim,street_approx,"Carretera a la Estación de Hortaleza, Pinar del Rey, Hortaleza, Madrid, Comunidad de Madrid, 28033, España",40.4713532,-3.6574361,8a390cb0b12ffff,10.0,16078.0,16.0,Hortaleza,164.0,Pinar del Rey,,,card_only_geocoded
locales.es,madrid,venta,2,176143,venta:176143,https://www.locales.es/madrid/venta/local176143#offerType=1&estateType=3&settlement=6773,https://www.locales.es/madrid/contactar/propietario/176143,"Local comercial en Venta en Palacio, Madrid",,,local_comercial,De inmobiliaria,2200000.0,7333.3,300.0,2.0,Salida de humos | Escaparate | Situado a pie de calle | Luminoso,Local 250 m² en zona peatonal y nocturna; bar-restaurante ZPAE con horario ampliado y salida de humos.,,,,"Palacio, Madrid","Palacio, Madrid, España",ok,nominatim,zone_approx,"Palacio, Centro, Madrid, Comunidad de Madrid, España",40.4153295,-3.7147092,,,,,,,,,,card_only_geocoded
locales.es,madrid,venta,2,176193,venta:176193,https://www.locales.es/madrid/venta/local176193#offerType=1&estateType=3&settlement=6773,https://www.locales.es/madrid/contactar/propietario/176193,Local comercial en Venta en Madrid,,,local_comercial,De inmobiliaria,220000.0,2018.3,,1.0,,"Local 109 m² en una planta con doble acceso; posibilidad de cambio a vivienda. Sur de Madrid, cerca Hospital 12 de Octubre.",,,,Madrid,"Madrid, España",ok,nominatim,unknown,"Madrid, Comunidad de Madrid, España",40.416782,-3.703507,,,,,,,,,,card_only_geocoded
locales.es,madrid,venta,2,176206,venta:176206,https://www.locales.es/madrid/venta/local176206#offerType=1&estateType=3&settlement=6773,https://www.locales.es/madrid/contactar/propietario/176206,"Local comercial en Venta en Plaza de San Miguel, Palacio, Madrid",,,local_comercial,De inmobiliaria,650000.0,1300.0,500.0,4.0,Sistemas de Seguridad | Cocina completamente equipada | Aire acondicionado | Almacén | +4,"500 m², 8 estancias, 4 aseos, aire frío/calor; exterior con terraza y salida de humos; licencia hostelería y alarma.",,,,"Plaza de San Miguel, Palacio, Madrid","Plaza de San Miguel, Palacio, Madrid, España",ok,nominatim,street_approx,"Plaza de San Miguel, Barrio de la Latina, Palacio, Centro, Madrid, Comunidad de Madrid, 28013, España",40.4152105,-3.7090512,8a390cb1b427fff,10.0,1008.0,1.0,Centro,11.0,Palacio,,,card_only_geocoded
locales.es,madrid,venta,2,176358,venta:176358,https://www.locales.es/madrid/venta/local176358#offerType=1&estateType=3&settlement=6773,https://www.locales.es/madrid/contactar/propietario/176358,Local comercial en Venta en Madrid,,,local_comercial,De inmobiliaria,185000.0,2312.5,,2.0,Aire acondicionado | Muebles | Escaparate | Luminoso,"Local 80 m² en Palomeras Sureste, junto a metro Miguel Hernández (L1): 2 orientaciones, mucha luz y ventilación cruzada.",,,,Madrid,"Madrid, España",ok,nominatim,unknown,"Madrid, Comunidad de Madrid, España",40.416782,-3.703507,,,,,,,,,,card_only_geocoded
locales.es,madrid,venta,2,176375,venta:176375,https://www.locales.es/madrid/venta/local176375#offerType=1&estateType=3&settlement=6773,https://www.locales.es/madrid/contactar/propietario/176375,"Local comercial en Venta en GAZTAMBIDE , Gaztambide, Madrid",,,local_comercial,De banco,1650000.0,4471.5,369.0,,Aire acondicionado | Almacén | Barra | Sala de reuniones | +1,"178 m² con 3 locales, aforo 98, 30 mesas, 4 salones y barra; operativo, licencias vigentes; climatización y baños reformados.",,,,"GAZTAMBIDE , Gaztambide, Madrid","GAZTAMBIDE, Gaztambide, Madrid, España",ok,nominatim,street_approx,"Calle de Gaztambide, Gaztambide, Chamberí, Madrid, Comunidad de Madrid, 28015, España",40.4348553,-3.7155156,8a390cb18397fff,10.0,7012.0,7.0,Chamberí,71.0,Gaztambide,,,card_only_geocoded
locales.es,madrid,venta,2,176461,venta:176461,https://www.locales.es/madrid/venta/local176461#offerType=1&estateType=3&settlement=6773,https://www.locales.es/madrid/contactar/propietario/176461,"Local comercial en Venta en Calle de la Virgen de África, San Pascual, Madrid",,,local_comercial,De inmobiliaria,170000.0,2266.7,75.0,1.0,Cocina completamente equipada | Ascensor,"Local en sótano con 3 estancias, cocina equipada, salón y baño; finca con ascensor. Cerca de Metro L7 y autobuses.",,,,"Calle de la Virgen de África, San Pascual, Madrid","Calle de la Virgen de África, San Pascual, Madrid, España",ok,nominatim,street_approx,"Calle de la Virgen de África, San Pascual, Ciudad Lineal, Madrid, Comunidad de Madrid, 28027, España",40.4383145,-3.6540714,8a390ca20917fff,10.0,15136.0,15.0,Ciudad Lineal,155.0,San Pascual,,,card_only_geocoded
locales.es,madrid,venta,2,176489,venta:176489,https://www.locales.es/madrid/venta/local176489#offerType=1&estateType=3&settlement=6773,https://www.locales.es/madrid/contactar/propietario/176489,"Local comercial en Venta en Calle de la Marroquina, Marroquina, Madrid",,,local_comercial,De inmobiliaria,710000.0,3364.9,211.0,,Aire acondicionado | Almacén | Barra,"Local 211 m² en 2 plantas, acondicionado para hostelería; barra equipada, climatización, 2 aseos, almacenes y zona diáfana.",,,,"Calle de la Marroquina, Marroquina, Madrid","Calle de la Marroquina, Marroquina, Madrid, España",ok,nominatim,street_approx,"Calle de la Marroquina, Marroquina, Moratalaz, Madrid, Comunidad de Madrid, 28030, España",40.4074283,-3.6494573,8a390ca2204ffff,10.0,14025.0,14.0,Moratalaz,143.0,Marroquina,,,card_only_geocoded
locales.es,madrid,venta,2,176516,venta:176516,https://www.locales.es/madrid/venta/local176516#offerType=1&estateType=3&settlement=6773,https://www.locales.es/madrid/contactar/propietario/176516,Local comercial en Venta en Madrid,,,local_comercial,De inmobiliaria,150000.0,2054.8,73.0,,Almacén | Alta visibilidad | Situado a pie de calle | Luminoso,"Local esquinero de 73 m² en bruto, muy luminoso y con techos altos, 2 aseos; antes almacén, junto parada bus y El Pozo.",,,,Madrid,"Madrid, España",ok,nominatim,unknown,"Madrid, Comunidad de Madrid, España",40.416782,-3.703507,,,,,,,,,,card_only_geocoded
locales.es,madrid,venta,2,176546,venta:176546,https://www.locales.es/madrid/venta/local176546#offerType=1&estateType=3&settlement=6773,https://www.locales.es/madrid/contactar/propietario/176546,"Local comercial en Venta en calle de valderribas, Pacífico, Madrid",,,local_comercial,De inmobiliaria,18000.0,642.9,28.0,,,"Local interior de 29 m² en forma de U, buen estado; antes carnicería y encurtidos. Próximo a metro Pacífico y Atocha.",,,,"calle de valderribas, Pacífico, Madrid","calle de valderribas, Pacífico, Madrid, España",ok,nominatim,street_approx,"Calle de Valderribas, Pacífico, Retiro, Madrid, Comunidad de Madrid, 28007, España",40.4032092,-3.6730419,8a390ca35227fff,10.0,3021.0,3.0,Retiro,31.0,Pacífico,,,card_only_geocoded
locales.es,madrid,venta,2,176751,venta:176751,https://www.locales.es/madrid/venta/local176751#offerType=1&estateType=3&settlement=6773,https://www.locales.es/madrid/contactar/propietario/176751,Local comercial en Venta en Madrid,,,local_comercial,De inmobiliaria,225000.0,3750.0,60.0,,Patio | Escaparate,"Planta baja exterior en calle Hernani: 60 m², sala diáfana, aseo con ventana, patio interior, escaparate y doble acceso.",,,,Madrid,"Madrid, España",ok,nominatim,unknown,"Madrid, Comunidad de Madrid, España",40.416782,-3.703507,,,,,,,,,,card_only_geocoded
locales.es,madrid,venta,2,176782,venta:176782,https://www.locales.es/madrid/venta/local176782#offerType=1&estateType=3&settlement=6773,https://www.locales.es/madrid/contactar/propietario/176782,Local comercial en Venta en Madrid,,,local_comercial,De inmobiliaria,2200000.0,7333.3,300.0,2.0,Salida de humos | Escaparate | Alta visibilidad,"Local en alquiler con licencia bar-restaurante, salida de humos y gran fachada; zona Centro-Sol con mucho tránsito.",,,,Madrid,"Madrid, España",ok,nominatim,unknown,"Madrid, Comunidad de Madrid, España",40.416782,-3.703507,,,,,,,,,,card_only_geocoded
locales.es,madrid,venta,3,170582,venta:170582,https://www.locales.es/madrid/venta/local170582#offerType=1&estateType=3&settlement=6773,https://www.locales.es/madrid/contactar/propietario/170582,"Local comercial en Venta en Camino de los Molino, Madrid",,,local_comercial,De inmobiliaria,395000.0,5563.4,71.0,1.0,Terraza,"Local en Barrio de Pacífico, 71 m², obra avanzada y suministro eléctrico activo; fachada abierta; bien comunicado.",,,,"Camino de los Molino, Madrid","Camino de los Molino, Madrid, España",outside_scope,nominatim,street_approx,"Paseo de los Chopos, San Fernando de Henares, Comunidad de Madrid, 28830, España",,,,,,,,,,,,reused_snapshot
locales.es,madrid,venta,3,170594,venta:170594,https://www.locales.es/madrid/venta/local170594#offerType=1&estateType=3&settlement=6773,https://www.locales.es/madrid/contactar/propietario/170594,"Local comercial en Venta en calle de santa bárbara, Universidad, Madrid",,,local_comercial,De inmobiliaria,280000.0,7179.5,39.0,1.0,Almacén | Alta visibilidad | Situado a pie de calle,"Ubicado en zona de alto tránsito, con fachada comercial; planta calle para atención y sótano como almacén.",,,,"calle de santa bárbara, Universidad, Madrid","calle de santa bárbara, Universidad, Madrid, España",ok,nominatim,street_approx,"Calle de Santa Bárbara, Malasaña, Universidad, Centro, Madrid, Comunidad de Madrid, 28004, España",40.424272,-3.7012677,8a390cb1b147fff,10.0,1094.0,1.0,Centro,15.0,Universidad,,,card_only_geocoded
locales.es,madrid,venta,3,170733,venta:170733,https://www.locales.es/madrid/venta/local170733#offerType=1&estateType=3&settlement=6773,https://www.locales.es/madrid/contactar/propietario/170733,"Local comercial en Venta en Castillejos, Madrid",,,local_comercial,De inmobiliaria,1230000.0,,,,Almacén | Terraza cerrada | Terraza,2 locales: bar cafetería con terraza cerrada y karaoke insonorizado; licencias nuevas y acceso discapacidad. Renta con opción mejora.,,,,"Castillejos, Madrid","Castillejos, Madrid, España",ok,nominatim,zone_approx,"Castillejos, Tetuán, Madrid, Comunidad de Madrid, 28020, España",40.4598788,-3.694067,,,,,,,,,,card_only_geocoded
locales.es,madrid,venta,3,170753,venta:170753,https://www.locales.es/madrid/venta/local170753#offerType=1&estateType=3&settlement=6773,https://www.locales.es/madrid/contactar/propietario/170753,"Local comercial en Venta en Universidad, Madrid",,,local_comercial,De inmobiliaria,500000.0,9090.9,55.0,,Situado a pie de calle,"50 m² en planta calle, reformado y con accesibilidad. Licencia Bar Especial. Horario 12-03, aforo ~20, contrato 10 años desde dic/2025.",,,,"Universidad, Madrid","Universidad, Madrid, España",ok,nominatim,zone_approx,"Universidad, Centro, Madrid, Comunidad de Madrid, 28004, España",40.425426,-3.7060234,,,,,,,,,,card_only_geocoded
locales.es,madrid,venta,3,170992,venta:170992,https://www.locales.es/madrid/venta/local170992#offerType=1&estateType=3&settlement=6773,https://www.locales.es/madrid/contactar/propietario/170992,"Local comercial en Venta en Avenida de la Ciudad de Barcelona, Pacífico, Madrid",,,local_comercial,De inmobiliaria,395000.0,5563.4,71.0,,Buen acceso | Alta visibilidad | Terraza | Situado a pie de calle,"71 m² en planta calle, 6 m de fachada, gran visibilidad; sin salida de humos; obra avanzada, cerca de metro y buses.",,,,"Avenida de la Ciudad de Barcelona, Pacífico, Madrid","Avenida de la Ciudad de Barcelona, Pacífico, Madrid, España",ok,nominatim,street_approx,"Avenida de la Ciudad de Barcelona, Pacífico, Retiro, Madrid, Comunidad de Madrid, 28007, España",40.4057412,-3.6858253,8a390ca35107fff,10.0,3002.0,3.0,Retiro,31.0,Pacífico,,,card_only_geocoded
locales.es,madrid,venta,3,171018,venta:171018,https://www.locales.es/madrid/venta/local171018#offerType=1&estateType=3&settlement=6773,https://www.locales.es/madrid/contactar/propietario/171018,"Local comercial en Venta en Calle de la Esfinge, Canillejas, Madrid",,,local_comercial,De inmobiliaria,92000.0,3066.7,30.0,1.0,Buen acceso | Alta visibilidad | Luminoso,"Local de 30 m² en buen estado: aseo, altillos y suelos cerámicos; ventanas de aluminio; zona con alta afluencia y buen acceso.",,,,"Calle de la Esfinge, Canillejas, Madrid","Calle de la Esfinge, Canillejas, Madrid, España",ok,nominatim,street_approx,"Calle de la Esfinge, Canillejas, San Blas - Canillejas, Madrid, Comunidad de Madrid, 28022, España",40.4419809,-3.6085716,8a390ca21b4ffff,10.0,20082,20,San Blas-Canillejas,007,Canillejas,,,card_only_geocoded
locales.es,madrid,venta,3,171038,venta:171038,https://www.locales.es/madrid/venta/local171038#offerType=1&estateType=3&settlement=6773,https://www.locales.es/madrid/contactar/propietario/171038,"Local comercial en Venta en Avenida de Oporto, Opañel, Madrid",,,local_comercial,De inmobiliaria,165000.0,2088.6,79.0,1.0,Almacén,79 m² en dos plantas y sótano; aseo y espacios diferenciables para comercio u oficina. Zona residencial con transporte cercano.,,,,"Avenida de Oporto, Opañel, Madrid","Avenida de Oporto, Opañel, Madrid, España",ok,nominatim,street_approx,"Avenida de Oporto, Opañel, Carabanchel, Madrid, Comunidad de Madrid, 28019, España",40.3863526,-3.7244816,8a390ca36807fff,10.0,11028.0,11.0,Carabanchel,112.0,Opañel,,,card_only_geocoded
locales.es,madrid,venta,3,171110,venta:171110,https://www.locales.es/madrid/venta/local171110#offerType=1&estateType=3&settlement=6773,https://www.locales.es/madrid/contactar/propietario/171110,"Local comercial en Venta en Calle del Condado de Treviño, Costillares, Madrid",,,local_comercial,De inmobiliaria,499000.0,4620.4,108.0,,Urbanización privada | Sistemas de Seguridad | Piscina | Aire acondicionado | +1,"108,82 m² construidos (95 m² útiles). Sala 10 puestos, despacho, juntas y recepción; aseos, archivo y posible cambio de uso.",,,,"Calle del Condado de Treviño, Costillares, Madrid","Calle del Condado de Treviño, Costillares, Madrid, España",ok,nominatim,street_approx,"Calle del Condado de Treviño, Costillares, Ciudad Lineal, Madrid, Comunidad de Madrid, 28033, España",40.4791567,-3.6723121,8a390cb0870ffff,10.0,15167.0,15.0,Ciudad Lineal,159.0,Costillares,,,card_only_geocoded
locales.es,madrid,venta,3,171115,venta:171115,https://www.locales.es/madrid/venta/local171115#offerType=1&estateType=3&settlement=6773,https://www.locales.es/madrid/contactar/propietario/171115,"Local comercial en Venta en Paseo de Eduardo Dato, Almagro, Madrid",,,local_comercial,De inmobiliaria,1600000.0,35555.6,45.0,1.0,Alta visibilidad | Situado a pie de calle,"Local comercial en planta baja semiesquina, 45 m² y fachada de cristal de 5 m; sin salida de humos. Barrio Salamanca.",,,,"Paseo de Eduardo Dato, Almagro, Madrid","Paseo de Eduardo Dato, Almagro, Madrid, España",ok,nominatim,street_approx,"Paseo de Eduardo Dato, Almagro, Chamberí, Madrid, Comunidad de Madrid, 28071, España",40.4330999,-3.6898772,8a390cb19617fff,10.0,7082.0,7.0,Chamberí,74.0,Almagro,,,card_only_geocoded
locales.es,madrid,venta,3,171223,venta:171223,https://www.locales.es/madrid/venta/local171223#offerType=1&estateType=3&settlement=6773,https://www.locales.es/madrid/contactar/propietario/171223,"Local comercial en Venta en Nudo de Puente de Toledo, Comillas, Madrid",,,local_comercial,De inmobiliaria,709000.0,3580.8,198.0,2.0,Situado a pie de calle,"198 m² en Comillas, con contrato de arrendamiento; venta por puja. Ocupado y sin posibilidad de visitas.",,,,"Nudo de Puente de Toledo, Comillas, Madrid","Nudo de Puente de Toledo, Comillas, Madrid, España",not_found,nominatim,,,,,,,,,,,,,,reused_snapshot
locales.es,madrid,venta,3,171286,venta:171286,https://www.locales.es/madrid/venta/local171286#offerType=1&estateType=3&settlement=6773,https://www.locales.es/madrid/contactar/propietario/171286,"Local comercial en Venta en Calle de Gustavo Fernández Balbuena, Ciudad Jardín, Madrid",,,local_comercial,De inmobiliaria,495000.0,5500.0,90.0,,Aire acondicionado | Almacén | Ascensor,"En galería comercial, 91 m² útiles y almacén inferior; mostrador carne, oficinas, despiece, cámaras de maduración y frigoríficos.",,,,"Calle de Gustavo Fernández Balbuena, Ciudad Jardín, Madrid","Calle de Gustavo Fernández Balbuena, Ciudad Jardín, Madrid, España",ok,nominatim,street_approx,"Calle de Gustavo Fernández Balbuena, Ciudad Jardín, Chamartín, Madrid, Comunidad de Madrid, 28016, España",40.451602,-3.6690206,8a390ca2488ffff,10.0,05038,05,Chamartin,003,Ciudad Jardin,,,card_only_geocoded
locales.es,madrid,venta,3,171416,venta:171416,https://www.locales.es/madrid/venta/local171416#offerType=1&estateType=3&settlement=6773,https://www.locales.es/madrid/contactar/propietario/171416,"Local comercial en Venta en Túnel de López de Hoyos, Prosperidad, Madrid",,,local_comercial,De inmobiliaria,200000.0,625.0,320.0,,Sistemas de Seguridad | Aire acondicionado | Situado a pie de calle,"Local exterior a pie de calle, 320 m² construidos, 2 estancias, reformado; equipado con A/A y alarma.",,,,"Túnel de López de Hoyos, Prosperidad, Madrid","Túnel de López de Hoyos, Prosperidad, Madrid, España",not_found,nominatim,,,,,,,,,,,,,,reused_snapshot
locales.es,madrid,venta,3,171417,venta:171417,https://www.locales.es/madrid/venta/local171417#offerType=1&estateType=3&settlement=6773,https://www.locales.es/madrid/contactar/propietario/171417,"Local comercial en Venta en Paseo de la Castellana, Nueva España, Madrid",,,local_comercial,De inmobiliaria,320000.0,1066.7,300.0,3.0,Sistemas de Seguridad | Cocina completamente equipada | Aire acondicionado | Salida de humos | +3,"Restaurante en Chamartín, Paseo de la Castellana: 300 m², en funcionamiento, terraza, salida de humos y A/A.",,,,"Paseo de la Castellana, Nueva España, Madrid","Paseo de la Castellana, Nueva España, Madrid",ok,nominatim,street_approx,"Paseo de la Castellana, Costa Fleming, Nueva España, Chamartín, Madrid, Comunidad de Madrid, 28046, España",40.4648719,-3.6893584,8a390cb0ac4ffff,10.0,5076.0,5.0,Chamartín,55.0,Nueva España,,,card_only_geocoded
locales.es,madrid,venta,3,171440,venta:171440,https://www.locales.es/madrid/venta/local171440#offerType=1&estateType=3&settlement=6773,https://www.locales.es/madrid/contactar/propietario/171440,"Local comercial en Venta en Avenida de Hellín, Hellín, Madrid",,,local_comercial,De inmobiliaria,122000.0,2033.3,60.0,1.0,,Local ocupado con reforma para uso como vivienda; no tiene licencia de habitabilidad. Con servicios y transporte cerca.,,,,"Avenida de Hellín, Hellín, Madrid","Avenida de Hellín, Hellín, Madrid, España",ok,nominatim,street_approx,"Avenida de Hellín, Hellín, San Blas - Canillejas, Madrid, Comunidad de Madrid, 28037, España",40.4309342,-3.6152688,8a390ca210c7fff,10.0,20029.0,20.0,San Blas-Canillejas,2.0,Hellin,,,card_only_geocoded
locales.es,madrid,venta,3,171451,venta:171451,https://www.locales.es/madrid/venta/local171451#offerType=1&estateType=3&settlement=6773,https://www.locales.es/madrid/contactar/propietario/171451,"Local comercial en Venta en Avenida de Betanzos, El Pilar, Madrid",,,local_comercial,De inmobiliaria,135000.0,3139.5,43.0,2.0,Patio | Alta visibilidad | Situado a pie de calle | Luminoso,"Local de 52 m² en calle, para reformar; luz natural con patio interior y exterior. Zona consolidada, cerca La Vaguada y metros.",,,,"Avenida de Betanzos, El Pilar, Madrid","Avenida de Betanzos, El Pilar, Madrid, España",ok,nominatim,street_approx,"Avenida de Betanzos, Pilar, Fuencarral-El Pardo, Madrid, Comunidad de Madrid, 28029, España",40.4722081,-3.7123655,8a390cb0e4a7fff,10.0,08053,08,Fuencarral-El Pardo,004,El Pilar,,,card_only_geocoded
locales.es,madrid,venta,3,171455,venta:171455,https://www.locales.es/madrid/venta/local171455#offerType=1&estateType=3&settlement=6773,https://www.locales.es/madrid/contactar/propietario/171455,"Local comercial en Venta en Calle del Estaño, Villaverde Alto, Madrid",,,local_comercial,De inmobiliaria,95000.0,2065.2,46.0,1.0,Situado a pie de calle,Dos plantas diáfanas conectadas: planta calle 42 m² útiles y sótano 27 m² con aseo; 4 m de fachada.,,,,"Calle del Estaño, Villaverde Alto, Madrid","Calle del Estaño, Villaverde Alto, Madrid, España",ok,nominatim,street_approx,"Calle del Estaño, Villaverde Alto, Casco Histórico de Villaverde, Villaverde, Madrid, Comunidad de Madrid, 28021, España",40.3445265,-3.7025451,8a390cb89a1ffff,10.0,17029,17,Villaverde,001,Villaverde Alto C.H.,,,card_only_geocoded
locales.es,madrid,venta,3,171523,venta:171523,https://www.locales.es/madrid/venta/local171523#offerType=1&estateType=3&settlement=6773,https://www.locales.es/madrid/contactar/propietario/171523,"Local comercial en Venta en Avenida de la Vaguada, Cuatro Caminos, Madrid",,,local_comercial,De inmobiliaria,595000.0,1274.1,467.0,,Persiana metálica | Almacén | Vado,"Local reformado con acceso independiente por rampa, licencia vado, salida de emergencias, 9 plazas de garaje y zona extra.",,,,"Avenida de la Vaguada, Cuatro Caminos, Madrid","Avenida de la Vaguada, Cuatro Caminos, Madrid, España",not_found,nominatim,,,,,,,,,,,,,,card_only
locales.es,madrid,venta,3,171877,venta:171877,https://www.locales.es/madrid/venta/local171877#offerType=1&estateType=3&settlement=6773,https://www.locales.es/madrid/contactar/propietario/171877,"Local comercial en Venta en Calle de los Ferroviarios, Almendrales, Madrid",,,local_comercial,De inmobiliaria,279999.0,1750.0,160.0,1.0,Vado,"Local semireformado en Almendrales (Madrid): 160 m², 75 m² sótano, diáfano sin columnas, vado y licencia; parking.",,,,"Calle de los Ferroviarios, Almendrales, Madrid","Calle de los Ferroviarios, Almendrales, Madrid, España",ok,nominatim,street_approx,"Calle de los Ferroviarios, Almendrales, Usera, Madrid, Comunidad de Madrid, 28026, España",40.3836301,-3.7047708,8a390ca30c37fff,10.0,12046,12,Usera,004,Almendrales,,,card_only_geocoded
locales.es,madrid,venta,3,172321,venta:172321,https://www.locales.es/madrid/venta/local172321#offerType=1&estateType=3&settlement=6773,https://www.locales.es/madrid/contactar/propietario/172321,"Local comercial en Venta en calle de rafael herrera, Castilla, Madrid",,,local_comercial,De inmobiliaria,409000.0,1711.3,239.0,2.0,Situado a pie de calle,Local en pie de calle en Chamartín: 239 m² en 2 plantas (107 m² + 107 m² sótano). Cerca Paseo de la Castellana y metro.,,,,"calle de rafael herrera, Castilla, Madrid","calle de rafael herrera, Castilla, Madrid, España",ok,nominatim,street_approx,"Calle de Rafael Herrera, Castilla, Chamartín, Madrid, Comunidad de Madrid, 28036, España",40.4676912,-3.6854602,8a390cb0a8dffff,10.0,5087.0,5.0,Chamartín,56.0,Castilla,,,card_only_geocoded
locales.es,madrid,venta,3,172326,venta:172326,https://www.locales.es/madrid/venta/local172326#offerType=1&estateType=3&settlement=6773,https://www.locales.es/madrid/contactar/propietario/172326,Local comercial en Venta en Madrid,,,local_comercial,De inmobiliaria,575000.0,3911.6,147.0,1.0,Aire acondicionado | Almacén | Acceso de carga y descarga | Puerta de seguridad | +1,"142 m², estudio listo para operar, insonorización tipo box-in-box, licencia sonora; sala grabación y sala de control.",,,,Madrid,"Madrid, España",ok,nominatim,unknown,"Madrid, Comunidad de Madrid, España",40.416782,-3.703507,,,,,,,,,,card_only_geocoded
locales.es,madrid,venta,3,172409,venta:172409,https://www.locales.es/madrid/venta/local172409#offerType=1&estateType=3&settlement=6773,https://www.locales.es/madrid/contactar/propietario/172409,"Local comercial en Venta en Calle de Mantuano, Ciudad Jardín, Madrid",,,local_comercial,De inmobiliaria,185000.0,5285.7,35.0,,Escaparate | Situado a pie de calle,"Exterior en planta calle, 35 m² construidos (31 m² útiles), con área de exposición y aseo; muy buen estado.",,,,"Calle de Mantuano, Ciudad Jardín, Madrid","Calle de Mantuano, Ciudad Jardín, Madrid, España",not_found,nominatim,,,,,,,,,,,,,,reused_snapshot
locales.es,madrid,venta,3,172442,venta:172442,https://www.locales.es/madrid/venta/local172442#offerType=1&estateType=3&settlement=6773,https://www.locales.es/madrid/contactar/propietario/172442,Local comercial en Venta en Madrid,,,local_comercial,De inmobiliaria,1700000.0,6391.0,266.0,,Almacén | Salida de humos | Situado a pie de calle,Local de 236 m² con acceso por Calle Moratín y Santa María; incluye licencia de taberna y salida de humos.,,,,Madrid,"Madrid, España",ok,nominatim,unknown,"Madrid, Comunidad de Madrid, España",40.416782,-3.703507,,,,,,,,,,card_only_geocoded
locales.es,madrid,venta,3,172473,venta:172473,https://www.locales.es/madrid/venta/local172473#offerType=1&estateType=3&settlement=6773,https://www.locales.es/madrid/contactar/propietario/172473,"Local comercial en Venta en Glorieta del Marqués de Vadillo, Comillas, Madrid",,,local_comercial,De inmobiliaria,200000.0,2531.6,79.0,2.0,Muebles | Luminoso,"79 m² const./70 m² útiles, reformado; 2 dobles dorm., 2 baños. Proyecto cambio de uso; trámites por discrepancia catastral.",,,,"Glorieta del Marqués de Vadillo, Comillas, Madrid","Glorieta del Marqués de Vadillo, Comillas, Madrid, España",not_found,nominatim,,,,,,,,,,,,,,card_only
locales.es,madrid,venta,3,172567,venta:172567,https://www.locales.es/madrid/venta/local172567#offerType=1&estateType=3&settlement=6773,https://www.locales.es/madrid/contactar/propietario/172567,"Local comercial en Venta en Calle de Martínez Izquierdo, Guindalera, Madrid",,,local_comercial,De inmobiliaria,650000.0,7222.2,90.0,2.0,Alta visibilidad,"Local en esquina con doble fachada y grandes ventanales; en planta baja, zona residencial y oficinas; en rentabilidad.",,,,"Calle de Martínez Izquierdo, Guindalera, Madrid","Calle de Martínez Izquierdo, Guindalera, Madrid, España",ok,nominatim,street_approx,"Calle de Martínez Izquierdo, Barrio del Parral, Guindalera, Salamanca, Madrid, Comunidad de Madrid, 28028, España",40.4338598,-3.6688233,8a390ca26b0ffff,10.0,4069.0,4.0,Salamanca,4.0,Guindalera,,,card_only_geocoded
locales.es,madrid,venta,3,172586,venta:172586,https://www.locales.es/madrid/venta/local172586#offerType=1&estateType=3&settlement=6773,https://www.locales.es/madrid/contactar/propietario/172586,"Local comercial en Venta en Plaza de la Puerta del Sol, Sol, Madrid",,,local_comercial,De inmobiliaria,530000.0,8153.8,65.0,1.0,Salida de humos | Alta visibilidad | Terraza | Situado a pie de calle,"Local 65 m², 4 estancias, 1 aseo; negocio en funcionamiento y reformado, exterior y con terraza; salida de humo.",,,,"Plaza de la Puerta del Sol, Sol, Madrid","Plaza de la Puerta del Sol, Sol, Madrid, España",ok,nominatim,street_approx,"Puerta del Sol, Barrio de los Austrias, Sol, Centro, Madrid, Comunidad de Madrid, 28013, España",40.416863,-3.7038762,8a390cb1b097fff,10.0,1123.0,1.0,Centro,16.0,Sol,,,card_only_geocoded
locales.es,madrid,venta,3,172589,venta:172589,https://www.locales.es/madrid/venta/local172589#offerType=1&estateType=3&settlement=6773,https://www.locales.es/madrid/contactar/propietario/172589,"Local comercial en Venta en Avenida de la Albufera, Palomeras Sureste, Madrid",,,local_comercial,De inmobiliaria,150000.0,2727.3,55.0,1.0,Cocina completamente equipada | Aire acondicionado | Muebles | Armario empotrado | +1,"Reformado 2016, cocina equipada, aire acondicionado, altillo y armario empotrado; se vende sin cédula de habitabilidad.",,,,"Avenida de la Albufera, Palomeras Sureste, Madrid","Avenida de la Albufera, Palomeras Sureste, Madrid, España",ok,nominatim,street_approx,"Avenida de la Albufera, Palomeras Sureste, Puente de Vallecas, Madrid, Comunidad de Madrid, 28018, España",40.386612,-3.6386179,8a390ca04097fff,10.0,13215.0,13.0,Puente de Vallecas,134.0,Palomeras Sureste,,,card_only_geocoded
locales.es,madrid,venta,3,172633,venta:172633,https://www.locales.es/madrid/venta/local172633#offerType=1&estateType=3&settlement=6773,https://www.locales.es/madrid/contactar/propietario/172633,Local comercial en Venta en Madrid,,,local_comercial,De inmobiliaria,740000.0,4654.1,159.0,3.0,Patio | Aire acondicionado | Salida de humos | Terraza,"159 m² + patio 45 m² en una planta; terraza con licencia 20, salida de humos, inquilino con contrato 10+10 e IPC.",,,,Madrid,"Madrid, España",ok,nominatim,unknown,"Madrid, Comunidad de Madrid, España",40.416782,-3.703507,,,,,,,,,,card_only_geocoded
locales.es,madrid,venta,3,172639,venta:172639,https://www.locales.es/madrid/venta/local172639#offerType=1&estateType=3&settlement=6773,https://www.locales.es/madrid/contactar/propietario/172639,"Local comercial en Venta en Calle de Hernández de Tejada, San Pascual, Madrid",,,local_comercial,De inmobiliaria,3000000.0,8823.5,340.0,2.0,Sistemas de Seguridad | Aire acondicionado | Almacén | Muebles | +3,"Restaurante en Madrid de 340 m²: 101 comensales, terraza, salón privado, almacén, licencia, salida de humos y A/A.",,,,"Calle de Hernández de Tejada, San Pascual, Madrid","Calle de Hernández de Tejada, San Pascual, Madrid, España",ok,nominatim,street_approx,"Calle de Hernández de Tejada, San Pascual, Ciudad Lineal, Madrid, Comunidad de Madrid, 28027, España",40.4471461,-3.6509851,8a390ca24267fff,10.0,15143,15,Ciudad Lineal,005,San Pascual,,,card_only_geocoded
locales.es,madrid,venta,3,173442,venta:173442,https://www.locales.es/madrid/venta/local173442#offerType=1&estateType=3&settlement=6773,https://www.locales.es/madrid/contactar/propietario/173442,"Local comercial en Venta en San Isidro, Madrid",,,local_comercial,De inmobiliaria,329900.0,1226.4,269.0,,,"Local comercial de 269 m² en Carabanchel; uso restauración y alimentación. Fachada 10 m, fondo 22 m, altura 3 m.",,,,"San Isidro, Madrid","San Isidro, Madrid, España",ok,nominatim,zone_approx,"San Isidro, Carabanchel, Madrid, Comunidad de Madrid, España",40.3970503,-3.7293542,,,,,,,,,,card_only_geocoded
locales.es,madrid,venta,3,173513,venta:173513,https://www.locales.es/madrid/venta/local173513#offerType=1&estateType=3&settlement=6773,https://www.locales.es/madrid/contactar/propietario/173513,"Local comercial en Venta en Numancia, Madrid",,,local_comercial,De inmobiliaria,157000.0,1207.7,130.0,,Almacén | Salida de humos | Situado a pie de calle,"Local en esquina a pie de calle; gres, techos altos, 2 aseos, almacén y sótano 30 m; salida humos; zona comercial.",,,,"Numancia, Madrid","Numancia, Madrid, España",ok,nominatim,zone_approx,"Numancia, Puente de Vallecas, Madrid, Comunidad de Madrid, 28038, España",40.3995283,-3.6596765,,,,,,,,,,card_only_geocoded
locales.es,madrid,venta,4,161212,venta:161212,https://www.locales.es/madrid/venta/local161212#offerType=1&estateType=3&settlement=6773,https://www.locales.es/madrid/contactar/propietario/161212,Local comercial en Venta en Madrid,Local comercial en venta con 426m² en Madrid,Local comercial,local_comercial,De inmobiliaria,930000.0,2183.1,426.0,,Almacén | Escaparate,"426 m² (≈375 útiles): 315 m² diáfanos; trastienda 38 m²; acceso minusválidos 17 m²; aseos 5 m²; escaparate 2,85 m; altura 3,20 m","VL-618. Resulta complicado, dentro de los barrios más representativos de Madrid, encontrar locales comerciales que, verdaderamente, resulten atractivos e identificativos.Este local puede suponer una inversión de negocio importante y, a su vez, duradera; por ello, le damos una importancia enorme a la comercialización del mismo.Debido a su superficie, puede abarcar grandes proyectos ya sean nuevos o de expansión. Por las características del mismo, es ideal para muchísimos sectores: alimentación (mercaditos, supermercados); deportivo (gimnasios); estéticos y de belleza (spa, centro de cuidado corporal y de la salud); financieros (entidades relacionadas con el sector económico); negocios profesionales de gran volumen, etc.Sus 426 m² construidos (aproximadamente 375 m² útiles) se distribuyen en: un espacio diáfano o área comercial de 315 m², una trastienda de 38 m² (espacio útil para almacenar existencias, se incluye aquí, también, un cuarto trastero cerrado); la zona de aseo ocupa 5 m² y el acceso de minusválidos de 17 m².En relación a las calidades describimos las siguientes: suelos de microcemento, paredes con pintura lisa, falso techo de escayola para poder pasar comunicaciones y servicios, focos led.Dispone de gran visibilidad, desde la calle, con un escaparate que mide 2,85 m.El acceso, al mismo, también es desde la calle, lo que facilita inmensamente su localización.En cuanto a la altura de los techos: la altura libre de suelo a techo es de 3,20 m y la altura hasta las planchas de escayola es de 2, 66 m.La ubicación es perfecta al encontrarse, dentro de una de las calles conocidas del Barrio de Retiro. Hay que recordar que Retiro es un distrito perteneciente a la ciudad de Madrid, organizado administrativamente en los barrios de Pacífico, Adelfas, Estrella, Ibiza, Jerónimos y Niño Jesús. Este distrito, al margen de ser céntrico en Madrid, es conocido nacionalmente por su parque público, el Parque del Retiro, del cual recibe su nombre. Tanto para clientes y proveedores como para el personal laboral que trabaja, es muy importante la comunicación que dispone esta zona.Debido a todo ello, no debe de dejar pasar la oportunidad de realizar una visita al local y considerarse la compra o el alquiler del mismo. AÑO DE CONSTRUCCIÓN: 1.955Mercados: Mercado de Ibiza (c/ Ibiza nº8)Supermercados: Alcampo (c/ Doctor Castelo 28); Carrefour Express (c/ Maiquez 44, y c/ Duque de sesto 28); Ahorramás (c/ Alcalde Sainz de Baranda 33-35); Día Plaza (c/ O´donnell 38). Transporte Público: Metro (Goya, Ibiza); Autobuses (líneas: 2,15, 26, 28, 61, 63, 215, C2, N6).------------------------------------------------------------------------------------------------------------------------------- It is difficult, within the most representative neighborhoods of Madrid, to find commercial establishments that are truly attractive and identifiable.This location can be an important business investment and, in turn, durable; Therefore, we give an enormous importance to the commercialization of it.Due to its surface, it can cover large projects, whether they are new or expansion projects. Due to the characteristics of it, it is ideal for many sectors: food (markets, supermarkets); sports (gyms); aesthetic and beauty (spa, health and body care center); financial (entities related to the economic sector); high volume professional business, etc.Its 426 m² built (approximately 375 m² useful) are distributed in: a diaphanous space or commercial area of 315 m², a back room of 38 m² (useful space to store stocks, is included here, also, a closed storage room); the toilet area occupies 5 m² and the disabled access is 17 m².In relation to the qualities we describe the following: microcement floors, walls with smooth paint, false plaster ceiling to pass communications and services, led spotlights.It has great visibility, from the street, with a showcase that measures 2.85 m.The access, to the same, is also from the street, which facilitates its location immensely.As for the height of the ceilings: the free height from floor to ceiling is 3.20 m and the height to the plasterboard is 2.66 m.The location is perfect to find, within one of the known streets of the Retiro neighborhood. It must be remembered that Retiro is a district belonging to the city of Madrid, administratively organized in the neighborhoods of Pacífico, Adelfas, Estrella, Ibiza, Jerónimos and Niño Jesús. This district, apart from being centrally located in Madrid, is nationally known for its public park, Parque del Retiro, from which it receives its name.For both clients and suppliers and for the workforce that works, the communication available in this area is very important.Due to all this, you should not miss the opportunity to visit the premises and consider buying or renting it.YEAR OF CONSTRUCTION: 1,955Markets: Ibiza Market (c / Ibiza nº8)Supermarkets: Alcampo (c / Doctor Castelo 28); Carrefour Express (c / Maiquez 44, and c / Duque de sesto 28); Ahorramás (c / Mayor Sainz de Baranda 33-35); Day Plaza (O`donnell 38).Public Transportation: Metro (Goya, Ibiza); Buses (lines: 2,15, 26, 28, 61, 63, 215, C2, N6)..",,Madrid > Venta,Madrid,"Madrid, España",ok,nominatim,unknown,"Madrid, Comunidad de Madrid, España",40.416782,-3.703507,,,,,,,,2026-02-23T17:03:59+0000,2026-02-23T17:05:45+0000,ok
locales.es,madrid,venta,4,161449,venta:161449,https://www.locales.es/madrid/venta/local161449#offerType=1&estateType=3&settlement=6773,https://www.locales.es/madrid/contactar/propietario/161449,"Local comercial en Venta en Calle de la Isla de Arosa, Peñagrande, Madrid",,,local_comercial,De inmobiliaria,186000.0,4894.7,38.0,1.0,Urbanización privada | Sistemas de Seguridad | Conserje | Piscina | +4,"Posible transformación a loft; aseo, armarios empotrados y puerta blindada; luminoso; jardines, piscinas y servicios próximos (metro, hospitales).",,,,"Calle de la Isla de Arosa, Peñagrande, Madrid","Calle de la Isla de Arosa, Peñagrande, Madrid, España",ok,nominatim,street_approx,"Calle de la Isla de Arosa, Peñagrande, Fuencarral-El Pardo, Madrid, Comunidad de Madrid, 28035, España",40.4795393,-3.7170454,8a390cb0ecb7fff,10.0,08025,08,Fuencarral-El Pardo,003,Peña Grande,,,card_only_geocoded
locales.es,madrid,venta,4,161549,venta:161549,https://www.locales.es/madrid/venta/local161549#offerType=1&estateType=3&settlement=6773,https://www.locales.es/madrid/contactar/propietario/161549,"Local comercial en Venta en Calle de Navas del Rey, Puerta del Ángel, Madrid","Local comercial en venta con 165m² en Madrid, en la zona de Puerta del Ángel, Calle de Navas del Rey",Local comercial,local_comercial,De inmobiliaria,325000.0,1969.7,165.0,,Almacén | Situado a pie de calle | Luminoso,"Local planta calle 165 m² en Alto de Extremadura, Madrid. Varias dependencias y dos alturas; convertible a loft. Próximo a metro y comercios.","7460. Oh!key comercializa un Local en venta en Alto de Extremadura  ideal para convertir en vivienda tipo loftExcelente oportunidad a escasos minutos del metro y con magnífica conexión al centro de Madrid.Local en planta calle con 165 m² construidos, de planta rectangular, actualmente distribuido en varias dependencias y con zonas en dos alturas. Dispone de acceso desde el portal y fachada a la calle, lo que aporta luz natural y múltiples posibilidades de redistribución.Por su configuración y superficie, el inmueble es especialmente atractivo para transformarlo en una amplia vivienda tipo loft, creando un espacio diáfano, moderno y con personalidad. La estructura permite replantear completamente la distribución y aprovechar las distintas alturas para diseñar ambientes abiertos y funcionales.Ubicado en una zona consolidada, con comercios, servicios y zonas verdes en el entorno, lo que lo convierte en una excelente opción tanto para proyecto residencial como inversión.Una propiedad con gran potencial de transformación en una de las zonas con mejor comunicación de la capital.En Oh!key llevamos más de 24 años ayudando a nuestros clientes a encontrar el inmueble ideal. Contamos con equipos especializados y asesoramiento integral para garantizar una operación segura y rentable. Contacte con nosotros para más información o concertar una visita..",Puerta del Ángel,Madrid > Puerta del Ángel > Venta,"Calle de Navas del Rey, Puerta del Ángel, Madrid","Puerta del Ángel, Madrid, España",ok,nominatim,zone_approx,"Puerta del Ángel, Latina, Madrid, Comunidad de Madrid, España",40.4093544,-3.7337422,,,,,,,,2026-02-24T00:48:07+0000,2026-02-24T00:48:07+0000,ok
locales.es,madrid,venta,4,162113,venta:162113,https://www.locales.es/madrid/venta/local162113#offerType=1&estateType=3&settlement=6773,https://www.locales.es/madrid/contactar/propietario/162113,Local comercial en Venta en Madrid,,,local_comercial,De inmobiliaria,450000.0,3260.9,138.0,,,"Local 138 m² en Alcorcón (Madrid). Zona céntrica con metro y autobuses, centros comerciales y médicos, colegios, parques y alta afluencia.",,,,Madrid,"Madrid, España",ok,nominatim,unknown,"Madrid, Comunidad de Madrid, España",40.416782,-3.703507,,,,,,,,,,card_only_geocoded
locales.es,madrid,venta,4,162389,venta:162389,https://www.locales.es/madrid/venta/local162389#offerType=1&estateType=3&settlement=6773,https://www.locales.es/madrid/contactar/propietario/162389,"Local comercial en Venta en Calle de Gutierre de Cetina, Pueblo Nuevo, Madrid",,,local_comercial,De inmobiliaria,373100.0,645.5,578.0,,,Local de 578 m² en Pueblo Nuevo (Madrid). Ocupado y transmitido con título inscrito. Buena conexión de metro y bus; cerca de servicios.,,,,"Calle de Gutierre de Cetina, Pueblo Nuevo, Madrid","Calle de Gutierre de Cetina, Pueblo Nuevo, Madrid, España",ok,nominatim,street_approx,"Calle de Gutierre de Cetina, Pueblo Nuevo, Ciudad Lineal, Madrid, Comunidad de Madrid, 28017, España",40.4308917,-3.6419926,8a390ca20a97fff,10.0,15050.0,15.0,Ciudad Lineal,152.0,Pueblo Nuevo,,,card_only_geocoded
locales.es,madrid,venta,4,162789,venta:162789,https://www.locales.es/madrid/venta/local162789#offerType=1&estateType=3&settlement=6773,https://www.locales.es/madrid/contactar/propietario/162789,"Local comercial en Venta en Calle de Ocaña, Aluche, Madrid",,,local_comercial,De inmobiliaria,218900.0,2167.3,101.0,,Luminoso,"Local de 101 m² en Aluche, esquina con ventanales; luz natural y reforma para vivienda. Buena inversión por ubicación y conectividad.",,,,"Calle de Ocaña, Aluche, Madrid","Calle de Ocaña, Aluche, Madrid, España",ok,nominatim,street_approx,"Calle de Ocaña, Aluche, Latina, Madrid, Comunidad de Madrid, 28047, España",40.3884168,-3.7521749,8a390cba82effff,10.0,10100.0,10.0,Latina,104.0,Aluche,,,card_only_geocoded
locales.es,madrid,venta,4,162825,venta:162825,https://www.locales.es/madrid/venta/local162825#offerType=1&estateType=3&settlement=6773,https://www.locales.es/madrid/contactar/propietario/162825,"Local comercial en Venta en Paseo de Santa María de la Cabeza, Comillas, Madrid","Local comercial en venta con 74m² en Madrid, en la zona de Comillas, Paseo de Santa María de la Cabeza",Local comercial,local_comercial,De inmobiliaria,157000.0,2121.6,74.0,1.0,Buen acceso | Alta visibilidad,"Local de 71 m² útiles en Madrid, uso multifuncional (tienda/oficina/café). Buena visibilidad y acceso cercano a metro y bus; zona de movimiento.","7466. OHKEY servicios inmobiliarios, VENDE LOCAL en fantástica zona de MADRID. Este inmueble, con 71 metros cuadrados útiles, ofrece un espacio multifuncional ideal para una variedad de negocios. Ya sea que esté buscando iniciar su propia tienda, establecer una oficina moderna o transformar el espacio en un acogedor café, este local ofrece las características necesarias para hacer realidad su visión. Gracias a su proximidad a la estación de metro y a diversas líneas de autobús, la accesibilidad es uno de los puntos fuertes de esta propiedad, Su ubicación, en una zona con movimiento constante, garantiza visibilidad y fácil acceso para sus clientes, lo que es esencial para el éxito de cualquier negocio.La zona de Comillas es conocida por su vibrante vida comunitaria y su creciente popularidad. Con una mezcla de residentes locales y turistas que frecuentan el área, existe un mercado sólido para una variedad de servicios y productos.No dudes en contactar para visitarlo al , serás atendido gustosamente por nuestros asesores. REF.7466 .",Comillas,Madrid > Comillas > Venta,"Paseo de Santa María de la Cabeza, Comillas, Madrid","Paseo de Santa María de la Cabeza, Comillas, Madrid, España",ok,nominatim,street_approx,"Paseo de Santa María de la Cabeza, Mancomunidad Inmaculada Concepción, Comillas, Carabanchel, Madrid, Comunidad de Madrid, 28019, España",40.3892518,-3.7136306,8a390ca344cffff,10.0,11019.0,11.0,Carabanchel,111.0,Comillas,2026-02-26T11:37:19+0000,2026-02-26T11:37:19+0000,ok
locales.es,madrid,venta,4,163380,venta:163380,https://www.locales.es/madrid/venta/local163380#offerType=1&estateType=3&settlement=6773,https://www.locales.es/madrid/contactar/propietario/163380,"Local comercial en Venta en Calle de Viriato, Trafalgar, Madrid",,,local_comercial,De inmobiliaria,140000.0,639.3,219.0,2.0,Sistemas de Seguridad | Cocina completamente equipada | Salida de humos | Situado a pie de calle,"219 m², 8 estancias, 2 aseos, obrador equipado, reformado, salida de humos, a pie de calle, Chamberí.",,,,"Calle de Viriato, Trafalgar, Madrid","Calle de Viriato, Trafalgar, Madrid, España",ok,nominatim,street_approx,"Calle de Viriato, Trafalgar, Chamberí, Madrid, Comunidad de Madrid, 28010, España",40.4359887,-3.703359,8a390cb195affff,10.0,7061.0,7.0,Chamberí,73.0,Trafalgar,,,card_only_geocoded
locales.es,madrid,venta,4,163383,venta:163383,https://www.locales.es/madrid/venta/local163383#offerType=1&estateType=3&settlement=6773,https://www.locales.es/madrid/contactar/propietario/163383,"Local comercial en Venta en Avenida de Asturias, Almenara, Madrid","Restaurante en venta con 600m² en Madrid, en la zona de Almenara, Avenida de Asturias",Local comercial,local_comercial,De inmobiliaria,360000.0,600.0,600.0,3.0,Sistemas de Seguridad | Cocina completamente equipada | Salida de humos | Situado a pie de calle,"Local de 600 m² en Tetuan, planta baja, cocina profesional, 6 estancias, 3 aseos, accesibilidad reducida, listo para operar junto a Plaza de Castilla.","162-01. Local en tetuan, con 600 m² construidos, 550 m² útiles, 6 estancias, 3 aseos, buen estado, exterior, planta Baja, cocina equipada, alta suministros realizada, acceso adaptado movilidad reducida, alarma, a pie de calle, salida de humoGRAN OPORTUNIDAD EN MADRID Restaurante en Pleno Funcionamiento junto a Plaza de Castilla Ubicación Estratégica Una de las zonas con mayor crecimiento de Madrid Superficie casi 600 m² Local totalmente equipado y actualmente en pleno rendimiento Cocina profesional, amplia capacidad de comensales Ideal para hosteleros que busquen un negocio consolidado y operativo desde el primer día Máxima visibilidad y tránsito constante de clientes Solicita más información o visita el local manuelinfoeurohomegmail.com +34 697 878 357 €urohome Soluciones InmobiliariasTu aliado en oportunidades únicas.",Almenara,Madrid > Almenara > Venta,"Avenida de Asturias, Almenara, Madrid","Avenida de Asturias, Almenara, Madrid, España",ok,nominatim,street_approx,"Avenida de Asturias, Almenara, Tetuán, Madrid, Comunidad de Madrid, 28029, España",40.4692123,-3.6951552,8a390cb0e6dffff,10.0,6127.0,6.0,Tetuán,64.0,Almenara,2026-03-04T09:38:35+0000,2026-03-04T09:38:36+0000,ok
locales.es,madrid,venta,4,163397,venta:163397,https://www.locales.es/madrid/venta/local163397#offerType=1&estateType=3&settlement=6773,https://www.locales.es/madrid/contactar/propietario/163397,"Local comercial en Venta en Calle del General Arrando, Almagro, Madrid","Cafetería en venta con 85m² en Madrid, en la zona de Almagro, Calle del General Arrando",Local comercial,local_comercial,De inmobiliaria,120000.0,1411.8,85.0,,Cocina completamente equipada | Salida de humos | Barra | Alta visibilidad | +1,"Local reformado de 75 m² útiles en Chamberí, funcionando, salida de humos, cocina equipada y clientela fidelizada, listo para continuar.","226-01. Local en chamberí, con 85 m² construidos, 75 m² útiles, reformado, alta suministros realizada, a pie de calle, salida de humo, seguridadTRASPASO CAFETERÍA BRUNCH EN PLENO Chamberí FUNCIONANDO75 m² útiles Salida de humos Lista para continuar actividadSe traspasa acogedora y consolidada cafetería especializada en brunch, ubicada en una de las zonas con más encanto y tránsito de Madrid.Local de aproximadamente 75 m² útiles, perfectamente distribuido y actualmente en funcionamiento, con clientela fidelizada y excelente reputación en la zona.________________________________________ Ideal para conceptoSpecialty coffeeBrunch saludableDesayunos premiumCafetería artesanalConcepto take awayMarca personal gastronómica________________________________________ Características principales75 m² muy bien aprovechadosSalida de humosLicencia en vigorCocina equipadaZona de barra y mesas acogedoraDecoración actual y ambiente modernoFuncionando actualmenteLocal con imagen cuidada y preparado para continuar actividad desde el primer día, sin necesidad de grandes inversiones. Ubicación estratégicaSituado en el distrito de Chamberí, una de las zonas más demandadas de Madrid, con alto tránsito peatonal, perfil residencial consolidado y público joven-profesional con alto consumo en restauración.Perfecto para autoempleo o para emprendedores que quieran desarrollar una marca gastronómica en una ubicación premium..",Almagro,Madrid > Almagro > Venta,"Calle del General Arrando, Almagro, Madrid","Calle del General Arrando, Almagro, Madrid, España",ok,nominatim,street_approx,"Calle del General Arrando, Almagro, Chamberí, Madrid, Comunidad de Madrid, 28010, España",40.4317303,-3.6946482,8a390cb1bb67fff,10.0,7080.0,7.0,Chamberí,74.0,Almagro,2026-03-04T09:44:38+0000,2026-03-04T09:44:38+0000,ok
locales.es,madrid,venta,4,163399,venta:163399,https://www.locales.es/madrid/traspaso-venta/local163399#offerType=1&estateType=3&settlement=6773,https://www.locales.es/madrid/contactar/propietario/163399,"Local comercial en Venta en Calle del Padre Claret, Prosperidad, Madrid","Restaurante en venta con 365m² en Madrid, en la zona de Prosperidad, Calle del Padre Claret",Local comercial,local_comercial,De inmobiliaria,180000.0,493.2,365.0,3.0,Cocina completamente equipada | Salida de humos | Terraza | Situado a pie de calle | +1,"Restaurante de 350 m² útiles en Chamartín con amplia terraza, cocina equipada, varias zonas de comedor y licencia vigente.","205-01. Local en chamartin, con 365 m² construidos, 350 m² útiles, 7 estancias, 3 aseos, buen estado, exterior, planta Baja, 1 terraza(s), cocina cocina office, alta suministros realizada, a pie de calle, salida de humo¡¡TRASPASO GRAN RESTAURANTE DE LUJO EN ZONA EMBLEMÁTICA DE CHAMARTÍN, MADRID350 m² + Amplia Terraza Ubicación Prime Oportunidad ÚnicaSe traspasa restaurante de gran tamaño en pleno distrito de Chamartín, una de las zonas más demandadas y con mayor poder adquisitivo de Madrid.Características principales 350 m² de superficie interior Amplia terraza exterior con gran capacidad Local completamente acondicionado para actividad de restauración Cocina equipada con salida de humos Salón luminoso con varias zonas de comedor Alto tránsito peatonal y vehicular Rodeado de oficinas, viviendas de nivel medio-alto y servicios Licencia en vigorIdeal paraRestaurantes, braserías, conceptos gastronómicos de nivel, franquicias o proyectos de restauración con necesidad de gran superficie y visibilidad.CondicionesTraspaso 200.000€Alquiler mensual 6.500€.",Prosperidad,Madrid > Prosperidad > Venta,"Calle del Padre Claret, Prosperidad, Madrid","Calle del Padre Claret, Prosperidad, Madrid, España",ok,nominatim,street_approx,"Calle del Padre Claret, Prosperidad, Chamartín, Madrid, Comunidad de Madrid, 28002, España",40.4506937,-3.6640493,8a390ca24167fff,10.0,5099.0,5.0,Chamartín,52.0,Prosperidad,2026-03-04T09:45:19+0000,2026-03-04T09:45:19+0000,ok
locales.es,madrid,venta,4,163400,venta:163400,https://www.locales.es/madrid/venta/local163400#offerType=1&estateType=3&settlement=6773,https://www.locales.es/madrid/contactar/propietario/163400,"Local comercial en Venta en Calle de Lagasca, Castellana, Madrid","Restaurante en venta con 260m² en Madrid, en la zona de Castellana, Calle de Lagasca",Local comercial,local_comercial,De inmobiliaria,389000.0,1496.2,260.0,3.0,Alta visibilidad | Situado a pie de calle,"Local comercial en Barrio Salamanca, Madrid: 260 m², 6 estancias, 3 aseos, reformado, exterior, planta baja, cocina office, traspaso de restaurante.","191-01. Local en barrio salamanca, con 260 m² construidos, 240 m² útiles, 6 estancias, 3 aseos, reformado, exterior, planta Baja, cocina cocina office¡TRASPASO DE RESTAURANTE DE LUJO EN ZONA INMEJORABLE DEL BARRIO SALAMANCA¡¡Excepcional oportunidad de negocio en el corazón del distrito más exclusivo de Madrid. Se traspasa local comercial de 260 m² a pie de calle, con un altísimo paso de público y rodeado de marcas de primer nivel.´ ´Una oportunidad excelente para posicionar tu marca en una ubicación prime. Para más información o para concertar una visita, no dude en contactar. Solo interesados serios.´.",Castellana,Madrid > Castellana > Venta,"Calle de Lagasca, Castellana, Madrid","Calle de Lagasca, Castellana, Madrid, España",ok,nominatim,street_approx,"Calle de Lagasca, Castellana, Salamanca, Madrid, Comunidad de Madrid, 28006, España",40.4340037,-3.6844973,8a390cb1965ffff,10.0,4119.0,4.0,Salamanca,46.0,Castellana,2026-03-04T09:45:46+0000,2026-03-04T09:45:46+0000,ok
locales.es,madrid,venta,4,163904,venta:163904,https://www.locales.es/madrid/venta/local163904#offerType=1&estateType=3&settlement=6773,https://www.locales.es/madrid/contactar/propietario/163904,"Local comercial en Venta en Pacífico, Madrid","Local comercial en venta con 80m² en Madrid, en la zona de Pacífico",Local comercial,local_comercial,De inmobiliaria,480000.0,6000.0,80.0,,Salida de humos | Terraza,Espacio diáfano de 70 m² con salida de humos y campana; terraza autorizada; apto para hostelería; zona de alto tránsito junto al Retiro.,"Inmorest Consultores, S. L. vende este magnífico local en una ubicación privilegiada, situado en la calle Menéndez Pelayo, a escasos metros del Parque del Retiro, una de las zonas con mayor tránsito peatonal y proyección comercial de Madrid. El local dispone de licencia vigente de Bar Restaurante y cuenta con un aforo interior para 28 personas, además de una terraza autorizada con 7 mesas, lo que lo convierte en una excelente oportunidad para desarrollar un negocio de hostelería en una zona consolidada. Se trata de un espacio diáfano con buena distribución, adaptable a distintos conceptos gastronómicos, que dispone de salida de humos y campana instalada. Este local representa una excelente oportunidad de inversión en una de las áreas más demandadas de la capital. No deje pasar esta ocasión única. Honorarios de agencia: 3% del valor de la venta. Para más información sobre las condiciones de la venta, contacten vía WhatsApp con Sebastián indicando la Ref. 1176 o respondiendo a este anuncio. La información incluida no es vinculante y no forma parte de ninguna oferta o contrato y puede estar sujeta a modificaciones sin previo aviso.",Pacífico,Madrid > Pacífico > Venta,"Pacífico, Madrid","Pacífico, Madrid, España",ok,nominatim,unknown,"Pacífico, Avenida de la Ciudad de Barcelona, Pacífico, Retiro, Madrid, Comunidad de Madrid, 28007, España",40.4013961,-3.6748832,,,,,,,,2026-03-09T10:19:02+0000,2026-03-09T10:19:33+0000,ok
locales.es,madrid,venta,4,163907,venta:163907,https://www.locales.es/madrid/venta/local163907#offerType=1&estateType=3&settlement=6773,https://www.locales.es/madrid/contactar/propietario/163907,"Local comercial en Venta en Calle menorca, Ibiza, Madrid","Local comercial en venta con 95m² en Madrid, en la zona de Ibiza, Calle menorca, 5",Local comercial,local_comercial,De inmobiliaria,770000.0,8105.3,95.0,,Alta visibilidad,"Local diáfano de 90 m² en Madrid, junto al Parque del Retiro, con gran fachada, doble altura y alta versatilidad de usos","Inmorest Consultores, S. L. comercializa la venta de un excelente local situado en una de las mejores ubicaciones de Madrid, a escasos metros del Parque del Retiro, en una zona consolidada, con alto tránsito peatonal y gran visibilidad. El inmueble destaca por su amplia fachada, que le proporciona una presencia comercial excepcional y una elevada capacidad de atracción, así como por su doble altura, lo que aporta una gran sensación de amplitud y permite múltiples posibilidades de distribución y aprovechamiento del espacio. Se trata de un local con gran versatilidad de uso, idóneo para diferentes actividades e industrias, tales como comercio especializado, restauración, showroom, clínicas, oficinas representativas o espacios híbridos. Su configuración diáfana permite adaptarlo fácilmente a las necesidades del futuro propietario o explotador. Este local representa una excelente oportunidad de inversión en una de las zonas más demandadas de la capital, tanto por su entorno privilegiado como por su potencial de revalorización y explotación. Condiciones: * Honorarios de agencia: 3 % del valor de la venta. Para ampliar información sobre las condiciones de la venta o concertar una visita, pueden contactar vía WhatsApp con Sebastián indicando la Ref. 1170 o respondiendo directamente a este anuncio. La información incluida no es vinculante y no forma parte de ninguna oferta o contrato, pudiendo estar sujeta a modificaciones sin previo aviso.",Ibiza,Madrid > Ibiza > Venta,"Calle menorca, Ibiza, Madrid","Calle menorca, Ibiza, Madrid, España",ok,nominatim,street_approx,"Calle de Menorca, Ibiza, Retiro, Madrid, Comunidad de Madrid, 28009, España",40.4194987,-3.6776608,8a390ca26467fff,10.0,3058.0,3.0,Retiro,34.0,Ibiza,2026-03-09T10:20:46+0000,2026-03-09T10:20:48+0000,ok
locales.es,madrid,venta,4,163939,venta:163939,https://www.locales.es/madrid/venta/local163939#offerType=1&estateType=3&settlement=6773,https://www.locales.es/madrid/contactar/propietario/163939,"Local comercial en Venta en Calle de Víctor Andrés Belaúnde, Hispanoamérica, Madrid",,,local_comercial,De inmobiliaria,499000.0,1188.1,420.0,3.0,Sistemas de Seguridad | Recepción | Cocina completamente equipada | Salida de humos | +2,"Local de 400 m² útiles en planta baja con amplia terraza, 8 estancias, 3 aseos, reformado y negocio en funcionamiento con clientela estable.",,,,"Calle de Víctor Andrés Belaúnde, Hispanoamérica, Madrid","Calle de Víctor Andrés Belaúnde, Hispanoamérica, Madrid, España",ok,nominatim,street_approx,"Calle de Víctor Andrés Belaúnde, Hispanoamérica, Chamartín, Madrid, Comunidad de Madrid, 28016, España",40.4569214,-3.6800242,8a390cb0a627fff,10.0,,,,,,,,card_only_geocoded
locales.es,madrid,venta,4,164728,venta:164728,https://www.locales.es/madrid/venta/local164728#offerType=1&estateType=3&settlement=6773,https://www.locales.es/madrid/contactar/propietario/164728,"Local comercial en Venta en Avenida de Brasil, Cuatro Caminos, Madrid","Local comercial en venta con 60m² en Madrid, en la zona de Cuatro Caminos, Avenida de Brasil",Local comercial,local_comercial,De inmobiliaria,300000.0,5000.0,60.0,1.0,Sistemas de Seguridad | Conserje | Recepción | Aire acondicionado | +4,"60 m² en planta calle, 3 estancias (recepción, sala, despacho), cocina/almacén y aseo; fachada 3 m, escaparate 2 m; A/C y portero.","AJ-02971. Look & Find Castellana presenta una excelente oportunidad de inversión: un local comercial en rentabilidad, estratégicamente ubicado en la codiciada calle Orense, a escasos metros de la Avenida General Perón y del icónico Estadio Santiago Bernabéu. El inmueble cuenta con 60 m2 a pie de calle y se distribuye en tres espacios funcionales: una zona de recepción conectada con una sala diáfana y un despacho amplio, además de una pequeña cocina/almacén y un aseo con lavabo independiente. Dispone de una fachada de 3 metros y un escaparate de 2 metros, ideal para ganar visibilidad comercial. Está equipado con aire acondicionado, y el edificio ofrece portero físico y calefacción central. El local se encuentra actualmente alquilado, generando una excelente rentabilidad, lo que lo convierte en una inversión segura y atractiva en una de las zonas más exclusivas y activas de Madrid. La comunicación es inmejorable: a pocos pasos se encuentra la estación de metro Santiago Bernabéu (Línea 10), y muy cerca, Nuevos Ministerios, con acceso a las líneas 6 y 8 de metro, además de Cercanías y trenes de Renfe, lo que garantiza una conexión rápida con cualquier punto de la ciudad. No dejes escapar esta oportunidad única de inversión en pleno corazón financiero y comercial de Madrid..",Cuatro Caminos,Madrid > Cuatro Caminos > Venta,"Avenida de Brasil, Cuatro Caminos, Madrid","Avenida de Brasil, Cuatro Caminos, Madrid, España",ok,nominatim,unknown,"Avenida de Brasil, Cuatro Caminos, Tetuán, Madrid, Comunidad de Madrid, España",40.4558702,-3.6935068,,,,,,,,2026-03-16T15:43:33+0000,2026-03-16T15:43:34+0000,ok
locales.es,madrid,venta,4,167075,venta:167075,https://www.locales.es/madrid/venta/local167075#offerType=1&estateType=3&settlement=6773,https://www.locales.es/madrid/contactar/propietario/167075,Local comercial en Venta en Madrid,,,local_comercial,De inmobiliaria,125000.0,1984.1,,1.0,Buen acceso,"63 m² en planta baja, 3 estancias, cocina independiente y baño. Ideal para inversión o uso polivalente; cercano a A-42 y Pan Bendito.",,,,Madrid,"Madrid, España",ok,nominatim,unknown,"Madrid, Comunidad de Madrid, España",40.416782,-3.703507,,,,,,,,,,card_only_geocoded
locales.es,madrid,venta,4,167630,venta:167630,https://www.locales.es/madrid/venta/local167630#offerType=1&estateType=3&settlement=6773,https://www.locales.es/madrid/contactar/propietario/167630,"Local comercial en Venta en Calle del Romancero Gitano, Villaverde Alto, Madrid",,,local_comercial,De inmobiliaria,600000.0,857.1,700.0,2.0,,"Dos locales de hostelería de comida latina, en una planta, en pleno funcionamiento y con salida a varias calles, 700 m².",,,,"Calle del Romancero Gitano, Villaverde Alto, Madrid","Calle del Romancero Gitano, Villaverde Alto, Madrid, España",not_found,nominatim,,,,,,,,,,,,,,reused_snapshot
locales.es,madrid,venta,4,168408,venta:168408,https://www.locales.es/madrid/venta/local168408#offerType=1&estateType=3&settlement=6773,https://www.locales.es/madrid/contactar/propietario/168408,"Local comercial en Venta en Calle de Alzina, Buenavista, Madrid",,,local_comercial,De inmobiliaria,270000.0,2045.5,132.0,1.0,Persiana metálica | Puerta abatible,"Local/nave 132 m² en una planta, doble entrada para carruajes. Carabanchel Alto, cerca metro La Peseta e Islazul.",,,,"Calle de Alzina, Buenavista, Madrid","Calle de Alzina, Buenavista, Madrid, España",ok,nominatim,street_approx,"Calle de Alzina, Buenavista, Carabanchel, Madrid, Comunidad de Madrid, 28044, España",40.3679878,-3.7563776,8a390cbab51ffff,10.0,11152.0,11.0,Carabanchel,116.0,Buenavista,,,card_only_geocoded
locales.es,madrid,venta,4,168499,venta:168499,https://www.locales.es/madrid/venta/local168499#offerType=1&estateType=3&settlement=6773,https://www.locales.es/madrid/contactar/propietario/168499,"Local comercial en Venta en plaza bami, Ventas, Madrid",,,local_comercial,De inmobiliaria,335000.0,2147.4,156.0,1.0,,"Local en Madrid de 208 m² para reformar; 92 m² vivienda y 123 m² almacén; admite negocio, vivienda o espacio polivalente.",,,,"plaza bami, Ventas, Madrid","plaza bami, Ventas, Madrid, España",ok,nominatim,street_approx,"Plaza de Bami, La Elipa, Ventas, Ciudad Lineal, Madrid, Comunidad de Madrid, 28017, España",40.4307265,-3.6548395,8a390ca20c77fff,10.0,15034.0,15.0,Ciudad Lineal,1.0,Ventas,,,card_only_geocoded
locales.es,madrid,venta,4,168654,venta:168654,https://www.locales.es/madrid/venta/local168654#offerType=1&estateType=3&settlement=6773,https://www.locales.es/madrid/contactar/propietario/168654,"Local comercial en Venta en Calle de Víctor Andrés Belaúnde, Hispanoamérica, Madrid",,,local_comercial,De inmobiliaria,2499000.0,5950.0,420.0,2.0,Sistemas de Seguridad | Salida de humos | Terraza | Situado a pie de calle,"Local de 420 m², 390 útiles, planta baja, 9 estancias, 2 aseos, exterior, terraza, salida de humo y alarma.",,,,"Calle de Víctor Andrés Belaúnde, Hispanoamérica, Madrid","Calle de Víctor Andrés Belaúnde, Hispanoamérica, Madrid, España",ok,nominatim,street_approx,"Calle de Víctor Andrés Belaúnde, Hispanoamérica, Chamartín, Madrid, Comunidad de Madrid, 28016, España",40.4569214,-3.6800242,8a390cb0a627fff,10.0,,,,,,,,card_only_geocoded
locales.es,madrid,venta,4,169506,venta:169506,https://www.locales.es/madrid/venta/local169506#offerType=1&estateType=3&settlement=6773,https://www.locales.es/madrid/contactar/propietario/169506,"Local comercial en Venta en Cortes, Madrid",,,local_comercial,De inmobiliaria,2000000.0,9090.9,220.0,2.0,Salida de humos | Situado a pie de calle | Luminoso,"Zona ZPAE, 220 m², doble acceso, actividad hostelería/espectáculo con salida de humos; alto tránsito nocturno.",,,,"Cortes, Madrid","Cortes, Madrid, España",ok,nominatim,zone_approx,"Cortes, Centro, Madrid, Comunidad de Madrid, 28014, España",40.4147791,-3.6975842,,,,,,,,,,card_only_geocoded
locales.es,madrid,venta,4,169618,venta:169618,https://www.locales.es/madrid/venta/local169618#offerType=1&estateType=3&settlement=6773,https://www.locales.es/madrid/contactar/propietario/169618,"Local comercial en Venta en Calle de la Oca, Vista Alegre, Madrid",,,local_comercial,De inmobiliaria,170000.0,1416.7,120.0,1.0,Patio,Local diáfano en calle Halcón: baño y patio interior; opción de cambio a vivienda exterior (40 m² útiles). Cerca metro,,,,"Calle de la Oca, Vista Alegre, Madrid","Calle de la Oca, Vista Alegre, Madrid, España",ok,nominatim,street_approx,"Calle de la Oca, Vista Alegre, Carabanchel, Madrid, Comunidad de Madrid, 28025, España",40.3882319,-3.7431651,8a390cba9457fff,10.0,11086,11,Carabanchel,004,Vista Alegre,,,card_only_geocoded
locales.es,madrid,venta,4,169651,venta:169651,https://www.locales.es/madrid/venta/local169651#offerType=1&estateType=3&settlement=6773,https://www.locales.es/madrid/contactar/propietario/169651,"Local comercial en Venta en Calle de Luis Mitjans, Adelfas, Madrid",,,local_comercial,De inmobiliaria,150000.0,5357.1,28.0,1.0,Buen acceso | Alta visibilidad | Situado a pie de calle | Luminoso,"28 m² en planta baja, acceso directo desde la calle, 2 estancias y aseo; zona concurrida con alto tránsito peatonal.",,,,"Calle de Luis Mitjans, Adelfas, Madrid","Calle de Luis Mitjans, Adelfas, Madrid, España",not_found,nominatim,,,,,,,,,,,,,,reused_snapshot
locales.es,madrid,venta,4,169678,venta:169678,https://www.locales.es/madrid/venta/local169678#offerType=1&estateType=3&settlement=6773,https://www.locales.es/madrid/contactar/propietario/169678,"Local comercial en Venta en Calle de la Veza, Valdeacederas, Madrid",,,local_comercial,De inmobiliaria,179999.0,3272.7,55.0,1.0,Patio | Persiana metálica | Recepción | Aire acondicionado | +2,"55 m² a pie de calle, reformado y luminoso; patio interior, baño y preinst. aire, listo para actividad; con inquilino.",,,,"Calle de la Veza, Valdeacederas, Madrid","Calle de la Veza, Valdeacederas, Madrid, España",ok,nominatim,street_approx,"Calle de la Veza, Valdeacederas, Tetuán, Madrid, Comunidad de Madrid, 28029, España",40.465854,-3.6968755,8a390cb0ad1ffff,10.0,6091.0,6.0,Tetuán,65.0,Valdeacederas,,,card_only_geocoded
locales.es,madrid,venta,4,169683,venta:169683,https://www.locales.es/madrid/venta/local169683#offerType=1&estateType=3&settlement=6773,https://www.locales.es/madrid/contactar/propietario/169683,"Local comercial en Venta en Calle del Olivo, Aravaca, Madrid",,,local_comercial,De inmobiliaria,150000.0,3571.4,42.0,2.0,Aire acondicionado | Almacén | Alta visibilidad | Situado a pie de calle | +1,"42 m², exterior con puerta y ventana a calle, diáfano + habitación con baño en suite; aire frío/calor, sin gastos comunidad.",,,,"Calle del Olivo, Aravaca, Madrid","Calle del Olivo, Aravaca, Madrid, España",ok,nominatim,street_approx,"Calle del Olivo, Aravaca, Moncloa-Aravaca, Madrid, Comunidad de Madrid, 28023, España",40.4587258,-3.7813718,8a390cb156f7fff,10.0,9076.0,9.0,Moncloa - Aravaca,97.0,Aravaca,,,card_only_geocoded
locales.es,madrid,venta,4,169797,venta:169797,https://www.locales.es/madrid/venta/local169797#offerType=1&estateType=3&settlement=6773,https://www.locales.es/madrid/contactar/propietario/169797,"Local comercial en Venta en Avenida de Francisco Pi y Margall, Valdefuentes, Madrid",,,local_comercial,De inmobiliaria,375000.0,4166.7,90.0,2.0,Cocina completamente equipada | Salida de humos,"Bar restaurante en actividad con más de 20 años, equipado (salida de humos, cocina y máquina de juegos).",,,,"Avenida de Francisco Pi y Margall, Valdefuentes, Madrid","Avenida de Francisco Pi y Margall, Valdefuentes, Madrid, España",ok,nominatim,street_approx,"Avenida de Francisco Pi y Margall, Valdefuentes, Hortaleza, Madrid, Comunidad de Madrid, 28033, España",40.4853087,-3.6458298,8a390cb090d7fff,10.0,16109.0,16.0,Hortaleza,166.0,Valdefuentes,,,card_only_geocoded
locales.es,madrid,venta,4,170116,venta:170116,https://www.locales.es/madrid/venta/local170116#offerType=1&estateType=3&settlement=6773,https://www.locales.es/madrid/contactar/propietario/170116,"Local comercial en Venta en Calle de Don Quijote, Cuatro Caminos, Madrid",,,local_comercial,De inmobiliaria,80000.0,2963.0,27.0,1.0,,"27 m² en dos plantas; actualmente vivienda, requiere reforma integral; diáfano superior y distribución con baño y cocina.",,,,"Calle de Don Quijote, Cuatro Caminos, Madrid","Calle de Don Quijote, Cuatro Caminos, Madrid, España",ok,nominatim,street_approx,"Calle de Don Quijote, Cuatro Caminos, Tetuán, Madrid, Comunidad de Madrid, 28020, España",40.449611,-3.6990651,8a390cb1998ffff,10.0,6037.0,6.0,Tetuan,2.0,Cuatro Caminos,,,card_only_geocoded
locales.es,madrid,venta,4,170269,venta:170269,https://www.locales.es/madrid/venta/local170269#offerType=1&estateType=3&settlement=6773,https://www.locales.es/madrid/contactar/propietario/170269,"Local comercial en Venta en Plaza de Canalejas, Sol, Madrid",,,local_comercial,De inmobiliaria,570000.0,3257.1,175.0,2.0,Situado a pie de calle,"Local 175 m² en Lavapiés-Embajadores: licencia galería de arte activa, 100 m² calle + entreplanta y sótano; 6 m techos.",,,,"Plaza de Canalejas, Sol, Madrid","Plaza de Canalejas, Sol, Madrid, España",ok,nominatim,unknown,"Plaza de Canalejas, Sol, Centro, Madrid, Comunidad de Madrid, 28014, España",40.4166242,-3.7004633,,,,,,,,,,card_only_geocoded
locales.es,madrid,venta,4,170438,venta:170438,https://www.locales.es/madrid/venta/local170438#offerType=1&estateType=3&settlement=6773,https://www.locales.es/madrid/contactar/propietario/170438,"Local comercial en Venta en Avenida del Manzanares, Moscardó, Madrid",,,local_comercial,De inmobiliaria,235000.0,3219.2,73.0,2.0,Cocina completamente equipada | Aire acondicionado | Situado a pie de calle,"Local semisótano rehabilitado con sala de juntas, 2 despachos, 2 baños, aire acondicionado y accesos junto a jardín.",,,,"Avenida del Manzanares, Moscardó, Madrid","Avenida del Manzanares, Moscardó, Madrid, España",ok,nominatim,street_approx,"Avenida del Manzanares, Moscardó, Usera, Madrid, Comunidad de Madrid, 28026, España",40.3918951,-3.7014875,8a390ca3464ffff,10.0,12053.0,12.0,Usera,125.0,Moscardó,,,card_only_geocoded
locales.es,madrid,venta,5,157955,venta:157955,https://www.locales.es/madrid/venta/local157955#offerType=1&estateType=3&settlement=6773,https://www.locales.es/madrid/contactar/propietario/157955,Local comercial en Venta en Madrid,Local comercial en venta con 344m² en Madrid,Local comercial,local_comercial,De inmobiliaria,11500000.0,33430.2,344.0,,Terraza,"Edificio de 1920 en buen estado: local comercial 344 m², 7 plantas (15 viviendas, 2 trasteros). Cerca metro Velázquez, Príncipe de Vergara y Goya","63245. Oi Realtor presenta edificio en venta ubicado en el barrio Goya del distrito de Salamanca, Madrid.Los detalles del edificio en venta en MadridEl Edificio en venta se encuentra en buen estado de conservación, data de 1920. Cuenta con 7 plantas compuestas por:UN (1) Local Comercial.DOS (2) Trasteros.QUINCE (15) Viviendas.Rentabilidad aproximada mensual 14.636,00 €Condiciones Urbanísticas de la edificación:Normativa: NZ 1 Grado 3°.Nivel: Nivel B.Uso y Topología Característica: Residencial Norma Zonal 1El entornoEl distrito de Salamanca es uno de los 21 distritos que forman el municipio de Madrid (España). Debe su nombre a su constructor, el malagueño José de Salamanca y Mayol, Marqués de Salamanca, que lo promovió y erigió en parte en el siglo XIX. Se ha convertido en una de las más importantes zonas comerciales de la ciudad y uno de los barrios de mayor nivel de vida de Europa con la mayor zona de compra de lujo de Madrid en torno a las calles Serrano, Claudio Coello y Ortega y Gasset. Tiene una población de 147.707 habitantes según censo del INE de 2008. Estación de metro Velásquez a 230 metros (3min). La estación Príncipe de Vergara a unos 6 min (500m) y la estación de metro Goya a 550 metros, a unos escasos 7 minutos. Muy cerca se encuentra el Paseo de la Castellana..",,Madrid > Venta,Madrid,"Madrid, España",ok,nominatim,unknown,"Madrid, Comunidad de Madrid, España",40.416782,-3.703507,,,,,,,,2026-02-20T19:52:53+0000,2026-02-20T19:54:53+0000,ok
locales.es,madrid,venta,5,157958,venta:157958,https://www.locales.es/madrid/venta/local157958#offerType=1&estateType=3&settlement=6773,https://www.locales.es/madrid/contactar/propietario/157958,Local comercial en Venta en Madrid,Local comercial en venta con 2800m² en Madrid,Local comercial,local_comercial,De inmobiliaria,16000000.0,5714.3,2800.0,,Vistas | Aire acondicionado | Almacén | Ascensor | +2,"2.800 m² en Chamberí. Proyecto: 16 viviendas y áticos, 3 locales a calle, parking robotizado 60 plazas; cerca metro Quevedo.","63207. Oi Realtor presenta en exclusiva para los grandes inversionistas excelente edificio de alto valor histórico y arquitectónico, con fachada y escalera protegidas en el Distrito de Chamberí, Madrid.Los detalles del edificio en venta en MadridEdificio en venta con alta posibilidad de reforma, el mismo aumenta su volumen al interior gracias a una nueva planta que alberga viviendas, áticos y terrazas con magníficas vistas, conservando la fachada de gran valor arquitectónico y desplazando la escalera de lugar.Actualmente están proyectadas 16 viviendas de 1 y 2 dormitorios, ambos exteriores y con vistas a un interesante patio-jardín trasero, que dota de iluminación y ventilación natural todas las escaleras. Tambien se proyectan áticos con grandes terrazas y muy buenas vistas sobre el skyline madrileño.Cada vivienda con posibilidad de tener un salón comedor, una cocina independiente, despensa, dos dormitorios en suite con baño, vestidor, un cuarto de aseo y un trastero. Cada una de acuerdo a lo reflejado en los planos.Todas las viviendas dispondrán de trastero en planta sótano y zona comunitaria para usos múltiples, así como terraza común en la azotea del edificio.El área comercial permite tres (3) locales en planta baja con fachada a calle comercial importante ademas de salida a patio jardín común y dos (2) oficinas loft diáfanas al interior de la parcela.Cuenta con aparcamiento robotizado distribuido en 4 niveles, albergando 60 plazas.Su entorno.Se encuentra perfectamente ubicado en pleno centro del Distrito de Chamberí en Madrid, zona muy bien comunicada con transporte y demás vías, se encuentra próximo a la Glorieta de Quevedo, a la estación de metro Quevedo y parada de bus Fuencarral-Gta. Quevedo. Adicionalmente cuenta en sus cercanías con hospitales, clínicas, mercados, supermercados, tiendas como El Corte Inglés e infinidades de lugares para turistas y residentes..",,Madrid > Venta,Madrid,"Madrid, España",ok,nominatim,unknown,"Madrid, Comunidad de Madrid, España",40.416782,-3.703507,,,,,,,,2026-02-20T19:58:19+0000,2026-02-20T20:00:32+0000,ok
locales.es,madrid,venta,5,157959,venta:157959,https://www.locales.es/madrid/venta/local157959#offerType=1&estateType=3&settlement=6773,https://www.locales.es/madrid/contactar/propietario/157959,Local comercial en Venta en Madrid,Local comercial en venta con 1752m² en Madrid,Local comercial,local_comercial,De inmobiliaria,8900000.0,5079.9,1752.0,,,"Edificio sin división horizontal, 1.752 m², 45 aptos turísticos en explotación con licencias y contratos vigentes; céntrico y bien comunicado.","63206. Oi Realtor presenta en exclusiva Edificio de uso Turístico en rentabilidad, de 1.752 m² .Ubicado en el distrito Centro en el barrio Cortes (Huertas) de la ciudad de Madrid. Edificio sin división horizontal y con licencia de uso turístico en el barrio de las Cortes de Madrid. Cuenta con cuarenta y cinco (45) apartamentos pequeños, todos en explotación turística, con licencia de viviendas turísticas y contratos hasta 2026 mínimo con las explotadoras.El EntornoUbicado en el barrio Cortes del distrito Centro de Madrid. Es un distrito muy bien comunicado por transporte público, como metro y rutas de buses. También tiene fácil acceso a principales vías y acceso a todo tipo de servicios. El distrito Centro es un distrito administrativo de la ciudad española de Madrid, subdividido en los barrios de Palacio, Embajadores, Cortes, Justicia, Universidad y Sol. Tiene una superficie de 5,23 km² y una población aproximada de 149.718 habitantes. Cortes, debe su nombre oficial a que dentro de este barrio se encuentra el Congreso de los Diputados, cámara baja de las Cortes Generales de España. El sobrenombre, más popular entre la población, se debe a las \""huertas del prado\"" que había en el siglo XVII en el actual paseo del Prado, que también dan nombre a la principal calle del barrio: la calle de las Huertas..",,Madrid > Venta,Madrid,"Madrid, España",ok,nominatim,unknown,"Madrid, Comunidad de Madrid, España",40.416782,-3.703507,,,,,,,,2026-02-20T20:00:32+0000,2026-02-20T20:02:09+0000,ok
locales.es,madrid,venta,5,157960,venta:157960,https://www.locales.es/madrid/venta/local157960#offerType=1&estateType=3&settlement=6773,https://www.locales.es/madrid/contactar/propietario/157960,Local comercial en Venta en Madrid,Local comercial en venta con 1458m² en Madrid,Local comercial,local_comercial,De inmobiliaria,8950000.0,6138.5,1458.0,,,"1.458 m². En uso como clínica. Usos: colegio, clínica, residencia. Edificabilidad ampliable +20%; jardín con protección reducida.","63205. Oi Realtor presenta en exclusiva edificio en venta, funcionando actualmente como clínica y ubicado en Ciudad Lineal, Madrid. Construcción de 1.458 m²​. El jardín tiene un nivel de protección que se ha debido bajar de 2 a 3 para hacer en su día unas obras de ampliación.Edificabilidad actual, y tras realizar la consulta en Gerencia y Urbanismo se puede aumentar en un 20% más.Usos: Colegio, Clínica, ResidenciaPrecio de venta del edificio: 8.950.000 € + 3% de honorarios.",,Madrid > Venta,Madrid,"Madrid, España",ok,nominatim,unknown,"Madrid, Comunidad de Madrid, España",40.416782,-3.703507,,,,,,,,2026-02-20T20:02:09+0000,2026-02-20T20:04:01+0000,ok
locales.es,madrid,venta,5,157961,venta:157961,https://www.locales.es/madrid/venta/local157961#offerType=1&estateType=3&settlement=6773,https://www.locales.es/madrid/contactar/propietario/157961,Local comercial en Venta en Madrid,Local comercial en venta con 2500m² en Madrid,Local comercial,local_comercial,De inmobiliaria,9000000.0,3600.0,2500.0,,Almacén | Ascensor,"Edificio 2.370 m², 9 plantas y 2 sótanos; licencia de oficinas; local de alta rentabilidad; céntrico y bien comunicado.","63198. Oi Realtor presenta en exclusiva, gran oportunidad de inversión, un edificio en venta en una de las mejores zonas de la hermosa ciudad de Madrid.Los detalles del edificio en venta en MadridSe trata de un edificio en venta con superficie de 2,370 m².- El edificio cuenta con licencia de oficinas- Nueve (9) plantas.- Dos (2) sotanos.- Local en alta rentabilidad. MadridEdificio con ubicación inmejorable, en una de las mejores zonas del centro de Madrid, muy bien comunicado de transporte publico, comercio en general, supermercados, centros comerciales, urbanización tranquila y concurrida, turismo, y sitios de interés para toda la familia..",,Madrid > Venta,Madrid,"Madrid, España",ok,nominatim,unknown,"Madrid, Comunidad de Madrid, España",40.416782,-3.703507,,,,,,,,2026-02-20T20:04:01+0000,2026-02-20T20:05:36+0000,ok
locales.es,madrid,venta,5,157962,venta:157962,https://www.locales.es/madrid/venta/local157962#offerType=1&estateType=3&settlement=6773,https://www.locales.es/madrid/contactar/propietario/157962,Local comercial en Venta en Madrid,Local comercial en venta con 369m² en Madrid,Local comercial,local_comercial,De inmobiliaria,550000.0,1490.5,369.0,3.0,Patio | Situado a pie de calle | Luminoso,369 m² (179 m² planta calle con acceso y zona ajardinada + 190 m² sótano). Uso comercial u oficina. A 240 m de metro Pirámides y Cercanías.,"63195. Oi Realtor presenta en exclusiva, local en venta de 369 m2, ubicado en Las Acacias, Madrid.Los detalles del local en venta en MadridSe trata de un local en venta el cual puede ser usado como oficina o también a nivel comercial, cuenta con entrada directa desde la calle, para realizar cualquier tipo de actividad profesional. Tiene una superficie de 369m2 distribuidos en dos (2) plantas, la primera planta tiene una superficie de 179 m2, con acceso directo desde la calle donde entra muchísima luz, además posee una zona ajardinada; adicionalmente posee una planta sótano con una superficie de 190 m2. Opción de plazas de garaje no incluidas en el precio.El entornoSu ubicación es estupenda, en pleno barrio de Acacias, distrito de Arganzuela. Cercano a Puerta de Toledo y a Madrid Río. Una zona con mucho ocio.Se encuentra a 240 metros a pie de la estación de metro de Pirámides (L5) y Cercanías Renfe (C1/C7 y C10), y diferentes líneas de autobuses..",,Madrid > Venta,Madrid,"Madrid, España",ok,nominatim,unknown,"Madrid, Comunidad de Madrid, España",40.416782,-3.703507,,,,,,,,2026-02-20T20:05:36+0000,2026-02-20T20:07:13+0000,ok
locales.es,madrid,venta,5,157963,venta:157963,https://www.locales.es/madrid/venta/local157963#offerType=1&estateType=3&settlement=6773,https://www.locales.es/madrid/contactar/propietario/157963,Local comercial en Venta en Madrid,Local comercial en venta con 2036m² en Madrid,Local comercial,local_comercial,De inmobiliaria,12000000.0,5893.9,2036.0,,Aire acondicionado | Ascensor | Terraza,"Edificio rehabilitado 2.036 m²; 12 viviendas y 2 locales; ascensor; vacío; cerca metro Ibiza/O'Donnell, Retiro y Hospital Gregorio Marañón.","63194. Oi Realtor presenta en exclusiva, magnifico edificio residencial en venta 2036 mt2 en Ibiza, Madrid.Los detalles del edificio en venta en MadridSe trata de un edificio en venta de 2036 mt2 de superficie construida; Esta distribuido en:Doce (12) viviendasDos (02) locales comerciales La finca esta rehabilitada Posee ascensor. El edificio se vende vacío y sin inquilinos. El entorno: IBIZAEl barrio de se encuentra limitado por la calle O`Donnell por el norte, la avenida Menéndez Pelayo por el oeste, La calle Doctor Esquerdo por el por el este y la calle Doce de Octubre por el sur. Podremos encontrar a escasos metros el Retiro y de la Gran Via Madrileña, cuenta con trasporte publico cercano por ejemplo la parada de metro Ibiza y O`Donnell, esta a solo un minuto del Hospital General Universitario Gregorio Marañón, además de estar rodeado de los principales atractivos turísticos de la capital. .",,Madrid > Venta,Madrid,"Madrid, España",ok,nominatim,unknown,"Madrid, Comunidad de Madrid, España",40.416782,-3.703507,,,,,,,,2026-02-20T20:07:13+0000,2026-02-20T20:08:53+0000,ok
locales.es,madrid,venta,5,157964,venta:157964,https://www.locales.es/madrid/venta/local157964#offerType=1&estateType=3&settlement=6773,https://www.locales.es/madrid/contactar/propietario/157964,Local comercial en Venta en Madrid,Local comercial en venta con 1078m² en Madrid,Local comercial,local_comercial,De inmobiliaria,3200000.0,2968.5,1078.0,,Almacén | Ascensor,"Edificio de 1.078 m², 6 plantas, 10 viviendas exteriores con plaza de garaje y trastero. Entrega vacío. Cercano a Metro Parque de las Avenidas y M-30.","63191. Oi Realtor presenta en exclusiva, gran oportunidad de inversión; un edificio de oficinas para ser transformado a residencial. Los detalles del edificio en venta en MadridSe trata de un edificio en venta de 1.078mt2 de superficie construida; distribuido en:Seis (06) plantas.Diez (10) viviendas exteriores, con plaza de garaje y trastero. Se entrega vacío.SalamancaLas grandes avenidas del siglo XIX del glamuroso barrio de Salamanca están llenas de restaurantes de alta cocina y boutiques de diseñadores, especialmente en la \""Milla de Oro\"". Los lugareños más refinados frecuentan Platea Madrid, un exclusivo mercado gourmet ubicado en un antiguo teatro. Excelentes comunicaciones, metro estación Parque de las Avenidas, autobús y acceso por la M-30..",,Madrid > Venta,Madrid,"Madrid, España",ok,nominatim,unknown,"Madrid, Comunidad de Madrid, España",40.416782,-3.703507,,,,,,,,2026-02-20T20:08:53+0000,2026-02-20T20:10:26+0000,ok
locales.es,madrid,venta,5,157965,venta:157965,https://www.locales.es/madrid/venta/local157965#offerType=1&estateType=3&settlement=6773,https://www.locales.es/madrid/contactar/propietario/157965,Local comercial en Venta en Madrid,Local comercial en venta en Madrid,Local comercial,local_comercial,De inmobiliaria,1900000.0,,,,Terraza,"4 plantas + ático: 5 aptos (2×1h, 2×2h, ático 1h con terraza). Licencias turísticas independientes. Uso actual como alojamiento turístico.","63142. Oi Realtor presenta en exclusiva, gran oportunidad de inversión, un edificio de apartamentos con licencia turística en Tetuán, Madrid. Los detalles del edificio residencial en venta en MadridSe trata de un edificio en venta distribuido en cuatro (4) plantas: Planta baja con dos (2) apartamentos de una (1) habitación. Planta 1ª con un (1) apartamento de dos (2) habitaciones. Planta 2ª con un (1) apartamento de dos (2) habitaciones. Planta Ático con un (1) apartamento de una (1) habitación y una (1) terraza.Es una sola finca con segregación física en los cinco (5) apartamentos previamente indicados, además estos poseen licencia turística independiente, otorgadas por la comunidad de Madrid.El uso actual de la finca es de un hospedaje en apartamentos turísticos de manera completa. Tetuán Ubicación ideal, ya que la finca esta situada en el castizo un barrio de Tetuán muy cerca de transporte publico situado en Plaza Castilla, también se encuentra a solo pocos minutos de la arteria principal de Madrid, que sería el paseo de la Castellana y muy cerca del centro de negocios y del nuevo Skyline de Madrid, compuesto por las cuatro torres. Por otro lado, se encuentra a unos 60 m de la estación de metro Tetuán, que recorre casi de norte a sur la ciudad de Madrid, pasando directamente por la puerta del sol. Esta situado en una zona con gran cantidad de comercios de todo tipo..",,Madrid > Venta,Madrid,"Madrid, España",ok,nominatim,unknown,"Madrid, Comunidad de Madrid, España",40.416782,-3.703507,,,,,,,,2026-02-20T20:10:26+0000,2026-02-20T20:12:00+0000,ok
locales.es,madrid,venta,5,157966,venta:157966,https://www.locales.es/madrid/venta/local157966#offerType=1&estateType=3&settlement=6773,https://www.locales.es/madrid/contactar/propietario/157966,Local comercial en Venta en Madrid,Local comercial en venta con 7800m² en Madrid,Local comercial,local_comercial,De inmobiliaria,51000000.0,6538.5,7800.0,,Ascensor | Terraza,"7.000 m² (1.400 m² gráfica); 9 plantas + 3 sótanos; uso residencial/oficinas; 2 locales, garaje y zonas verdes; aislamiento inteligente; ITE favorable","63134. Oi Realtor presenta en exclusiva excelente oportunidad de invertir en un magnifico Edificio construido en el 2012 practicamente nuevo en el Distrito de Salamanca, Madrid.Los detallesSe trata de un edificio en venta, construido en el 2012 de forma rectangular, con las siguientes dimensiones generales de linderos:Superficie gráfica: 1.400m2Superficie construida: 7.000m2Clase: Urbano: Uso principal: residencialGrado de protección: No aplicaI.T.E: FavorableEl edificio en venta consta de 9 plantas más tres sótanos con uso de garaje. Los apartamentos son convertibles a suites de lujo. Es un edificio inteligente con aislamiento total.1ª Edificio residencial2ª edificio pequeño de oficinasDOS (2) locales comercialesEn conjunto se ha logrado un edificio único compuesto de lujosas viviendas, exclusivos locales, un magnifico garaje con espectaculares zonas verdes.Sin duda, este edificio destaca por su diseño de vanguardia con altas calidades en materiales y acabado.Sin dejar de mencionar que ofrece alta rentabilidad.El entornoMuy bien ubicado en zona con mucha demanda, además bien comunicado por transporte y cuenta con todo tipo de servicio a su alrededor.Junto con el paseo del Prado y el paseo de Recoletos, la Castellana forma un eje viario fundamental que atraviesa Madrid de norte a sur. Está prevista su prolongación hacia el norte por Fuencarral, dentro de un proyecto urbanístico conocido como “Operación Chamartín”..",,Madrid > Venta,Madrid,"Madrid, España",ok,nominatim,unknown,"Madrid, Comunidad de Madrid, España",40.416782,-3.703507,,,,,,,,2026-02-20T20:12:00+0000,2026-02-20T20:14:01+0000,ok
locales.es,madrid,venta,5,157967,venta:157967,https://www.locales.es/madrid/venta/local157967#offerType=1&estateType=3&settlement=6773,https://www.locales.es/madrid/contactar/propietario/157967,Local comercial en Venta en Madrid,,,local_comercial,De inmobiliaria,6890000.0,,,,Aire acondicionado | Puerta de seguridad,"Edificio histórico (s.1700) reformado entregado 2021; local comercial en centro de Madrid, cercano a metro y autobuses.",,,,Madrid,"Madrid, España",ok,nominatim,unknown,"Madrid, Comunidad de Madrid, España",40.416782,-3.703507,,,,,,,,,,card_only_geocoded
locales.es,madrid,venta,5,157987,venta:157987,https://www.locales.es/madrid/venta/local157987#offerType=1&estateType=3&settlement=6773,https://www.locales.es/madrid/contactar/propietario/157987,Local comercial en Venta en Madrid,Local comercial en venta con 53m² en Madrid,Local comercial,local_comercial,De inmobiliaria,162000.0,3056.6,53.0,1.0,,"53 m², 2 accesos independientes, techos altos, convertible a vivienda. Situado en El Rastro, próximo a Metro Puerta de Toledo, Universidad y La Latina.","256. EMBLEMA SERVICIOS INMOBILIARIOS promociona en venta LOCAL COMERCIAL . Situado en el corazón de El Rastro; lugar de residencias para estudiantes, debido a la cercanía de la Universidad Carlos III - Puerta De Toledo Campus y elegido, también, por el turismo nacional e internacional para pernoctar y conocer el Madrid más castizo. Próximo al Metro Puerta De Toledo, al Teatro La Latina, a la Plaza Mayor y a Madrid Río. Zona inmejorable.Local comercial, se puede convertir en vivienda , de 53 M2 con 2 accesos independientes, desde la calle y por el portal,techos altos,con grandes posibilidades Para más información no duden en ponerse en contacto con nosotros, en los teléfonos: o .Nuestro horario de atención al cliente es de 9:30h a 14:00h y de 17:00h a 20:30h..",,Madrid > Venta,Madrid,"Madrid, España",ok,nominatim,unknown,"Madrid, Comunidad de Madrid, España",40.416782,-3.703507,,,,,,,,2026-02-20T20:42:59+0000,2026-02-20T20:44:21+0000,ok
locales.es,madrid,venta,5,158003,venta:158003,https://www.locales.es/madrid/venta/local158003#offerType=1&estateType=3&settlement=6773,https://www.locales.es/madrid/contactar/propietario/158003,Local comercial en Venta en Madrid,Bar en venta con 125m² en Madrid,Local comercial,local_comercial,De inmobiliaria,229000.0,1832.0,125.0,,Salida de humos | Alta visibilidad,Local 125 m² en Calle Puerto de Canfranc; licencia de bar y salida de humos; fachada 9 m; alta afluencia; a menos de 5 min de Av. Albufera.,"2682. Local amplio en calle Puerto de Canfranc. Tiene licencia de Bar y salida de humos. Fachada de 9 metros Inmejorable situación, calle muy comercial de mucho paso, bar muy visible y conocido. A menos de cinco minutos Avenida Albufera..",,Madrid > Venta,Madrid,"Madrid, España",ok,nominatim,unknown,"Madrid, Comunidad de Madrid, España",40.416782,-3.703507,,,,,,,,2026-02-20T21:05:37+0000,2026-02-20T21:07:21+0000,ok
locales.es,madrid,venta,5,158061,venta:158061,https://www.locales.es/madrid/venta/local158061#offerType=1&estateType=3&settlement=6773,https://www.locales.es/madrid/contactar/propietario/158061,Local comercial en Venta en Madrid,Local comercial en venta en Madrid,Local comercial,local_comercial,De inmobiliaria,80000.0,2352.9,,,Patio,"Dos locales (34 y 32 m²) con baño y ventana a patio; pueden unirse para proyecto de vivienda. Cerca de C/ General Ricardos, Metro Urgel y servicios.","CALLE RASCON. INMOABO ASESORES VENDELocales comerciales en la calle del Rascón 46.Son dos locales de 34 y 32 metros cuadrados cada uno. Cada uno de ellos cuenta con baño y ventana trasera al patio de vecinos. Actualmente independientes se pueden unir para hacer proyecto de vivienda.Contamos con departamento de Interiores que le ayudará a realizar el proyecto de reforma a su medida y a tramitar los permisos necesarios.Situados a escasos metros de la calle General Ricardos, alrededor hay una gran variedad de comercios y supermercados ( Día, Mercadona) así como establecimientos de ocio y restauración. Se encuentra situado a escasos metros de la parada de metro Urgel ( línea 5) y de diferentes líneas de autobuses ( 34,35, 118,119, N26) y a 10 minutos de la glorieta de Marqués de Vadillo y de la zona del Madrid Río.El precio para cada uno de ellos es de 80.000 y si se adquieren los dos, sería de 150.000 por ambos.No dude en contactar para realizar una visita.AVISO LEGAL: Recordamos a los clientes que la información facilitada no constituye una auténtica oferta vinculante ni contractual. Este anuncio publicitario es provisional, y las fotografías y datos en él incluidos están sujetos a posibles modificaciones, consecuencia de exigencias comerciales, jurídicas, técnicas o por mandato expreso de la propiedad. La información aquí contenida procura reflejar una orientación sobre los inmuebles a la fecha de su publicación. La totalidad del contenido que aparece tiene carácter meramente informativo y aproximado, no teniendo, en modo alguno, carácter contractual. Tanto los datos, como las imágenes y planos pueden estar sujetos a cambios, por lo que le invitamos a que, si precisa una información más exacta y detallada, contacte con nosotros y le atenderemos a la mayor brevedad posible..",,Madrid > Venta,Madrid,"Madrid, España",ok,nominatim,unknown,"Madrid, Comunidad de Madrid, España",40.416782,-3.703507,,,,,,,,2026-02-20T22:30:06+0000,2026-02-20T22:31:31+0000,ok
locales.es,madrid,venta,5,158179,venta:158179,https://www.locales.es/madrid/venta/local158179#offerType=1&estateType=3&settlement=6773,https://www.locales.es/madrid/contactar/propietario/158179,Local comercial en Venta en Madrid,Local comercial en venta con 1500m² en Madrid,Local comercial,local_comercial,De inmobiliaria,860000.0,573.3,1500.0,,Montacargas,"Sótano diáfano 1.500+ m²; altura 5 m, fachada 20 m, 6 baños, montacargas; segregable. Junto General Ricardos y Metro Eugenia de Montijo.","19. AMPLIO LOCAL SOTANO PARA GYM, OUTLET, ALMACENES Y OTROS 100M GRAL. RICARDOSSe vende local diáfano a 576 euros x m2 en sótano con proyecto para múltiples actividades con mas de 1,500m2 se vende todo o por m2 se puede segregar; existe espacio para montacarga, amplia fachada de 20ml y altura de 5mSituada en el corazon del barrio de Carabanchel a 100m de la general Ricard os y a 150m2 del centro deportivo Blanca Hernández Ochoa y hospital Gomez Ulla.Antes funcionaba una iglesia cuenta con 6 baños.Metro mas cercano Eugenia de Montijo con muchos autobuses en toda el área y alrededores.Esta para reformar se encuentra en diáfano.Entregamos un bosquejo del proyecto para la licencia ante el ayuntamiento del sector.Trabajando siempre para verte sonreír.!.",,Madrid > Venta,Madrid,"Madrid, España",ok,nominatim,unknown,"Madrid, Comunidad de Madrid, España",40.416782,-3.703507,,,,,,,,2026-02-21T01:02:28+0000,2026-02-21T01:03:59+0000,ok
locales.es,madrid,venta,5,158280,venta:158280,https://www.locales.es/madrid/venta/local158280#offerType=1&estateType=3&settlement=6773,https://www.locales.es/madrid/contactar/propietario/158280,Local comercial en Venta en Madrid,Bar en venta con 76m² en Madrid,Local comercial,local_comercial,De inmobiliaria,169000.0,2223.7,76.0,2.0,Patio | Almacén,Local comercial 76 m² con licencia de bar; requiere reforma; planta calle diáfana con gran fachada; sótano con aseos y almacén ventilado.,"1259. move! Servicios Inmobiliarios vende excepcional local comercial en calle embajadores. Local con uso de Bar y licencia vigente, aunque es necesario la actualización completa del mismo, sus características le proporcionan carácter y distinción frente a otros inmuebles de la zona. Local dividido en dos plantas. Planta calle con disposición de una sola estancia con gran amplitud de fachada y posibilidad de luces a patio interior. Planta sótano donde se encuentran situados los aseos y almacén con ventilación natural a patio de luces. Sin comisión de agencia. No deje de visitarlo..",,Madrid > Venta,Madrid,"Madrid, España",ok,nominatim,unknown,"Madrid, Comunidad de Madrid, España",40.416782,-3.703507,,,,,,,,2026-02-21T03:03:24+0000,2026-02-21T03:04:48+0000,ok
locales.es,madrid,venta,5,158292,venta:158292,https://www.locales.es/madrid/venta/local158292#offerType=1&estateType=3&settlement=6773,https://www.locales.es/madrid/contactar/propietario/158292,Local comercial en Venta en Madrid,"Cafetería, Panadería en venta con 79m² en Madrid",Local comercial,local_comercial,De propietario,479000.0,6063.3,79.0,,,356 m² en 2 plantas; fachada 9 m y gran escaparate; terraza 5-6 mesas; techos 4 m; 4 baños; 2 accesos; montacargas; cocina amplia; salida de humos.,"Local en venta en planta calle con 71 m2 a 1,5 km de la estación de Atocha. Fachada de 6 metros lineales y amplio ventanal que da buena luminosidad al interior y 4 metros de altura. A dia de hoy se encuentra en estado de origen, por lo que es interesante para el futuro negocio. No tiene salida de humo, pero es interesante para hostelería fría con terraza de 5 / 6 mesas.",,Madrid > Venta,Madrid,"Madrid, España",ok,nominatim,unknown,"Madrid, Comunidad de Madrid, España",40.416782,-3.703507,,,,,,,,2026-02-21T03:18:40+0000,2026-02-21T10:10:11+0000,ok
locales.es,madrid,venta,5,158592,venta:158592,https://www.locales.es/madrid/venta/local158592#offerType=1&estateType=3&settlement=6773,https://www.locales.es/madrid/contactar/propietario/158592,Local comercial en Venta en Madrid,Restaurante en venta con 180m² en Madrid,Local comercial,local_comercial,De inmobiliaria,2000000.0,11111.1,180.0,2.0,Salida de humos | Barra | Situado a pie de calle,"Planta 1, 180 m², techo 4 m; 4 ventanas a calle y 3 a patio; cocina con salida de humos; acceso desde calle; metro Cartagena y parada de bus.","SK008. ¡Atención inversores! Excelente oportunidad de adquirir un local en venta con licencia activa de bar restaurante en una de las zonas más transitadas de Madrid. La propiedad cuenta con una reforma integral en 2008, lo que le brinda una imagen moderna y actual.El local se encuentra en la planta 1 y cuenta con una altura suelo a techo de 4 metros, lo que le da una sensación de amplitud y luminosidad. Además, dispone de 4 ventanas a la calle y 3 ventanas a patio de luces, lo que permite una buena ventilación y entrada de luz natural.La zona exterior del local cuenta con una puerta de calle frente a una rampa de acceso a la sala interior y una ventana frente a la barra con vista al exterior, lo que le da una sensación de amplitud y una buena vista. Además, la cocina tiene acceso desde la barra y cuenta con salida de humos a la cubierta.La propiedad cuenta con una excelente ubicación, ya que dispone de una parada de autobús en la puerta y las líneas 1-72 en frente. Además, el intercambiador Av. América se encuentra a solo 200 metros y el metro Cartagena a 50 metros. La propiedad se encuentra a 10 minutos de Plaza de España en metro y a 20 minutos del aeropuerto y IFEMA en bus o metro.Si busca una propiedad en una zona con buena comunicación, no dude en contactarnos. ¡Esta propiedad es lo que está buscando!.",,Madrid > Venta,Madrid,"Madrid, España",ok,nominatim,unknown,"Madrid, Comunidad de Madrid, España",40.416782,-3.703507,,,,,,,,2026-02-21T09:40:05+0000,2026-02-21T09:41:29+0000,ok
locales.es,madrid,venta,5,158614,venta:158614,https://www.locales.es/madrid/venta/local158614#offerType=1&estateType=3&settlement=6773,https://www.locales.es/madrid/contactar/propietario/158614,Local comercial en Venta en Madrid,Local comercial en venta con 160m² en Madrid,Local comercial,local_comercial,De inmobiliaria,200000.0,1250.0,160.0,1.0,Patio | Aire acondicionado | Terraza,"Aprox. 180 m² con patio, sótano y aire acondicionado. Altura de primero. Zona tranquila, cerca de colegios, parques y metro (5 min).","LOCAL HERMINIO PUERTAS. INMOABO ASESORESVende estupendo local con altura de primero y patio interior en calle Herminio Puertas, zona Puerta del Ángel. Ideal para hacer vivienda. El local tiene una superficie aproximada de 180 metros construidos. Tiene un patio de uso y disfrute. También cuenta con sótano. Dispone de aire acondicionado.Situada en zona tranquila, alrededor hay una gran variedad de colegios e institutos, así como las zonas verdes de los parques de Caramuel y del Olivar. Se encuentra situado a 5 minutos andando del metro de Alto de Extremadura ( línea 6) y de la parada de autobús de la línea 65, lo que le permitirá estar en el centro de Madrid en apenas 20 minutos.Contamos con departamento de Interiores que le ayudará a realizar el proyecto de vivienda a su medida y a tramitar los permisos necesarios.No dude en contactar para realizar una visita..",,Madrid > Venta,Madrid,"Madrid, España",ok,nominatim,unknown,"Madrid, Comunidad de Madrid, España",40.416782,-3.703507,,,,,,,,2026-02-21T10:09:11+0000,2026-02-21T10:10:58+0000,ok
locales.es,madrid,venta,5,158661,venta:158661,https://www.locales.es/madrid/venta/local158661#offerType=1&estateType=3&settlement=6773,https://www.locales.es/madrid/contactar/propietario/158661,Local comercial en Venta en Madrid,,,local_comercial,De inmobiliaria,3200000.0,1280.0,2500.0,,Ascensor | Buen acceso | Alta visibilidad,"Local 2.500 m² con 75 plazas de parking, arrendado a operador nacional con contrato largo. Ubicado en Móstoles (zona 200.000 hab), bien comunicado.",,,,Madrid,"Madrid, España",ok,nominatim,unknown,"Madrid, Comunidad de Madrid, España",40.416782,-3.703507,,,,,,,,,,card_only_geocoded
locales.es,madrid,venta,5,158752,venta:158752,https://www.locales.es/madrid/venta/local158752#offerType=1&estateType=3&settlement=6773,https://www.locales.es/madrid/contactar/propietario/158752,Local comercial en Venta en Madrid,Local comercial en venta con 50m² en Madrid,Local comercial,local_comercial,De inmobiliaria,89000.0,1780.0,50.0,1.0,Escaparate,"50 m²: zona diáfana luminosa, despacho cerrado y baño; suelos de tarima, paredes en gotelé; uso anterior como cristalería.","380. ¡BHILLS INMOBILAIRIA GESTIONA VENTA DE LOCAL COMERCIAL CON EXCELENTE UBICACIÓN!Estupendo local comercial, dispone al ingresar de una amplia y luminosa zona diafana, un pequeño despacho cerrado y cuarto de baño. El último funcionamiento que tuvo fue como cristalería.Cuenta con dos escaparates, suelos de tarima, y paredes de pintura gotelé.Ubicado a cuatro minutos andando del Metro Estación Abrantes, próximo a calle Camino Viejo de Leganés..",,Madrid > Venta,Madrid,"Madrid, España",ok,nominatim,unknown,"Madrid, Comunidad de Madrid, España",40.416782,-3.703507,,,,,,,,2026-02-21T12:54:30+0000,2026-02-21T12:55:42+0000,ok
locales.es,madrid,venta,5,159117,venta:159117,https://www.locales.es/madrid/venta/local159117#offerType=1&estateType=3&settlement=6773,https://www.locales.es/madrid/contactar/propietario/159117,Local comercial en Venta en Madrid,Local comercial en venta con 80m² en Madrid,Local comercial,local_comercial,De inmobiliaria,112000.0,1400.0,80.0,,Almacén | Luminoso,"Local diáfano 80 m² en Madrid, esquina, 2 accesos, ventanales y mucha luz, techo 3,2 m, 2 almacenes; apto para vivienda y negocio.","3. ALQUILER CON OPCIÓN A COMPRAHAGA REALIDAD SUS SUEÑOS DE VIVIR Y HACER SU PROPIO NEGOCIO. !CONSTRUYA A SU GUSTO SU PROPIA VIVIENDA CON OPCION A ALQUILER con una inicial te entregamos el predio. ACEPTAMOS TODAS LAS PROPUESTAS.Hay muchas opciones de adquirirlo.Se vende local en esquina de 80m2 diáfano con dos ingresos de 3m con tres ventanales grandes casi toda la pared de la fachada, mucha iluminación, tiene dos almacene para dos amplias habitaciones, techo alto de 3.20m de altura.El local es muy luminoso y vistoso con dos fachadas de una de 8m y la otra de 6metros. Estupendo para inversores que deseen hacer una vivienda y un negocio de estética, consultorios y otros comercios.En estos momento hemos intentado hacer obra está inconclusa, entregamos diáfano para cualquier proyecto futuro.Solicitar Visitas al WhatsAppUn saludo¡Siempre Trabajando para verte sonreír!.",,Madrid > Venta,Madrid,"Madrid, España",ok,nominatim,unknown,"Madrid, Comunidad de Madrid, España",40.416782,-3.703507,,,,,,,,2026-02-21T20:48:55+0000,2026-02-21T20:48:56+0000,ok
locales.es,madrid,venta,5,159118,venta:159118,https://www.locales.es/madrid/venta/local159118#offerType=1&estateType=3&settlement=6773,https://www.locales.es/madrid/contactar/propietario/159118,Local comercial en Venta en Madrid,Local comercial en venta con 35m² en Madrid,Local comercial,local_comercial,De inmobiliaria,28000.0,800.0,35.0,,,"Local 35 m² en Madrid. Traspaso de negocio: llaves, mandos, codificación de tarjetas y reparación de calzado. Zona de alto tránsito; cartera 8 años.","2. Gran ocasión se traspasa tienda de LLAVES, MANDOS PARA COCHES, MOTOS Y CASAS, Y REPARACION Y CODIFICACION DE TARJETAS ASI COMO LA REPARACION DE CALZADOS, situada en zona de alto transito comercial al costado de tiendas de varios comercios así como el supermercado Dia y otras grandes tiendas, con una cartera de clientes ganada por mas de 8 años. Traspaso por salud.El alquiler del local es de 550 euros con un negocio que produce en sus ventas mensuales de 5,000 a 6,000 euros siendo una renta anual de 50,000 a 60,000 euros anuales con mínima inversión. Es un negocio muy rentable sin inversión significativa.Si estas interesado te damos con transparencia toda la información para emprendedores y profesionales de la rama.Previa Cita¡Trabajando siempre para verte sonreír!.",,Madrid > Venta,Madrid,"Madrid, España",ok,nominatim,unknown,"Madrid, Comunidad de Madrid, España",40.416782,-3.703507,,,,,,,,2026-02-21T20:49:49+0000,2026-02-21T20:49:49+0000,ok
locales.es,madrid,venta,5,159846,venta:159846,https://www.locales.es/madrid/venta/local159846#offerType=1&estateType=3&settlement=6773,https://www.locales.es/madrid/contactar/propietario/159846,Local comercial en Venta en Madrid,Local comercial en venta en Madrid,Local comercial,local_comercial,De inmobiliaria,235000.0,,,1.0,Barra | Situado a pie de calle,Local en López de Hoyos. 2 plantas; uso bar; barra >5 m; techos altos; pb con aseos y 3 estancias; 1' metro Alfonso XIII; posible cambio de uso.,"M1175. move! Servicios inmobiliarios vende excepcional local a pie de Calle en López de Hoyos. Local distribuido en 2 plantas, uso actual de bar, posibilidad de abrir huecos en fachada, zona principal a pie de calle, con zona de barra con mas 5 metros lineales, techos de gran altura. Planta baja distribuida en aseos y 3 estancias independientes. Junto a metro Alfonso XIII, sin gastos de intermediación. No dude en visitarlo. Posibilidad de cambio de uso, posibilidad de uso a vivienda vacacional, múltiples posibilidades en cuanto a comercio y hosteleria. Local con una ubicación excelente, una calle de paso importante local para cualquier tipo de negocio, a tan solo 1 minuto a pie del metro Alfonso XIII..",,Madrid > Venta,Madrid,"Madrid, España",ok,nominatim,unknown,"Madrid, Comunidad de Madrid, España",40.416782,-3.703507,,,,,,,,2026-02-22T12:01:09+0000,2026-02-22T12:02:58+0000,ok
locales.es,madrid,venta,5,159849,venta:159849,https://www.locales.es/madrid/venta/local159849#offerType=1&estateType=3&settlement=6773,https://www.locales.es/madrid/contactar/propietario/159849,Local comercial en Venta en Madrid,Bar en venta con 53m² en Madrid,Local comercial,local_comercial,De inmobiliaria,115000.0,2169.8,53.0,2.0,Salida de humos | Barra,53 m²; cocina integrada en barra; entradas por dos calles; licencias en regla y salida de humos nueva; venta por jubilación.,"12. ZONA DE PORTAZGO VALLECAS, BAR CERVECERIA, SE VENDE, A 150 METROS DEL CAMPO DE FUTBOL DEL RAYO VALLECANO, COMISARIA POLICIA NACIONAL, OFICINA DE RENOVACION Y EXPEDICION DE DNI Y PASAPORTES, FEDERACION PROFESIONAL DEL TAXI, ENTRE LAS BOCAS DE METRO DE PORTAZGO Y NUEVA NUMANCIA, SE VENDE POR JUBILACION, TODO MONTADO PARA SEGUIR TRABAJANDO TIENE TODAS LAS LICENCIAS EN REGLA SALIDA DE HUMOS NUEVA. EL BAR TIENE ENTRADA POR DOS CALLES LAS CUALES TIENEN MUCHO TRAFICO, LA COCINA LA TIENE INCORPORADA EN BARRA. MEJOR VERLO..",,Madrid > Venta,Madrid,"Madrid, España",ok,nominatim,unknown,"Madrid, Comunidad de Madrid, España",40.416782,-3.703507,,,,,,,,2026-02-22T12:06:24+0000,2026-02-22T12:08:04+0000,ok
locales.es,madrid,venta,5,159967,venta:159967,https://www.locales.es/madrid/venta/local159967#offerType=1&estateType=3&settlement=6773,https://www.locales.es/madrid/contactar/propietario/159967,Local comercial en Venta en Madrid,Local comercial en venta con 258m² en Madrid,Local comercial,local_comercial,De inmobiliaria,425000.0,1647.3,258.0,1.0,Sistemas de Seguridad | Aire acondicionado | Almacén | Alta visibilidad | +1,"Una planta, 3 estancias, almacén, puerta de seguridad, alarma y aire acondicionado. Actividad: sala de juegos. Rentabilidad demostrada 4%.","M1097. move! Servicios inmobiliarios vende local en rentabilidad en Calle Eugenio Sellés 1, metro Delicias y Legazpi, el inmueble se compone de un local comercial en esquina y todo en una sola planta. 3 estancias. Cuenta con almacén, puerta de seguridad y sistema de alarma. Aire acondicionado. Local con gran visibilidad. 10 metros lineales de fachada. Enfrente de parada de EMT y a 3 minutos de Matadero. Actividad actual: sala de juegos. Contrato de arrendamiento a largo plazoRentabilidad del 4 % demostrada.Sin comisión de agencia.No deje de visitarlo!.",,Madrid > Venta,Madrid,"Madrid, España",ok,nominatim,unknown,"Madrid, Comunidad de Madrid, España",40.416782,-3.703507,,,,,,,,2026-02-22T14:32:45+0000,2026-02-22T14:34:07+0000,ok
locales.es,madrid,venta,5,160195,venta:160195,https://www.locales.es/madrid/venta/local160195#offerType=1&estateType=3&settlement=6773,https://www.locales.es/madrid/contactar/propietario/160195,Local comercial en Venta en Madrid,Local comercial en venta con 232m² en Madrid,Local comercial,local_comercial,De inmobiliaria,380000.0,1637.9,232.0,3.0,Situado a pie de calle,"232 m² en dos locales (planta calle y sótano). Sala de juego con contrato desde marzo 2018. Rentas garantizadas, pocos gastos, rentabilidad 6%.","1094. move! Servicios inmobiliarios vende local en rentabilidad en Calle Illescas, metro Empalme a 5 minutos y estación de Aluche a 10 minutos caminando, el inmueble se compone de dos locales comerciales con planta a calle y sotano. Actividad: sala de juego con contrato firmado en marzo de 2018. Rentas garantizadas con pocos gastos de comunidad. Rentabilidad del 6 % demostrada. Sin comisión de agencia..",,Madrid > Venta,Madrid,"Madrid, España",ok,nominatim,unknown,"Madrid, Comunidad de Madrid, España",40.416782,-3.703507,,,,,,,,2026-02-22T19:36:02+0000,2026-02-22T19:37:29+0000,ok
locales.es,madrid,venta,5,160304,venta:160304,https://www.locales.es/madrid/venta/local160304#offerType=1&estateType=3&settlement=6773,https://www.locales.es/madrid/contactar/propietario/160304,Local comercial en Venta en Madrid,Local comercial en venta con 200m² en Madrid,Local comercial,local_comercial,De inmobiliaria,745000.0,3725.0,200.0,,Alta visibilidad,"200 m², fachada esquinera con 4 ventanales, espacio diáfano en 2 estancias, acceso inferior por escaleras, techos altos; cerca Luchana y metro Bilbao","462. Precioso local ubicado cerca de la calle Luchana, una de las zonas mas comerciales y de gran afluencia peatonal de Madrid, cerca del metro de Bilbao y perfectamente conectado por transporte publico. Cuenta con una llamativa fachada haciendo esquina con cuatro granes ventanales hasta el suelo. Acceso con espacio diafano separado en dos estancias abiertas. Al resto del local se accede bajando por comodas escaleras. Techos altos.",,Madrid > Venta,Madrid,"Madrid, España",ok,nominatim,unknown,"Madrid, Comunidad de Madrid, España",40.416782,-3.703507,,,,,,,,2026-02-22T21:37:36+0000,2026-02-22T21:39:22+0000,ok
locales.es,madrid,venta,5,160416,venta:160416,https://www.locales.es/madrid/venta/local160416#offerType=1&estateType=3&settlement=6773,https://www.locales.es/madrid/contactar/propietario/160416,Local comercial en Venta en Madrid,Local comercial en venta en Madrid,Local comercial,local_comercial,De inmobiliaria,215000.0,,,,,"Local en venta en Madrid, actualmente alquilado a franquicia con contrato de 10 años, con renta estable.","43. EN VENTA MAGNIFICO LOCAL EN RENTABILIDAD, ACTUALMETE ALQUILADO A UNA FRANQUICIA CON UN CONTRATO A DIEZ ANOS EN 1.000 €.",,Madrid > Venta,Madrid,"Madrid, España",ok,nominatim,unknown,"Madrid, Comunidad de Madrid, España",40.416782,-3.703507,,,,,,,,2026-02-23T00:13:02+0000,2026-02-23T00:13:02+0000,ok
locales.es,madrid,venta,5,160690,venta:160690,https://www.locales.es/madrid/venta/local160690#offerType=1&estateType=3&settlement=6773,https://www.locales.es/madrid/contactar/propietario/160690,Local comercial en Venta en Madrid,,,local_comercial,De inmobiliaria,1400000.0,10937.5,128.0,,,"Local 128 m² en Madrid, inquilino bar-restaurante, contrato 5+5 años (obligado 3 años), rentabilidad anual neta 4,52%.",,,,Madrid,"Madrid, España",ok,nominatim,unknown,"Madrid, Comunidad de Madrid, España",40.416782,-3.703507,,,,,,,,,,card_only_geocoded
locales.es,madrid,venta,6,153107,venta:153107,https://www.locales.es/madrid/venta/local153107#offerType=1&estateType=3&settlement=6773,https://www.locales.es/madrid/contactar/propietario/153107,Local comercial en Venta en Madrid,Restaurante en venta en Madrid,Local comercial,local_comercial,De inmobiliaria,500000.0,2222.2,,2.0,Aire acondicionado | Almacén | Muebles | Ascensor | +3,"225 m² planta calle; bar y comedor; cocina amplia, office y trastero; 2 baños; salida de humos; gas natural; splits AC; junto al Wanda Metropolitano.","1521. Inmobiliaria Vivahogar ofrece LOCAL GRANDE DE 225M2,EN LA ZONA DE SAN BLAS/CANILLEJAS.El local esta en planta calle, muy cercano al Wanda Metropolitano, zona muy comercial.Tiene 225 M2 según catastro, dividido en varias dependencias, zona bar y restaurante, dos baños, cocina muy grande, zona de office y trasteroSalida de humos, suelos porcelánicos, acometida de gas natural y splits de aire acondicionado con bomba de frio/calor..... listo para empezar a trabajar !En cuanto a la zona, esta rodeada de comercios y zonas verdes, transportes cercanos y el icónico campo de futbol del Atlético de Madrid VEN A VERLO !!.",,Madrid > Venta,Madrid,"Madrid, España",ok,nominatim,unknown,"Madrid, Comunidad de Madrid, España",40.416782,-3.703507,,,,,,,,2026-02-16T15:02:53+0000,2026-02-16T15:04:09+0000,ok
locales.es,madrid,venta,6,153592,venta:153592,https://www.locales.es/madrid/venta/local153592#offerType=1&estateType=3&settlement=6773,https://www.locales.es/madrid/contactar/propietario/153592,Local comercial en Venta en Madrid,Bar en venta con 115m² en Madrid,Local comercial,local_comercial,De inmobiliaria,1500000.0,13043.5,115.0,,Salida de humos,"Local comercial 115 m² en Malasaña, cerca Metro Tribunal. Licencia de bar-restaurante vigente, salida de humos y campana, espacios diáfanos.","1119. Inmorest Consultores, S. L. vende este magnífico local en una ubicación inmejorable, se encuentra en una de las principales calles de Malasaña y a pocos metros de la estación de Metro Tribunal, una de las principales zonas de concurrencia en Madrid.Este local comercial tiene una licencia vigente de Bar Restaurante. El local cuenta con grandes espacios diáfanos, aunque pueda adaptarse a las necesidades del negocio del comprador es ideal para un negocio de hostelería, contando propiamente con salida de humos y campana instalada.Este local representa una gran oportunidad para invertir en la capital, no puedes dejar escapar esta oportunidad.Honorarios de agencia 3% del valor de la venta.Para mayor información sobre las condiciones de la venta contacten vía whatsapp con Sebastian indicando la Ref. 1093 COM o respondiendo a este anuncio.La información incluida no es vinculante y no forma parte de ninguna oferta o contrato y puede estar sujeta a cualquier modificación sin previo aviso..",,Madrid > Venta,Madrid,"Madrid, España",ok,nominatim,unknown,"Madrid, Comunidad de Madrid, España",40.416782,-3.703507,,,,,,,,2026-02-17T02:17:54+0000,2026-02-17T02:18:51+0000,ok
locales.es,madrid,venta,6,153781,venta:153781,https://www.locales.es/madrid/venta/local153781#offerType=1&estateType=3&settlement=6773,https://www.locales.es/madrid/contactar/propietario/153781,Local comercial en Venta en Madrid,,,local_comercial,De inmobiliaria,1320000.0,16097.6,82.0,1.0,Alta visibilidad | Situado a pie de calle,"82,8 m² (66,47 m² planta, 16,33 m² sótano). Fachada 3 m a Calle Fuencarral. Ubicación comercial céntrica en Madrid; rentabilidad 4%.",,,,Madrid,"Madrid, España",ok,nominatim,unknown,"Madrid, Comunidad de Madrid, España",40.416782,-3.703507,,,,,,,,,,card_only_geocoded
locales.es,madrid,venta,6,153785,venta:153785,https://www.locales.es/madrid/venta/local153785#offerType=1&estateType=3&settlement=6773,https://www.locales.es/madrid/contactar/propietario/153785,Local comercial en Venta en Madrid,,,local_comercial,De inmobiliaria,1320000.0,16097.6,82.0,1.0,Alta visibilidad | Situado a pie de calle,"82,8 m² (66,47 m² planta, 16,33 m² sótano). Fachada 3 m a Calle Fuencarral. Ubicación comercial céntrica en Madrid; rentabilidad 4%.",,,,Madrid,"Madrid, España",ok,nominatim,unknown,"Madrid, Comunidad de Madrid, España",40.416782,-3.703507,,,,,,,,,,card_only_geocoded
locales.es,madrid,venta,6,154772,venta:154772,https://www.locales.es/madrid/venta/local154772#offerType=1&estateType=3&settlement=6773,https://www.locales.es/madrid/contactar/propietario/154772,Local comercial en Venta en Madrid,Bar en venta con 53m² en Madrid,Local comercial,local_comercial,De inmobiliaria,115000.0,2169.8,53.0,2.0,Salida de humos | Barra,"53 m², cervecería equipada con cocina integrada en barra; licencias en regla, salida de humos nueva, doble acceso y alta afluencia peatonal.","12. ZONA DE PORTAZGO VALLECAS, BAR CERVECERIA, SE VENDE, A 150 METROS DEL CAMPO DE FUTBOL DEL RAYO VALLECANO, COMISARIA POLICIA NACIONAL, OFICINA DE RENOVACION Y EXPEDICION DE DNI Y PASAPORTES, FEDERACION PROFESIONAL DEL TAXI, ENTRE LAS BOCAS DE METRO DE PORTAZGO Y NUEVA NUMANCIA, SE VENDE POR JUBILACION, TODO MONTADO PARA SEGUIR TRABAJANDO TIENE TODAS LAS LICENCIAS EN REGLA SALIDA DE HUMOS NUEVA. EL BAR TIENE ENTRADA POR DOS CALLES LAS CUALES TIENEN MUCHO TRAFICO, LA COCINA LA TIENE INCORPORADA EN BARRA. MEJOR VERLO..",,Madrid > Venta,Madrid,"Madrid, España",ok,nominatim,unknown,"Madrid, Comunidad de Madrid, España",40.416782,-3.703507,,,,,,,,2026-02-17T20:42:39+0000,2026-02-17T20:43:54+0000,ok
locales.es,madrid,venta,6,156488,venta:156488,https://www.locales.es/madrid/venta/local156488#offerType=1&estateType=3&settlement=6773,https://www.locales.es/madrid/contactar/propietario/156488,"Local comercial en Venta en Calle de Vázquez de Mella, Pueblo Nuevo, Madrid",,,local_comercial,De inmobiliaria,175000.0,3070.2,57.0,2.0,,"57 m² en dos plantas: planta baja con salón, aseo y cocina; primera planta con dormitorio y baño. Electricidad y fontanería al día. Uso comercial.",,,,"Calle de Vázquez de Mella, Pueblo Nuevo, Madrid","Calle de Vázquez de Mella, Pueblo Nuevo, Madrid, España",ok,nominatim,street_approx,"Calle de Vázquez de Mella, Pueblo Nuevo, Ciudad Lineal, Madrid, Comunidad de Madrid, 28017, España",40.4351713,-3.6394794,8a390ca20a07fff,10.0,15087.0,15.0,Ciudad Lineal,152.0,Pueblo Nuevo,,,card_only_geocoded
locales.es,madrid,venta,6,156552,venta:156552,https://www.locales.es/madrid/venta/local156552#offerType=1&estateType=3&settlement=6773,https://www.locales.es/madrid/contactar/propietario/156552,"Local comercial en Venta en calle rafael finat, Las Águilas, Madrid","Local comercial en venta con 100m² en Madrid, en la zona de Las Águilas, calle rafael finat, 28044",Local comercial,local_comercial,De inmobiliaria,189000.0,1890.0,100.0,1.0,Recepción | Aire acondicionado | Almacén | Escaparate | +1,"100 m² en dos plantas, gran escaparate, espacios abiertos, recepción, estancias independientes, aseo, almacén, climatización e iluminación instalada.","JAGR26-04. ¡Oportunidad Única! Local Comercial en Venta con Gran Escaparate y Amplia Luminosidad en Calle Rafael Finat, Madrid¡No dejes escapar esta oportunidad! Se vende un local situado en la Calle Rafael Finat en Madrid. Este espectacular local destaca por su gran escaparate, que inunda el espacio de luz natural, creando un ambiente cálido y acogedor ideal para cualquier tipo de negocio.Con una distribución amplia y funcional, el local permite múltiples usos, tales como: oficinas, consultas, estética, formación, coworking, terapias o cualquier otra actividad que requiera espacios abiertos y luminosos.El local se distribuye en dos niveles, conectados por una escalera interior. En su interior encontrarás:Gran escaparate que permite máxima visibilidad desde la calle y proporciona luz natural durante todo el día.Estancias amplias y abiertas que proporcionan gran flexibilidad para adaptar el espacio según tus necesidades.Zona de recepción que da la bienvenida a clientes o visitantes.Estancias independientes perfectas para consultas o trabajo privado.Áreas de trabajo amplias, ideales para actividades grupales o colaborativas.Aseo y almacén.Además, el local está equipado con climatización, suelos en perfecto estado, iluminación instalada y paredes lisas, lo que te permite personalizar el espacio con facilidad según la identidad de tu negocio.¿Por qué elegir este local?Ubicación privilegiada en una zona consolidada y de gran tránsito peatonal.Gran escaparate que maximiza la exposición de tu negocio, con luz natural todo el día.Estación de Renfe cercana para una conectividad excelente con el centro de Madrid y otros puntos clave de la ciudad.Cancha de fútbol y parques en las proximidades, brindando un entorno agradable y activo.Cerca de comercios, restaurantes y servicios, lo que genera un flujo constante de personas y clientes potenciales.Una opción versátil que te permitirá comenzar tu actividad sin necesidad de grandes reformas, en un local adaptado y listo para entrar.¡Visítalo hoy mismo y haz crecer tu negocio en el mejor lugar! Para más información o agendar una visita, no dudes en contactar sin compromiso.Este anuncio pone un énfasis mayor en la luminosidad, el escaparate y las características que lo hacen más atractivo, como la distribución amplia. ¡Espero que te guste!.",Las Águilas,Madrid > Las Águilas > Venta,"calle rafael finat, Las Águilas, Madrid","calle rafael finat, Las Águilas, Madrid, España",ok,nominatim,street_approx,"Calle Rafael Finat, Las Águilas, Latina, Madrid, Comunidad de Madrid, 28044, España",40.3792998,-3.7697727,8a390cbaab77fff,10.0,10199.0,10.0,Latina,107.0,Águilas,2026-02-19T12:30:19+0000,2026-02-19T12:30:21+0000,ok
locales.es,madrid,venta,6,156577,venta:156577,https://www.locales.es/madrid/venta/local156577#offerType=1&estateType=3&settlement=6773,https://www.locales.es/madrid/contactar/propietario/156577,"Local comercial en Venta en Calle de la Marathón, Simancas, Madrid","Cafetería en venta con 319m² en Madrid, en la zona de Simancas, Calle de la Marathón",Local comercial,local_comercial,De inmobiliaria,550000.0,1724.1,319.0,,Recepción | Video vigilancia | Almacén | Montacargas | +2,"319 m²: recepción, almacén, despacho, 2 baños (1 con vestidor), trifásica, calefacción, vigilancia 24h, ascensor y montacargas.","PR99559544. Descubre este excepcional local comercial ubicado en la cuarta planta del edificio Astygi, situado en la prestigiosa Calle Empresarial de San Romualdo. Este espacio versátil es ideal para múltiples actividades comerciales gracias a su diseño diáfano y luminoso que favorece un ambiente acogedor. Con acceso directo al local con el coche y una entrada peatonal segura que conduce a una recepción bien definida, este local también incluye áreas de almacenamiento y despacho privado. Además cuenta con dos baños completos, uno de los cuales dispone de zona vestidor. El sistema eléctrico trifásico está completamente actualizado garantizando óptimas condiciones operativas mientras que la calefacción central proporciona confort durante todo el año. La seguridad no se queda atrás con vigilancia las 24 horas y circuito cerrado de televisión dentro del complejo donde conviven más de180 empresas activas diariamente. Además hay ascensores modernos disponibles incluyendo montacargas junto a una agradable cafetería ubicada en la última planta ofreciendo desayunos y comidas para mayor comodidad tanto para empleados como clientes. Si buscas establecer tu negocio o expandir tus operaciones en un entorno dinámico, no dudes en visitarlo!.",Simancas,Madrid > Simancas > Venta,"Calle de la Marathón, Simancas, Madrid","Simancas, Madrid, España",ok,nominatim,zone_approx,"Simancas, San Blas - Canillejas, Madrid, Comunidad de Madrid, 28037, España",40.437583,-3.6248568,,,,,,,,2026-02-19T13:08:40+0000,2026-02-19T13:08:40+0000,ok
locales.es,madrid,venta,6,157600,venta:157600,https://www.locales.es/madrid/venta/local157600#offerType=1&estateType=3&settlement=6773,https://www.locales.es/madrid/contactar/propietario/157600,Local comercial en Venta en Madrid,Local comercial en venta en Madrid,Local comercial,local_comercial,De inmobiliaria,250000.0,3086.4,,1.0,Cocina completamente equipada | Aire acondicionado | Almacén,"Local con entrada desde la plaza; salón comedor con cocina integrada, pequeña habitación/trastero, amplio baño, acceso a planta baja y aire acond.","PR-235757. ¿Estás buscando una oportunidad de inversión única en el corazón de Madrid? Te ofrecemos esta propiedad con una ubicación privilegiada en la plaza del General Vara del Rey, a escasos metros de la plaza de Cascorro en el barrio del El Rastro.Construido en el año 1910, este edificio se mantiene en buenas condiciones y listo para ser adaptado a tus necesidades. Con entrada directa desde la misma plaza del General Vara del Rey, nos encontramos con una hall exterior por el que accedemos a un salón comedor y al fondo una cocina totalmente equipada incorporada al espacio. A mano izquierda nos encontramos con una puerta para acceder a una pequeña habitación con múltiples posibilidades según tus necesidades (trastero, almacén, armario ropero ). Al fondo a la izquierda, un amplio cuarto de baño. Desde el salón, accedemos a la planta baja por unas escaleras. Dispone de aire acondicionado frío/calor.IBI: 300Comunidad: 30¡No dejes pasar esta oportunidad! Ponte en contacto con nosotros hoy mismo para más información sobre esta exclusiva propiedad en venta en Madrid. ¡Contáctanos ahora y programa una visita!.",,Madrid > Venta,Madrid,"Madrid, España",ok,nominatim,unknown,"Madrid, Comunidad de Madrid, España",40.416782,-3.703507,,,,,,,,2026-02-20T11:01:40+0000,2026-02-20T11:03:13+0000,ok
locales.es,madrid,venta,6,157605,venta:157605,https://www.locales.es/madrid/venta/local157605#offerType=1&estateType=3&settlement=6773,https://www.locales.es/madrid/contactar/propietario/157605,Local comercial en Venta en Madrid,Local comercial en venta con 206m² en Madrid,Local comercial,local_comercial,De inmobiliaria,490000.0,2378.6,206.0,1.0,,219 m² (206 m² útiles): 121 m² planta calle y 85 m² sótano. Entregado reformado. Ubicación céntrica junto a El Rastro y Mercado de la Cebada.,"PR-235744. ¡Bienvenidos a esta increíble propiedad comercial en Madrid! Este maravilloso local en venta se encuentra en óptimas condiciones, listo para convertirse en el negocio de tus sueños. Con una amplia área total de 219 metros cuadrados y 206 metros cuadrados de espacio útil, este local ofrece un sinfín de posibilidades. Cuenta con 121 m² en planta calle y 85 m² en planta sótano. Se entrega reformado.La ubicación estratégica en el corazón de Madrid te brinda la oportunidad de alcanzar a una amplia clientela y establecer tu negocio en un entorno vibrante y dinámico. Muy cerca de El Rastro, la plaza de Cascorro y la plaza del General Vara de Rey y el Mercado de la Cebada. Aprovecha esta oportunidad única para adquirir un local comercial en una de las ciudades más emocionantes de Europa.¡Contáctanos hoy para más información y comienza a dar forma a tu futuro negocio en Madrid! ¡No dejes pasar esta oportunidad! ¡Contáctanos hoy!.",,Madrid > Venta,Madrid,"Madrid, España",ok,nominatim,unknown,"Madrid, Comunidad de Madrid, España",40.416782,-3.703507,,,,,,,,2026-02-20T11:08:29+0000,2026-02-20T11:10:02+0000,ok
locales.es,madrid,venta,6,157610,venta:157610,https://www.locales.es/madrid/venta/local157610#offerType=1&estateType=3&settlement=6773,https://www.locales.es/madrid/contactar/propietario/157610,Local comercial en Venta en Madrid,Bar en venta con 110m² en Madrid,Local comercial,local_comercial,De inmobiliaria,350000.0,3181.8,110.0,,Aire acondicionado | Salida de humos | Escaparate,"110 m², 2 plantas; 2 aseos, 2 escaparates, fachada 5–8 m; calefacción, aire acondicionado y salida de humos. Alquilado (contrato hasta 28/02/2023).","10114. ¡Local comercial en rentabilidad en el vibrante barrio de Lavapiés!Se vende local comercial de 110 m² en el corazón de Lavapiés, uno de los barrios más multiculturales y dinámicos de Madrid. Actualmente alquilado, este local de dos plantas ofrece una excelente oportunidad de inversión con ingresos garantizados y un alto potencial de revalorización.Características:- Superficie: 110 m²- Fachada: De 5 a 8 metros lineales- Distribución: 2 plantas, 1-2 estancias, 2 aseos, 2 escaparates- Equipamiento: Calefacción, aire acondicionado, salida de humos- Licencia: Bar (actualmente con actividad comercial)- Renta actual: 1.300 €/mes- Duración del contrato: Obligado cumplimiento hasta el 28 de febrero de 2023 (contrato inicial de 5 años con adenda)Ventajas de invertir en Lavapiés:- Ubicación estratégica: en una zona en constante crecimiento y revalorización, cerca de la Filmoteca Doré, el Museo Reina Sofía y el Mercado Antón Martín.- Excelente comunicación: a pocos metros del metro Lavapiés (Línea 3) y cerca del metro Antón Martín (Línea 1).- Ambiente multicultural: Lavapiés es un barrio lleno de vida, con una gran oferta cultural y gastronómica.- Alta demanda de alquiler: zona con gran atractivo comercial y alta demanda de locales.¿Por qué este local es una inversión inteligente?Este local en no solo ofrece ingresos inmediatos gracias al contrato de alquiler en vigor, sino que también representa una inversión estratégica en una zona con gran potencial de crecimiento. El barrio de Lavapiés, con su ambiente vibrante y su ubicación privilegiada en el centro de Madrid, garantiza la revalorización del inmueble a largo plazo.¿Por qué invertir en Madrid?Madrid es una capital europea con una economía sólida y un mercado inmobiliario dinámico. La ciudad atrae inversión y talento, lo que impulsa la demanda de inmuebles y asegura la rentabilidad de las inversiones inmobiliarias. Adquirir un local en una zona estratégica como Lavapiés es una apuesta segura para diversificar su cartera y asegurar su futuro financiero.No deje pasar esta oportunidad de invertir en un local comercial con rentabilidad garantizada en uno de los barrios más vibrantes de Madrid. Contacte con nosotros para más información y visitas..",,Madrid > Venta,Madrid,"Madrid, España",ok,nominatim,unknown,"Madrid, Comunidad de Madrid, España",40.416782,-3.703507,,,,,,,,2026-02-20T11:16:41+0000,2026-02-20T11:18:13+0000,ok
locales.es,madrid,venta,6,157628,venta:157628,https://www.locales.es/madrid/venta/local157628#offerType=1&estateType=3&settlement=6773,https://www.locales.es/madrid/contactar/propietario/157628,Local comercial en Venta en Madrid,,,local_comercial,De inmobiliaria,700000.0,3255.8,215.0,,Salida de humos,"215 m², uso restaurante-cafetería con salida de humos; alquilado con contrato vigente hasta 16/09/2034, renta actual y revisión anual (IPC).",,,,Madrid,"Madrid, España",ok,nominatim,unknown,"Madrid, Comunidad de Madrid, España",40.416782,-3.703507,,,,,,,,,,card_only_geocoded
locales.es,madrid,venta,6,157631,venta:157631,https://www.locales.es/madrid/venta/local157631#offerType=1&estateType=3&settlement=6773,https://www.locales.es/madrid/contactar/propietario/157631,Local comercial en Venta en Madrid,,,local_comercial,De inmobiliaria,490000.0,,,,Alta visibilidad,"Bar con licencia en Calle Leganitos (Barrio Palacio, junto a Gran Vía). Contrato hasta nov 2027. TRUA y comunidad a cargo del arrend.; IBI propietario",,,,Madrid,"Madrid, España",ok,nominatim,unknown,"Madrid, Comunidad de Madrid, España",40.416782,-3.703507,,,,,,,,,,card_only_geocoded
locales.es,madrid,venta,6,157632,venta:157632,https://www.locales.es/madrid/venta/local157632#offerType=1&estateType=3&settlement=6773,https://www.locales.es/madrid/contactar/propietario/157632,Local comercial en Venta en Madrid,Local comercial en venta en Madrid,Local comercial,local_comercial,De inmobiliaria,1500000.0,,,,,"187 m² (29+158) en Chueca, Calle San Lorenzo 2. Vendido como conjunto; arrendado con compromiso de permanencia de 2 años.","10109. ¡Oportunidad única en Chueca! Este magnífico local comercial en la Calle San Lorenzo 2 es la opción perfecta para inversores que buscan un activo en rentabilidad en una de las zonas más vibrantes y solicitadas de Madrid.Detalles del Local:- Superficie: 187 m², distribuidos en dos locales (29 m² y 158 m²) que se venden en conjunto.- Estado Actual: Local arrendado por 6.000 €/mes, con un compromiso de permanencia de dos años tras la formalización de la venta. Esta característica garantiza una rentabilidad inmediata para el nuevo propietario.Características Adicionales:- Gastos de Comunidad: 95,45 €/mes (desglosados en 14,91 € y 77,54 €).- IBI: 1.281,43 € (1.084,73 € y 196,70 €).- TRUA: 149,25 € (132,75 € y 16,50 €).¿Por Qué Invertir en Chueca?El barrio de Chueca es uno de los núcleos más dinámicos y cosmopolitas de Madrid. Conocido por su ambiente inclusivo y su oferta cultural vibrante, Chueca atrae tanto a residentes como a turistas. Aquí encontrarás una mezcla de tiendas de diseño, restaurantes de alta calidad, bares animados y una vida nocturna incomparable. Esta ubicación no solo es atractiva para los inquilinos, sino también para los clientes de cualquier negocio que se establezca aquí.Ventajas de Invertir en Madrid:Madrid se ha consolidado como un centro financiero y cultural de Europa, ofreciendo un mercado inmobiliario robusto y en constante crecimiento. Invertir en esta ciudad significa aprovechar un mercado en expansión con una demanda sostenida. La tendencia de precios al alza y la recuperación económica tras la pandemia hacen de Madrid un lugar atractivo para invertir en activos comerciales.Una Opción Rentable:Este local comercial, al estar arrendado, no solo proporciona una fuente de ingresos inmediata, sino que también ofrece estabilidad financiera a largo plazo. Con un alquiler de 6.000 €/mes y un compromiso contractual de dos años, este activo se presenta como una opción ideal para inversores que buscan diversificar su cartera y beneficiarse de la rentabilidad del sector inmobiliario en Madrid.Para más información o para concertar una visita, no dudes en ponerte en contacto. ¡Este local en Chueca podría ser tu próxima gran inversión!.",,Madrid > Venta,Madrid,"Madrid, España",ok,nominatim,unknown,"Madrid, Comunidad de Madrid, España",40.416782,-3.703507,,,,,,,,2026-02-20T11:48:42+0000,2026-02-20T11:50:20+0000,ok
locales.es,madrid,venta,6,157633,venta:157633,https://www.locales.es/madrid/venta/local157633#offerType=1&estateType=3&settlement=6773,https://www.locales.es/madrid/contactar/propietario/157633,Local comercial en Venta en Madrid,Local comercial en venta en Madrid,Local comercial,local_comercial,De inmobiliaria,750000.0,,,,,"90 m² en planta baja, libre de arrendamiento, situado en barrio Malasaña con tráfico peatonal constante y potencial de rentabilidad.","10107. ¡Oportunidad única en el corazón de Malasaña!Presentamos un local comercial en venta en la calle San Joaquín, una de las calles más dinámicas del icónico barrio de Malasaña, Madrid. Este local ofrece una excelente oportunidad para aquellos inversores que buscan un inmueble en una de las zonas más demandadas de la ciudad, con un gran potencial de rentabilidad.Detalles del local:- Superficie construida: 90 m² en planta baja.- Gastos de comunidad: 84,48 €/mes.- IBI: 631,56 €/año.- TRUA: 86 €/año.- Situación actual: Local libre de arrendamiento, listo para adaptar a cualquier negocio.- Renta esperada: 4.500 €/mes, lo que lo convierte en una opción altamente rentable.Ubicación estratégica en Malasaña:Este local está ubicado en el corazón de Malasaña, uno de los barrios más vibrantes y bohemios de Madrid. Conocido por su ambiente alternativo, Malasaña es un punto de encuentro para locales y turistas que buscan lo mejor en gastronomía, cultura, y moda. Las calles están repletas de cafés, bares de diseño, tiendas independientes y galerías de arte, lo que asegura un constante flujo de personas, perfecto para cualquier tipo de negocio.Ventajas de invertir en Madrid:Madrid es una de las capitales europeas con mayor crecimiento inmobiliario. Invertir en un local en Malasaña no solo garantiza una alta demanda de alquiler, sino también una revalorización constante del valor de la propiedad. Con su excelente conexión de transporte público, este local es accesible desde cualquier punto de la ciudad, lo que lo hace aún más atractivo tanto para comerciantes como para clientes.Una inversión segura y rentable:Este local comercial en calle San Joaquín es ideal para aquellos que buscan una inversión rentable y con alta proyección de ingresos en un área con gran afluencia de público. No dejes pasar la oportunidad de adquirir una propiedad en uno de los barrios más populares de Madrid.¡Contáctanos ahora para más información o para concertar una visita!.",,Madrid > Venta,Madrid,"Madrid, España",ok,nominatim,unknown,"Madrid, Comunidad de Madrid, España",40.416782,-3.703507,,,,,,,,2026-02-20T11:50:20+0000,2026-02-20T11:51:38+0000,ok
locales.es,madrid,venta,6,157664,venta:157664,https://www.locales.es/madrid/venta/local157664#offerType=1&estateType=3&settlement=6773,https://www.locales.es/madrid/contactar/propietario/157664,Local comercial en Venta en Madrid,Local comercial en venta con 300m² en Madrid,Local comercial,local_comercial,De inmobiliaria,3800000.0,12666.7,300.0,,Salida de humos | Barra,"Local 300 m² (pb + sótano) en Calle Príncipe, Barrio de Cortes. Arrendado hasta 31/07/2030 a comercio de alimentación, con salida de humos.","10106. ¡Oportunidad de inversión en el emblemático barrio de Cortes, Madrid!Presentamos un local comercial en venta, situado en la céntrica Calle Príncipe 18. Este espacio es una excelente oportunidad para inversores que buscan una propiedad arrendada con ingresos garantizados y un potencial de revalorización en una de las zonas más exclusivas de Madrid: Cortes.Detalles del local:- Superficie construida: 300 m², distribuidos en planta baja y planta sótano, ofreciendo una gran versatilidad para el desarrollo de diversas actividades comerciales.- Salida de humos: Autorizada desde el 25 de abril del 2019, lo que aumenta las posibilidades de uso, aunque la licencia de hostelería no es posible debido a su ubicación en zona ZPAE.- Gastos: Comunidad de propietarios: 157,34 €/mes. IBI: 2.142 €/año. TRUA: 261 €/año.Situación actual del arrendamiento:Este local está arrendado hasta el 31 de julio del 2030, lo que asegura ingresos estables durante al menos los próximos años. El arrendatario actual lo utiliza para un comercio de alimentación con barra de degustación, lo que garantiza una buena afluencia de clientes dada la ubicación estratégica del local.Renta actual:- Primer y segundo año: 9.000 €/mes.- Tercer y cuarto año: 10.000 €/mes.- Quinto año en adelante: 11.000 €/mes.* Primera actualización de renta prevista: enero de 2025.Fianza: Dos meses de alquiler.Ubicación estratégica:El barrio de Cortes, también conocido como el Barrio de las Letras, es una de las zonas más emblemáticas y culturales de Madrid. A pocos pasos del Museo del Prado, el Teatro Español y la Plaza de Santa Ana, este barrio atrae tanto a turistas como a locales por su oferta cultural, su historia literaria y su vibrante vida social.El local, situado en la Calle Príncipe, goza de una excelente conexión con el transporte público, con varias líneas de metro y autobús a poca distancia. Además, su proximidad a la Puerta del Sol y la Gran Vía lo convierte en un enclave perfecto para el éxito de cualquier negocio comercial.Ventajas de invertir en Madrid:Madrid es una ciudad con un mercado inmobiliario en constante crecimiento, especialmente en áreas céntricas como Cortes. Invertir en este local ofrece una rentabilidad segura, con un arrendatario que ya genera ingresos desde 2020 y una ubicación privilegiada en uno de los barrios más visitados de la capital. Además, el valor de las propiedades en esta zona sigue aumentando, lo que asegura una revalorización a medio y largo plazo.Una inversión rentable en el corazón cultural de Madrid:Este local comercial en la Calle Príncipe es ideal para aquellos que buscan una inversión segura y estable, con un contrato de arrendamiento vigente y una excelente ubicación en el barrio de Cortes. Los ingresos asegurados, la flexibilidad de uso y el alto potencial de revalorización lo convierten en una oportunidad única en el mercado.¡No dejes pasar esta excelente oportunidad! Contáctanos para más información o para programar una visita. Este local en pleno corazón de Madrid puede ser el próximo paso en tu camino hacia el éxito inmobiliario..",,Madrid > Venta,Madrid,"Madrid, España",ok,nominatim,unknown,"Madrid, Comunidad de Madrid, España",40.416782,-3.703507,,,,,,,,2026-02-20T12:39:50+0000,2026-02-20T12:41:25+0000,ok
locales.es,madrid,venta,6,157665,venta:157665,https://www.locales.es/madrid/venta/local157665#offerType=1&estateType=3&settlement=6773,https://www.locales.es/madrid/contactar/propietario/157665,Local comercial en Venta en Madrid,Local comercial en venta en Madrid,Local comercial,local_comercial,De inmobiliaria,600000.0,,,,Alta visibilidad | Situado a pie de calle,"106 m² en planta baja, Calle Infantas (Chueca, Madrid); arrendado 15 años; TRUA a cargo del arrendatario; IBI y comunidad a cargo del arrendador.","10105. ¡Excelente oportunidad de inversión en el corazón de Chueca, Madrid!Te presentamos este fantástico local comercial situado en la Calle Infantas, en el animado y cosmopolita barrio de Chueca. Este espacio es perfecto para aquellos que buscan una inversión sólida con un contrato de arrendamiento a largo plazo y una ubicación privilegiada en uno de los barrios más deseados de la capital.Detalles del local:- Superficie construida: 106 m² distribuidos en una planta baja accesible y funcional, con espacios amplios que se adaptan a diferentes tipos de negocios.- Contrato de arrendamiento a largo plazo: El local está alquilado por un periodo de 15 años, asegurando ingresos constantes durante más de una década.- Renta mensual actual: 2.400 €/mes, con una fianza de dos meses.- Gastos a cargo del arrendatario: TRUA: 86 €/mes.- Gastos a cargo del arrendador: IBI (2021): 610,91 €/año. Comunidad: 34 €/mes.Un local con alto potencial en un barrio dinámico:Ubicado en pleno corazón de Chueca, uno de los barrios más vibrantes y de moda de Madrid, este local comercial se encuentra en una zona de alto tránsito peatonal y es ideal para negocios que buscan aprovechar la energía y el dinamismo de este enclave único. La Calle Infantas está rodeada de tiendas de diseño, cafeterías, restaurantes y bares, lo que la convierte en una ubicación estratégica para atraer a un público diverso, desde madrileños hasta turistas internacionales.Chueca es conocida por su ambiente cosmopolita y su amplia oferta cultural, siendo uno de los barrios más visitados y animados de Madrid. Esto garantiza que cualquier negocio ubicado aquí disfrute de una exposición excepcional y un flujo continuo de clientes.Por qué invertir en Madrid:Invertir en un local comercial en Madrid, especialmente en zonas céntricas como Chueca, ofrece una serie de ventajas clave:- Rentabilidad estable: Con una renta mensual de 2.400 €, este local garantiza ingresos seguros durante los próximos 15 años.- Ubicación estratégica: La cercanía a la Gran Vía, una de las principales arterias comerciales y turísticas de la ciudad, así como su conexión con el resto de Madrid, hace que este local tenga un gran atractivo comercial.- Revalorización del activo: La demanda de locales comerciales en Chueca sigue siendo alta, lo que asegura un potencial de revalorización a medio y largo plazo.Una inversión segura con alta proyección:Este local en la Calle Infantas es una oportunidad única para quienes buscan una inversión en un activo comercial con un contrato de arrendamiento garantizado y una ubicación prime en Madrid. Tanto por su rentabilidad estable como por su potencial de crecimiento en uno de los barrios más codiciados de la capital, esta propiedad es una excelente opción para inversores exigentes.¡No dejes pasar esta oportunidad! Contáctanos hoy mismo para obtener más información o para programar una visita. Este local en Chueca puede ser el próximo gran paso en tu portafolio de inversiones..",,Madrid > Venta,Madrid,"Madrid, España",ok,nominatim,unknown,"Madrid, Comunidad de Madrid, España",40.416782,-3.703507,,,,,,,,2026-02-20T12:41:28+0000,2026-02-20T12:43:04+0000,ok
locales.es,madrid,venta,6,157666,venta:157666,https://www.locales.es/madrid/venta/local157666#offerType=1&estateType=3&settlement=6773,https://www.locales.es/madrid/contactar/propietario/157666,Local comercial en Venta en Madrid,Local comercial en venta en Madrid,Local comercial,local_comercial,De inmobiliaria,545000.0,,,,Situado a pie de calle,"88 m² (35 m² planta baja, 53 m² sótano). Acceso a pie de calle; barrio Sol con alto tráfico peatonal y buena conexión de transporte.","10104. ¡Gran oportunidad de inversión en el corazón de Madrid, barrio de Sol!Te presentamos este local comercial ubicado en Calle Latoneros, una de las zonas más transitadas y emblemáticas del Centro de Madrid. Este espacio es perfecto tanto para emprendedores como para inversores que buscan un activo comercial con alto potencial de rentabilidad.Características del local:- Superficie construida: 88 m² distribuidos en dos plantas: Planta baja (calle): 35 m². Planta sótano: 53 m².Entrada a pie de calle, ideal para captar el tráfico peatonal constante del área.- Precio de venta: 545.000 €, una excelente oportunidad para establecer un negocio o generar ingresos a largo plazo.- Renta esperada: 3.000 €/mes, lo que garantiza un retorno de inversión atractivo.- Gastos a tener en cuenta: IBI (2023): 1.472,90 €/año.-Ubicación privilegiada:Este local se encuentra en pleno barrio de Sol, una de las zonas más deseadas y visitadas de Madrid. Su ubicación es inmejorable, con un flujo constante de peatones tanto locales como turistas, lo que asegura una alta visibilidad y gran potencial de clientela para cualquier tipo de negocio.Sol es el corazón de la ciudad, donde convergen tiendas, restaurantes, hoteles y puntos de interés turístico. Esto convierte a este local en una oportunidad ideal para aquellos que buscan invertir en una zona con gran dinamismo comercial. La cercanía a la Puerta del Sol, una de las plazas más famosas de España, y la excelente conectividad de transporte público (metro, trenes y autobuses) garantizan que este espacio tendrá un flujo constante de personas.Por qué invertir en Madrid:Madrid es una ciudad con un mercado inmobiliario sólido y en crecimiento. Invertir en un local comercial en una zona como Sol garantiza:- Alta rentabilidad: El local puede generar un ingreso mensual estable de 3.000 €, con un contrato de alquiler ideal para pequeños o medianos negocios.- Revalorización del activo: La demanda de locales comerciales en el centro de Madrid continúa en aumento, lo que hace de este local una inversión segura a medio y largo plazo.- Ubicación estratégica: Estar en el corazón de Madrid, rodeado de una amplia oferta cultural y comercial, asegura un alto tráfico peatonal y visibilidad.Una oportunidad que no puedes dejar escapar:Este local es perfecto para quienes buscan invertir en una ubicación premium con un gran potencial de rentabilidad. Ya sea para establecer un negocio o como una propiedad para alquiler comercial, este espacio en la Calle Latoneros representa una oportunidad única.¡Contáctanos hoy mismo para más información o para agendar una visita! Este local puede ser la clave de tu próximo éxito comercial en Madrid..",,Madrid > Venta,Madrid,"Madrid, España",ok,nominatim,unknown,"Madrid, Comunidad de Madrid, España",40.416782,-3.703507,,,,,,,,2026-02-20T12:43:04+0000,2026-02-20T12:44:41+0000,ok
locales.es,madrid,venta,6,157667,venta:157667,https://www.locales.es/madrid/venta/local157667#offerType=1&estateType=3&settlement=6773,https://www.locales.es/madrid/contactar/propietario/157667,Local comercial en Venta en Madrid,Local comercial en venta en Madrid,Local comercial,local_comercial,De inmobiliaria,900000.0,,,,,225 m² (2 plantas ≈107 m² cada) · Contrato 15 años (15/03/2023–15/03/2038). IBI y comunidad a cargo del arrendador; TRUA del arrendatario.,"10103. ¡Gran oportunidad de inversión en el centro de Madrid!Presentamos este local comercial ubicado en la Calle Infantas, en una de las zonas más demandadas de Chueca, ideal para quienes buscan una inversión rentable a largo plazo.Características del local:- Superficie construida: 225 m² de local comercial distribuido en dos plantas de 107m2 cada una, con un espacio amplio y versátil que permite múltiples posibilidades de uso.- Estado de arrendamiento: Alquilado por un plazo de 15 años desde el 15 de marzo de 2023 hasta el 15 de marzo de 2038, asegurando ingresos estables a largo plazo.- Renta actual: 4.000 €/mes, lo que ofrece una rentabilidad segura desde el primer momento.- Fianza: 2 meses de alquiler.- Gastos a cargo del arrendador: IBI (1.294,41 €/año). Comunidad (62 €/mes).- Gastos a cargo del arrendatario: TRUA (177 €/año).Ubicación privilegiada:El local se encuentra en la Calle Infantas, en pleno barrio de Chueca, una zona conocida por su movida cultural, comercial y gastronómica. El constante tránsito de residentes y turistas hace que sea una ubicación inmejorable para cualquier tipo de negocio, garantizando un flujo continuo de clientes.Por qué invertir en este local:- Rentabilidad asegurada: Con una renta mensual de 4.000 € y un contrato de arrendamiento a largo plazo, este local ofrece una excelente opción para inversores que buscan ingresos estables.- Ubicación estratégica: Chueca es una de las áreas más vibrantes y populares de Madrid, lo que asegura una alta demanda tanto de locales comerciales como de clientes.- Revalorización: La zona sigue aumentando su valor año tras año, lo que hace de esta propiedad una inversión con gran potencial de revalorización.¡No dejes pasar esta oportunidad! Si estás buscando una inversión segura en una de las mejores zonas de Madrid, este local en Calle Infantas es la opción perfecta. Contáctanos para más información o para programar una visita..",,Madrid > Venta,Madrid,"Madrid, España",ok,nominatim,unknown,"Madrid, Comunidad de Madrid, España",40.416782,-3.703507,,,,,,,,2026-02-20T12:44:41+0000,2026-02-20T12:46:25+0000,ok
locales.es,madrid,venta,6,157668,venta:157668,https://www.locales.es/madrid/venta/local157668#offerType=1&estateType=3&settlement=6773,https://www.locales.es/madrid/contactar/propietario/157668,Local comercial en Venta en Madrid,Local comercial en venta en Madrid,Local comercial,local_comercial,De inmobiliaria,700000.0,,,,Salida de humos | Situado a pie de calle,86 m² (planta baja y sótano). Contrato vigente 01/08/2024–31/07/2034 con fianza y garantía. Posible salida de humos. Propietario asume IBI y comunidad,"10099. ¡Inversores, emprendedores, no busquen más!Te presentamos una oportunidad única de inversión en pleno corazón del emblemático barrio de Chueca en Madrid, un local comercial lleno de posibilidades ubicado en la Calle Espíritu Santo 11, una zona vibrante y en constante crecimiento que garantiza rentabilidad y proyección de futuro.Características del Local:- Superficie construida: 86 m² distribuidos en dos niveles: planta baja y sótano.- Distribución óptima: La planta baja cuenta con baños y acceso directo desde la calle, mientras que el sótano ofrece múltiples opciones de uso, incluyendo almacenamiento, oficinas o expansión de la actividad comercial.Estado del Local:- Contrato de alquiler recién firmado: Desde el 01/08/2024 hasta el 31/07/2034, asegurando un ingreso fijo de 2.500 €/mes más IPC anual. Además, a partir del cuarto año de contrato, el alquiler se incrementará en 500 € mensuales, aumentando tus ingresos como propietario.- Seguridad adicional: El inquilino ha proporcionado una fianza de 2 meses más una garantía de 15.000 €, lo que asegura la estabilidad de tu inversión.- Gastos a tener en cuenta: El arrendatario cubre los gastos de TRUA, mientras que el propietario asume los gastos de IBI (329,92 €/año) y comunidad (245,91 €/mes).- Un punto clave a destacar, posibilidad de instalar salida de humos: Este local tiene la ventaja de poder instalar una salida de humos, lo que abre la puerta a una amplia variedad de usos comerciales en el futuro, especialmente en el sector gastronómico. ¡Una oportunidad fantástica para inversores en hostelería!- Ubicación inmejorable: Chueca - El barrio que nunca duermeEl barrio de Chueca, en pleno centro de Madrid, es sinónimo de vitalidad, diversidad y tendencia. Este área es una de las más codiciadas de la ciudad, conocida por su ambiente cosmopolita, su efervescente vida nocturna, y su rica oferta cultural y comercial. Invertir en Chueca significa aprovechar el constante flujo de turistas y residentes que buscan lo último en moda, gastronomía y entretenimiento.Este local se encuentra en la Calle Espíritu Santo, una de las arterias más transitadas del barrio, rodeada de negocios prósperos y renombrados. Desde boutiques y galerías de arte, hasta cafeterías y restaurantes de vanguardia, el entorno atrae a un público amplio y diverso, asegurando un alto tráfico peatonal para cualquier negocio que decidas instalar aquí.Razones para invertir en Madrid:Invertir en la capital española ofrece seguridad y rentabilidad. Madrid es una ciudad en constante expansión con un mercado inmobiliario en auge, especialmente en zonas céntricas como Chueca. Aquí algunos de los principales beneficios de invertir en este local:- Ingresos inmediatos: Con un contrato de alquiler firmado y una renta de 2.500 €/mes, desde el primer día verás beneficios.- Ubicación estratégica: En el centro de Madrid, rodeado de puntos de interés cultural y turístico que aseguran un flujo continuo de público.- Alto potencial de revalorización: Chueca es un barrio que sigue revalorizándose gracias a su mezcla de historia, modernidad y su creciente popularidad, tanto entre madrileños como entre turistas internacionales.- Mercado dinámico y diversificado: Madrid combina atracción turística con una sólida base de residentes, lo que garantiza que la demanda de locales comerciales se mantenga alta.Este local es perfecto para quienes buscan una inversión rentable y segura, con posibilidades de crecimiento garantizado gracias a la ubicación y las condiciones del contrato de alquiler.¡No pierdas esta oportunidad única en Chueca! Para obtener más detalles, ver planos o coordinar una visita, contáctanos hoy mismo. Este local puede ser la clave para tu próximo gran éxito inmobiliario..",,Madrid > Venta,Madrid,"Madrid, España",ok,nominatim,unknown,"Madrid, Comunidad de Madrid, España",40.416782,-3.703507,,,,,,,,2026-02-20T12:46:25+0000,2026-02-20T12:48:16+0000,ok
locales.es,madrid,venta,6,157669,venta:157669,https://www.locales.es/madrid/venta/local157669#offerType=1&estateType=3&settlement=6773,https://www.locales.es/madrid/contactar/propietario/157669,Local comercial en Venta en Madrid,Local comercial en venta en Madrid,Local comercial,local_comercial,De inmobiliaria,2100000.0,,,,Cocina completamente equipada | Almacén,"206 m² (pb y sótano). Licencia bar-restaurante. Pb: atención al público y aseo PMR. Sótano: cocina, 3 almacenes, cámaras, zona de lavado. Local vacío.","10098. ¡Gran oportunidad de inversión en el corazón de Madrid!Presentamos este exclusivo local comercial en la calle Príncipe 4, en pleno barrio de Centro - Cortes-Huertas, una de las zonas más emblemáticas y con más afluencia de la capital. Ubicado en una de las áreas más transitadas por turistas y locales, este espacio cuenta con licencia de bar-restaurante, lo que lo convierte en una inversión ideal para empresarios del sector hostelero o para aquellos que busquen un local con alta rentabilidad.Características del local:- Superficie construida: 206 m² distribuidos en planta baja y sótano.- Metros en planta baja: 43,9 m².- Metros en sótano: 84 m², perfectamente equipado para el uso comercial.- Gastos de comunidad: 245,91 €/mes.- IBI: 1.533,97 € anuales.- TRUA: 261 € anuales.- Local vacío de inquilinos y listo para iniciar la actividad.- Renta esperada: 9.000 €/mes, lo que lo convierte en una excelente opción para inversores.Distribución del local:- Planta baja: Con zona de atención al público, mostrador, oficina, aseo P.M.R. y área de paso. Ideal para generar un ambiente cómodo y funcional para los clientes.- Planta sótano: Completamente equipada con cocina, 3 almacenes, cámaras frigoríficas, zona de lavado, aseos para hombres y mujeres, sala de tránsito y cuarto de basura. El diseño del sótano optimiza la operación interna de cualquier negocio de hostelería, asegurando un flujo de trabajo eficiente.¿Por qué Cortes-Huertas?El barrio Centro - Cortes-Huertas es conocido como el Barrio de las Letras, un lugar con una rica historia cultural y literaria, donde residieron grandes escritores del Siglo de Oro español. Además, su excelente ubicación cerca de museos como el Prado y el Thyssen, el Teatro Español, y su proximidad a zonas tan icónicas como la Puerta del Sol y la Plaza Santa Ana, hacen de este barrio un punto neurálgico del turismo en Madrid. Es una zona que nunca deja de estar en demanda, tanto por turistas como por madrileños que buscan disfrutar de su vibrante vida social, gastronómica y cultural.Ventajas de invertir en Madrid:Invertir en la ciudad de Madrid ofrece múltiples ventajas, entre ellas:- Alta rentabilidad: Este local cuenta con una renta esperada de 9.000 €/mes, lo que lo convierte en una inversión sólida y atractiva.- Ubicación estratégica: Zonas como Cortes-Huertas aseguran afluencia constante de público, tanto turistas como residentes.- Crecimiento estable: El mercado inmobiliario de Madrid continúa siendo uno de los más sólidos y demandados de Europa, con un alto potencial de revalorización a largo plazo.- Conexión con la cultura: Invertir en un barrio tan rico en historia y cultura es sinónimo de prestigio, y garantiza la relevancia y el atractivo continuo de cualquier negocio ubicado en la zona.Este local es una oportunidad excepcional tanto para inversores como para empresarios del sector hostelero que busquen un espacio en una ubicación premium con gran potencial de negocio.¡No dejes pasar esta oportunidad! Contáctanos hoy mismo para más información, planos o una visita. ¡Tu próximo éxito empresarial empieza aquí!.",,Madrid > Venta,Madrid,"Madrid, España",ok,nominatim,unknown,"Madrid, Comunidad de Madrid, España",40.416782,-3.703507,,,,,,,,2026-02-20T12:48:16+0000,2026-02-20T12:50:01+0000,ok
locales.es,madrid,venta,6,157670,venta:157670,https://www.locales.es/madrid/venta/local157670#offerType=1&estateType=3&settlement=6773,https://www.locales.es/madrid/contactar/propietario/157670,Local comercial en Venta en Madrid,Local comercial en venta en Madrid,Local comercial,local_comercial,De inmobiliaria,875000.0,,,,Alta visibilidad,"92 m² en planta baja con 5 salas, local libre de arrendamiento, ubicado en calle Pez (Malasaña), alta afluencia y visibilidad.","10097. ¡Oportunidad única en el corazón de Malasaña!Presentamos este fantástico local comercial en la calle Pez 23, una ubicación privilegiada en uno de los barrios más icónicos y dinámicos de Madrid. Malasaña es conocida por su vibrante escena cultural, su vida nocturna y su ambiente alternativo, lo que la convierte en un lugar perfecto para emprendedores que buscan establecerse en un entorno lleno de creatividad y movimiento.Características del local:Superficie construida: 92 m² distribuidos en planta baja.Distribución: 5 salas que ofrecen múltiples opciones de uso.Gastos de comunidad: 58,05 €/mes.IBI: 645,98 € anuales.TRUA: 64,50 € anuales.Local libre de arrendamiento, listo para empezar tu negocio.Renta esperada: 4.100 €/mes, ofreciendo una atractiva rentabilidad para inversores.¿Por qué Malasaña?Malasaña es un barrio que nunca pasa de moda. Su mezcla de historia, cultura y modernidad lo convierte en un punto de encuentro para residentes, turistas y creativos. Las calles de Malasaña están llenas de cafés, boutiques, galerías y espacios culturales que atraen a una clientela joven, cosmopolita y en constante movimiento. Este local, ubicado en la calle Pez, se sitúa en una de las arterias más frecuentadas del barrio, garantizando visibilidad y afluencia de público.Ventajas de invertir en Madrid:Invertir en Madrid es sinónimo de seguridad y crecimiento. La ciudad sigue siendo una de las más demandadas en Europa tanto por su oferta cultural y comercial como por su estabilidad económica. Algunos beneficios clave de invertir aquí son:- Alta rentabilidad: Como este local, con una renta esperada de 4.100 €/mes.- Gran demanda de espacios comerciales, especialmente en zonas céntricas como Malasaña.- Afluencia constante de turistas y residentes internacionales, que dinamizan el consumo local.- Revalorización asegurada a largo plazo en barrios históricos y de moda como este.Este local en calle Pez es una oportunidad ideal tanto para inversores que buscan alta rentabilidad como para emprendedores que quieran abrir un negocio en una zona llena de vida.¡No dejes pasar esta increíble oportunidad! Contáctanos hoy mismo para más información, planos o una visita virtual. ¡Este local puede ser el comienzo de tu próximo gran proyecto!.",,Madrid > Venta,Madrid,"Madrid, España",ok,nominatim,unknown,"Madrid, Comunidad de Madrid, España",40.416782,-3.703507,,,,,,,,2026-02-20T12:50:01+0000,2026-02-20T12:51:45+0000,ok
locales.es,madrid,venta,6,157671,venta:157671,https://www.locales.es/madrid/venta/local157671#offerType=1&estateType=3&settlement=6773,https://www.locales.es/madrid/contactar/propietario/157671,Local comercial en Venta en Madrid,Local comercial en venta en Madrid,Local comercial,local_comercial,De inmobiliaria,1050000.0,,,1.0,Almacén,"167 m²: planta baja con baño, aseo y zona de exposición; sótano con 2 despachos; 3 almacenes; libre de arrendamiento; sin salida de humos.","10096. ¿Buscas un local comercial en una de las zonas más vibrantes de Madrid? Te presentamos este fantástico local situado en Chueca, uno de los barrios más populares y de moda de la ciudad. Conocido por su ambiente cosmopolita, lleno de vida y con una gran variedad de tiendas, bares, restaurantes y espacios culturales, Chueca es un punto de referencia para quienes buscan el pulso urbano en Madrid. ¡Una ubicación perfecta para atraer a un público diverso y moderno!Características del local:Superficie construida: 167 m² distribuidos entre planta baja con un baño y un aseo, 3 almacenes y una amplia zona de exposición y sótano con 2 despachos.Año de construcción: 1900Comunidad: 59.76 €/mes.IBI: 1.146,68 € (2024).TRUA: 117 € anuales.Libre de arrendamiento: Listo para comenzar tu proyecto.Sin salida de humos y sin derecho a ello.Renta esperada: 4.800 €/mes, una oportunidad excepcional para inversores que buscan una alta rentabilidad.¿Por qué invertir en Madrid?Madrid es una ciudad que no deja de crecer y su mercado inmobiliario es uno de los más sólidos de Europa. Invertir en Madrid ofrece seguridad y estabilidad, tanto a corto como a largo plazo, debido a factores como:- Alta demanda comercial y residencial en zonas céntricas como Chueca.- Flujo constante de turistas y residentes internacionales, que dinamizan el consumo y hacen que los negocios prosperen.- Rendimiento asegurado, con rentas que, como en este caso, pueden alcanzar los 4.800 € al mes.- Infraestructura de primer nivel, con excelentes conexiones de transporte, servicios y una oferta cultural que atrae a millones de personas anualmente.Este local en Chueca ofrece el potencial ideal para cualquier tipo de negocio que no requiera salida de humos, en un área que combina el espíritu tradicional de Madrid con las últimas tendencias. Chueca es un epicentro cultural y comercial, donde tu negocio estará rodeado de un entorno dinámico, atrayendo tanto a residentes como a turistas.¡No dejes pasar esta oportunidad de inversión en una de las mejores zonas de Madrid! Para más información, planos o una visita virtual, contáctanos hoy mismo..",,Madrid > Venta,Madrid,"Madrid, España",ok,nominatim,unknown,"Madrid, Comunidad de Madrid, España",40.416782,-3.703507,,,,,,,,2026-02-20T12:51:45+0000,2026-02-20T12:54:29+0000,ok
locales.es,madrid,venta,6,157672,venta:157672,https://www.locales.es/madrid/venta/local157672#offerType=1&estateType=3&settlement=6773,https://www.locales.es/madrid/contactar/propietario/157672,Local comercial en Venta en Madrid,Local comercial en venta en Madrid,Local comercial,local_comercial,De inmobiliaria,900000.0,,,,,"3 inmuebles 160,10 m²: Local 1 alquilado como óptica hasta 31/05/2036; Local 2 30,57 m² convertible; Vivienda 26,28 m²; para reformar","10095. Excelente Inversión en Calle Antonio López 32 (Madrid) de 2 Locales + 1 Vivienda en planta Baja para reformar en un futuro o sacarle rentabilidad tal como está. La superficie útil de los 3 inmuebles es de 160,10 M2El Local 1 está alquilado como Óptica a 3.700 euros / mes hasta 31/05/2036El Local 2 tiene una superficie útil de 30,57 M2 (posibilidad de hacer vivienda o alquiler como Local) La Vivienda consta de una Superficie útil de 26,28 M2.",,Madrid > Venta,Madrid,"Madrid, España",ok,nominatim,unknown,"Madrid, Comunidad de Madrid, España",40.416782,-3.703507,,,,,,,,2026-02-20T12:54:29+0000,2026-02-20T12:55:48+0000,ok
locales.es,madrid,venta,6,157689,venta:157689,https://www.locales.es/madrid/venta/local157689#offerType=1&estateType=3&settlement=6773,https://www.locales.es/madrid/contactar/propietario/157689,Local comercial en Venta en Madrid,Local comercial en venta con 20m² en Madrid,Local comercial,local_comercial,De inmobiliaria,120000.0,6000.0,20.0,,Persiana metálica | Escaparate,"Local 20 m² en Madrid, buen estado, gran escaparate, entrega vacío, cerramiento metálico eléctrico, sin gastos de intermediación.",1295. Local disponible en calle Ferrocarril. Ubicación inmejorable. Junto a Paseo de las Delicias. Buen estado. Gran escaparate. Se entrega vacío. Cerramiento metálico eléctrico. Sin gastos de intermediación..,,Madrid > Venta,Madrid,"Madrid, España",ok,nominatim,unknown,"Madrid, Comunidad de Madrid, España",40.416782,-3.703507,,,,,,,,2026-02-20T13:17:50+0000,2026-02-20T13:19:13+0000,ok
locales.es,madrid,venta,6,157812,venta:157812,https://www.locales.es/madrid/venta/local157812#offerType=1&estateType=3&settlement=6773,https://www.locales.es/madrid/contactar/propietario/157812,Local comercial en Venta en Madrid,Local comercial en venta en Madrid,Local comercial,local_comercial,De inmobiliaria,180000.0,1800.0,,2.0,Recepción | Aire acondicionado | Escaparate | Alta visibilidad | +1,"146 m² en planta calle y sótano; espacio diáfano, 2 despachos, almacén, 2 baños, acceso directo, aire acondicionado, zona comercial.","HBP-10006. Homes by Pegasus presenta este fantástico local comercial de 146 m², distribuido en dos plantas, ideal para emprendedores y empresarios que buscan un espacio amplio, versátil y con máxima visibilidad. Ubicado en el corazón de Martínez de la Riva, una zona con alto flujo peatonal, este local ofrece una oportunidad única para dar vida a tu negocio y posicionarlo en una de las áreas más comerciales de la ciudad.En la planta principal, a pie de calle, encontramos un gran espacio diáfano, perfecto para diseñar un ambiente atractivo y funcional según las necesidades de tu negocio. Su escaparate de 6 metros lineales proporciona una excelente exposición, captando la atención de cientos de personas que transitan a diario por la zona. Además, cuenta con acceso directo desde la calle, lo que facilita la entrada de clientes y proveedores, asegurando comodidad y practicidad.La planta inferior está diseñada para ofrecer espacios privados y zonas de almacenamiento. Aquí encontramos dos despachos independientes, ideales para reuniones, trabajo administrativo o atención personalizada a clientes. También dispone de una zona de espera o recepción, brindando un ambiente cómodo y profesional. Para mayor funcionalidad, cuenta con dos baños completamente equipados, pensados tanto para empleados como para clientes. Además, dispone de un amplio almacén o archivo, perfecto para organizar stock, documentación o material de trabajo.Este local garantiza el máximo confort gracias a su sistema de aire acondicionado frío/calor, proporcionando una temperatura agradable durante todo el año. Su ubicación en Martínez de la Riva lo convierte en un punto estratégico, rodeado de comercios, servicios y transporte público, asegurando alta visibilidad y un flujo constante de potenciales clientes.Actualmente, el local funciona como gestoría, pero su distribución y características lo hacen perfectamente adaptable a cualquier tipo de actividad comercial (sujeto a cambio de licencia). Ya sea que estés buscando un espacio para una tienda, oficina, showroom, academia, clínica o cualquier otro negocio, este local tiene todo el potencial para hacerlo crecer.Si buscas una ubicación privilegiada, con máxima visibilidad y un espacio listo para empezar a operar, este es el local que necesitas. ¡No dejes pasar esta oportunidad! Contáctanos hoy mismo y agenda una visita para descubrir todo lo que este increíble local tiene para ofrecerte..",,Madrid > Venta,Madrid,"Madrid, España",ok,nominatim,unknown,"Madrid, Comunidad de Madrid, España",40.416782,-3.703507,,,,,,,,2026-02-20T16:22:39+0000,2026-02-20T16:24:34+0000,ok
locales.es,madrid,venta,6,157813,venta:157813,https://www.locales.es/madrid/venta/local157813#offerType=1&estateType=3&settlement=6773,https://www.locales.es/madrid/contactar/propietario/157813,Local comercial en Venta en Madrid,Local comercial en venta en Madrid,Local comercial,local_comercial,De inmobiliaria,139000.0,2241.9,,1.0,Aire acondicionado | Alta visibilidad,"Local comercial 62 m² en Barrio del Pilar, 2 plantas, fachada 4 m, baño, climatización frío/calor, alto tránsito y buen estado.","HBP-10007. Homes by Pegasus presenta este excepcional local comercial de 62 m², una oportunidad única para emprendedores y empresas que buscan un espacio estratégico, versátil y listo para destacar en una de las zonas más demandadas de Madrid: el Barrio del Pilar.Ubicado en una calle con alto tránsito peatonal y rodeado de comercios y servicios, este local garantiza gran visibilidad para tu marca y el entorno perfecto para atraer clientes. Su distribución inteligente, funcionalidad y excelente estado lo convierten en la opción ideal para cualquier tipo de negocio.Con una distribución en dos plantas, este local comercial cuenta con dos amplios espacios abiertos, ideales para adaptarse a diferentes necesidades. Ya sea para tiendas de moda, oficinas, estudios creativos o servicios profesionales, este espacio ofrece una base flexible y personalizable para hacer crecer tu negocio.Fachada de 4 metros lineales, lo que permite una excelente exposición y visibilidad desde la calle. Baño completo, pensado para la comodidad tanto del equipo como de los clientes. Climatización integral, equipado con aire acondicionado frío/calor para garantizar confort en cualquier época del año.Situado en una de las calles más comerciales del Barrio del Pilar, este local se encuentra rodeado de tiendas, oficinas, servicios y zonas residenciales, lo que garantiza un constante movimiento de personas y una clientela potencial asegurada.Además, su excelente conectividad permite un acceso rápido y cómodo, tanto en transporte público como en vehículo privado, facilitando la llegada de clientes y proveedores.Olvídate de costosas reformas y tiempos de espera. Este local está en perfecto estado para que simplemente llegues, instales tu negocio y comiences a operar de inmediato. Funcionalidad, comodidad y una ubicación inmejorable en un solo lugar.Si buscas un espacio versátil, con gran visibilidad y en una de las mejores zonas comerciales de Madrid, este es el local que necesitas para llevar tu negocio al siguiente nivel.Contáctanos ahora y agenda una visita para conocer de primera mano todas las ventajas que este increíble local comercial tiene para ofrecerte..",,Madrid > Venta,Madrid,"Madrid, España",ok,nominatim,unknown,"Madrid, Comunidad de Madrid, España",40.416782,-3.703507,,,,,,,,2026-02-20T16:24:34+0000,2026-02-20T16:24:34+0000,ok
locales.es,madrid,venta,6,157923,venta:157923,https://www.locales.es/madrid/venta/local157923#offerType=1&estateType=3&settlement=6773,https://www.locales.es/madrid/contactar/propietario/157923,Local comercial en Venta en Madrid,Local comercial en venta con 75m² en Madrid,Local comercial,local_comercial,De inmobiliaria,220000.0,2933.3,75.0,1.0,Urbanización privada | Sistemas de Seguridad | Aire acondicionado | Almacén | +3,"93 m² construidos (75 m² útiles), planta única con 4 estancias, baño adaptado PMR, aire acondicionado, salida de humos, construido 2009","SK068. ¡Oportunidad única! Se vende local comercial con posibilidad real de cambio de uso a vivienda, ubicado en una urbanización cerrada y con vigilancia, garantizando seguridad y tranquilidad. Construido en 2009, este local de 93 m² construidos (75 m² útiles) está completamente insonorizado, ideal para cualquier tipo de negocio que requiera privacidad y silencio. El inmueble cuenta con un hall de entrada que incluye un almacén, un baño adaptado para personas con movilidad reducida, aire acondicionado con bomba de calor y salida de humos.El local se distribuye en una sola planta con 4 estancias bien definidas, perfectas para oficinas, consultas o incluso un estudio creativo. Además, dispone de 2 escaparates que ofrecen una excelente visibilidad desde el exterior y una fachada de 13 metros lineales que asegura una gran presencia comercial. Los locales colindantes han sido reformados con cambio de uso.No pierdas la oportunidad de invertir en este versátil espacio que puede adaptarse a tus necesidades comerciales o convertirse en tu hogar soñado. Con calefacción y aire acondicionado, este local ofrece comodidad durante todo el año. ¡Contacta con nosotros para más información y para concertar una visita!.",,Madrid > Venta,Madrid,"Madrid, España",ok,nominatim,unknown,"Madrid, Comunidad de Madrid, España",40.416782,-3.703507,,,,,,,,2026-02-20T19:03:56+0000,2026-02-20T19:03:56+0000,ok
locales.es,madrid,venta,6,157936,venta:157936,https://www.locales.es/madrid/venta/local157936#offerType=1&estateType=3&settlement=6773,https://www.locales.es/madrid/contactar/propietario/157936,"Local comercial en Venta en Paseo del Prado, Jerónimos, Madrid","Local comercial en venta en Madrid, en la zona de Jerónimos, Paseo del Prado",Local comercial,local_comercial,De inmobiliaria,10850000.0,,,,Almacén | Ascensor | Terraza,"Parcela 301 m², 2.006 m² construidos; sótano, PB+5; 15 viviendas, 2 locales; ascensor, calefacción central, azotea.","54075. Oi Realtor presenta en exclusiva edificio en venta en el Barrio Cortes del Distrito Centro, MadridDetalles del edificio en venta en MadridEste magnífico edificio de más de 100 años, está situado a escasos metros de la Plaza Santa Ana, con doce huecos por planta en fachada y en unas zonas más demandadas de la capital, en pleno corazón de Madrid. A unos minutos se encuentran lugares muy conocidos y comerciales.Es un edificio de uso mixto con una superficie de parcela 301 m2 y construida de 2.006 m2, comprendido por planta sótano, planta baja, y 5 alturas sobre rasante, en las que hay quince viviendas y dos locales comerciales. El edificio cuenta con licencia para rehabilitar la fachada, y además:  Tiene su azotea, escalera y estructura en perfecto estado de conservación Instalación de gas y calefacción central. Ascensor. Muchas posibilidades de transformación y versatilidad. Azotea con posibilidades de valor espacial de uso añadido.El edificio está catalogado dentro de la Normativa NZ 1 Grado 2° Nivel A, que según la ordenanza de aplicación NZ 1-2ºA, de este inmueble, en cuanto a los usos COMPLEMENTARIOS y ALTERNATIVOS, si se permiten los de Hospedaje, con acceso independiente y uso exclusivo.Excelente UbicaciónUbicado en el barrio Cortes del distrito Centro de Madrid. Es un distrito muy bien comunicado por transporte público, como metro (Sevilla (L2), Gran Vía (L1, L5), Callao (L3, L5), Sol (L1, L2, L3), Opera (L2, L5, R), Santo Domingo (L2)), trenes (las más cercanas son Sol (C-3 y C- 4) y rutas de buses (numerosas líneas que dan conexión con distintos barrios de Madrid). También tiene fácil acceso a principales vías y acceso a todo tipo de servicios. Cortes es un núcleo de arte y cultura literaria. En el Barrio de las Letras, la calle Huertas está jalonada de citas de antiguos residentes, como Cervantes y Lope de Vega, cuya casa es ahora un museo. Muy cerca, el arbolado paseo del Prado conduce al famoso Museo Thyssen-Bornemisza. Hay bares de tapas con abarrotadas terrazas en la plaza de Santa Ana. Oi Realtor es el primer consultor inmobiliario de lujo. Nuestra misión es la de asesorar, dar servicio, innovar y adaptarnos, con vocación internacional de cara a nuestro mercado. Vender tu casaBrindamos un servicio completo para conseguir vender tu casa en el menor tiempo posible y siempre al mejor precio. Un compromiso que adquirimos con cada uno de nuestros clientes.Inversiones inmobiliariasEn Oi Realtor poseemos una larga experiencia seleccionando las mejores propiedades para los clientes más exigentes. Y así asegurar las mejores inversiones inmobiliarias y la máxima rentabilidad en cada operación.Te compramos tu casaProporcionamos la respuesta que necesitas en la venta inmediata de tu vivienda. Nuestro equipo profesional te presenta una oferta rápida, al mejor precio y con un compromiso real donde te compramos tu casa.Compramos edificiosAtesoramos una larga experiencia donde compramos edificios, realizamos rehabilitaciones y venta de edificios en las principales localizaciones. No dudes en consultar a nuestro equipo y obtendrás el mejor resultado.Tasación de viviendasDescubre cuánto vale tu casa y decide si te conviene alquilarla o venderla en función del precio de mercado. En Oi Realtor realizamos tasación de viviendas para que se tome así la mejor decisión financiera y obtener la máxima rentabilidad.Golden VisaEn Oi Realtor Disponemos de profesionales especializados en Golden Visa y dedicados a orientar a todos aquellos inversores extranjeros interesados en la obtención del permiso de residencia por la compra de viviendas de lujo. Realojamiento y trasladoEn Oi Realtor contamos con el mejor servicio de realojamiento y traslado, tanto de empleados como de ejecutivos. Asistencia integral en la reubicación para empresas nacionales e internacionales..",Jerónimos,Madrid > Jerónimos > Venta,"Paseo del Prado, Jerónimos, Madrid","Paseo del Prado, Jerónimos, Madrid, España",ok,nominatim,street_approx,"Paseo del Prado, Jerónimos, Retiro, Madrid, Comunidad de Madrid, 28014, España",40.4165296,-3.6935541,8a390cb1b287fff,10.0,3069.0,3.0,Retiro,35.0,Jerónimos,2026-02-20T19:20:20+0000,2026-02-20T19:20:20+0000,ok
locales.es,madrid,venta,6,157954,venta:157954,https://www.locales.es/madrid/venta/local157954#offerType=1&estateType=3&settlement=6773,https://www.locales.es/madrid/contactar/propietario/157954,Local comercial en Venta en Madrid,,,local_comercial,De inmobiliaria,890000.0,4684.2,190.0,,Ascensor | Terraza,"Local 190 m² en planta baja; edificio mixto ~280 m² (277 m² útiles) con varias viviendas (pisos y dúplex), terrazas, cocinas y baños.",,,,Madrid,"Madrid, España",ok,nominatim,unknown,"Madrid, Comunidad de Madrid, España",40.416782,-3.703507,,,,,,,,,,card_only_geocoded
locales.es,madrid,venta,7,139552,venta:139552,https://www.locales.es/madrid/venta/local139552#offerType=1&estateType=3&settlement=6773,https://www.locales.es/madrid/contactar/propietario/139552,"Local comercial en Venta en Avenida de Santa Eugenia, Santa Eugenia, Madrid",,,local_comercial,De inmobiliaria,310100.0,1772.0,175.0,,Urbanización privada | Almacén | Ascensor,"Planta baja 175 m² (161,92 m² útiles). Entrada diáfana, despacho, almacén y aseo. Edificio con ascensor; junto estación Renfe y buenas comunicaciones.",,,,"Avenida de Santa Eugenia, Santa Eugenia, Madrid","Avenida de Santa Eugenia, Santa Eugenia, Madrid, España",ok,nominatim,street_approx,"Avenida de Santa Eugenia, Santa Eugenia, Villa de Vallecas, Madrid, Comunidad de Madrid, 28031, España",40.3787085,-3.6084682,8a390ca00a57fff,10.0,18036.0,18.0,Villa de Vallecas,182.0,Santa Eugenia,,,card_only_geocoded
locales.es,madrid,venta,7,139919,venta:139919,https://www.locales.es/madrid/venta/local139919#offerType=1&estateType=3&settlement=6773,https://www.locales.es/madrid/contactar/propietario/139919,"Local comercial en Venta en Calle de García Luna, Ciudad Jardín, Madrid",,,local_comercial,De inmobiliaria,790000.0,5266.7,150.0,2.0,,"337 m² (277 útiles), segregación en 2 locales (177 y 160 útiles). Planta calle, acceso directo, luz natural y buena comunicación.",,,,"Calle de García Luna, Ciudad Jardín, Madrid","Calle de García Luna, Ciudad Jardín, Madrid, España",ok,nominatim,street_approx,"Calle de García Luna, Ciudad Jardín, Chamartín, Madrid, Comunidad de Madrid, 28002, España",40.4462046,-3.6747686,8a390ca24c1ffff,10.0,5096.0,5.0,Chamartín,53.0,Ciudad Jardín,,,card_only_geocoded
locales.es,madrid,venta,7,140160,venta:140160,https://www.locales.es/madrid/venta/local140160#offerType=1&estateType=3&settlement=6773,https://www.locales.es/madrid/contactar/propietario/140160,"Local comercial en Venta en Calle de Alar del Rey, Timón, Madrid",,,local_comercial,De inmobiliaria,192000.0,2823.5,68.0,2.0,Patio | Piscina | Salida de humos | Barra | +2,"Local en una planta, 68 m² (53,7 útiles), salón diáfano con barra, cocina con ventana, despensa, 2 aseos, terraza exterior ~40 m².",,,,"Calle de Alar del Rey, Timón, Madrid","Calle de Alar del Rey, Timón, Madrid, España",not_found,nominatim,,,,,,,,,,,,,,card_only
locales.es,madrid,venta,7,140223,venta:140223,https://www.locales.es/madrid/venta/local140223#offerType=1&estateType=3&settlement=6773,https://www.locales.es/madrid/contactar/propietario/140223,"Local comercial en Venta en Calle Lago Azul, Madrid",,,local_comercial,De inmobiliaria,1600000.0,800.0,2000.0,2.0,,Venta íntegra a inversores hostelería. Números positivos demostrables. Locales propios (opción compra). Contrato alquiler 15–20 años; recuperación 3–4 años.,,,,"Calle Lago Azul, Madrid","Calle Lago Azul, Madrid, España",outside_scope,nominatim,street_approx,"Calle Lago Azul, Buenavista, Sector III, Getafe, Comunidad de Madrid, 28905, España",,,,,,,,,,,,reused_snapshot
locales.es,madrid,venta,7,140479,venta:140479,https://www.locales.es/madrid/venta/local140479#offerType=1&estateType=3&settlement=6773,https://www.locales.es/madrid/contactar/propietario/140479,"Local comercial en Venta en Calle de Cristóbal Bordiú, Ríos Rosas, Madrid",,,local_comercial,De inmobiliaria,1170000.0,2437.5,480.0,2.0,Almacén | Alta visibilidad | Situado a pie de calle,"480 m²: 225 m² planta calle (acceso directo), 255 m² sótano, 2 baños, altura 2,8 m. Uso comercial, restauración, clínica o academia.",,,,"Calle de Cristóbal Bordiú, Ríos Rosas, Madrid","Calle de Cristóbal Bordiú, Ríos Rosas, Madrid, España",ok,nominatim,street_approx,"Calle de Cristóbal Bordiú, Ríos Rosas, Chamberí, Madrid, Comunidad de Madrid, 28003, España",40.4430032,-3.6985222,8a390cb191a7fff,10.0,07109,07,Chamberi,005,Rios Rosas,,,card_only_geocoded
locales.es,madrid,venta,7,140535,venta:140535,https://www.locales.es/madrid/venta/local140535#offerType=1&estateType=3&settlement=6773,https://www.locales.es/madrid/contactar/propietario/140535,"Local comercial en Venta en Calle del Lago Constanza, Pueblo Nuevo, Madrid","Local comercial en venta con 182m² en Madrid, en la zona de Pueblo Nuevo, Calle del Lago Constanza",Local comercial,local_comercial,De inmobiliaria,375000.0,2060.4,182.0,2.0,Montacargas | Salida de humos | Situado a pie de calle,"182 m² en 2 plantas (91+91), altura 3 m, doble entrada, salida de humos y montacargas; en Pueblo Nuevo, próximo a metro.","IE18URQ. ¡LA GRAN OPORTUNIDAD DE TU VIDA DE LA MANO DE INMOBILIARIAS ENCUENTRO!!!!! Se vende un local con la posibilidad de continuar con el negocio que esta en la actualidad, con su cartera de clientes.~¿Te imaginas gestionar tu propio negocio en una ubicación privilegiada y con un flujo constante de clientes? Inmobiliarias Encuentro te presenta una oportunidad única que no podrás dejar pasar. Actualmente, este local está operativo como tienda de bebidas, con beneficios demostrables que aseguran el éxito de tu inversión. Características del Local: - Superficie:182 m2 distribuidos en dos plantas diáfanas de 91 m2 cada una.~- Acceso: Entrada a pie de calle, lo que garantiza la visibilidad y accesibilidad que tu negocio necesita.~- Altura: Cada planta cuenta con impresionantes 3 metros de altura, brindando una sensación de amplitud y comodidad.~- Entradas: Doble entrada para facilitar el tránsito de clientes y mercancía.~- Salidas de humos: Ideal para aquellos que deseen ampliar su oferta gastronómica.~- Montacargas de 1K: Perfecto para el movimiento de mercancías y equipamiento sin complicaciones. Ubicación Estratégica: Situado en el vibrante distrito de Ciudad Lineal, específicamente en Pueblo Nuevo, estarás a escasos minutos de la calle Alcalá y cerca de las estaciones de Metro Quintana y Pueblo Nuevo. Esta área no solo cuenta con un tránsito constante de personas, sino que también está rodeada de una variedad de comercios y servicios que complementan tu negocio y atraen a clientes potenciales. Una Inversión Inteligente:. El precio de venta no incluye los gastos de Notaría, Registro e impuestos, pero te aseguramos que cada euro invertido será un paso hacia tu futuro exitoso. Si estás buscando un lugar con un historial de más de 20 años de atención a clientes y la posibilidad de crecer, ¡este es el local que has estado esperando! No dejes que esta oportunidad se escape. ¡Contacta con Inmobiliarias Encuentro y da el primer paso hacia el negocio que siempre has soñado! ¡Tu éxito comienza aquí! Si necesita vender su inmueble para adquirir este u otro inmueble publicado contacte con nosotros disponemos del servicio //”CAMBIA DESCANSA”// la solución perfecta para cuadrar los plazos de venta de su vivienda y entrega del nuevo inmueble. Financiación a tu medida con FINMOO tendrás los mejores tipos de interés y hasta el cien por cien de financiación. Consulta nuestras condiciones .",Pueblo Nuevo,Madrid > Pueblo Nuevo > Venta,"Calle del Lago Constanza, Pueblo Nuevo, Madrid","Calle del Lago Constanza, Pueblo Nuevo, Madrid, España",ok,nominatim,street_approx,"Calle del Lago Constanza, Pueblo Nuevo, Ciudad Lineal, Madrid, Comunidad de Madrid, 28017, España",40.428791,-3.6458222,8a390ca20007fff,10.0,15051.0,15.0,Ciudad Lineal,152.0,Pueblo Nuevo,2025-10-16T06:34:56+0000,2025-10-16T06:34:56+0000,ok
locales.es,madrid,venta,7,140823,venta:140823,https://www.locales.es/madrid/venta/local140823#offerType=1&estateType=3&settlement=6773,https://www.locales.es/madrid/contactar/propietario/140823,"Local comercial en Venta en Calle de Embajadores, Palos de la Frontera, Madrid",,,local_comercial,De inmobiliaria,1100000.0,6432.7,171.0,2.0,Situado a pie de calle,"Local comercial de 171 m² en centro de Madrid, a pie de calle y en zona comercial; apto para hostelería y otros usos. Sin fotos; doc. por verificar.",,,,"Calle de Embajadores, Palos de la Frontera, Madrid","Calle de Embajadores, Palos de la Frontera, Madrid, España",ok,nominatim,street_approx,"Calle de Embajadores, Palos de la Frontera, Arganzuela, Madrid, Comunidad de Madrid, 28012, España",40.4025744,-3.7006071,8a390ca34acffff,10.0,2071.0,2.0,Arganzuela,26.0,Palos de la Frontera,,,card_only_geocoded
locales.es,madrid,venta,7,141238,venta:141238,https://www.locales.es/madrid/venta/local141238#offerType=1&estateType=3&settlement=6773,https://www.locales.es/madrid/contactar/propietario/141238,"Local comercial en Venta en Calle Los Chulapos, Imperial, Madrid","Local comercial en venta con 73m² en Madrid, en la zona de Imperial, Calle Los Chulapos",Local comercial,local_comercial,De inmobiliaria,617000.0,8452.1,73.0,2.0,Salida de humos | Terraza | Situado a pie de calle,"73 m²; planta calle + sótano; aseo, cocina y cámara; salida de humos en proceso; posibilidad de terraza previa licencia.","4304. REF-4304- UNIONSOL OFRECE LOCAL DE HOSTELERIA EN VENTA EN EL CENTRO DE MADRID VALOR DE LA VENTA / 617.000 €- Se trata de local comercial apto para la hostelería en la zona de la Latina con Sala de ventas en planta calle y sótano. con aseo, cocina y cámara.• Salida de Humos: en proceso de adecuación.• Dispone de posibilidad de terraza tras solicitud de licencia.Unionsol genera las mejores oportunidades para conseguir su propio negocio, presentando alternativas seleccionadas en hostelería y muchos otros tipos de actividades comercialesNota: la documentación presentada por Unionsol queda a total responsabilidad la verificación de la misma por parte del comprador, clienteLos precios anotados en este formato son + IVA.",Imperial,Madrid > Imperial > Venta,"Calle Los Chulapos, Imperial, Madrid","Imperial, Madrid, España",ok,nominatim,zone_approx,"Imperial, Arganzuela, Madrid, Comunidad de Madrid, España",40.4057995,-3.7186854,,,,,,,,2025-10-17T00:44:39+0000,2025-10-17T00:44:39+0000,ok
locales.es,madrid,venta,7,142685,venta:142685,https://www.locales.es/madrid/venta/local142685#offerType=1&estateType=3&settlement=6773,https://www.locales.es/madrid/contactar/propietario/142685,"Local comercial en Venta en avenida de alberto alcocer, Hispanoamérica, Madrid","Local comercial en venta con 220m² en Madrid, en la zona de Hispanoamérica, avenida de alberto alcocer, 28036",Local comercial,local_comercial,De inmobiliaria,1800000.0,8181.8,220.0,3.0,Aire acondicionado | Almacén | Montacargas | Ascensor | +3,"220 m² (200 útiles) en 2 plantas (125+75 m²). Montacargas y ascensor, zona diáfana, 2 despachos, cocina, 3 baños. Apto eventos/showroom; no hostelería.","105773/EV. El Viso Inmobiliaria ofrece magnifico local de unos 220 m2c. (unos 200 útiles) en la Avda, Alberto Alcocer. De diseño y muy luminoso con amplio escaparate, en 2 plantas, 125 m2 en planta calle y 75 en planta alta conectadas por escalera y montacargas, con la siguiente distribución:Abajo: vestíbulo, gran zona diáfana con gran altura de techos (unos 5 m), 2 amplios despachos y cocina/office. Arriba: sala diáfana, cuarto maquinas, 3 cuartos de baño, almacén.Reciente reforma integral con calidades de lujo: climatización, suelos, iluminación leed, elevador para hacer accesible la 1ª planta.Muy comercial, actualmente destinado a Eventos, show-room, apto para cualquier actividad, salvo hostelería con salida de humos. Ideal inversionistas, con una buena rentabilidad.Magnífica ubicación en el distrito de Chamartín, cerca del Santiago Bernabéu, una de las zonas residenciales más exclusivas de Madrid, con todo tipo de servicios y dotaciones (Colegios, Mercados, Supermercados, Hospitales, Hoteles y una amplia variedad de opciones de ocio).Muy bien comunicada, por Metro, varias líneas de Autobuses, la Estación de Chamartín (trenes de Media, Larga Distancia, Alta Velocidad y Cercanías) y con fácil acceso a la M-30, M-40 y al Aeropuerto. \""El Viso Inmobiliaria ofrece inmuebles en alquiler y en venta en las zonas más exclusivas de Madrid..",Hispanoamérica,Madrid > Hispanoamérica > Venta,"avenida de alberto alcocer, Hispanoamérica, Madrid","avenida de alberto alcocer, Hispanoamérica, Madrid, España",ok,nominatim,street_approx,"Avenida de Alberto Alcocer, Hispanoamérica, Chamartín, Madrid, Comunidad de Madrid, 28046, España",40.4587073,-3.6850076,8a390cb0a46ffff,10.0,5067.0,5.0,Chamartín,54.0,Hispanoamérica,2025-10-27T18:42:11+0000,2025-10-27T18:42:12+0000,ok
locales.es,madrid,venta,7,144071,venta:144071,https://www.locales.es/madrid/venta/local144071#offerType=1&estateType=3&settlement=6773,https://www.locales.es/madrid/contactar/propietario/144071,Local comercial en Venta en Madrid,Local comercial en venta con 141m² en Madrid,Local comercial,local_comercial,De inmobiliaria,539500.0,3826.2,141.0,4.0,Salida de humos | Buen acceso | Alta visibilidad | Situado a pie de calle | +1,"141 m² en Paseo Tierra de Melide. Fachada Suroeste, luminoso; planta a pie de calle sin barreras; salida de humos; apto para restauración.","28-327-1424. En venta local de 141 m2 en Paseo Tierra de Melide, una de las calles con mayor actividad comercial de Las Tablas. El local cuenta con una gran fachada con orientación Suroeste lo que le otorga mucha luminosidad y visibilidad, tiene una planta muy cuadrada lo que facilita el correcto aprovechamiento de la superficie y dispone de salida de humos hasta la cubierta del edificio lo que le hace ideal para destinarlo a restauración, aunque por supuesto es apto para cualquier actividad comercial al discurrir todo el local en una sola planta a pie de calle, sin ningún tipo de barrera arquitectónica. Una excelente oportunidad para adquirir un local en una de las zonas de Madrid con mayor proyección económica gracias al desarrollo inminente de Nuevo Madrid Norte. Gastos comunidad 170€; IBI 1.003€. SE RECOMIENDA VER LOS DOS VIDEOS DEL EXTERIOR E INTERIOR DEL LOCAL SUBIDOS AL ANUNCIO. Llámenos, estaremos encantados de informarle sin compromiso. Honorarios de agencia por cuenta de la PROPIEDAD..",,Madrid > Venta,Madrid,"Madrid, España",ok,nominatim,unknown,"Madrid, Comunidad de Madrid, España",40.416782,-3.703507,,,,,,,,2025-11-10T15:42:36+0000,2025-11-10T15:42:36+0000,ok
locales.es,madrid,venta,7,144454,venta:144454,https://www.locales.es/madrid/venta/local144454#offerType=1&estateType=3&settlement=6773,https://www.locales.es/madrid/contactar/propietario/144454,"Local comercial en Venta en Calle de Fernanflor, Cortes, Madrid",,,local_comercial,De inmobiliaria,1000000.0,4545.5,220.0,,Salida de humos | Alta visibilidad,"131 m², alquilado a inquilino solvente; alta afluencia peatonal, entorno prime, rentabilidad 4%",,,,"Calle de Fernanflor, Cortes, Madrid","Calle de Fernanflor, Cortes, Madrid, España",ok,nominatim,street_approx,"Calle de Fernanflor, Barrio de las Letras, Cortes, Centro, Madrid, Comunidad de Madrid, 28014, España",40.4163618,-3.6961982,8a390cb1b76ffff,10.0,1072.0,1.0,Centro,13.0,Cortes,,,card_only_geocoded
locales.es,madrid,venta,7,144466,venta:144466,https://www.locales.es/madrid/venta/local144466#offerType=1&estateType=3&settlement=6773,https://www.locales.es/madrid/contactar/propietario/144466,"Local comercial en Venta en Avenida del Monte Igueldo, San Diego, Madrid","Local comercial en venta con 128m² en Madrid, en la zona de San Diego, Avenida del Monte Igueldo",Local comercial,local_comercial,De inmobiliaria,180000.0,1406.3,128.0,2.0,Persiana metálica | Sistemas de Seguridad | Almacén | Escaparate | +2,"128 m²: 4 estancias, 2 oficinas, 2 baños, almacén 40 m²; fachada 2,72 m con escaparate; puerta de seguridad y alarma.","localavmonte-venta. ¡GRAN OPORTUNIDAD EN PUENTE DE VALLECAS!~Av. del Monte Igueldo, Puente de Vallecas, 28053 Madrid. ¡Ven a verlo! Disponibilidad inmediata y visita virtual en 3D para una mejor experiencia visual. Contacto directo: Emiliano Correa – 602 250 283 (también WhatsApp)~Horario de atención (lunes a viernes):~Mañanas: 09:30 a 14:00~Tardes: 17:00 a 20:00 ¿Buscas un espacio amplio, bien ubicado y listo para emprender tu negocio?~Este local comercial a pie de calle te ofrece visibilidad, amplitud y versatilidad, en una zona con alto tránsito y excelente proyección comercial.~Zona en plena transformación urbana y con gran proyección. Puente de Vallecas está viviendo una renovación que combina nuevos proyectos residenciales, mejora de infraestructuras y llegada de nuevos negocios. Una oportunidad para invertir en un entorno que crece y se revaloriza día a día. Características principales: 128 m² construidos ~Distribución funcional en 4 estancias~2 oficinas, 2 baños y un gran almacén de 40 m²~Fachada de 2,72 m con cortina metálica y escaparate~Puerta de seguridad y sistema de alarma instalados Estado: Listo para entrar / Buen mantenimiento Ideal para:~Supermercado, comercio mayorista, almacén o negocio polirubro. (cualquier otro tipo de proyecto) ~Su distribución práctica y su ubicación lo convierten en una excelente inversión. Ubicación inmejorable:~A tan solo 8 minutos del Metro Nueva Numancia, rodeado de colegios, centros de salud y múltiples comercios, en una zona con gran movimiento y fácil acceso..",San Diego,Madrid > San Diego > Venta,"Avenida del Monte Igueldo, San Diego, Madrid","Avenida del Monte Igueldo, San Diego, Madrid, España",ok,nominatim,street_approx,"Avenida del Monte Igueldo, San Diego, Puente de Vallecas, Madrid, Comunidad de Madrid, 28053, España",40.3925706,-3.6700652,8a390ca31817fff,10.0,13046.0,13.0,Puente de Vallecas,132.0,San Diego,2025-11-11T18:41:20+0000,2025-11-11T18:41:21+0000,ok
locales.es,madrid,venta,7,145689,venta:145689,https://www.locales.es/madrid/venta/local145689#offerType=1&estateType=3&settlement=6773,https://www.locales.es/madrid/contactar/propietario/145689,"Local comercial en Venta en Calle del Rincón de la Victoria, Palomeras Sureste, Madrid","Local comercial en venta con 51m² en Madrid, en la zona de Palomeras Sureste, Calle del Rincón de la Victoria",Local comercial,local_comercial,De inmobiliaria,172000.0,3372.5,51.0,,Almacén | Alta visibilidad,"Local ~50 m² con trastero y distribución eficiente. Adaptable a diferentes negocios. En Palomeras Sureste, cerca de metro, autobuses y tren.","7400. OH! KEY Servicios Inmobiliarios, VENDE por jubilación un magnífico local comercial, actualmente en funcionamiento con actividad de fruteríaUbicado zona de Palomeras Sureste, Madrid. Con 50 metros cuadrados útiles, este local ofrece la versatilidad necesaria para adaptarse a diversas actividades comerciales.El local presenta una distribución eficiente, lo que maximiza el uso del espacio. Además, dispone de un práctico trastero o espacio, perfecto para el almacenamiento de mercancías o para satisfacer cualquier otra necesidad logística que requiera su negocio.Una de las mayores ventajas de esta propiedad es su extraordinaria ubicación en Madrid. Es un lugar estratégico para aquellos que buscan estar en el corazón de una comunidad vibrante. A escasos minutos se encuentran varias líneas de autobuses con frecuencias regulares, facilitando el acceso a todas las áreas de la ciudad. Además, la proximidad a la red de metro es otro atractivo indudable. La estación más cercana se encuentra a solo unos pasos, conectando rápidamente con el centro de Madrid y otras zonas estratégicas de la capital. De igual forma, las cercanías ofrecen servicios de tren que amplían aún más las posibilidades de desplazamiento.Otro aspecto que resalta de esta propiedad es su adaptabilidad para diferentes tipos de negocio.Por último, pero no menos importante, el carácter del barrio de Palomeras Sureste brinda una atmósfera única que combina tradición y modernidad, creando un caldo de cultivo óptimo para la innovación comercial. Aquí, cada esquina cuenta una historia y cada iniciativa tiene la oportunidad de brillar con luz propia.En conclusión, esta es una oportunidad inigualable para establecer su actividad comercial en una zona de Madrid que ofrece visibilidad, y comodidad. ¡No dude en contactar con nosotros en el teléfono , donde le atenderemos gustosamente y un asesor especialista en la zona le informará de todo lo necesario. REF 7400.",Palomeras Sureste,Madrid > Palomeras Sureste > Venta,"Calle del Rincón de la Victoria, Palomeras Sureste, Madrid","Palomeras Sureste, Madrid, España",ok,nominatim,zone_approx,"Palomeras Sureste, Puente de Vallecas, Madrid, Comunidad de Madrid, España",40.3861742,-3.6329556,,,,,,,,2025-11-24T23:39:16+0000,2025-11-24T23:39:16+0000,ok
locales.es,madrid,venta,7,145874,venta:145874,https://www.locales.es/madrid/venta/local145874#offerType=1&estateType=3&settlement=6773,https://www.locales.es/madrid/contactar/propietario/145874,"Local comercial en Venta en Calle de San Joaquín, Universidad, Madrid","Bar en venta con 115m² en Madrid, en la zona de Universidad, Calle de San Joaquín, 5",Local comercial,local_comercial,De inmobiliaria,1500000.0,13043.5,115.0,,Salida de humos,"Local comercial 100 m² en calle principal de Malasaña (cerca Metro Tribunal). Diáfano, licencia bar/restaurante, salida de humos y campana.","Inmorest Consultores, S. L. vende este magnífico local en una ubicación inmejorable, se encuentra en una de las principales calles de Malasaña y a pocos metros de la estación de Metro Tribunal, una de las principales zonas de concurrencia en Madrid. Este local comercial tiene una licencia vigente de Bar Restaurante. El local cuenta con grandes espacios diáfanos, aunque pueda adaptarse a las necesidades del negocio del comprador es ideal para un negocio de hostelería, contando propiamente con salida de humos y campana instalada. Este local representa una gran oportunidad para invertir en la capital, no puedes dejar escapar esta oportunidad. Honorarios de agencia 3% del valor de la venta. Para mayor información sobre las condiciones de la venta contacten vía whatsapp con Sebastian indicando la Ref. 1093 COM o respondiendo a este anuncio. La información incluida no es vinculante y no forma parte de ninguna oferta o contrato y puede estar sujeta a cualquier modificación sin previo aviso.",Universidad,Madrid > Universidad > Venta,"Calle de San Joaquín, Universidad, Madrid","Calle de San Joaquín, Universidad, Madrid, España",ok,nominatim,street_approx,"Calle de San Joaquín, Malasaña, Universidad, Centro, Madrid, Comunidad de Madrid, 28004, España",40.4246452,-3.7013165,8a390cb1b167fff,10.0,1094.0,1.0,Centro,15.0,Universidad,2025-11-27T11:23:43+0000,2025-11-27T11:25:05+0000,ok
locales.es,madrid,venta,7,146626,venta:146626,https://www.locales.es/madrid/venta/local146626#offerType=1&estateType=3&settlement=6773,https://www.locales.es/madrid/contactar/propietario/146626,"Local comercial en Venta en Calle de San Ildefonso, Embajadores, Madrid",,,local_comercial,De inmobiliaria,199900.0,2630.3,76.0,1.0,Urbanización privada | Escaparate | Buen acceso | Situado a pie de calle | +1,"Local 76 m², 2 plantas; acceso calle/portal; amplio escaparate; baño y aseo; planta baja insonorizada; usos culturales; próximo a metro Atocha.",,,,"Calle de San Ildefonso, Embajadores, Madrid","Calle de San Ildefonso, Embajadores, Madrid, España",ok,nominatim,street_approx,"Calle de San Ildefonso, Lavapiés, Embajadores, Centro, Madrid, Comunidad de Madrid, 28012, España",40.4105501,-3.696516,8a390cb1b6f7fff,10.0,1059.0,1.0,Centro,12.0,Embajadores,,,card_only_geocoded
locales.es,madrid,venta,7,146798,venta:146798,https://www.locales.es/madrid/venta/local146798#offerType=1&estateType=3&settlement=6773,https://www.locales.es/madrid/contactar/propietario/146798,"Local comercial en Venta en Embajadores, Madrid","Local comercial en venta con 75m² en Madrid, en la zona de Embajadores",Local comercial,local_comercial,De inmobiliaria,350000.0,4666.7,75.0,,,67 m² en planta baja (5 m fachada) a 150 m de Plaza de Cascorro. Licencia comercial; posible cambio a vivienda. Arrendado hasta 01/05/2028.,"Inmorest Consultores vende en exclusiva local en rentabilidad neta del 5,76% a 150 m de la Plaza de Cascorro. Se trata de un local en planta baja con 5 m de fachada en la Calle Dos Hermanas con licencia de comercio y puede cambiarse su uso a vivienda. Actualmente se encuentra arrendado a una sociedad que hace 2,5 años reformó el local y lo explota para usos varios. Datos de arrendamiento: - Fin del contrato: 1 de mayo de 2028 - Renta exigible por contrato: 2.300 €/mes | 27.600 €/año - Renta actual pactada verbalmente: 1.800 €/mes | 21.600 €/año - Revisión de la renta: anual, IPC - Gastos de comunidad por cuenta del arrendador: 90 €/mes | 1.080 €/año - IBI: por cuenta del arrendador: 350 €/año - Fianza: 1 mes (2.300, 00 €) - Cesión y subarriendo: no autorizado - Tanteo y retracto: renuncia. La operación de venta sería por sujeto pasivo de IVA con renuncia a la exención, por lo que si el comprador es también sujeto pasivo de IVA no pagaría ITP (Impuesto de transmisiones patrimoniales), ni IVA. La operación queda también exenta de pago de comisiones a la agencia Inmorest Consultores, S. L. Para mayor información contacten con Carlos indicando la Ref. 1127.",Embajadores,Madrid > Embajadores > Venta,"Embajadores, Madrid","Embajadores, Madrid, España",ok,nominatim,zone_approx,"Embajadores, Centro, Madrid, Comunidad de Madrid, España",40.4095856,-3.7029851,,,,,,,,2025-12-05T09:54:01+0000,2025-12-05T09:56:13+0000,ok
locales.es,madrid,venta,7,146828,venta:146828,https://www.locales.es/madrid/venta/local146828#offerType=1&estateType=3&settlement=6773,https://www.locales.es/madrid/contactar/propietario/146828,"Local comercial en Venta en calle de la vereda del carmen, Ventas, Madrid","Local comercial en venta con 368m² en Madrid, en la zona de Ventas, calle de la vereda del carmen, 28017",Local comercial,local_comercial,De inmobiliaria,375000.0,1019.0,368.0,2.0,Recepción | Aire acondicionado | Situado a pie de calle | Luminoso,"368 m²: planta baja 63 m² y sótano 294 m². Rampa de acceso, aislamiento para sonido, cocina y baño en zona descanso, ventanales a calle.","JAPL25-28. Un espacio perfecto para empresas de cine, audiovisual, tecnología y proyectos creativosEste local destaca especialmente por sus características técnicas y espaciales, que lo convierten en una opción excepcional para productoras de cine y televisión, estudios audiovisuales, agencias digitales, equipos de postproducción, empresas de informática, desarrollo de software o cualquier proyecto creativo que necesite zonas amplias y multifuncionales.⭐ Por qué este local es ideal para el sector audiovisual y tecnológicoGran superficie diáfana de 294 m² en planta sótano, perfecta para:Salas de edición y postproducciónSet de rodaje, fotografía o videoclipsSalas de ensayo y dirección de arteEspacios de trabajo para equipos técnicos y creativosAulas formativas o laboratorios de innovaciónAislamiento natural y privacidad: la ubicación del sótano evita ruidos exteriores, ideal para sonido, grabación, montaje o actividades que requieran concentración.Acceso directo desde la calle mediante rampa, imprescindible para:Cargar y descargar material técnicoAcceder con equipos voluminososEntrada de vehículos de producciónZona de descanso totalmente equipada (cocina, baño completo y sala de estar), perfecta para largas jornadas de rodaje, edición o desarrollo.⭐ Planta a pie de calle para área corporativaLa planta baja, con 63 m² y grandes ventanales, es un espacio ideal para:Recepción y área comercialSalas de reuniónDespachos de direcciónZona de atención a clientes y proveedoresSu luminosidad y visibilidad exterior la hacen perfecta para una imagen profesional y moderna.⭐ Un espacio versátil pensado para equipos creativos y tecnológicosLa combinación de zonas amplias + áreas de oficina + acceso directo para material lo convierte en una oportunidad única para empresas que necesiten un espacio que se adapte al ritmo de trabajo de la industria audiovisual y digital.Ideal para:Productoras de cine / TVEstudios de animación y VFXAgencias creativasEmpresas de desarrollo de softwareStartups tecnológicasEstudios de fotografía o videomarketingCentros formativos audiovisuales Distribución perfecta en dos plantas Planta baja – 63 m²Espacio totalmente reformado y muy luminoso gracias a sus amplios ventanales a la calle.Actualmente configurada como zona de oficina, cuenta con:Área de recepción y estanciaDespacho/oficinaBaño completoEstado impecable, listo para entrar Planta sótano – 294 m²Un espacio diáfano y espectacular, completamente acondicionado y con múltiples posibilidades:Ideal como zona de trabajo, taller, almacén, estudio o sala polivalenteDispone de zona de descanso, con:Cocina equipadaAmplio bañoÁrea de estarAcceso directo desde la calle mediante rampa, lo que permite usarlo también como aparcamientos para varios vehículos Características del edificio y entornoUbicado en un edificio de 1975, en pleno distrito de Ciudad Lineal, una zona consolidada con:Comercios y servicios a pie de calleRestauración y supermercadosExcelente comunicación con metro y autobusesPróximo a la calle Alcalá, una de las vías principales de Madrid.",Ventas,Madrid > Ventas > Venta,"calle de la vereda del carmen, Ventas, Madrid","calle de la vereda del carmen, Ventas, Madrid, España",ok,nominatim,street_approx,"Calle de la Vereda del Carmen, La Elipa, Ventas, Ciudad Lineal, Madrid, Comunidad de Madrid, 28017, España",40.4304155,-3.6505467,8a390ca20117fff,10.0,15038.0,15.0,Ciudad Lineal,151.0,Ventas,2025-12-05T10:32:13+0000,2025-12-05T10:32:14+0000,ok
locales.es,madrid,venta,7,148399,venta:148399,https://www.locales.es/madrid/venta/local148399#offerType=1&estateType=3&settlement=6773,https://www.locales.es/madrid/contactar/propietario/148399,"Local comercial en Venta en Calle de Garcilaso, Trafalgar, Madrid",,,local_comercial,De inmobiliaria,1575000.0,3423.9,460.0,,,"Local equipado con licencias, contrato alquiler desde 01/04/2024 (5+5+5), inquilino de primer nivel, fianza 2 meses y aval.",,,,"Calle de Garcilaso, Trafalgar, Madrid","Calle de Garcilaso, Trafalgar, Madrid, España",ok,nominatim,street_approx,"Calle de Garcilaso, Trafalgar, Chamberí, Madrid, Comunidad de Madrid, 28010, España",40.4319899,-3.6998438,8a390cb1948ffff,10.0,7057.0,7.0,Chamberí,73.0,Trafalgar,,,card_only_geocoded
locales.es,madrid,venta,7,148773,venta:148773,https://www.locales.es/madrid/venta/local148773#offerType=1&estateType=3&settlement=6773,https://www.locales.es/madrid/contactar/propietario/148773,"Local comercial en Venta en Plaza de Tirso de Molina, Embajadores, Madrid",,,local_comercial,De inmobiliaria,630000.0,3620.7,174.0,,Ascensor | Alta visibilidad | Situado a pie de calle,"174 m²; dos locales unificados a pie de calle, reformados y arrendados a empresa turística hasta 2032 con revisión progresiva de renta",,,,"Plaza de Tirso de Molina, Embajadores, Madrid","Plaza de Tirso de Molina, Embajadores, Madrid, España",ok,nominatim,unknown,"Plaza de Tirso de Molina, Lavapiés, Embajadores, Centro, Madrid, Comunidad de Madrid, España",40.412303,-3.7039906,,,,,,,,,,card_only_geocoded
locales.es,madrid,venta,7,149211,venta:149211,https://www.locales.es/madrid/venta/local149211#offerType=1&estateType=3&settlement=6773,https://www.locales.es/madrid/contactar/propietario/149211,"Local comercial en Venta en Calle de Baleares, Comillas, Madrid",,,local_comercial,De inmobiliaria,320000.0,3333.3,96.0,2.0,Cocina completamente equipada | Salida de humos,"Local 96 m² en funcionamiento con cocina y salida de humos. Zona con paso, comercio y servicios; cerca de Madrid Río y M-30.",,,,"Calle de Baleares, Comillas, Madrid","Calle de Baleares, Comillas, Madrid, España",ok,nominatim,street_approx,"Calle de Baleares, Mancomunidad Inmaculada Concepción, Comillas, Carabanchel, Madrid, Comunidad de Madrid, 28019, España",40.3904353,-3.7127189,8a390ca347b7fff,10.0,11016.0,11.0,Carabanchel,111.0,Comillas,,,card_only_geocoded
locales.es,madrid,venta,7,149350,venta:149350,https://www.locales.es/madrid/venta/local149350#offerType=1&estateType=3&settlement=6773,https://www.locales.es/madrid/contactar/propietario/149350,"Local comercial en Venta en Calle de Sor Ángela de la Cruz, Castillejos, Madrid",,,local_comercial,De propietario,250000.0,495.0,505.0,,Conserje | Almacén | Ascensor,"Planta -1 en Cuzco (Madrid), 390–500 m²; apto para almacenamiento o trasteros; alta demanda en la zona y buena ubicación junto a Paseo de la Castellana.",,,,"Calle de Sor Ángela de la Cruz, Castillejos, Madrid","Calle de Sor Ángela de la Cruz, Castillejos, Madrid, España",ok,nominatim,street_approx,"Calle de Sor Ángela de la Cruz, Castillejos, Tetuán, Madrid, Comunidad de Madrid, 28020, España",40.4601484,-3.6969698,8a390cb1d26ffff,10.0,6058.0,6.0,Tetuán,63.0,Castillejos,,,card_only_geocoded
locales.es,madrid,venta,7,149492,venta:149492,https://www.locales.es/madrid/venta/local149492#offerType=1&estateType=3&settlement=6773,https://www.locales.es/madrid/contactar/propietario/149492,"Local comercial en Venta en Avenida del Santo Ángel de la Guarda, Valdezarza, Madrid",,,local_comercial,De inmobiliaria,85000.0,3035.7,28.0,,Alta visibilidad | Situado a pie de calle,"28 m² (25 útiles), espacio diáfano, aseo independiente, adaptable a loft/estudio/showroom, inquilino con contrato de 5 años y renta vigente.",,,,"Avenida del Santo Ángel de la Guarda, Valdezarza, Madrid","Avenida del Santo Ángel de la Guarda, Valdezarza, Madrid, España",not_found,nominatim,,,,,,,,,,,,,,reused_snapshot
locales.es,madrid,venta,7,150248,venta:150248,https://www.locales.es/madrid/venta/local150248#offerType=1&estateType=3&settlement=6773,https://www.locales.es/madrid/contactar/propietario/150248,"Local comercial en Venta en Paseo de las Acacias, Acacias, Madrid","Local comercial en venta con 76m² en Madrid, en la zona de Acacias, Paseo de las Acacias",Local comercial,local_comercial,De inmobiliaria,155000.0,2039.5,76.0,1.0,Buen acceso | Alta visibilidad | Situado a pie de calle | Luminoso,"75 m² a pie de calle, diáfano y luminoso; 2 dormitorios y 2 baños; zona céntrica y accesible.","MVF-44. ¡Oportunidad única en el centro de la ciudad! Este local a pie de calle, construido en 1966, ofrece 76 metros cuadrados Este local a pie de calle de 76 metros cuadramos DISTRIBUIDOS EN PLANTA BAJA 41m2 Y SOTANO 35m2 es muy luminoso ya que hace esquina , perfecto para desarrollar tu negocio en una ubicación privilegiada. Su carácter exterior y céntrico lo convierten en una opción ideal para emprendedores que buscan visibilidad y accesibilidad. No dejes pasar esta oportunidad de establecerte en una zona estratégica y con gran potencial.LOCAL EN RENTABILIDAD AL 5.5%.SE TRANSMITE CON EL INQUILINO , CONTRATO VIGENTE HASTA EL 2031.Nota: Este documento tiene carácter de información comercial y está sujeto a posibles modificaciones por necesidades técnicas, legales o administrativas, no siendo en consecuencia vinculante desde el punto de vista contractual..",Acacias,Madrid > Acacias > Venta,"Paseo de las Acacias, Acacias, Madrid","Paseo de las Acacias, Acacias, Madrid, España",ok,nominatim,street_approx,"Paseo de las Acacias, Las Acacias, Arganzuela, Madrid, Comunidad de Madrid, 28005, España",40.4011925,-3.7133507,8a390ca3411ffff,10.0,2087.0,2.0,Arganzuela,22.0,Acacias,2026-01-20T18:42:39+0000,2026-01-20T18:42:39+0000,ok
locales.es,madrid,venta,7,151472,venta:151472,https://www.locales.es/madrid/venta/local151472#offerType=1&estateType=3&settlement=6773,https://www.locales.es/madrid/contactar/propietario/151472,"Local comercial en Venta en Calle Mayor, Palacio, Madrid","Restaurante en venta con 200m² en Madrid, en la zona de Palacio, Calle Mayor",Local comercial,local_comercial,De inmobiliaria,1900000.0,9500.0,200.0,,Alta visibilidad | Situado a pie de calle,"200 m² (160 planta + 40 sótano). Licencia definitiva. Arrendatario profesional; contrato 5+5 desde 2023. Ubicación: Calle Mayor, zona turística.","Restaurante en venta rentabilidad. GRUPO ANDINO vende en rentabilidad restaurante con licencia definitiva en calle Mayor 76. Madrid-Centro. Zona de alto tránsito, especialmente de turistas.Superficie: 200 m2 distribuidos en 160 m2 planta calle y 40 m2 en sótano.CONTRATO DE ARRENDAMIENTOArrendatario: Profesional de la hostelería. Restaurante La DuquesaAlquiler: € 8.900 mesDuración: 5 años + 5 años Inicio: 20232 meses de fianza.4 meses aval bancarioActualización renta: IPC a partir del 3º añoCONDICIONES ECONOMICASPrecio de Venta: € 1.900.000Comunidad: 90 €/mes. ArrendatarioIBI: 697 €/año. PropiedadRenta: € 2.200 mesRentabilidad: 5,5 % Honorarios agencia: 1,50% más IVA, a cargo del compradorEsta es una información sin efectos vinculantes, entregada por el propietario o su representante y puede ser modificada sin previo aviso. En caso de interés, previa aceptación formal, entregamos toda la documentación necesaria para el adecuado análisis de esta inversión..",Palacio,Madrid > Palacio > Venta,"Calle Mayor, Palacio, Madrid","Calle Mayor, Palacio, Madrid, España",ok,nominatim,street_approx,"Calle Mayor, Barrio de la Latina, Palacio, Centro, Madrid, Comunidad de Madrid, 28013, España",40.4152079,-3.712365,8a390cb1b517fff,10.0,1001.0,1.0,Centro,11.0,Palacio,2026-01-29T10:41:58+0000,2026-01-29T10:41:58+0000,ok
locales.es,madrid,venta,7,151498,venta:151498,https://www.locales.es/madrid/venta/local151498#offerType=1&estateType=3&settlement=6773,https://www.locales.es/madrid/contactar/propietario/151498,"Local comercial en Venta en Campamento, Sol, Madrid","Comercio en venta con 112m² en Madrid, en la zona de Sol, Campamento",Local comercial,local_comercial,De inmobiliaria,232725.0,2077.9,112.0,,Situado a pie de calle,"100 m² útiles en planta baja y sótano, 2 estancias, 1 aseo, almacén, oficina, doble acceso y entrada trasera a parking para carga y descarga.","VM Homes te descubre este espectacular local de 112 m², ideal para emprendedores y empresarios que buscan un espacio luminoso y bien ubicado. Con una distribución en dos plantas, este local cuenta con 100 m² útiles, ofreciendo un amplio potencial para diversas actividades comerciales. Su escaparate de aproximadamente 4 metros lineales garantiza una excelente visibilidad, atrayendo a un alto tránsito peatonal y rodado. Ubicado a pie de calle en el vibrante barrio de Campamento, este local se encuentra en una zona con una configuración urbana consolidada, rodeado de viviendas, comercios, centros educativos y espacios verdes. La cercanía a la estación de metro «Campamento» y «Empalme» (Línea 5), así como varias líneas de autobuses y el acceso rápido a la A-5 (autovía de Extremadura), aseguran una conectividad inmejorable con el resto de la ciudad. El local también cuenta con dos entradas, una de ellas trasera que da a un parking privado, facilitando la carga y descarga de mercancías. Con un entorno que combina la vida residencial con una vía comercial consolidada, este espacio representa una gran oportunidad tanto para inversores como para propietarios que buscan establecerse en una zona en crecimiento. ¡No dejes pasar esta oportunidad única de adquirir un local en una ubicación privilegiada dentro del Plan Campamento! Características básicas 112 m² construidos, 100 m² útiles 2 plantas Segunda mano/buen estado Distribución 2 estancias 1 aseos o baños Situado a pie de calle 1 escaparates Construido en 1971 Rentabilidad bruta anual 5% Edificio Bajo Fachada de 4 m. lineales Equipamiento Almacén/archivo Entrada auxiliar Tiene oficina",Sol,Madrid > Sol > Venta,"Campamento, Sol, Madrid","Sol, Campamento, Madrid, España",ok,nominatim,unknown,"Decoraciones Sol, Calle de Carabias, Campamento, Latina, Madrid, Comunidad de Madrid, 28024, España",40.3985959,-3.7674462,,,,,,,,2026-01-30T09:01:57+0000,2026-01-30T09:03:38+0000,ok
locales.es,madrid,venta,7,151843,venta:151843,https://www.locales.es/madrid/venta/local151843#offerType=1&estateType=3&settlement=6773,https://www.locales.es/madrid/contactar/propietario/151843,"Local comercial en Venta en aligustre 36, Sol, Madrid","Comercio, Taller en venta con 183m² en Madrid, en la zona de Sol, aligustre 36",Local comercial,local_comercial,De inmobiliaria,290000.0,1584.7,183.0,2.0,Persiana metálica | Sistemas de Seguridad | Almacén | Situado a pie de calle,"Planta baja diáfana de 183 m² con acceso directo desde calle; apto para oficinas, despachos, showroom o tienda; distribución reformable.","VENTA DE LOCAL COMERCIAL EN CALLE ALIGUSTRE – A PIE DE CALLE ImNova Homes presenta este local comercial con acceso directo desde la calle, ubicado en la tranquila y bien comunicada Calle Aligustre. La propiedad cuenta con una planta baja diáfana, ideal para múltiples usos: oficinas, despachos, showroom, tienda, entre otros. Gracias a su distribución abierta, ofrece una reforma flexible y personalizada según las necesidades.",Sol,Madrid > Sol > Venta,"aligustre 36, Sol, Madrid","Sol, Madrid, España",ok,nominatim,unknown,"Sol, Plaza de la Puerta del Sol, Barrio de los Austrias, Sol, Centro, Madrid, Comunidad de Madrid, 28013, España",40.4178272,-3.7022221,,,,,,,,2026-02-02T08:36:22+0000,2026-02-02T08:37:37+0000,ok
locales.es,madrid,venta,7,151980,venta:151980,https://www.locales.es/madrid/venta/local151980#offerType=1&estateType=3&settlement=6773,https://www.locales.es/madrid/contactar/propietario/151980,"Local comercial en Venta en calle baleares, Comillas, Madrid","Local comercial en venta con 193m² en Madrid, en la zona de Comillas, calle baleares, 28019",Local comercial,local_comercial,De inmobiliaria,260000.0,1347.2,193.0,2.0,Patio | Almacén | Buen acceso | Alta visibilidad | +2,"107 m² planta calle diáfana, sótano 77 m² con luz y salida a patio ≈25 m². Fachada ~7 m. Próximo a Metro (L5,L6,L11) y M-30.","Local baleares vadillo. VERALSA INMOBILIRIA OFRECE, excelente oportunidad de inversión en una de las zonas más consolidadas de Madrid.Se vende local comercial de 107 m² a pie de calle, con aproximadamente 7 metros de fachada, lo que aporta gran visibilidad y múltiples posibilidades de uso.Además, dispone de sótano de 77 m², totalmente funcional, con ventanas y salida directa a un patio de uso y disfrute privativo de unos 25 m², aportando luz natural y ventilación.El local se distribuye de la siguiente manera:Planta calle: 107 m² diáfanos, ideal para actividad comercial, oficinas, clínica, showroom o cambio de uso.Planta sótano: 77 m² con iluminación natural y acceso a patio, perfecto como almacén, zona de trabajo o ampliación del negocio.Patio privado: aprox. 25 m², un valor añadido poco habitual en locales de la zona.Ideal para inversores, tanto para explotación directa como para rentabilidad mediante alquiler o posible cambio de uso (según normativa).Precio negociable.Zonas de interés cercanas:Plaza Elíptica, Madrid Río, Marqués de Vadillo, Usera y accesos rápidos al centro de Madrid.Transporte público cercano:Metro Urgel (Línea 5)Metro Plaza Elíptica (Líneas 6 y 11)Metro Marqués de Vadillo (Línea 5)Varias líneas de autobús EMTBuen acceso a M-30 y A-42Excelente oportunidad con alto potencial de rentabilidad..",Comillas,Madrid > Comillas > Venta,"calle baleares, Comillas, Madrid","calle baleares, Comillas, Madrid, España",ok,nominatim,street_approx,"Calle Baleares, Mancomunidad Inmaculada Concepción, Comillas, Carabanchel, Madrid, Comunidad de Madrid, 28019, España",40.3936325,-3.7131175,8a390ca3446ffff,10.0,11013.0,11.0,Carabanchel,111.0,Comillas,2026-02-02T18:46:45+0000,2026-02-02T18:46:46+0000,ok
locales.es,madrid,venta,7,152393,venta:152393,https://www.locales.es/madrid/venta/local152393#offerType=1&estateType=3&settlement=6773,https://www.locales.es/madrid/contactar/propietario/152393,"Local comercial en Venta en Calle de San Erasmo, Villaverde Alto, Madrid","Local comercial en venta con 260m² en Madrid, en la zona de Villaverde Alto, Calle de San Erasmo",Local comercial,local_comercial,De inmobiliaria,400000.0,1538.5,260.0,2.0,Cocina completamente equipada | Montacargas | Barra,"Local operativo 260 m², 2 plantas, licencia vigente y 2 plazas; cocina con montacargas, barra 8 m y salón para 16 mesas. Bien comunicado.","14636. Local bar–restaurante en venta con licencia en vigor Se vende amplio local destinado a bar–restaurante, totalmente operativo y con licencia en regla. El inmueble cuenta con una superficie total de 260 m2, distribuidos en dos plantas, y dispone además de 2 plazas de garaje incluidas. La planta superior, de aproximadamente 80 m2, alberga una cocina equipada con montacargas, aseos y un salón comedor con capacidad para unas 16 mesas, ideal para servicio de restaurante o celebraciones privadas.~La planta inferior cuenta con un amplio salón, barra de unos 8 metros, baños para clientes y cocina, ofreciendo un espacio perfecto para bar, eventos o zona de copas. Local bien distribuido, funcional y preparado para continuar la actividad sin necesidad de reformas. Excelente oportunidad para profesionales de la hostelería o inversión. Ubicado en el polígono de Villaverde con muy buena comunicación y en una zona de mucho tránsito, además de estar bien comunicado con transportes públicos. Más información de ésta y otras propiedades en nuestra web datos específicos sobre la finca publicada, pueden ser aproximados, por ello no son vinculantes ni contractuales, se muestran a título informativo.~Impuestos y gastos NO INCLUIDOS: ITP o IVA, notaría, registro, gestoría, tasación, etc.~.",Villaverde Alto,Madrid > Villaverde Alto > Venta,"Calle de San Erasmo, Villaverde Alto, Madrid","Calle de San Erasmo, Villaverde Alto, Madrid, España",ok,nominatim,street_approx,"Calle de San Erasmo, Polígono Marconi, Villaverde Alto, Casco Histórico de Villaverde, Villaverde, Madrid, Comunidad de Madrid, 28021, España",40.3378461,-3.7065829,8a390cb890effff,10.0,17106.0,17.0,Villaverde,171.0,"Villaverde alto, Casco Histórico de Villaverde",2026-02-09T13:55:05+0000,2026-02-09T13:55:05+0000,ok
locales.es,madrid,venta,7,152394,venta:152394,https://www.locales.es/madrid/venta/local152394#offerType=1&estateType=3&settlement=6773,https://www.locales.es/madrid/contactar/propietario/152394,"Local comercial en Venta en Calle de Omega, Valderribas, Madrid",,,local_comercial,De inmobiliaria,550000.0,4296.9,128.0,2.0,Alta visibilidad,"Local de 189 m² en Madrid, actualmente tetería/pub; licencia vigente, instalaciones en buen estado, adaptable a bar, restaurante o coctelería.",,,,"Calle de Omega, Valderribas, Madrid","Calle de Omega, Valderribas, Madrid, España",not_found,nominatim,,,,,,,,,,,,,,card_only
locales.es,madrid,venta,7,152712,venta:152712,https://www.locales.es/madrid/venta/local152712#offerType=1&estateType=3&settlement=6773,https://www.locales.es/madrid/contactar/propietario/152712,"Local comercial en Venta en Calle de Vergara, Palacio, Madrid",,,local_comercial,De inmobiliaria,700000.0,7216.5,97.0,,Almacén | Salida de humos | Terraza,"80 m² + 2 almacenes (97 m² indicado). Licencia activa, salida de humos; terraza exterior 4 mesas (ampliable); terraza cubierta en trámite.",,,,"Calle de Vergara, Palacio, Madrid","Calle de Vergara, Palacio, Madrid, España",ok,nominatim,street_approx,"Calle de Vergara, Palacio, Centro, Madrid, Comunidad de Madrid, 28013, España",40.4173314,-3.7113122,8a390cb1b52ffff,10.0,1006.0,1.0,Centro,11.0,Palacio,,,card_only_geocoded
locales.es,madrid,venta,8,103346,venta:103346,https://www.locales.es/madrid/venta/local103346#offerType=1&estateType=3&settlement=6773,https://www.locales.es/madrid/contactar/propietario/103346,"Local comercial en Venta en Calle de Fernando el Católico, Arapiles, Madrid",,,local_comercial,De inmobiliaria,1265000.0,11605.5,109.0,2.0,Salida de humos | Escaparate | Alta visibilidad,"Local de hostelería de 109m² con salida de humos y tres escaparates, ubicado en una calle muy comercial.",,,,"Calle de Fernando el Católico, Arapiles, Madrid","Calle de Fernando el Católico, Arapiles, Madrid, España",ok,nominatim,street_approx,"Calle de Fernando el Católico, Arapiles, Chamberí, Madrid, Comunidad de Madrid, 28015, España",40.4341362,-3.7112885,8a390cb18287fff,10.0,7040.0,7.0,Chamberí,72.0,Arapiles,,,card_only_geocoded
locales.es,madrid,venta,8,103347,venta:103347,https://www.locales.es/madrid/venta/local103347#offerType=1&estateType=3&settlement=6773,https://www.locales.es/madrid/contactar/propietario/103347,"Local comercial en Venta en Calle de La Rábida, Bellas Vistas, Madrid",,,local_comercial,De inmobiliaria,1800000.0,1200.0,1500.0,2.0,,"Local de 1500m², desocupado, ideal para varios tipos de negocios, con servicios completos.",,,,"Calle de La Rábida, Bellas Vistas, Madrid","Calle de La Rábida, Bellas Vistas, Madrid, España",ok,nominatim,street_approx,"Calle de la Rábida, Bellas Vistas, Tetuán, Madrid, Comunidad de Madrid, 28039, España",40.4540722,-3.7113206,8a390cb1d707fff,10.0,6125.0,6.0,Tetuán,61.0,Bellas Vistas,,,card_only_geocoded
locales.es,madrid,venta,8,103367,venta:103367,https://www.locales.es/madrid/venta/local103367#offerType=1&estateType=3&settlement=6773,https://www.locales.es/madrid/contactar/propietario/103367,"Local comercial en Venta en Calle de Juan Duque, Imperial, Madrid","Local comercial en venta con 85m² en Madrid, en la zona de Imperial, Calle de Juan Duque",Local comercial,local_comercial,De inmobiliaria,600000.0,7058.8,85.0,2.0,Salida de humos | Situado a pie de calle,"Aforo para 25 personas, salida de humos y excelente comunicación con servicios cercanos.","3956. REF-3956- UNIONSOL OFERCE EN VENTA LOCAL DE HOSTELERÍA ACTIVO EN VENTA - MADRIDPrecio de Venta: 600.000 €DESCRIPCION->Licencia de Actividad: hostelería con aforo para 25 personas. Horario de 08:00 a 02:00 horas.->Salida de Humos: si->Fachada lineal de 8 metros con entrada a pie de calle.Ubicación:->Dispone de comunicaciones excelentes tanto para el transporte privado como para el público. Además, se encuentran todos los servicios necesarios a escasos metros del Inmueble.Unionsol genera las mejores oportunidades para conseguir su propio negocio, presentando alternativas seleccionadas en hostelería y muchos otros tipos de actividades comercialesNota: la documentación presentada por Unionsol queda a total responsabilidad la verificación de la misma por parte del comprador, clienteLos precios anotados en este formato son + IVA.",Imperial,Madrid > Imperial > Venta,"Calle de Juan Duque, Imperial, Madrid","Calle de Juan Duque, Imperial, Madrid, España",ok,nominatim,street_approx,"Calle de Juan Duque, Imperial, Arganzuela, Madrid, Comunidad de Madrid, 28005, España",40.4111434,-3.7195186,8a390cb1a29ffff,10.0,2006.0,2.0,Arganzuela,21.0,Imperial,2025-02-17T09:15:03+0000,2025-02-17T09:15:03+0000,ok
locales.es,madrid,venta,8,103370,venta:103370,https://www.locales.es/madrid/venta/local103370#offerType=1&estateType=3&settlement=6773,https://www.locales.es/madrid/contactar/propietario/103370,"Local comercial en Venta en Calle del Golfo de Salónica, Apóstol Santiago, Madrid",,,local_comercial,De inmobiliaria,1200000.0,3000.0,400.0,3.0,Terraza,Local comercial de 400m² con 43 años de funcionamiento y dos plantas. 20 mesas de terraza y comprobadas ventas.,,,,"Calle del Golfo de Salónica, Apóstol Santiago, Madrid","Calle del Golfo de Salónica, Apóstol Santiago, Madrid, España",ok,nominatim,street_approx,"Calle del Golfo de Salónica, Costillares, Ciudad Lineal, Madrid, Comunidad de Madrid, 28033, España",40.4795329,-3.6636829,8a390cb0b927fff,10.0,16085.0,16.0,Hortaleza,165.0,Apostol Santiago,,,card_only_geocoded
locales.es,madrid,venta,8,103389,venta:103389,https://www.locales.es/madrid/traspaso-venta/local103389#offerType=1&estateType=3&settlement=6773,https://www.locales.es/madrid/contactar/propietario/103389,"Local comercial en Venta en Calle de Antonio López, Comillas, Madrid",,,local_comercial,De inmobiliaria,850000.0,3541.7,240.0,3.0,Terraza,"Local de 240m² con alta actividad, excelente ubicación y terraza con 30 mesas. Ideal para inversores.",,,,"Calle de Antonio López, Comillas, Madrid","Calle de Antonio López, Comillas, Madrid, España",ok,nominatim,street_approx,"Calle de Antonio López, Mancomunidad Inmaculada Concepción, Comillas, Carabanchel, Madrid, Comunidad de Madrid, 28019, España",40.3936716,-3.7070428,8a390ca34757fff,10.0,11004.0,11.0,Carabanchel,111.0,Comillas,,,card_only_geocoded
locales.es,madrid,venta,8,106097,venta:106097,https://www.locales.es/madrid/venta/local106097#offerType=1&estateType=3&settlement=6773,https://www.locales.es/madrid/contactar/propietario/106097,"Local comercial en Venta en Calle de San Hermenegildo, Universidad, Madrid",,,local_comercial,De inmobiliaria,650000.0,7831.3,83.0,2.0,,"Espacio versátil en zona de alta demanda, con opción de cambio a vivienda y excelente conexión de transporte.",,,,"Calle de San Hermenegildo, Universidad, Madrid","Calle de San Hermenegildo, Universidad, Madrid, España",ok,nominatim,street_approx,"Calle de San Hermenegildo, Malasaña, Universidad, Centro, Madrid, Comunidad de Madrid, 28015, España",40.4283348,-3.7078805,8a390cb1b837fff,10.0,01103,01,Centro,005,Universidad,,,card_only_geocoded
locales.es,madrid,venta,8,106396,venta:106396,https://www.locales.es/madrid/venta/local106396#offerType=1&estateType=3&settlement=6773,https://www.locales.es/madrid/contactar/propietario/106396,"Local comercial en Venta en Calle de Don Ramón de la Cruz, Goya, Madrid","Local comercial en venta con 235m² en Madrid, en la zona de Goya, Calle de Don Ramón de la Cruz",Local comercial,local_comercial,De inmobiliaria,1348000.0,5736.2,235.0,1.0,Escaparate | Terraza | Situado a pie de calle,"Local de 235m², 3 ambientes, con escaparates y sótano. Ideal para retail, oficinas o gastronomía.","LOC_5. Ubicado en Calle Don Ramón de la Cruz, una de las calles más icónicas y transitadas de Madrid, este excelente local comercial es una oportunidad única para inversores. Gracias a su ubicación estratégica, con abundante luz natural y excelente conectividad, es una oportunidad para inversores ya que se trata de un activo en rentabilidad: el local se transmite con inquilino y con un contrato de arrendamiento vigente a 5 años, generando ingresos estables desde el momento de la compra.Características principales: - Planta a pie de calle: 78 m² distribuidos en 3 amplios ambientes, con dos grandes escaparates que garantizan máxima visibilidad. - Planta sótano (2º nivel): 148 m² que incluyen un espacio diáfano, una oficina privada, un baño completo y acceso a una terraza de uso exclusivo. - Superficie total: 227 m². No dejes pasar esta oportunidad única en una de las zonas más exclusivas y comerciales de Madrid y agenda tu visita hoy mismo! #ref:LOC_5.",Goya,Madrid > Goya > Venta,"Calle de Don Ramón de la Cruz, Goya, Madrid","Calle de Don Ramón de la Cruz, Goya, Madrid, España",ok,nominatim,street_approx,"Calle de Don Ramón de la Cruz, Goya, Salamanca, Madrid, Comunidad de Madrid, 28001, España",40.4287653,-3.6768509,8a390ca268d7fff,10.0,4027.0,4.0,Salamanca,42.0,Goya,2025-03-06T17:11:14+0000,2025-03-06T17:11:14+0000,ok
locales.es,madrid,venta,8,109656,venta:109656,https://www.locales.es/madrid/venta/local109656#offerType=1&estateType=3&settlement=6773,https://www.locales.es/madrid/contactar/propietario/109656,"Local comercial en Venta en Embajadores, Madrid",,,local_comercial,De inmobiliaria,15000000.0,7349.3,2041.0,,,"Edificio de 2041m², libre de inquilinos, con licencia de obras y proyecto pendiente del Ayuntamiento.",,,,"Embajadores, Madrid","Embajadores, Madrid, España",ok,nominatim,zone_approx,"Embajadores, Centro, Madrid, Comunidad de Madrid, España",40.4095856,-3.7029851,,,,,,,,,,card_only_geocoded
locales.es,madrid,venta,8,109720,venta:109720,https://www.locales.es/madrid/venta/local109720#offerType=1&estateType=3&settlement=6773,https://www.locales.es/madrid/contactar/propietario/109720,"Local comercial en Venta en Sol, Madrid",,,local_comercial,De inmobiliaria,9800000.0,4074.8,2405.0,,,"Edificio de 6 plantas más subterránea, para reformar, en ubicación central.",,,,"Sol, Madrid","Sol, Madrid, España",ok,nominatim,unknown,"Sol, Plaza de la Puerta del Sol, Barrio de los Austrias, Sol, Centro, Madrid, Comunidad de Madrid, 28013, España",40.4178272,-3.7022221,,,,,,,,,,card_only_geocoded
locales.es,madrid,venta,8,110482,venta:110482,https://www.locales.es/madrid/venta/local110482#offerType=1&estateType=3&settlement=6773,https://www.locales.es/madrid/contactar/propietario/110482,"Local comercial en Venta en Calle del Pelícano, Abrantes, Madrid","Local comercial en venta con 115m² en Madrid, en la zona de Abrantes, Calle del Pelícano",Local comercial,local_comercial,De inmobiliaria,329000.0,2860.9,115.0,2.0,Almacén | Muebles | Salida de humos | Escaparate | +2,"Local de 115m² con salida de humos, ideal para bar y actualmente alquilado, asegurando rentabilidad.","1765523333. ESRIV Inmobiliaria pone a la venta EXCLUSIVO local comercial con SALIDA DE HUMOS en calle del Chimbo a un paso de Camino viejo de Leganés, la calle más comercial de esta zona, donde cada paso encuentras tiendas así como un Mercadona lo cual revaloriza esta exclusiva zona. Este local a pie de calle se encuentra recién REFORMADO con primeras calidades y adaptado para un bar, también se encuentra alquilado, esto hace que puedas sacar una rentabilidad elevada a un bajo coste. A través de su puerta de entrada la cual se encuentra entre los dos escaparates de unos 8 metros en total podrás acceder a la zona del local la cual a mano izquierda verás la barra del bar que divide la zona de trabajo y la demás parte de la estancia principal la cual es super amplia, y te enamorará cada detalle como sus suelos o paredes. Al final de la estancia principal contamos con dos servicios para la clientela y terminando la barra entrarás a la cocina y a otra zona de almacenaje. ~La exclusividad de este local hace que sea ideal para invertir en ella. Hablando de la zona es una de las mejores del sur de Madrid ya que es una zona de mucho tránsito, tiendas y restaurantes lo cual hace ideal para cualquier momento del día..",Abrantes,Madrid > Abrantes > Venta,"Calle del Pelícano, Abrantes, Madrid","Calle del Pelícano, Abrantes, Madrid, España",ok,nominatim,street_approx,"Calle del Pelícano, Abrantes, Carabanchel, Madrid, Comunidad de Madrid, 28025, España",40.3836253,-3.7270807,8a390ca368a7fff,10.0,11173.0,11.0,Carabanchel,117.0,Abrantes,2025-03-17T13:04:03+0000,2025-03-17T13:04:03+0000,ok
locales.es,madrid,venta,8,115757,venta:115757,https://www.locales.es/madrid/venta/local115757#offerType=1&estateType=3&settlement=6773,https://www.locales.es/madrid/contactar/propietario/115757,"Local comercial en Venta en Calle de Goya, Goya, Madrid",,,local_comercial,De inmobiliaria,1560000.0,10064.5,155.0,2.0,Salida de humos | Escaparate | Terraza,"Local de 155 m² reformado, con licencia de hostelería y salida de humos, cerca del WiZINK Center.",,,,"Calle de Goya, Goya, Madrid","Calle de Goya, Goya, Madrid, España",ok,nominatim,street_approx,"Calle de Goya, Goya, Salamanca, Madrid, Comunidad de Madrid, 28001, España",40.4249488,-3.6789913,8a390ca261a7fff,10.0,4016.0,4.0,Salamanca,42.0,Goya,,,card_only_geocoded
locales.es,madrid,venta,8,117674,venta:117674,https://www.locales.es/madrid/alquiler-venta/local117674#offerType=1&estateType=3&settlement=6773,https://www.locales.es/madrid/contactar/propietario/117674,"Local comercial en Venta en Calle de José de Cadalso, Sol, Madrid","Comercio en venta, alquiler con 163m² en Madrid, en la zona de Sol, Calle de José de Cadalso",Local comercial,local_comercial,De propietario,180000.0,1104.3,163.0,1.0,Patio | Persiana metálica | Aire acondicionado | Almacén | +2,"Local luminoso con 2 plantas, apto para cambio de uso, en zona residencial, requiere reforma.","Excelente local en buen estado de conservación en el Barrio de Águilas-Carabanchel. Necesita reforma y es apto para cambio de uso. Se encuentra disponible en venta o en alquiler. No dispone de salida de humos. Nos encontramos ante un luminoso local de 163 m2, distribuidos en 2 plantas; próximo a Renfe y metro, en zona residencial, que consta de los siguientes elementos: En planta calle encontramos 68 m² útiles, con una gran zona diáfana, ideal para adaptarlo a tus necesidades. El sótano cuenta con 68 m², distribuidos en dos amplias estancias y un cuarto de baño. El local dispone de suelo de gresite de alta calidad, puerta de seguridad, calefacción y aire acondicionado.",Sol,Madrid > Sol > Venta,"Calle de José de Cadalso, Sol, Madrid","Sol, Madrid, España",ok,nominatim,unknown,"Sol, Plaza de la Puerta del Sol, Barrio de los Austrias, Sol, Centro, Madrid, Comunidad de Madrid, 28013, España",40.4178272,-3.7022221,,,,,,,,2025-04-10T09:55:38+0000,2025-04-10T12:30:29+0000,ok
locales.es,madrid,venta,8,117831,venta:117831,https://www.locales.es/madrid/alquiler-venta/local117831#offerType=1&estateType=3&settlement=6773,https://www.locales.es/madrid/contactar/propietario/117831,"Local comercial en Venta en Avenida ciudad de barcelona, Pacífico, Madrid","Local comercial en venta, alquiler con 62m² en Madrid, en la zona de Pacífico, Avenida ciudad de barcelona, 21",Local comercial,local_comercial,De inmobiliaria,365000.0,5887.1,62.0,,Patio | Alta visibilidad | Situado a pie de calle,"Local de 64 m² con gran visibilidad, cercano al metro y en área comercial con potencial alto de clientela.","!OPORTUNIDAD ÚNICA! LOCAL COMERCIAL EN LA AV. CIUDAD DE BARCELONA (BARRIO DE RETIRO, MADRID) Ubicado en uno de los tramos más estratégicos de la Avenida Ciudad de Barcelona, a escasos 50 metros del Metro Menéndez Pelayo y a 500 metros de la Puerta de Atocha. Este local cuenta con excelente visibilidad, gran paso peatonal y rodado, en una zona comercial y residencial rodeada de grandes marcas como Granier, Alain Afflelou, Mapfre y más. Características principales: Superficie total: 64 m2 construidos (51 m2 útiles) en planta calle. Extras: Patio privativo de 6,44 m2 útiles y sótano. Fachada acristalada: 4,5 metros lineales para máxima exposición. Ideal para hostelería: Zona sin restricciones (sin salida de humos). Para reformar: Adáptalo a tus necesidades. Precio Alquiler: 1.750 €/mes + IVA. Precio Venta: 365.000 € + IVA. Ventajas: Excelente conexión con transporte público. Zona consolidada con gran afluencia de clientes potenciales. Ideal para negocios que buscan proyección y tráfico constante. !No dejes pasar esta oportunidad de negocio! Contáctanos para más información: Este establecimiento es comercializado por InmoRest, referencia 1026. !Contáctanos hoy mismo para más detalles y comienza tu camino hacia el éxito empresarial en uno de los barrios más vibrantes de Madrid! 9 1 0 2 5 0 0 3 4 indicando la Referencia 1026 La información incluida no es vinculante y no forma parte de ninguna oferta o contrato y puede estar sujeta a cualquier modificación sin previo aviso. Somos expertos en locales de hostelería y podemos ayudarle a elegir la mejor ubicación para su negocio. Cualquier información puede consultarnos por WhatsApp al 9 1 0 2 5 0 0 3 4.",Pacífico,Madrid > Pacífico > Venta,"Avenida ciudad de barcelona, Pacífico, Madrid","Avenida ciudad de barcelona, Pacífico, Madrid, España",ok,nominatim,street_approx,"Avenida de la Ciudad de Barcelona, Pacífico, Retiro, Madrid, Comunidad de Madrid, 28007, España",40.4057412,-3.6858253,8a390ca35107fff,10.0,3002.0,3.0,Retiro,31.0,Pacífico,2025-04-14T09:11:56+0000,2025-04-14T09:12:10+0000,ok
locales.es,madrid,venta,8,119081,venta:119081,https://www.locales.es/madrid/venta/local119081#offerType=1&estateType=3&settlement=6773,https://www.locales.es/madrid/contactar/propietario/119081,"Local comercial en Venta en Paseo de la Ermita del Santo, San Isidro, Madrid",,,local_comercial,De inmobiliaria,209000.0,1741.7,120.0,2.0,Cocina completamente equipada | Video vigilancia | Almacén | Barra | +1,"Bar restaurante equipado con cocina, barra, almacén y baños, ubicado en planta baja con acceso a transporte y servicios cercanos.",,,,"Paseo de la Ermita del Santo, San Isidro, Madrid","Paseo de la Ermita del Santo, San Isidro, Madrid, España",ok,nominatim,street_approx,"Paseo de la Ermita del Santo, Barrio de la Pradera, San Isidro, Carabanchel, Madrid, Comunidad de Madrid, 28019, España",40.402099,-3.7247551,8a390ca34d1ffff,10.0,11054.0,11.0,Carabanchel,113.0,San Isidro,,,card_only_geocoded
locales.es,madrid,venta,8,119084,venta:119084,https://www.locales.es/madrid/venta/local119084#offerType=1&estateType=3&settlement=6773,https://www.locales.es/madrid/contactar/propietario/119084,"Local comercial en Venta en Calle de la Flor Baja, Palacio, Madrid",,,local_comercial,De inmobiliaria,1350000.0,37500.0,36.0,2.0,,"Pizzería en rentabilidad ubicada en posición premium en planta baja, esquina en el centro de Madrid.",,,,"Calle de la Flor Baja, Palacio, Madrid","Calle de la Flor Baja, Palacio, Madrid, España",ok,nominatim,street_approx,"Calle de la Flor Baja, Palacio, Centro, Madrid, Comunidad de Madrid, 28013, España",40.4223181,-3.7100149,8a390cb1bc77fff,10.0,1003.0,1.0,Centro,11.0,Palacio,,,card_only_geocoded
locales.es,madrid,venta,8,122089,venta:122089,https://www.locales.es/madrid/venta/local122089#offerType=1&estateType=3&settlement=6773,https://www.locales.es/madrid/contactar/propietario/122089,"Local comercial en Venta en Calle de Jaén, Cuatro Caminos, Madrid","Local comercial en venta con 194m² en Madrid, en la zona de Cuatro Caminos, Calle de Jaén",Local comercial,local_comercial,De inmobiliaria,280000.0,1443.3,194.0,,Aire acondicionado | Almacén | Buen acceso | Alta visibilidad | +1,"Espacio diáfano con tres estancias, dos aseos, almacén y cámara frigorífica en buen estado, ideal para oficinas o estudio.","MVB-3985. Descubre este amplio local en Berruguete, distrito de Tetuán. Con una superficie de 194 m², este espacio diáfano ofrece múltiples posibilidades para adaptarse a sus necesidades. Dispone de tres estancias, dos aseos y un baño privado, lo que lo convierte en una opción ideal para oficinas, trasteros, estudios o incluso un loft. Su ubicación a pie de calle garantiza una excelente visibilidad y acceso.El local se encuentra en buen estado y cuenta con un almacén y cámara frigorífica, lo que añade funcionalidad a este atractivo espacio. No pierdas la oportunidad y ven a visitar este local, perfecto para tu negocio o proyecto personal..",Cuatro Caminos,Madrid > Cuatro Caminos > Venta,"Calle de Jaén, Cuatro Caminos, Madrid","Calle de Jaén, Cuatro Caminos, Madrid, España",ok,nominatim,street_approx,"Calle de Jaén, Cuatro Caminos, Tetuán, Madrid, Comunidad de Madrid, 28020, España",40.4503901,-3.700868,8a390cb199affff,10.0,6035.0,6.0,Tetuán,62.0,Cuatro Caminos,2025-05-07T09:33:05+0000,2025-05-07T09:33:05+0000,ok
locales.es,madrid,venta,8,123169,venta:123169,https://www.locales.es/madrid/venta/local123169#offerType=1&estateType=3&settlement=6773,https://www.locales.es/madrid/contactar/propietario/123169,"Local comercial en Venta en Avenida de la Paz, Prosperidad, Madrid",,,local_comercial,De inmobiliaria,179000.0,5593.8,32.0,1.0,Sistemas de Seguridad | Almacén | Alta visibilidad,"Local de 32m² con baño y almacén, alquilado a 10 años con incrementos anuales, sin cambio de uso permitido.",,,,"Avenida de la Paz, Prosperidad, Madrid","Avenida de la Paz, Prosperidad, Madrid, España",ok,nominatim,street_approx,"Avenida de la Paz, Prosperidad, Chamartín, Madrid, Comunidad de Madrid, 28002, España",40.4506468,-3.6628602,8a390ca2416ffff,10.0,5099.0,5.0,Chamartín,52.0,Prosperidad,,,card_only_geocoded
locales.es,madrid,venta,8,123170,venta:123170,https://www.locales.es/madrid/venta/local123170#offerType=1&estateType=3&settlement=6773,https://www.locales.es/madrid/contactar/propietario/123170,"Local comercial en Venta en Avenida de la Paz, Prosperidad, Madrid",,,local_comercial,De inmobiliaria,159000.0,4676.5,34.0,1.0,Sistemas de Seguridad | Cocina completamente equipada | Situado a pie de calle,"Loft reformado con baño y cocina integrados, contrato de alquiler vigente, ubicado en calle Martin Machío.",,,,"Avenida de la Paz, Prosperidad, Madrid","Avenida de la Paz, Prosperidad, Madrid, España",ok,nominatim,street_approx,"Avenida de la Paz, Prosperidad, Chamartín, Madrid, Comunidad de Madrid, 28002, España",40.4506468,-3.6628602,8a390ca2416ffff,10.0,5099.0,5.0,Chamartín,52.0,Prosperidad,,,card_only_geocoded
locales.es,madrid,venta,8,123812,venta:123812,https://www.locales.es/madrid/venta/local123812#offerType=1&estateType=3&settlement=6773,https://www.locales.es/madrid/contactar/propietario/123812,"Local comercial en Venta en Ventas, Madrid","Restaurante en venta con 83m² en Madrid, en la zona de Ventas",Local comercial,local_comercial,De inmobiliaria,280000.0,3373.5,83.0,2.0,Almacén | Salida de humos | Luminoso,"Local con 2 estancias, 2 baños, cocina con salida de humos en zona comercial cerca de transporte y servicios públicos.","!Increíble oportunidad de adquirir un local comercial en una de las zonas más demandadas de Madrid, Ciudad Lineal - Ventas! Este local cuenta con 2 estancias, una en planta calle y otra en sótano, 2 baños y está en excelente estado de segunda mano. Con una ubicación privilegiada cerca de zonas comerciales, parques públicos, restaurantes, bancos y transporte público, este local es perfecto para emprender tu negocio. Además, su cocina independiente con salida de humos, lo convierten en un espacio versátil y funcional. No dejes pasar esta oportunidad de inversión en una ubicación inmejorable. !Contáctanos para más información! licencia de bar restaurante, al lado aparcamientos y polideportivo y gimnasio Los Nogales.",Ventas,Madrid > Ventas > Venta,"Ventas, Madrid","Ventas, Madrid, España",ok,nominatim,unknown,"Ventas, Calle de Julio Camba, Guindalera, Salamanca, Madrid, Comunidad de Madrid, 28028, España",40.4310642,-3.6635419,,,,,,,,2025-05-23T07:40:45+0000,2025-05-23T07:40:48+0000,ok
locales.es,madrid,venta,8,125395,venta:125395,https://www.locales.es/madrid/venta/local125395#offerType=1&estateType=3&settlement=6773,https://www.locales.es/madrid/contactar/propietario/125395,"Local comercial en Venta en Plaza de Pablo Ruiz Picasso, Cuatro Caminos, Madrid",,,local_comercial,De inmobiliaria,350000.0,3181.8,110.0,1.0,Recepción | Escaparate,"Local en planta baja con 3 despachos, recepción y 2 aseos, ubicado en zona en renovación urbana del Proyecto RenAZCA.",,,,"Plaza de Pablo Ruiz Picasso, Cuatro Caminos, Madrid","Plaza de Pablo Ruiz Picasso, Cuatro Caminos, Madrid, España",ok,nominatim,unknown,"Plaza de Pablo Ruiz Picasso, Cuatro Caminos, Tetuán, Madrid, Comunidad de Madrid, España",40.449456,-3.6932028,,,,,,,,,,card_only_geocoded
locales.es,madrid,venta,8,127530,venta:127530,https://www.locales.es/madrid/venta/local127530#offerType=1&estateType=3&settlement=6773,https://www.locales.es/madrid/contactar/propietario/127530,"Local comercial en Venta en Calle de los Artistas, Cuatro Caminos, Madrid",,,local_comercial,De inmobiliaria,720000.0,3956.0,182.0,2.0,Alta visibilidad,"Local con contrato a largo plazo, inquilino solvente, sin salida de humos, situado en zona de alto tránsito.",,,,"Calle de los Artistas, Cuatro Caminos, Madrid","Calle de los Artistas, Cuatro Caminos, Madrid, España",ok,nominatim,street_approx,"Calle de los Artistas, Cuatro Caminos, Tetuán, Madrid, Comunidad de Madrid, 28003, España",40.4473752,-3.70148,8a390cb19d6ffff,10.0,06025,06,Tetuan,002,Cuatro Caminos,,,card_only_geocoded
locales.es,madrid,venta,8,127531,venta:127531,https://www.locales.es/madrid/venta/local127531#offerType=1&estateType=3&settlement=6773,https://www.locales.es/madrid/contactar/propietario/127531,"Local comercial en Venta en Calle de Roncal, El Viso, Madrid",,,local_comercial,De inmobiliaria,960000.0,8727.3,110.0,,Alta visibilidad,"Local en zona de alto tránsito y visibilidad, con contrato estable y rentabilidad desde el inicio.",,,,"Calle de Roncal, El Viso, Madrid","Calle de Roncal, El Viso, Madrid, España",not_found,nominatim,,,,,,,,,,,,,,reused_snapshot
locales.es,madrid,venta,8,127646,venta:127646,https://www.locales.es/madrid/venta/local127646#offerType=1&estateType=3&settlement=6773,https://www.locales.es/madrid/contactar/propietario/127646,"Local comercial en Venta en Avenida de Pablo Neruda, Palomeras Bajas, Madrid",,,local_comercial,De inmobiliaria,473400.0,2067.2,229.0,,,"Local en una planta con salas diáfanas, despacho, aseos y acceso interior por rampa y escalera. Actualmente alquilado.",,,,"Avenida de Pablo Neruda, Palomeras Bajas, Madrid","Avenida de Pablo Neruda, Palomeras Bajas, Madrid, España",ok,nominatim,street_approx,"Avenida de Pablo Neruda, Palomeras Bajas, Puente de Vallecas, Madrid, Comunidad de Madrid, 28018, España",40.3815434,-3.6573613,8a390ca312b7fff,10.0,13205.0,13.0,Puente de Vallecas,133.0,Palomeras Bajas,,,card_only_geocoded
locales.es,madrid,venta,8,127989,venta:127989,https://www.locales.es/madrid/venta/local127989#offerType=1&estateType=3&settlement=6773,https://www.locales.es/madrid/contactar/propietario/127989,"Local comercial en Venta en calle alcalá, Sol, Madrid",,,local_comercial,De inmobiliaria,3009600.0,4754.5,633.0,1.0,Alta visibilidad,"Amplio local comercial en Madrid, ideal para grandes firmas, clínicas, entidades financieras o hostelería.",,,,"calle alcalá, Sol, Madrid","calle alcalá, Sol, Madrid, España",ok,nominatim,street_approx,"Calle Alcalá, Sol, Centro, Madrid, Comunidad de Madrid, 28012, España",40.4175379,-3.7004323,8a390cb1b0d7fff,10.0,1119.0,1.0,Centro,16.0,Sol,,,card_only_geocoded
locales.es,madrid,venta,8,128197,venta:128197,https://www.locales.es/madrid/venta/local128197#offerType=1&estateType=3&settlement=6773,https://www.locales.es/madrid/contactar/propietario/128197,"Local comercial en Venta en calle de arturo soria, San Juan Bautista, Madrid","Local comercial en venta con 235m² en Madrid, en la zona de San Juan Bautista, calle de arturo soria, 28004",Local comercial,local_comercial,De inmobiliaria,1108000.0,4714.9,235.0,1.0,Alta visibilidad,"Local con gran visibilidad y tránsito, rodeado de comercios, servicios y oficinas en una zona consolidada.","UCJ- 0034759832. ¡Oportunidad de negocio en Arturo Soria!Se alquila local comercial de 235 m² en la prestigiosa calle Arturo Soria, una de las zonas más demandadas y exclusivas de Madrid.El inmueble se encuentra en una ubicación privilegiada, con gran visibilidad, tránsito tanto peatonal como rodado, y rodeado de comercios, servicios, colegios y oficinas. Una zona consolidada y de alto poder adquisitivo, ideal para implantar negocios que busquen presencia en una de las mejores áreas de la capital.El local, con una amplia superficie de 235 m², ofrece múltiples posibilidades de distribución y uso.No dejes pasar esta oportunidad para ubicar tu negocio en una de las arterias más emblemáticas de Madrid.� Calle Arturo Soria – Madrid� 235 m² construidos� Zona de alto nivel, ideal para negocios exigentesContáctanos para más información o concertar una visita..",San Juan Bautista,Madrid > San Juan Bautista > Venta,"calle de arturo soria, San Juan Bautista, Madrid","calle de arturo soria, San Juan Bautista, Madrid, España",ok,nominatim,street_approx,"Calle de Arturo Soria, San Juan Bautista, Ciudad Lineal, Madrid, Comunidad de Madrid, 28043, España",40.4534258,-3.654426,8a390ca24a47fff,10.0,15151.0,15.0,Ciudad Lineal,156.0,San Juan Bautista,2025-06-19T12:18:06+0000,2025-06-19T12:18:08+0000,ok
locales.es,madrid,venta,8,128198,venta:128198,https://www.locales.es/madrid/venta/local128198#offerType=1&estateType=3&settlement=6773,https://www.locales.es/madrid/contactar/propietario/128198,"Local comercial en Venta en paseo de las delicias, Delicias, Madrid","Local comercial en venta con 364m² en Madrid, en la zona de Delicias, paseo de las delicias, 28005",Local comercial,local_comercial,De inmobiliaria,1703700.0,4680.5,364.0,1.0,,"Local de 364 m² en Paseo de Delicias, Madrid, zona estratégica cerca de comercios, oficinas y transporte público.","UCJ- 0034707595. ¡Local comercial en venta en Paseo de Delicias – Madrid!Se vende local comercial de 364 m² en el Paseo de Delicias, una de las vías más dinámicas y consolidadas de Madrid, con alta afluencia tanto peatonal como de tráfico rodado.Ubicado en una zona estratégica, rodeada de comercios, oficinas, centros educativos y con excelente comunicación mediante transporte público. Una ubicación ideal para todo tipo de negocios que busquen visibilidad, accesibilidad y prestigio.El local cuenta con una superficie de 364 m² construidos, ofreciendo gran versatilidad para adaptarse a distintos usos: comercio, hostelería, servicios, etc.Precio de venta: 1.703. 700 €Paseo de Delicias – Madrid364 m² construidosZona con alta demanda y excelentes comunicacionesUna inversión segura en una de las áreas comerciales más activas de la capital.Contáctanos para más información o concertar una visita..",Delicias,Madrid > Delicias > Venta,"paseo de las delicias, Delicias, Madrid","paseo de las delicias, Delicias, Madrid, España",ok,nominatim,street_approx,"Paseo de las Delicias, Chopera, Arganzuela, Madrid, Comunidad de Madrid, 28045, España",40.3915957,-3.695141,8a390ca3095ffff,10.0,2047.0,2.0,Arganzuela,23.0,Chopera,2025-06-19T12:18:22+0000,2025-06-19T12:18:25+0000,ok
locales.es,madrid,venta,8,130206,venta:130206,https://www.locales.es/madrid/venta/local130206#offerType=1&estateType=3&settlement=6773,https://www.locales.es/madrid/contactar/propietario/130206,"Local comercial en Venta en Calle de San Benito, Almenara, Madrid",,,local_comercial,De inmobiliaria,330000.0,3882.4,85.0,2.0,Aire acondicionado | Escaparate | Situado a pie de calle,"Local reformado con 2 estancias, 2 baños (1 adaptado), aire acondicionado y buena conexión de transporte en zona dinámica.",,,,"Calle de San Benito, Almenara, Madrid","Calle de San Benito, Almenara, Madrid, España",ok,nominatim,street_approx,"Calle de San Benito, Almenara, Tetuán, Madrid, Comunidad de Madrid, 28029, España",40.4718722,-3.696826,8a390cb0e6e7fff,10.0,6084.0,6.0,Tetuán,64.0,Almenara,,,card_only_geocoded
locales.es,madrid,venta,8,135513,venta:135513,https://www.locales.es/madrid/venta/local135513#offerType=1&estateType=3&settlement=6773,https://www.locales.es/madrid/contactar/propietario/135513,"Local comercial en Venta en Plaza de Oriente, Palacio, Madrid","Local comercial en venta con 79m² en Madrid, en la zona de Palacio, Plaza de Oriente",Local comercial,local_comercial,De inmobiliaria,150000.0,1898.7,79.0,,Almacén,"Almacén en planta con techo de 3m, tres espacios y trastero, ubicado en barrio tranquilo y céntrico.","OP-151108. CONSORCIO REAL ESTATE OPERA VENDE. TELÉFONO/WASAP: ~Almacén a 50 metros del Palacio Real.~El almacén se distribuye en una planta de 79 m2 en cueva altura de techo de 3 metros distribuidos en tres grandes espacios mas un trastero de 4 m2. Los almacenes de la zona Palacio gozan del encanto de barrio histórico, que tras el paso de los años sigue conservando la esencia de la época de los Austrias. Dicha zona delimitada entre la calle Bailén, la calle Mayor, Teatro de la Ópera y la grandiosa Plaza de Oriente, estupenda zona para pasear al lado del Palacio Real, Jardines de Sabatini y Campo del Moro, hacen de un entorno privilegiado para vivir y disfrutar del tiempo libre aún estando en el centro de Madrid. A un paso encontramos la calle Arenal, que une la puerta del Sol con el Teatro Real, dónde nos podemos encontrar comercios, restaurantes, bancos …, y la fabulosa Gran Vía y Plaza de Callao con cines, los mejores teatros y más comercios. Está ubicado en un barrio tranquilo y a la vez rodeado de todas las comodidades de una gran ciudad..",Palacio,Madrid > Palacio > Venta,"Plaza de Oriente, Palacio, Madrid","Plaza de Oriente, Palacio, Madrid, España",ok,nominatim,unknown,"Plaza de Oriente, Palacio, Centro, Madrid, Comunidad de Madrid, España",40.418337,-3.7132024,,,,,,,,2025-08-14T07:40:06+0000,2025-08-14T07:40:06+0000,ok
locales.es,madrid,venta,8,136416,venta:136416,https://www.locales.es/madrid/venta/local136416#offerType=1&estateType=3&settlement=6773,https://www.locales.es/madrid/contactar/propietario/136416,"Local comercial en Venta en Calle del Espejo, Palacio, Madrid",,,local_comercial,De inmobiliaria,525000.0,6176.5,85.0,2.0,,"Bar en funcionamiento desde hace 6 años, con clientela estable, licencia en regla y rentabilidad anual del 7,5%.",,,,"Calle del Espejo, Palacio, Madrid","Calle del Espejo, Palacio, Madrid, España",ok,nominatim,street_approx,"Calle del Espejo, Barrio de la Latina, Palacio, Centro, Madrid, Comunidad de Madrid, 28013, España",40.4170713,-3.7097012,8a390cb1b577fff,10.0,1006.0,1.0,Centro,11.0,Palacio,,,card_only_geocoded
locales.es,madrid,venta,8,136941,venta:136941,https://www.locales.es/madrid/venta/local136941#offerType=1&estateType=3&settlement=6773,https://www.locales.es/madrid/contactar/propietario/136941,"Local comercial en Venta en Calle de Wad Ras, Bellas Vistas, Madrid",,,local_comercial,De inmobiliaria,330000.0,2185.4,151.0,2.0,Cocina completamente equipada | Almacén | Muebles | Salida de humos | +2,"Local diáfano con planta calle y sótano, cocina industrial, barra, aseos y almacén. Bien comunicado y próximo a servicios variados.",,,,"Calle de Wad Ras, Bellas Vistas, Madrid","Calle de Wad Ras, Bellas Vistas, Madrid, España",ok,nominatim,street_approx,"Calle de Wad-Ras, Bellas Vistas, Tetuán, Madrid, Comunidad de Madrid, 28039, España",40.4552662,-3.7073177,8a390cb1d767fff,10.0,6012.0,6.0,Tetuán,61.0,Bellas Vistas,,,card_only_geocoded
locales.es,madrid,venta,9,103334,venta:103334,https://www.locales.es/madrid/venta/local103334#offerType=1&estateType=3&settlement=6773,https://www.locales.es/madrid/contactar/propietario/103334,"Local comercial en Venta en Calle del Monte Esquinza, Almagro, Madrid",,,local_comercial,De inmobiliaria,1790000.0,10981.6,163.0,2.0,,"Local de 163 m²; 135 m² en planta calle y 28 m² en sótano, sin salida de humos.",,,,"Calle del Monte Esquinza, Almagro, Madrid","Calle del Monte Esquinza, Almagro, Madrid, España",ok,nominatim,street_approx,"Calle del Monte Esquinza, Almagro, Chamberí, Madrid, Comunidad de Madrid, 28010, España",40.4289009,-3.6920067,8a390cb1ba67fff,10.0,7081.0,7.0,Chamberí,74.0,Almagro,,,card_only_geocoded
locales.es,madrid,venta,9,103337,venta:103337,https://www.locales.es/madrid/venta/local103337#offerType=1&estateType=3&settlement=6773,https://www.locales.es/madrid/contactar/propietario/103337,"Local comercial en Venta en Calle de la Cruz, Sol, Madrid",,,local_comercial,De inmobiliaria,1688000.0,7152.5,236.0,2.0,Salida de humos,"Licencia de Bar Especial, dos plantas comerciales y salida de humos en un lugar céntrico.",,,,"Calle de la Cruz, Sol, Madrid","Calle de la Cruz, Sol, Madrid, España",ok,nominatim,street_approx,"Calle de la Cruz, Barrio de las Letras, Cortes, Centro, Madrid, Comunidad de Madrid, 28012, España",40.4156007,-3.7017231,8a390cb1b737fff,10.0,1119.0,1.0,Centro,16.0,Sol,,,card_only_geocoded
locales.es,madrid,venta,9,103338,venta:103338,https://www.locales.es/madrid/venta/local103338#offerType=1&estateType=3&settlement=6773,https://www.locales.es/madrid/contactar/propietario/103338,"Local comercial en Venta en Calle de Nuestra Señora del Carmen, Berruguete, Madrid",,,local_comercial,De inmobiliaria,911000.0,14934.4,61.0,2.0,,"Local alquilado en ubicación concurrida, con un total de 61,70 m² en dos fincas registrales.",,,,"Calle de Nuestra Señora del Carmen, Berruguete, Madrid","Calle de Nuestra Señora del Carmen, Berruguete, Madrid, España",ok,nominatim,street_approx,"Calle de Nuestra Señora del Carmen, Berruguete, Tetuán, Madrid, Comunidad de Madrid, 28039, España",40.4606351,-3.7035921,8a390cb1d307fff,10.0,6109.0,6.0,Tetuán,66.0,Berruguete,,,card_only_geocoded
locales.es,madrid,venta,9,103339,venta:103339,https://www.locales.es/madrid/venta/local103339#offerType=1&estateType=3&settlement=6773,https://www.locales.es/madrid/contactar/propietario/103339,"Local comercial en Venta en Calle del Carmen, Sol, Madrid",,,local_comercial,De inmobiliaria,1320000.0,16097.6,82.0,1.0,Alta visibilidad | Situado a pie de calle,"Local de 82m² sin salida de humos, ideal para diversas actividades comerciales.",,,,"Calle del Carmen, Sol, Madrid","Calle del Carmen, Sol, Madrid, España",ok,nominatim,street_approx,"Calle del Carmen, Barrio de los Austrias, Sol, Centro, Madrid, Comunidad de Madrid, 28013, España",40.4184654,-3.7044621,8a390cb1b0a7fff,10.0,1123.0,1.0,Centro,16.0,Sol,,,card_only_geocoded
locales.es,madrid,venta,9,103340,venta:103340,https://www.locales.es/madrid/venta/local103340#offerType=1&estateType=3&settlement=6773,https://www.locales.es/madrid/contactar/propietario/103340,"Local comercial en Venta en Callejón de la Concepción Jerónima, Embajadores, Madrid",,,local_comercial,De inmobiliaria,1160000.0,4461.5,260.0,,Situado a pie de calle,"Local de 260,4 m² alquilado por 5800 euros al mes en buena ubicación. Sin salida de humos.",,,,"Callejón de la Concepción Jerónima, Embajadores, Madrid","Callejón de la Concepción Jerónima, Embajadores, Madrid, España",ok,nominatim,street_approx,"Callejón de la Concepción Jerónima, Embajadores, Centro, Madrid, Comunidad de Madrid, 28012, España",40.4137487,-3.7058581,8a390cb1b457fff,10.0,1026.0,1.0,Centro,12.0,Embajadores,,,card_only_geocoded
locales.es,madrid,venta,9,103343,venta:103343,https://www.locales.es/madrid/venta/local103343#offerType=1&estateType=3&settlement=6773,https://www.locales.es/madrid/contactar/propietario/103343,"Local comercial en Venta en Calle de la Reina Mercedes, Cuatro Caminos, Madrid",,,local_comercial,De inmobiliaria,780000.0,4239.1,184.0,,Salida de humos | Terraza,"Ubicación privilegiada, salida de humos instalada y posibilidad de terraza.",,,,"Calle de la Reina Mercedes, Cuatro Caminos, Madrid","Calle de la Reina Mercedes, Cuatro Caminos, Madrid, España",ok,nominatim,street_approx,"Calle de la Reina Mercedes, Cuatro Caminos, Tetuán, Madrid, Comunidad de Madrid, 28020, España",40.4510182,-3.6989364,8a390cb19837fff,10.0,6037.0,6.0,Tetuán,62.0,Cuatro Caminos,,,card_only_geocoded
locales.es,madrid,venta,9,103344,venta:103344,https://www.locales.es/madrid/venta/local103344#offerType=1&estateType=3&settlement=6773,https://www.locales.es/madrid/contactar/propietario/103344,"Local comercial en Venta en Calle de la Hierbabuena, Berruguete, Madrid","Local comercial en venta con 1240m² en Madrid, en la zona de Berruguete, Calle de la Hierbabuena",Local comercial,local_comercial,De inmobiliaria,4000000.0,3225.8,1240.0,,Salida de humos,Local de 1240m² con salida de humos y excelente ubicación y comunicaciones.,"3514. REF 3514- UNIONSOL OFRECE A SUS CLIENTES EN MADRID LOCAL COMERCIAL EN VENTA VALOR 4000.000€ -Se trata de local de comercial como oficinas actualmente, cuenta con licencia de hostelería y restauración, tiene salida de humos en calle muy bien ubicada.LOCAL COMERCIAL• Compuesto por local y parte oficinas en la actualidad.• Licencia de Actividad: hostelería / restauración.• Salida de Humos: SI• Renta total: • Año 1: 16.000€/mes + IVA• Año 2: 17.000€/mes + IVA• Año 3: 18.000€/mes + IVASUPERFICIES:Calle 353,20Primera 509,01Sótano 378,08TOTAL 1.240,29• Dispone de comunicaciones excelentes tanto para el transporte privado como para el público. Unionsol genera las mejores oportunidades para conseguir su propio negocio, presentando alternativas seleccionadas en hostelería y muchos otros tipos de actividades comercialesNota: la documentación presentada por Unionsol queda a total responsabilidad la verificación de la misma por parte del comprador, clienteLos precios anotados en este formato son + IVA.",Berruguete,Madrid > Berruguete > Venta,"Calle de la Hierbabuena, Berruguete, Madrid","Calle de la Hierbabuena, Berruguete, Madrid, España",ok,nominatim,street_approx,"Calle de la Hierbabuena, Berruguete, Tetuán, Madrid, Comunidad de Madrid, 28039, España",40.4612759,-3.700932,8a390cb1d347fff,10.0,6108.0,6.0,Tetuán,66.0,Berruguete,2025-02-17T09:12:32+0000,2025-02-17T09:12:39+0000,ok
locales.es,madrid,venta,9,58617,venta:58617,https://www.locales.es/madrid/venta/local58617#offerType=1&estateType=3&settlement=6773,https://www.locales.es/madrid/contactar/propietario/58617,"Local comercial en Venta en calle de isabelita usera, Pradolongo, Madrid","Local comercial en venta con 97m² en Madrid, en la zona de Pradolongo, calle de isabelita usera, 28026",Local comercial,local_comercial,De inmobiliaria,90000.0,927.8,97.0,1.0,Escaparate | Situado a pie de calle,Oportunidad para inversores. Local de 97m² con entrada a pie de calle y 4m de altura en zona delimitada por importantes vías.,"60599940. MUNDHOGAR CONSULTING OFRECE ESTE FANTÁSTICO LOCAL CON CAMBIO DE USOEl local consta de 97m2 en una sola planta, con entrada desde la calle, con una altura de 4m, tamaño de escaparate o metros de fachada (4m) y 10 metros de fondo.OPORTUNIDAD INVERSORES Y PRECIO UN POCO NEGOCIABLE!!!MEJOR VER!!!Se halla delimitado por el río Manzanares, el puente de Praga, el paseo de Santa María de la Cabeza, la plaza de Fernández Ladreda, la carretera A-42 (Madrid - Toledo) y la M-40. Limita con el distrito de Carabanchel por el oeste y noroeste, con el distrito de Arganzuela y el río Manzanares por el noreste, con el distrito de Puente de Vallecas por el este y con el distrito de Villaverde por el sur.Mundhogar Consulting.Tu lugar en el mundo..",Pradolongo,Madrid > Pradolongo > Venta,"calle de isabelita usera, Pradolongo, Madrid","calle de isabelita usera, Pradolongo, Madrid, España",ok,nominatim,street_approx,"Calle de Isabelita Usera, Pradolongo, Usera, Madrid, Comunidad de Madrid, 28026, España",40.3823667,-3.7076408,8a390ca30d87fff,10.0,12089.0,12.0,Usera,127.0,Pradolongo,2024-11-14T11:23:50+0000,2025-02-10T17:05:02+0000,ok
locales.es,madrid,venta,9,58741,venta:58741,https://www.locales.es/madrid/venta/local58741#offerType=1&estateType=3&settlement=6773,https://www.locales.es/madrid/contactar/propietario/58741,"Local comercial en Venta en Calle de Javier de Miguel, San Diego, Madrid","Local comercial en venta con 56m² en Madrid, en la zona de San Diego, Calle de Javier de Miguel",Local comercial,local_comercial,De inmobiliaria,89000.0,1589.3,56.0,2.0,Aire acondicionado | Almacén | Salida de humos | Terraza cerrada | +2,"Local en esquina, zona comercial, barra, almacén, 2 aseos, terraza, calefacción, aire acondicionado. Buenas comunicaciones.","nhv847. ¿Quiéres asegurar tus ingresos a través de tu propio negocio? . Maravilloso local en venta, ubicado en zona muy comercial y de gran paso peatonal, haciendo esquina con mucha luz y visibilidad. Cuenta con una zona de barra, un almacén y dos aseos. Tiene actualmente licencia de terraza en el frente y se puede tramitar poner otra terraza cerrada en un lateral del mismo.Tiene suelo cerámico, calefacción y aire acondicionado por conducto y salida de humos.Rodeado de todos los servicios y comercios de la zona. Mantiene muy buenas comunicaciones mediante diversas rutas de autobuses (103, 310) y metros como Portazgo.Interesados contactar con el asesor de la zona..",San Diego,Madrid > San Diego > Venta,"Calle de Javier de Miguel, San Diego, Madrid","Calle de Javier de Miguel, San Diego, Madrid, España",ok,nominatim,street_approx,"Calle de Javier de Miguel, San Diego, Puente de Vallecas, Madrid, Comunidad de Madrid, 28018, España",40.3891974,-3.6644813,8a390ca31177fff,10.0,13080.0,13.0,Puente de Vallecas,133.0,Palomeras Bajas,2024-11-14T11:33:06+0000,2024-11-14T11:33:13+0000,ok
locales.es,madrid,venta,9,59093,venta:59093,https://www.locales.es/madrid/venta/local59093#offerType=1&estateType=3&settlement=6773,https://www.locales.es/madrid/contactar/propietario/59093,"Local comercial en Venta en Calle del Alcatraz, Opañel, Madrid",,,local_comercial,De inmobiliaria,275000.0,3928.6,70.0,1.0,,"2 locales unidos alquilados a lavandería. Contrato hasta 2027, renovable hasta 2032.",,,,"Calle del Alcatraz, Opañel, Madrid","Calle del Alcatraz, Opañel, Madrid, España",ok,nominatim,street_approx,"Calle del Alcatraz, Opañel, Carabanchel, Madrid, Comunidad de Madrid, 28019, España",40.3886667,-3.7212793,8a390ca3694ffff,10.0,11023.0,11.0,Carabanchel,112.0,Opañel,,,card_only_geocoded
locales.es,madrid,venta,9,59766,venta:59766,https://www.locales.es/madrid/venta/local59766#offerType=1&estateType=3&settlement=6773,https://www.locales.es/madrid/contactar/propietario/59766,"Local comercial en Venta en calle del doctor esquerdo, Pacífico, Madrid",,,local_comercial,De inmobiliaria,1326200.0,6111.5,217.0,,Situado a pie de calle,"Local amplio en planta baja y sótano, con orientación oeste y fachada de 9,80 m.",,,,"calle del doctor esquerdo, Pacífico, Madrid","calle del doctor esquerdo, Pacífico, Madrid, España",ok,nominatim,street_approx,"Calle del Doctor Esquerdo, Pacífico, Retiro, Madrid, Comunidad de Madrid, 28007, España",40.4014076,-3.6747052,8a390ca3538ffff,10.0,3099.0,3.0,Retiro,32.0,Adelfas,,,card_only_geocoded
locales.es,madrid,venta,9,59939,venta:59939,https://www.locales.es/madrid/venta/local59939#offerType=1&estateType=3&settlement=6773,https://www.locales.es/madrid/contactar/propietario/59939,"Local comercial en Venta en calle de rodríguez san pedro, Gaztambide, Madrid",,,local_comercial,De inmobiliaria,871000.0,4147.6,210.0,2.0,,Venta de local 210m² en Madrid. Se vende junto a otro en C/ Gaztambide.,,,,"calle de rodríguez san pedro, Gaztambide, Madrid","calle de rodríguez san pedro, Gaztambide, Madrid, España",ok,nominatim,street_approx,"Calle de Rodríguez San Pedro, Gaztambide, Chamberí, Madrid, Comunidad de Madrid, 28015, España",40.4317595,-3.7123332,8a390cb1866ffff,10.0,7003.0,7.0,Chamberí,71.0,Gaztambide,,,card_only_geocoded
locales.es,madrid,venta,9,60179,venta:60179,https://www.locales.es/madrid/venta/local60179#offerType=1&estateType=3&settlement=6773,https://www.locales.es/madrid/contactar/propietario/60179,"Local comercial en Venta en calle de gaztambide, Gaztambide, Madrid","Local comercial en venta con 293m² en Madrid, en la zona de Gaztambide, calle de gaztambide, 28003",Local comercial,local_comercial,De inmobiliaria,476500.0,1626.3,293.0,3.0,,Venta conjunta con local en C/ Rodríguez San Pedro.,"UCJ-0049773976. Investment Group10 vende local comercial en Calle de Gaztambide, Madrid. Es un inmueble que tiene 293 m2. NO SE VENDE INDIVIDUALMENTE SOLO SE PUEDE VENDER CONJUNTAMENTE CON UN LOCAL UBICADO EN C/ RODRIGUEZ SAN PEDRO, MADRID.PRECIO LOTE: 1.440.500,00€Si necesita mas información no dude en llamarnos al: 617.60. 27.81 // 825.93. 36.75 ¡ESTAREMOS ENCANTADOS DE ATENDERL@S! (También atendemos vía WhatsApp)..",Gaztambide,Madrid > Gaztambide > Venta,"calle de gaztambide, Gaztambide, Madrid","calle de gaztambide, Gaztambide, Madrid, España",ok,nominatim,street_approx,"Calle de Gaztambide, Gaztambide, Chamberí, Madrid, Comunidad de Madrid, 28015, España",40.4348493,-3.7155161,8a390cb18397fff,10.0,7012.0,7.0,Chamberí,71.0,Gaztambide,2024-11-14T15:37:34+0000,2025-02-10T17:04:46+0000,ok
locales.es,madrid,venta,9,60908,venta:60908,https://www.locales.es/madrid/venta/local60908#offerType=1&estateType=3&settlement=6773,https://www.locales.es/madrid/contactar/propietario/60908,"Local comercial en Venta en calle del padre rubio, Almenara, Madrid","Local comercial en venta con 180m² en Madrid, en la zona de Almenara, calle del padre rubio, 28029",Local comercial,local_comercial,De inmobiliaria,485000.0,2694.4,180.0,,Aire acondicionado | Almacén | Salida de humos | Situado a pie de calle,"Local de 180 m², reformado, con opción de cambio a vivienda, ideal para negocio con salida de humos.","padrerubiolocal. MUNDHOGAR CONSULTING ofrece este magnífico local comercial con posibilidad de cambio de uso a vivienda.Consta de 180 metros cuadrados distribuidos en 3 plantas, la planta pie de calle son 120 metros. Se encuentra en perfecto estado, totalmente reformado, por lo que la inversión para cambio de uso es mínima. Perfecto también para cualquier tipo de negocio como bazar, pequeño supermercado, comida rápida, cocina o envíos a domicilio. Todo gracias a su salida de humos y a su inmejorable situación.Muy próximo a Plaza de Castilla, Chamartín, La Vaguada y la zona financiera de Madrid. Con todos los servicios próximos como zonas verdes, metro, autobuses..Mundhogar Consulting Tu lugar en el mundo.",Almenara,Madrid > Almenara > Venta,"calle del padre rubio, Almenara, Madrid","calle del padre rubio, Almenara, Madrid, España",ok,nominatim,street_approx,"Calle del Padre Rubio, Almenara, Tetuán, Madrid, Comunidad de Madrid, 28029, España",40.4712116,-3.6944581,8a390cb0a9b7fff,10.0,6085.0,6.0,Tetuán,64.0,Almenara,2024-11-14T16:30:46+0000,2025-02-10T17:04:40+0000,ok
locales.es,madrid,venta,9,64410,venta:64410,https://www.locales.es/madrid/venta/local64410#offerType=1&estateType=3&settlement=6773,https://www.locales.es/madrid/contactar/propietario/64410,"Local comercial en Venta en Calle de Sarria, El Pilar, Madrid","Local comercial en venta con 40m² en Madrid, en la zona de El Pilar, Calle de Sarria",Local comercial,local_comercial,De inmobiliaria,25000.0,625.0,40.0,,Patio | Almacén | Puerta de seguridad | Situado a pie de calle | +1,"Local luminoso, amueblado, con patio de luces y acceso desde calle. Cerca del metro PEÑAGRANDE.","VENT_0010. EUROFINCA VENDE local se encuentra en Calle de Sarriá, 28029, situado en el distrito de Madrid, en la entreplanta. Es un local luminoso y amueblado que tiene 40 m2.Se trata de un local dentro del Centro Comercial De Sarria, exterior con orientación norte. Dispone de patio de luces, entrada desde calle, almacén y puerta de seguridad. Cerca del metro PEÑAGRANDE y varias paradas de buses..",El Pilar,Madrid > El Pilar > Venta,"Calle de Sarria, El Pilar, Madrid","Calle de Sarria, El Pilar, Madrid, España",ok,nominatim,street_approx,"Calle de Sarria, Pilar, Fuencarral-El Pardo, Madrid, Comunidad de Madrid, 28029, España",40.4739801,-3.7140513,8a390cb0e587fff,10.0,8068.0,8.0,Fuencarral - El Pardo,84.0,Pilar,2024-11-18T11:33:17+0000,2024-11-18T11:33:23+0000,ok
locales.es,madrid,venta,9,64435,venta:64435,https://www.locales.es/madrid/venta/local64435#offerType=1&estateType=3&settlement=6773,https://www.locales.es/madrid/contactar/propietario/64435,"Local comercial en Venta en Calle de Pedro Laborde, Portazgo, Madrid",,,local_comercial,De inmobiliaria,128999.0,2114.7,61.0,1.0,,"Local de 61m² en planta baja, equipado para marroquinería. Ubicación cercana a metro y servicios.",,,,"Calle de Pedro Laborde, Portazgo, Madrid","Calle de Pedro Laborde, Portazgo, Madrid, España",ok,nominatim,street_approx,"Calle de Pedro Laborde, Portazgo, Puente de Vallecas, Madrid, Comunidad de Madrid, 28018, España",40.3855003,-3.6505087,8a390ca31277fff,10.0,13150.0,13.0,Puente de Vallecas,135.0,Portazgo,,,card_only_geocoded
locales.es,madrid,venta,9,66207,venta:66207,https://www.locales.es/madrid/venta/local66207#offerType=1&estateType=3&settlement=6773,https://www.locales.es/madrid/contactar/propietario/66207,"Local comercial en Venta en Calle del Príncipe Anglona, Palacio, Madrid","Local comercial en venta con 742m² en Madrid, en la zona de Palacio, Calle del Príncipe Anglona",Local comercial,local_comercial,De inmobiliaria,3700000.0,4986.5,742.0,,Almacén | Terraza,Edificio de 742m² en ubicación histórica de Madrid. Ideal para inversión con experiencia en rehabilitación.,"54121. Oi Realtor presenta en exclusiva edificio en venta situado en el Madrid de los Austrias, muy cerca de la plaza de la Paja que era hace cinco (5) siglos el corazón de la capital de España. Detalles del edificio en venta en MadridEl edificio dispone de una superficie total de 742 metros construidos. Precio: 3.700.000 € + 5% HonorariosOi Realtor es el primer consultor inmobiliario de lujo. Nuestra misión es la de asesorar, dar servicio, innovar y adaptarnos, con vocación internacional de cara a nuestro mercado. Vender tu casaBrindamos un servicio completo para conseguir vender tu casa en el menor tiempo posible y siempre al mejor precio. Un compromiso que adquirimos con cada uno de nuestros clientes.Inversiones inmobiliariasEn Oi Realtor poseemos una larga experiencia seleccionando las mejores propiedades para los clientes más exigentes. Y así asegurar las mejores inversiones inmobiliarias y la máxima rentabilidad en cada operación.Te compramos tu casaProporcionamos la respuesta que necesitas en la venta inmediata de tu vivienda. Nuestro equipo profesional te presenta una oferta rápida, al mejor precio y con un compromiso real donde te compramos tu casa.Compramos edificiosAtesoramos una larga experiencia donde compramos edificios, realizamos rehabilitaciones y venta de edificios en las principales localizaciones. No dudes en consultar a nuestro equipo y obtendrás el mejor resultado.Tasación de viviendasDescubre cuánto vale tu casa y decide si te conviene alquilarla o venderla en función del precio de mercado. En Oi Realtor realizamos tasación de viviendas para que se tome así la mejor decisión financiera y obtener la máxima rentabilidad.Golden VisaEn Oi Realtor Disponemos de profesionales especializados en Golden Visa y dedicados a orientar a todos aquellos inversores extranjeros interesados en la obtención del permiso de residencia por la compra de viviendas de lujo. Realojamiento y trasladoEn Oi Realtor contamos con el mejor servicio de realojamiento y traslado, tanto de empleados como de ejecutivos. Asistencia integral en la reubicación para empresas nacionales e internacionales..",Palacio,Madrid > Palacio > Venta,"Calle del Príncipe Anglona, Palacio, Madrid","Palacio, Calle del Príncipe Anglona, Madrid, España",ok,nominatim,unknown,"Palacio del Príncipe de Anglona, Calle del Príncipe de Anglona, Barrio de la Latina, Palacio, Centro, Madrid, Comunidad de Madrid, 28005, España",40.4134274,-3.7110414,,,,,,,,2024-11-18T17:41:36+0000,2024-11-18T17:41:39+0000,ok
locales.es,madrid,venta,9,66208,venta:66208,https://www.locales.es/madrid/venta/local66208#offerType=1&estateType=3&settlement=6773,https://www.locales.es/madrid/contactar/propietario/66208,"Local comercial en Venta en Calle de Goya, Goya, Madrid","Local comercial en venta con 1936m² en Madrid, en la zona de Goya, Calle de Goya",Local comercial,local_comercial,De inmobiliaria,11900000.0,6146.7,1936.0,,Almacén | Terraza,"Edificio de 1936m² con 5 plantas, 2 locales y 18 viviendas en zona residencial y comercial bien comunicada.","54119. Oi Realtor presenta en exclusiva edificio en venta, en buen estado de conservación. Ubicado en el barrio Goya del prestigioso Distrito de Salamanca, Madrid.Detalles del edificio en venta en MadridSuperficie construida de 1936 m2. Cuenta con cinco (5) plantas, de las cuales hay: dos (2) locales comerciales en planta baja y dieciocho (18) viviendas distribuidas en el resto del edificio. P.G.O.U.M.: Normativa NZ 1 Grado 3° Nivel C, tiene ITE favorable en 2010, para una próxima revisión en 2020.El Edificio esta en una zona con claro predominio residencial con mucha presencia del sector servicios y de oficinas. Existen aparcamientos públicos, es un área consolidada y muy transitada en el barrio de Goya.Edificio catalogado con un grado de protección estructural, objeto de rehabilitación para su transformación en viviendas y locales comerciales.Cuenta con los servicios urbanísticos propios de un solar edificado. Hay edificabilidad remanente que se puede aprovechar en una planta superior.Sin división horizontal se distribuye en Pl. Baja, dos (2) Locales.El resto del edificio cuenta con viviendas exteriores y ocho (8) viviendas interiores, distribuidas en cuatro (4) plantas, todas las viviendas están alquiladas con dos (2) contratos de alquileres de renta antigua, excepto una vivienda que está vacía y disponible.Barrio GoyaEl barrio Goya se encuentra ubicado en el Distrito de Salamanca de Madrid. Se ha convertido en una de las más importantes zonas comerciales de la ciudad, también se encuentran los edificios de gran importancia, como el Palacio de los Deportes de la Comunidad de Madrid o La Real Casa de La Moneda. Muy bien comunicado por transporte público, como metro (Príncipe de Vergara L2 y L9) y rutas de buses (15, 29, 52, 146, 152). También tiene fácil acceso a principales vías y acceso a todo tipo de servicios. En la zona hay una notable presencia de espacios culturales y de recreación (museos y parques (El Retiro)). Está muy próximo a El Corte Inglés. Oi Realtor es el primer consultor inmobiliario de lujo. Nuestra misión es la de asesorar, dar servicio, innovar y adaptarnos, con vocación internacional de cara a nuestro mercado. Vender tu casaBrindamos un servicio completo para conseguir vender tu casa en el menor tiempo posible y siempre al mejor precio. Un compromiso que adquirimos con cada uno de nuestros clientes.Inversiones inmobiliariasEn Oi Realtor poseemos una larga experiencia seleccionando las mejores propiedades para los clientes más exigentes. Y así asegurar las mejores inversiones inmobiliarias y la máxima rentabilidad en cada operación.Te compramos tu casaProporcionamos la respuesta que necesitas en la venta inmediata de tu vivienda. Nuestro equipo profesional te presenta una oferta rápida, al mejor precio y con un compromiso real donde te compramos tu casa.Compramos edificiosAtesoramos una larga experiencia donde compramos edificios, realizamos rehabilitaciones y venta de edificios en las principales localizaciones. No dudes en consultar a nuestro equipo y obtendrás el mejor resultado.Tasación de viviendasDescubre cuánto vale tu casa y decide si te conviene alquilarla o venderla en función del precio de mercado. En Oi Realtor realizamos tasación de viviendas para que se tome así la mejor decisión financiera y obtener la máxima rentabilidad.Golden VisaEn Oi Realtor Disponemos de profesionales especializados en Golden Visa y dedicados a orientar a todos aquellos inversores extranjeros interesados en la obtención del permiso de residencia por la compra de viviendas de lujo. Realojamiento y trasladoEn Oi Realtor contamos con el mejor servicio de realojamiento y traslado, tanto de empleados como de ejecutivos. Asistencia integral en la reubicación para empresas nacionales e internacionales..",Goya,Madrid > Goya > Venta,"Calle de Goya, Goya, Madrid","Calle de Goya, Goya, Madrid, España",ok,nominatim,street_approx,"Calle de Goya, Goya, Salamanca, Madrid, Comunidad de Madrid, 28001, España",40.4249488,-3.6789913,8a390ca261a7fff,10.0,4016.0,4.0,Salamanca,42.0,Goya,2024-11-18T17:41:39+0000,2024-11-25T12:58:21+0000,ok
locales.es,madrid,venta,9,66415,venta:66415,https://www.locales.es/madrid/venta/local66415#offerType=1&estateType=3&settlement=6773,https://www.locales.es/madrid/contactar/propietario/66415,"Local comercial en Venta en Calle de Goya, Goya, Madrid","Local comercial en venta con 326m² en Madrid, en la zona de Goya, Calle de Goya",Local comercial,local_comercial,De inmobiliaria,9500000.0,29141.1,326.0,,Almacén | Terraza,"Edificio en venta de 326m² con 7 plantas: 1 local, 2 trasteros, 14 viviendas. Excelente ubicación en Salamanca.","54117. Oi Realtor presenta en exclusiva gran oportunidad de invertir en un edificio en venta, ubicado en el barrio Goya del distrito de Salamanca, Madrid.Detalles del edificio en venta en MadridEl edificio se encuentra en buen estado de conservación, data de 1920. Dispone de siete (7) plantas compuestas por: UN (1) Local Comercial. DOS (2) Trasteros. QUINCE (14) Viviendas. PRECIO DE VENTA 9.500.000 € RENTABILIDAD APROX MENSUAL 12.325,00 €Condiciones Urbanisticas del EdificioNormativa: NZ 1 Grado 3°.Nivel: Nivel B.Uso y Topología Característica: Residencial Norma Zonal 1Inmejorable UbicaciónEl distrito de Salamanca es uno de los 21 distritos que forman el municipio de Madrid (España). Debe su nombre a su constructor, el malagueño José de Salamanca y Mayol, Marqués de Salamanca, que lo promovió y erigió en parte en el siglo XIX. Se ha convertido en una de las más importantes zonas comerciales de la ciudad y uno de los barrios de mayor nivel de vida de Europa con la mayor zona de compra de lujo de Madrid en torno a las calles Serrano, Claudio Coello y Ortega y Gasset. Tiene una población de 147.707 habitantes según censo del INE de 2008.Estación de metro Velásquez a 230 metros (3min). La estación Príncipe de Vergara a unos 6 min (500m) y la estación de metro Goya a (550m) a unos escasos 7 minutos. Muy cerca se encuentra el Paseo de la Castellana.Oi Realtor es el primer consultor inmobiliario de lujo. Nuestra misión es la de asesorar, dar servicio, innovar y adaptarnos, con vocación internacional de cara a nuestro mercado. Vender tu casaBrindamos un servicio completo para conseguir vender tu casa en el menor tiempo posible y siempre al mejor precio. Un compromiso que adquirimos con cada uno de nuestros clientes.Inversiones inmobiliariasEn Oi Realtor poseemos una larga experiencia seleccionando las mejores propiedades para los clientes más exigentes. Y así asegurar las mejores inversiones inmobiliarias y la máxima rentabilidad en cada operación.Te compramos tu casaProporcionamos la respuesta que necesitas en la venta inmediata de tu vivienda. Nuestro equipo profesional te presenta una oferta rápida, al mejor precio y con un compromiso real donde te compramos tu casa.Compramos edificiosAtesoramos una larga experiencia donde compramos edificios, realizamos rehabilitaciones y venta de edificios en las principales localizaciones. No dudes en consultar a nuestro equipo y obtendrás el mejor resultado.Tasación de viviendasDescubre cuánto vale tu casa y decide si te conviene alquilarla o venderla en función del precio de mercado. En Oi Realtor realizamos tasación de viviendas para que se tome así la mejor decisión financiera y obtener la máxima rentabilidad.Golden VisaEn Oi Realtor Disponemos de profesionales especializados en Golden Visa y dedicados a orientar a todos aquellos inversores extranjeros interesados en la obtención del permiso de residencia por la compra de viviendas de lujo. Realojamiento y trasladoEn Oi Realtor contamos con el mejor servicio de realojamiento y traslado, tanto de empleados como de ejecutivos. Asistencia integral en la reubicación para empresas nacionales e internacionales..",Goya,Madrid > Goya > Venta,"Calle de Goya, Goya, Madrid","Calle de Goya, Goya, Madrid, España",ok,nominatim,street_approx,"Calle de Goya, Goya, Salamanca, Madrid, Comunidad de Madrid, 28001, España",40.4249488,-3.6789913,8a390ca261a7fff,10.0,4016.0,4.0,Salamanca,42.0,Goya,2024-11-18T17:56:50+0000,2024-11-18T17:56:55+0000,ok
locales.es,madrid,venta,9,66660,venta:66660,https://www.locales.es/madrid/venta/local66660#offerType=1&estateType=3&settlement=6773,https://www.locales.es/madrid/contactar/propietario/66660,"Local comercial en Venta en Calle del Duque de Medinaceli, Cortes, Madrid","Local comercial en venta con 974m² en Madrid, en la zona de Cortes, Calle del Duque de Medinaceli",Local comercial,local_comercial,De inmobiliaria,3250000.0,3336.8,974.0,,Almacén | Terraza,"Edificio de 974m² con 5 pisos y 23 viviendas, 100% alquilado, usado como residencia estudiantil.","54093. Oi Realtor presenta en exclusiva gran oportunidad de invertir en un espectacutasalar edificio en venta, en rentabilidad, ubicado en el Centro de Madrid.Detalles del Edificio en venta en Madrid- 974 m2 construidos - Con inquilinos- 5 plantas - 23 Viviendas- Buen estadoEdificio totalmente reformado y 100% alquilado. En la actualidad se está explotando como vivienda de estudiantes al 5% de rentabilidad anual.Precio de venta 3.600.000 + 3% HonorariosOi Realtor es el primer consultor inmobiliario de lujo. Nuestra misión es la de asesorar, dar servicio, innovar y adaptarnos, con vocación internacional de cara a nuestro mercado. Vender tu casaBrindamos un servicio completo para conseguir vender tu casa en el menor tiempo posible y siempre al mejor precio. Un compromiso que adquirimos con cada uno de nuestros clientes.Inversiones inmobiliariasEn Oi Realtor poseemos una larga experiencia seleccionando las mejores propiedades para los clientes más exigentes. Y así asegurar las mejores inversiones inmobiliarias y la máxima rentabilidad en cada operación.Te compramos tu casaProporcionamos la respuesta que necesitas en la venta inmediata de tu vivienda. Nuestro equipo profesional te presenta una oferta rápida, al mejor precio y con un compromiso real donde te compramos tu casa.Compramos edificiosAtesoramos una larga experiencia donde compramos edificios, realizamos rehabilitaciones y venta de edificios en las principales localizaciones. No dudes en consultar a nuestro equipo y obtendrás el mejor resultado.Tasación de viviendasDescubre cuánto vale tu casa y decide si te conviene alquilarla o venderla en función del precio de mercado. En Oi Realtor realizamos tasación de viviendas para que se tome así la mejor decisión financiera y obtener la máxima rentabilidad.Golden VisaEn Oi Realtor Disponemos de profesionales especializados en Golden Visa y dedicados a orientar a todos aquellos inversores extranjeros interesados en la obtención del permiso de residencia por la compra de viviendas de lujo. Realojamiento y trasladoEn Oi Realtor contamos con el mejor servicio de realojamiento y traslado, tanto de empleados como de ejecutivos. Asistencia integral en la reubicación para empresas nacionales e internacionales..",Cortes,Madrid > Cortes > Venta,"Calle del Duque de Medinaceli, Cortes, Madrid","Calle del Duque de Medinaceli, Cortes, Madrid, España",ok,nominatim,street_approx,"Calle del Duque de Medinaceli, Barrio de las Letras, Cortes, Centro, Madrid, Comunidad de Madrid, 28014, España",40.4156615,-3.6959866,8a390cb1b74ffff,10.0,1071.0,1.0,Centro,13.0,Cortes,2024-11-19T09:42:15+0000,2024-11-19T09:42:19+0000,ok
locales.es,madrid,venta,9,71299,venta:71299,https://www.locales.es/madrid/venta/local71299#offerType=1&estateType=3&settlement=6773,https://www.locales.es/madrid/contactar/propietario/71299,"Local comercial en Venta en Calle del Sabanero, Vista Alegre, Madrid",,,local_comercial,De inmobiliaria,329900.0,1153.5,286.0,2.0,,"Local de 286 m², en buen estado, con 2 baños y buena accesibilidad a transporte y servicios.",,,,"Calle del Sabanero, Vista Alegre, Madrid","Calle del Sabanero, Vista Alegre, Madrid, España",ok,nominatim,street_approx,"Calle del Sabanero, Vista Alegre, Carabanchel, Madrid, Comunidad de Madrid, 28047, España",40.3912681,-3.7412526,8a390cba9097fff,10.0,11081.0,11.0,Carabanchel,114.0,Vista Alegre,,,card_only_geocoded
locales.es,madrid,venta,9,74975,venta:74975,https://www.locales.es/madrid/venta/local74975#offerType=1&estateType=3&settlement=6773,https://www.locales.es/madrid/contactar/propietario/74975,"Local comercial en Venta en Cuatro Caminos, Madrid",,,local_comercial,De inmobiliaria,225000.0,3750.0,60.0,,Patio | Escaparate | Situado a pie de calle,"Local reformado con doble acceso, amplia sala, y buena comunicación por transporte público.",,,,"Cuatro Caminos, Madrid","Cuatro Caminos, Madrid, España",ok,nominatim,unknown,"Cuatro Caminos, Túnel de Cuatro Caminos, Vallehermoso, Chamberí, Madrid, Comunidad de Madrid, 28003, España",40.4467812,-3.7039643,,,,,,,,,,card_only_geocoded
locales.es,madrid,venta,9,83286,venta:83286,https://www.locales.es/madrid/venta/local83286#offerType=1&estateType=3&settlement=6773,https://www.locales.es/madrid/contactar/propietario/83286,"Local comercial en Venta en Avenida ciudad de barcelona, Pacífico, Madrid","Local comercial en venta con 60m² en Madrid, en la zona de Pacífico, Avenida ciudad de barcelona, 21",Local comercial,local_comercial,De inmobiliaria,375000.0,6250.0,60.0,,Patio | Escaparate | Alta visibilidad | Situado a pie de calle,"Local de 51 m² en planta calle, gran paso peatonal, ideal para hostelería, cerca del Metro Menéndez Pelayo.","!OPORTUNIDAD ÚNICA! LOCAL COMERCIAL EN LA AV. CIUDAD DE BARCELONA (BARRIO DE RETIRO, MADRID) Ubicado en uno de los tramos más estratégicos de la Avenida Ciudad de Barcelona, a escasos 50 metros del Metro Menéndez Pelayo y a 500 metros de la Puerta de Atocha. Este local cuenta con excelente visibilidad, gran paso peatonal y rodado, en una zona comercial y residencial rodeada de grandes marcas como Granier, Alain Afflelou, Mapfre y más. Características principales: Superficie total: 64 m2 construidos (51 m2 útiles) en planta calle. Extras: Patio privativo de 6,44 m2 útiles y sótano. Fachada acristalada: 4,5 metros lineales para máxima exposición. Ideal para hostelería: Zona sin restricciones (sin salida de humos). Para reformar: Adáptalo a tus necesidades. Precio Alquiler: 1.800 €/mes + IVA. Precio Venta: 365.000 € + IVA. Ventajas: Excelente conexión con transporte público. Zona consolidada con gran afluencia de clientes potenciales. Ideal para negocios que buscan proyección y tráfico constante. !No dejes pasar esta oportunidad de negocio! Contáctanos para más información: ? 910 25 00 34 Este establecimiento es comercializado por InmoRest, referencia 1026. !Contáctanos hoy mismo para más detalles y comienza tu camino hacia el éxito empresarial en uno de los barrios más vibrantes de Madrid! 9 1 0 2 5 0 0 3 4 indicando la Referencia 1026 La información incluida no es vinculante y no forma parte de ninguna oferta o contrato y puede estar sujeta a cualquier modificación sin previo aviso. Somos expertos en locales de hostelería y podemos ayudarle a elegir la mejor ubicación para su negocio. Cualquier información puede consultarnos por WhatsApp al 9 1 0 2 5 0 0 3 4.",Pacífico,Madrid > Pacífico > Venta,"Avenida ciudad de barcelona, Pacífico, Madrid","Avenida ciudad de barcelona, Pacífico, Madrid, España",ok,nominatim,street_approx,"Avenida de la Ciudad de Barcelona, Pacífico, Retiro, Madrid, Comunidad de Madrid, 28007, España",40.4057412,-3.6858253,8a390ca35107fff,10.0,3002.0,3.0,Retiro,31.0,Pacífico,2025-01-31T11:36:07+0000,2025-01-31T11:36:09+0000,ok
locales.es,madrid,venta,9,83407,venta:83407,https://www.locales.es/madrid/venta/local83407#offerType=1&estateType=3&settlement=6773,https://www.locales.es/madrid/contactar/propietario/83407,"Local comercial en Venta en Calle de los Artistas, Cuatro Caminos, Madrid","Local comercial en venta con 621m² en Madrid, en la zona de Cuatro Caminos, Calle de los Artistas",Local comercial,local_comercial,De inmobiliaria,990000.0,1594.2,621.0,2.0,,"Local en buen estado con 2 baños, calefacción, parking y cerca de transporte público y centros comerciales.","60532969. 4. Local o Nave → Local comercial en Madrid zona Cuatro Caminos, 621 m. de superficie, 2 baños, propiedad en Buen estado.~Extras: calefaccion, preinst. aacc, autobuses, céntrico, centros comerciales, centros médicos, colegios, metro, garaje incluido (p.s1, u.5), parking incluido Pomoción de dos locales comerciales y plaza de garaje en Madrid, cerca de la glorieta de cuatro caminos ~local de de 170 metros~plaza de garaje de 23 .",Cuatro Caminos,Madrid > Cuatro Caminos > Venta,"Calle de los Artistas, Cuatro Caminos, Madrid","Calle de los Artistas, Cuatro Caminos, Madrid, España",ok,nominatim,street_approx,"Calle de los Artistas, Cuatro Caminos, Tetuán, Madrid, Comunidad de Madrid, 28003, España",40.4473752,-3.70148,8a390cb19d6ffff,10.0,6025.0,6.0,Tetuán,62.0,Cuatro Caminos,2025-01-31T17:34:52+0000,2025-01-31T17:34:52+0000,ok
locales.es,madrid,venta,9,83842,venta:83842,https://www.locales.es/madrid/venta/local83842#offerType=1&estateType=3&settlement=6773,https://www.locales.es/madrid/contactar/propietario/83842,"Local comercial en Venta en Calle de Antonio López, Moscardó, Madrid",,,local_comercial,De inmobiliaria,1700000.0,3761.1,452.0,,,"Local de 452m², planta baja de 185,85m² y sótano de 221,15m², actualmente alquilado con buena rentabilidad.",,,,"Calle de Antonio López, Moscardó, Madrid","Calle de Antonio López, Moscardó, Madrid, España",ok,nominatim,street_approx,"Calle de Antonio López, Moscardó, Usera, Madrid, Comunidad de Madrid, 28026, España",40.3911679,-3.7029893,8a390ca34647fff,10.0,12059.0,12.0,Usera,125.0,Moscardó,,,card_only_geocoded
locales.es,madrid,venta,9,83843,venta:83843,https://www.locales.es/madrid/venta/local83843#offerType=1&estateType=3&settlement=6773,https://www.locales.es/madrid/contactar/propietario/83843,"Local comercial en Venta en Calle de Segovia, Imperial, Madrid",,,local_comercial,De inmobiliaria,1850000.0,3351.4,552.0,,Patio | Almacén | Escaparate | Situado a pie de calle,"Amplio local en buen estado, con patio y buenas comunicaciones en zona turística y transitada.",,,,"Calle de Segovia, Imperial, Madrid","Calle de Segovia, Imperial, Madrid, España",ok,nominatim,street_approx,"Calle de Segovia, Imperial, Arganzuela, Madrid, Comunidad de Madrid, 28005, España",40.4137536,-3.7175485,8a390cb1a2e7fff,10.0,2001.0,2.0,Arganzuela,21.0,Imperial,,,card_only_geocoded
locales.es,madrid,venta,9,85236,venta:85236,https://www.locales.es/madrid/venta/local85236#offerType=1&estateType=3&settlement=6773,https://www.locales.es/madrid/contactar/propietario/85236,"Local comercial en Venta en Avenida de las Palomeras, Palomeras Bajas, Madrid","Local comercial en venta con 235m² en Madrid, en la zona de Palomeras Bajas, Avenida de las Palomeras",Local comercial,local_comercial,De inmobiliaria,279999.0,1191.5,235.0,2.0,Persiana metálica | Sistemas de Seguridad | Aire acondicionado | Almacén | +2,"Espacio de 235m², con instalaciones renovadas, posible entreplanta y alta visibilidad en Avenida de Palomeras.","96. ** EN PROCESO DE NEGOCIACIÓN **¡Atención emprendedores y visionarios! Presentamos una oportunidad única en la vibrante Avenida de Palomeras, corazón palpitante de Vallecas. Este local comercial, con una ubicación estratégica y máxima afluencia de transeúntes, es el espacio ideal para hacer realidad tus sueños empresariales. Con 80 m² en planta de calle y un sótano de igual tamaño, ofrece un espacio diáfano con instalaciones renovadas, listo para adaptarse a tus necesidades. Además, cuenta con la posibilidad de crear una entreplanta superior con terraza, ampliando aún más sus posibilidades.La amplia fachada de 14 metros lineales con cierre automático por persiana motorizada asegura visibilidad y seguridad. Este local, que ha sido el hogar de un negocio consolidado desde 1969, está disponible por cese de actividad debido a razones de salud. Con 235 m² construidos distribuidos en tres plantas, cuatro estancias y dos baños, el espacio es versátil y puede transformarse incluso en vivienda.La conexión directa a la Avda. de la Albufera, M30/M40 y la Asamblea de Madrid garantiza una excelente accesibilidad. Equipado con calefacción, aire acondicionado y sistemas de alarma, este local es una joya lista para ser descubierta. No pierdas la oportunidad de establecer tu negocio en una de las vías más neurálgicas de Madrid. ** ABIERTO PLAZO DE PRESENTACIÓN DE OFERTAS **¡Contáctanos para más información y visita!.",Palomeras Bajas,Madrid > Palomeras Bajas > Venta,"Avenida de las Palomeras, Palomeras Bajas, Madrid","Palomeras Bajas, Madrid, España",ok,nominatim,zone_approx,"Palomeras Bajas, Puente de Vallecas, Madrid, Comunidad de Madrid, 28018, España",40.3853367,-3.6579829,,,,,,,,2025-02-01T20:32:40+0000,2025-02-01T20:32:40+0000,ok
locales.es,madrid,venta,9,86459,venta:86459,https://www.locales.es/madrid/venta/local86459#offerType=1&estateType=3&settlement=6773,https://www.locales.es/madrid/contactar/propietario/86459,"Local comercial en Venta en Calle de San Romualdo, Simancas, Madrid","Local comercial en venta con 319m² en Madrid, en la zona de Simancas, Calle de San Romualdo",Local comercial,local_comercial,De inmobiliaria,550000.0,1724.1,319.0,2.0,Sistemas de Seguridad | Montacargas | Ascensor | Salida de humos | +1,"Espacio luminoso en 4ª planta con vigilancia 24h, ideal para negocios y bien comunicado por transporte público.","1506/1005. REF. 1506/1005. LOCAL o NAVE Industrial situado dentro del polígono Juan Camarillo en el Edificio Astygi, una referencia en la zona por su modernidad y excelentes servicios incluyendo cafetería-restaurante en la séptima planta.Situado en la cuarta planta de siete, dispone de amplios ventanales con vistas despejadas lo que hace que el local sea muy luminoso, también dispone de salida de humos.El local o nave es perfecto para cualquier tipo de negocio, oficinas, academias o centros educativos, espacios de Coworking, estudios de diseño, arquitectura, publicidad....El edificio dispone de servicio de vigilancia las 24 horas del día, los 7 días de la semana, garantizando la seguridad de sus instalaciones,ascensores y montacargas, facilitando el transporte de mercancías y personas entre las diferentes plantas.Bien situado a pocos pasos de la Calle Alcalá, muy bien comunicado por transporte publico autobuses líneas 28, 105 y 153, y por metro Suanzes L-5, a diez minutos andando.El local dispone de plaza de aparcamiento en la cuarta planta y salida de emergencia..",Simancas,Madrid > Simancas > Venta,"Calle de San Romualdo, Simancas, Madrid","Calle de San Romualdo, Simancas, Madrid, España",ok,nominatim,street_approx,"Calle de San Romualdo, Polígono Industrial Julián Camarillo, Simancas, San Blas - Canillejas, Madrid, Comunidad de Madrid, 28037, España",40.4394138,-3.6221906,8a390ca2181ffff,10.0,20125.0,20.0,San Blas - Canillejas,201.0,Simancas,2025-02-01T20:35:14+0000,2025-02-01T20:35:14+0000,ok
locales.es,madrid,venta,9,86749,venta:86749,https://www.locales.es/madrid/venta/local86749#offerType=1&estateType=3&settlement=6773,https://www.locales.es/madrid/contactar/propietario/86749,"Local comercial en Venta en Calle de Vicente Muzas, Colina, Madrid",,,local_comercial,De inmobiliaria,1580000.0,1215.4,1300.0,4.0,Sistemas de Seguridad | Escaparate | Acceso de carga y descarga | Alta visibilidad | +2,"Conjunto de 2 locales en planta baja y sótano, alquilados con contrato a largo plazo, en zona privilegiada.",,,,"Calle de Vicente Muzas, Colina, Madrid","Calle de Vicente Muzas, Colina, Madrid, España",not_found,nominatim,,,,,,,,,,,,,,card_only
locales.es,madrid,venta,9,87030,venta:87030,https://www.locales.es/madrid/venta/local87030#offerType=1&estateType=3&settlement=6773,https://www.locales.es/madrid/contactar/propietario/87030,"Local comercial en Venta en Calle de Ponferrada, El Pilar, Madrid","Local comercial en venta con 62m² en Madrid, en la zona de El Pilar, Calle de Ponferrada",Local comercial,local_comercial,De inmobiliaria,129900.0,2095.2,62.0,1.0,Video vigilancia,"Local de 50 m² en dos plantas, con licencia de oficina, cerca del metro Peñagrande y Centro Comercial La Vaguada.","Sergio_localBaeza. Local en Alquiler en el Barrio del Pilar, Madrid. ¡Oportunidad única para tu negocio! Local situado en el prestigioso Barrio del Pilar, con una ubicación estratégica y excelentes características que lo convierten en una opción ideal para oficinas o actividades profesionales. Características principales: Dimensiones: 50 m² útiles, distribuidos en dos plantas (25 m² en planta baja y 25 m² en planta superior). Licencia: Ambas plantas están completamente legalizadas y cuentan con licencia oficial como oficina. Estado: Totalmente reformado, a estrenar, nunca ha sido ocupado. Ubicación privilegiada: Muy cerca del metro Peñagrande (Línea 7) y al lado del Centro Comercial La Vaguada, con todos los servicios necesarios a tu alcance. Un espacio funcional y moderno en una zona de gran afluencia y con excelente conexión a transporte público, ideal para desarrollar tu actividad profesional. Para más información contactar al WhatsApp.",El Pilar,Madrid > El Pilar > Venta,"Calle de Ponferrada, El Pilar, Madrid","Calle de Ponferrada, El Pilar, Madrid, España",ok,nominatim,street_approx,"Calle de Ponferrada, Pilar, Fuencarral-El Pardo, Madrid, Comunidad de Madrid, 28029, España",40.4752045,-3.7122823,8a390cb0e5affff,10.0,8068.0,8.0,Fuencarral - El Pardo,84.0,Pilar,2025-02-01T20:36:23+0000,2025-02-01T20:36:23+0000,ok
locales.es,madrid,venta,10,52170,venta:52170,https://www.locales.es/madrid/venta/local52170#offerType=1&estateType=3&settlement=6773,https://www.locales.es/madrid/contactar/propietario/52170,"Local comercial en Venta en calle de clara del rey, Prosperidad, Madrid","Local comercial en venta con 1195m² en Madrid, en la zona de Prosperidad, calle de clara del rey, 28002",Local comercial,local_comercial,De inmobiliaria,1445000.0,1209.2,1195.0,3.0,Patio | Recepción | Aire acondicionado | Almacén | +2,"Local de 1.195 m2 con 13 despachos, sala VIP, almacenes, climatización. Ideal para oficinas. Excelente ubicación.","BABI-00130. Investment Group10 vende estupendo local de 1.195 m2 formado por 5 unidades registrales de oficinas en planta baja y sótano. Las 5 unidades tienen forma similar y están iluminadas en sus lados longitudinales a patio interior. Actualmente están conectadas física y funcionalmente, e interconectadas por escaleras y ascensor. Distribución: 13 despachos, 3 baños, 4 almacenes, 1 sala de formación, 1 cocina, 1 sala VIP y zona de recepción. El cuerpo principal de la planta de distribución está unido a la entrada del residencial de Clara del Rey 52 por un ascensor y escaleras interiores. Perfecto estado de uso, totalmente operativo. El local dota de una altura libre de 2,56m2, falso techo, climatización, 2 salidas de emergencia y una fachada de 3m2, dispone de oficinas con luz natural desde la planta semisótano hasta la primera planta. Anteriormente funcionaba como centro médico privado. Los inmuebles están situados en el distrito de Chamartín, el entorno urbano está consolidado con usos residenciales y terciarios. La zona está bien comunicada con el centro de la ciudad y con la M-30.Si necesita mas información no dude en llamarnos al: 617.60. 27.81 // 825.93. 36.75 ¡ESTAREMOS ENCANTADOS DE ATENDERL@S! (También atendemos vía WhatsApp)..",Prosperidad,Madrid > Prosperidad > Venta,"calle de clara del rey, Prosperidad, Madrid","calle de clara del rey, Prosperidad, Madrid, España",ok,nominatim,street_approx,"Calle de Clara del Rey, Prosperidad, Chamartín, Madrid, Comunidad de Madrid, 28002, España",40.4477843,-3.6676303,8a390ca2411ffff,10.0,5022.0,5.0,Chamartín,52.0,Prosperidad,2024-11-13T17:25:25+0000,2025-02-10T17:05:54+0000,ok
locales.es,madrid,venta,10,52206,venta:52206,https://www.locales.es/madrid/venta/local52206#offerType=1&estateType=3&settlement=6773,https://www.locales.es/madrid/contactar/propietario/52206,"Local comercial en Venta en calle de arturo soria, San Juan Bautista, Madrid","Local comercial en venta con 209m² en Madrid, en la zona de San Juan Bautista, calle de arturo soria, 28033",Local comercial,local_comercial,De inmobiliaria,290000.0,1387.6,209.0,3.0,Escaparate | Situado a pie de calle | Luminoso,"Local de 209m² cerca de Pinar de Chamartín, distribuido en tres niveles y con gran luminosidad. A reformar.","60442364. MUNDHOGAR CONSULTING ofrece fantástico local de 209 m² en Arturo Soria, a 2 minutos andando de la estación de tren de Pinar de Chamartín. Situado a pie de calle en zona residencial; se distribuye en planta baja, alta y sótano, a las que se acceden a través de unas escaleras. A reformar, consta de 3 estancias y 3 aseos independientes.Fachada amplia y escaparate con grandes ventanales que aportan gran luminosidad al local.Inmejorable oportunidad de negocio.¡MEJOR VER!Mundhogar Consulting.Tu lugar en el mundo..",San Juan Bautista,Madrid > San Juan Bautista > Venta,"calle de arturo soria, San Juan Bautista, Madrid","calle de arturo soria, San Juan Bautista, Madrid, España",ok,nominatim,street_approx,"Calle de Arturo Soria, San Juan Bautista, Ciudad Lineal, Madrid, Comunidad de Madrid, 28043, España",40.4534258,-3.654426,8a390ca24a47fff,10.0,15151.0,15.0,Ciudad Lineal,156.0,San Juan Bautista,2024-11-13T17:25:30+0000,2025-02-10T17:05:54+0000,ok
locales.es,madrid,venta,10,52207,venta:52207,https://www.locales.es/madrid/venta/local52207#offerType=1&estateType=3&settlement=6773,https://www.locales.es/madrid/contactar/propietario/52207,"Local comercial en Venta en calle de antonio ponz, Pueblo Nuevo, Madrid","Local comercial en venta con 180m² en Madrid, en la zona de Pueblo Nuevo, calle de antonio ponz, 28017",Local comercial,local_comercial,De inmobiliaria,110400.0,613.3,180.0,2.0,Escaparate | Situado a pie de calle | Luminoso,"Local exterior, luminoso, con planta baja y sótano, entre metro Ascao y Elipa.","ANTONIOPONZ. MUNDHOGAR CONSULTING ofrece este fantástico local de banco de 180 m², a reformar, situado en el distrito de Pueblo Nuevo, entre las estaciones de metro de Ascao (linea 7) y la Elipa (linea 2).Local exterior, a pie de calle y muy luminoso, con amplios ventanales.Consta de planta baja y sótano, al que se accede a través de unas escaleras; también cuenta con dos aseos independientes.Se ubica en zona residencial con gran oportunidad de negocio.¡¡¡ MEJOR VER !!!Mundhogar ConsultingTu lugar en el mundo.",Pueblo Nuevo,Madrid > Pueblo Nuevo > Venta,"calle de antonio ponz, Pueblo Nuevo, Madrid","calle de antonio ponz, Pueblo Nuevo, Madrid, España",ok,nominatim,street_approx,"Calle de Antonio Ponz, Pueblo Nuevo, Ciudad Lineal, Madrid, Comunidad de Madrid, 28017, España",40.428268,-3.6439446,8a390ca20057fff,10.0,15053.0,15.0,Ciudad Lineal,152.0,Pueblo Nuevo,2024-11-13T17:25:30+0000,2025-02-10T17:05:54+0000,ok
locales.es,madrid,venta,10,52260,venta:52260,https://www.locales.es/madrid/venta/local52260#offerType=1&estateType=3&settlement=6773,https://www.locales.es/madrid/contactar/propietario/52260,"Local comercial en Venta en calle de bailén, Palacio, Madrid","Local comercial en venta con 112m² en Madrid, en la zona de Palacio, calle de bailén, 28005",Local comercial,local_comercial,De inmobiliaria,465000.0,4151.8,112.0,2.0,Buen acceso | Alta visibilidad,"Local en venta, bien comunicado. Ideal inversión.","SBRE-0180909. Investment Group10 vende local comercial ubicado en la localidad de Madrid, provincia de Madrid. Dispone de buenos accesos y está bien comunicada. Oportunidad única de adquirir este local comercial en una de las mejores zonas de Madrid. Aprovecha las múltiples posibilidades de distribución, adecuación y reforma para configurar tu nuevo negocio en el local que te ofrecemos. Además, por su gran tránsito comercial, visibilidad desde la vía pública y cómodos accesos, lo convierten en perfecto e inigualable en la zona. Se trata de un local en estado de reforma iniciada, repartido en dos plantas, las cuales se comunican por escalera interior. Tiene muchísimas posibilidades debido a su distribución y espacio. Es muy amplio y lo mejor de todo, su ubicación. Se encuentra en el distrito de Centro. Se pueden encontrar en los alrededores: el Palacio Real de Madrid, la Catedral de la Almudena y múltiples puntos de interés. Su situación ofrece conexiones con otras calles y avenidas clave de la ciudad. También cuenta con estaciones de metro cercanas, como la estación de Ópera y la estación de Santo Domingo, lo que facilita el acceso en transporte público. Por lo tanto, el local comercial tiene cercanos todos los servicios, equipamientos y atractivos necesarios para una gran afluencia de clientes. Empieza ya tu idea de emprendimiento. No lo dudes, invertir en el local que te ofrecemos será una apuesta segura.Si necesita mas información no dude en llamarnos al: 617.60. 27.81 // 825.93. 36.75 ¡ESTAREMOS ENCANTADOS DE ATENDERL@S! (También atendemos vía WhatsApp)..",Palacio,Madrid > Palacio > Venta,"calle de bailén, Palacio, Madrid","calle de bailén, Palacio, Madrid, España",ok,nominatim,unknown,"Senado de España, 3, Calle de Bailén, Palacio, Centro, Madrid, Comunidad de Madrid, 28071, España",40.4211638,-3.7117889,,,,,,,,2024-11-13T17:25:36+0000,2025-02-10T17:05:53+0000,ok
locales.es,madrid,venta,10,52308,venta:52308,https://www.locales.es/madrid/venta/local52308#offerType=1&estateType=3&settlement=6773,https://www.locales.es/madrid/contactar/propietario/52308,"Local comercial en Venta en calle Ángel puech, Valdeacederas, Madrid","Local comercial en venta con 50m² en Madrid, en la zona de Valdeacederas, calle Ángel puech, 28039",Local comercial,local_comercial,De inmobiliaria,130000.0,2600.0,50.0,1.0,Aire acondicionado | Situado a pie de calle,"Local a pie de calle de 55m², con opción de convertir a vivienda. Zona bien comunicada.","LocalAngelPuech. MUNDHOGAR CONSULTING. ofrece este magnífico local con posibilidad de CAMBIO DE USO a vivienda con una pequeña reforma.IMPORTANTE: El local se encuentra en perfecto estado, así que con una pequeña inversión en accesos, cocina y distribución puedes hacer un apartamento al que se sacará GRAN RENTABILIDAD.Es un local situado a pie de calle con superficie de 55 m² y una altura de techos de 3m. Fachada de 6m. Perfecto también para tu negocio u oficina gracias a su estado y proximidad a Marques de Viana.Zona con todos los servicios, muy próximo a zonas verdes, colegios, autobuses y metro.¡Contacta!Mundhogar ConsultingTu lugar en el mundo.",Valdeacederas,Madrid > Valdeacederas > Venta,"calle Ángel puech, Valdeacederas, Madrid","calle Ángel puech, Valdeacederas, Madrid, España",ok,nominatim,street_approx,"Calle de Ángel Puech, Valdeacederas, Tetuán, Madrid, Comunidad de Madrid, 28039, España",40.4635635,-3.7033392,8a390cb1dac7fff,10.0,6104.0,6.0,Tetuán,65.0,Valdeacederas,2024-11-13T17:25:43+0000,2025-02-10T17:05:53+0000,ok
locales.es,madrid,venta,10,52316,venta:52316,https://www.locales.es/madrid/venta/local52316#offerType=1&estateType=3&settlement=6773,https://www.locales.es/madrid/contactar/propietario/52316,"Local comercial en Venta en calle de alcalá, Sol, Madrid","Local comercial en venta con 633m² en Madrid, en la zona de Sol, calle de alcalá, 28027",Local comercial,local_comercial,De inmobiliaria,3100000.0,4897.3,633.0,4.0,,"Local de 633 m² ubicado junto al metro, perfecto para inversión en una zona estratégica.","UCJ-LT41295945. LOCAL COMPUESTO POR DOS FINCAS REGISTRALESInvestment Group10 vende local en Calle de Alcalá, provincia de Madrid. Es un local que tiene 633 m2, y se ubica en el Barrio de Quintana, junto al metro.Si necesita mas información no dude en llamarnos al: 617.60. 27.81 // 825.93. 36.75 ¡ESTAREMOS ENCANTADOS DE ATENDERL@S! (También atendemos vía WhatsApp)..",Sol,Madrid > Sol > Venta,"calle de alcalá, Sol, Madrid","calle de alcalá, Sol, Madrid, España",ok,nominatim,street_approx,"Calle de Alcalá, Sol, Centro, Madrid, Comunidad de Madrid, 28014, España",40.4174641,-3.7008369,8a390cb1b0d7fff,10.0,1119.0,1.0,Centro,16.0,Sol,2024-11-13T17:25:44+0000,2025-02-10T17:05:52+0000,ok
locales.es,madrid,venta,10,52393,venta:52393,https://www.locales.es/madrid/venta/local52393#offerType=1&estateType=3&settlement=6773,https://www.locales.es/madrid/contactar/propietario/52393,"Local comercial en Venta en calle Ángel puech, Valdeacederas, Madrid","Local comercial en venta con 208m² en Madrid, en la zona de Valdeacederas, calle Ángel puech, 28039",Local comercial,local_comercial,De inmobiliaria,370000.0,1778.8,208.0,1.0,Patio | Aire acondicionado,"Local en Valdeacederas, 208m², posibilidad de cambio a vivienda con patio, ideal para inversores.","ANGELPUECH2. MUNDHOGAR CONSULTING ofrece en exclusiva este magnífico local comercial en el barrio de Valdeacederas. ATENCIÓN INVERSORES: Perfecto para CAMBIO DE USO A VIVIENDA, con superficie para segregar en tres fincas con patrio independiente cada una de ellas. Con una repercusión de 600.000 a 900.000€. GRAN OPORTUNIDAD.Si quieres rentarlo, estamos hablando de una rentabilidad por encima de un 6% NETA.Perfecto también para cualquier tipo de uso de parking gracias a su acceso de carruajes y su inmejorable ubicación, muy céntrico, próximo a castellana.También se puede realizar un co-living o co-working, con una de las rentabilidades más destacadas de la capital.¡Mejor ver!MUNDHOGAR CONSULTINGTu lugar en el mundo.",Valdeacederas,Madrid > Valdeacederas > Venta,"calle Ángel puech, Valdeacederas, Madrid","calle Ángel puech, Valdeacederas, Madrid, España",ok,nominatim,street_approx,"Calle de Ángel Puech, Valdeacederas, Tetuán, Madrid, Comunidad de Madrid, 28039, España",40.4635635,-3.7033392,8a390cb1dac7fff,10.0,6104.0,6.0,Tetuán,65.0,Valdeacederas,2024-11-13T17:25:54+0000,2025-02-10T17:05:52+0000,ok
locales.es,madrid,venta,10,52396,venta:52396,https://www.locales.es/madrid/venta/local52396#offerType=1&estateType=3&settlement=6773,https://www.locales.es/madrid/contactar/propietario/52396,"Local comercial en Venta en calle de saavedra fajardo, Puerta del Ángel, Madrid","Local comercial en venta con 362m² en Madrid, en la zona de Puerta del Ángel, calle de saavedra fajardo, 28011",Local comercial,local_comercial,De inmobiliaria,607000.0,1676.8,362.0,2.0,Buen acceso | Situado a pie de calle,Ubicado en un edificio con acceso a transporte y servicios en Madrid.,"EIB-6965849. Investment Group10 vende local comercial en esquina ubicado en la planta baja de un edificio de cinco alturas sobre rasante. Se encuentra situado en el barrio Puerta del Ángel, en la ciudad de Madrid.Edificio residencial en manzana cerrada de cinco alturas sobre rasante, de las cuales la planta baja está destinada a locales comerciales y acceso, y las cuatro restantes a viviendas. Su año de construcción es 1970 y se encuentra ubicado en el barrio de Puerta del Ángel, junto al Paseo de Extremadura y al Puente de Segovia.Zona con fácil acceso por carretera M-30 y A-5. Además, disponen de varias líneas de autobús y estación de metro Puerta del Ángel (L6). Cuenta con un alto nivel en servicios e infraestructuras tales como salas de cine (Príncipe Pío), centros comerciales (C.C. Príncipe Pío), (CEIP Francisco de Goya, IES El Lago), centros sanitarios (Centro de Salud de Puerta de Ángel) y gran variedad en comercios y restauración.Si necesita mas información no dude en llamarnos al: 617.60. 27.81 // 825.93. 36.75 ¡ESTAREMOS ENCANTADOS DE ATENDERL@S! (También atendemos vía WhatsApp)..",Puerta del Ángel,Madrid > Puerta del Ángel > Venta,"calle de saavedra fajardo, Puerta del Ángel, Madrid","calle de saavedra fajardo, Puerta del Ángel, Madrid, España",ok,nominatim,street_approx,"Calle de Saavedra Fajardo, Puerta del Ángel, Latina, Madrid, Comunidad de Madrid, 28008, España",40.415062,-3.7248898,8a390cb1a3b7fff,10.0,10017.0,10.0,Latina,102.0,Puerta del Ángel,2024-11-13T17:25:55+0000,2025-02-10T17:05:51+0000,ok
locales.es,madrid,venta,10,52559,venta:52559,https://www.locales.es/madrid/venta/local52559#offerType=1&estateType=3&settlement=6773,https://www.locales.es/madrid/contactar/propietario/52559,"Local comercial en Venta en Calle de Castelló, Castellana, Madrid","Local comercial en venta con 270m² en Madrid, en la zona de Castellana, Calle de Castelló",Local comercial,local_comercial,De inmobiliaria,995000.0,3685.2,270.0,2.0,Aire acondicionado | Escaparate | Puerta de seguridad | Situado a pie de calle,"Local en venta orientado a inversores, ubicado en zona de alto tráfico, reformado y con alquiler actual.","446. Nik Inversión y Gestión ofrece en venta este activo en rentabilidad, local de 240 metros útiles, distribuido en 2 plantas y distintas estancias, zona prime.El local se encuentra en la calle Castello esquina Maria de Molina en el distrito de Salamanca a 5 minutos andando de la estación de Metro de Avenida de América.Dispone de 184 metros cuadrados en planta calle + 56 metros útiles en su planta sótano con acceso desde local y portal, además dispone de un acceso privado desde el portal, el cual se podría dar uso acceso de empleados por ejemplo.Escaparate de 8 metros lineales a la calle luminoso y en una zona con gran tráfico de clientes debido a su excelente ubicación.Dispone de aire frío calor centralizado en todas las estancias, suelos de tarima, puertas de seguridad, muy luminoso, en una zona con gran tráfico de clientes y con parking público en el edificio de enfrente.No tiene salida de humos, esta preparado para cualquier tipo de negocio, actualmente está explotado por un centro de fitness de gran prestigio y pagan una renta de 4.000€ mensuales.Se encuentra totalmente reformado, lo cual incrementa su valor, una gran oportunidad para realizar una buena inversión, dado que son 2 fincas registrales, lo cual a futuro se podría dividir, y alquilar o vender individualmente, lo cual mejoraría notablemente la rentabilidad de la operación.Con unos gastos de IBI anual de 2430€ las 2 fincas y los gastos de comunidad por importe de 158€ y 69€, total 227€Para una información más detallada y/o visitas no dude en contactar con NIK INVERSIÓN Y GESTIÓN.Estaremos encantados de atenderle y asesorarle en todo lo necesario..",Castellana,Madrid > Castellana > Venta,"Calle de Castelló, Castellana, Madrid","Calle de Castelló, Castellana, Madrid, España",ok,nominatim,street_approx,"Calle de Castelló, Castellana, Salamanca, Madrid, Comunidad de Madrid, 28006, España",40.4331201,-3.6808697,8a390ca269affff,10.0,4120.0,4.0,Salamanca,46.0,Castellana,2024-11-13T17:26:17+0000,2024-11-13T17:26:17+0000,ok
locales.es,madrid,venta,10,52796,venta:52796,https://www.locales.es/madrid/venta/local52796#offerType=1&estateType=3&settlement=6773,https://www.locales.es/madrid/contactar/propietario/52796,"Local comercial en Venta en calle de carlos rubio, Bellas Vistas, Madrid","Local comercial en venta con 123m² en Madrid, en la zona de Bellas Vistas, calle de carlos rubio, 28039",Local comercial,local_comercial,De inmobiliaria,141000.0,1146.3,123.0,,Escaparate,Local a reformar con amplia planta baja y salas. Excelente ubicación y comunicación.,"60599978. MUNDHOGAR CONSULTING ofrece este local de banco a reformar distribuido en: una amplia planta baja con escaparate y con varias salas independientes.Se ubica en muy buena zona, con muchos comercios cercanos y bien comunicado tanto en transporte público como privado.Perfecto para poner gran variedad de negocios una vez reformado¡MEJOR VER!MUNDHOGAR CONSULTING.Tu lugar en el mundo..",Bellas Vistas,Madrid > Bellas Vistas > Venta,"calle de carlos rubio, Bellas Vistas, Madrid","calle de carlos rubio, Bellas Vistas, Madrid, España",ok,nominatim,street_approx,"Calle de Carlos Rubio, Bellas Vistas, Tetuán, Madrid, Comunidad de Madrid, 28039, España",40.4500314,-3.7064214,8a390cb1d6e7fff,10.0,6002.0,6.0,Tetuán,61.0,Bellas Vistas,2024-11-13T17:26:48+0000,2025-02-10T17:05:48+0000,ok
locales.es,madrid,venta,10,53161,venta:53161,https://www.locales.es/madrid/venta/local53161#offerType=1&estateType=3&settlement=6773,https://www.locales.es/madrid/contactar/propietario/53161,"Local comercial en Venta en calle de isabel clara eugenia, Valdefuentes, Madrid","Local comercial en venta con 79m² en Madrid, en la zona de Valdefuentes, calle de isabel clara eugenia, 28050",Local comercial,local_comercial,De inmobiliaria,365000.0,4620.3,79.0,1.0,Aire acondicionado | Almacén | Terraza cerrada,"Local comercial de 79m² con obrador, terraza acristalada y buena ubicación cerca de colegios y comercios.","TNC/22/L203. ¿Estás buscando un local con negocio rentable?? Nosotros lo tenemos, TU NUEVA CASA vende local con actividad de pastelería en la Calle de Isabel Clara Eugenia en la zona de Sanchinarro (Madrid).Es un local construido en el año 2008, consta de 79 m2 de los cuales 54m2 están en la primera planta, distribuido en espacio para despacho de pan, pastelería y bollería, zona de obrador y baño. La planta sótano tiene 25m2, lo que permite ampliar la capacidad de almacenamiento de tu negocio.Los suelos son de tarima, ventanas y puerta de acceso al local de aluminio, aire acondicionado inverter en en interior y un pequeño almacén en la parte de abajo.En la parte exterior cuenta con una terraza acristalada de 22m2 en un espacio que pertenece a la misma comunidad de propietarios por lo que no tiene ningún coste adicional ni tasas de ayuntamiento.Está muy cercano al colegio CEU San Pablo, centro cultura Sanchinarro, supermercados y otro tipo de comercios lo que hace que tenga gran afluencia de personas.En la actualidad se encuentra alquilado.No lo dudes, ¡¡¡¡¡ Solicita una visita sin compromiso y ven a verlo!!!!LA CONFIANZA, TRANSPARENCIA Y SINCERIDAD, ES EL SECRETO DE UN BUEN TRABAJO. .",Valdefuentes,Madrid > Valdefuentes > Venta,"calle de isabel clara eugenia, Valdefuentes, Madrid","calle de isabel clara eugenia, Valdefuentes, Madrid, España",ok,nominatim,street_approx,"Calle de Isabel Clara Eugenia, Sanchinarro, Valdefuentes, Hortaleza, Madrid, Comunidad de Madrid, 28050, España",40.4919089,-3.6497907,8a390cb09107fff,10.0,16120.0,16.0,Hortaleza,166.0,Valdefuentes,2024-11-13T17:27:37+0000,2025-02-10T17:05:45+0000,ok
locales.es,madrid,venta,10,53228,venta:53228,https://www.locales.es/madrid/venta/local53228#offerType=1&estateType=3&settlement=6773,https://www.locales.es/madrid/contactar/propietario/53228,"Local comercial en Venta en camino viejo de leganés, Opañel, Madrid","Local comercial en venta con 214m² en Madrid, en la zona de Opañel, camino viejo de leganés, 28022",Local comercial,local_comercial,De inmobiliaria,261000.0,1219.6,214.0,2.0,Almacén,"Espacio ideal para negocios con sala diáfana, despacho y baños. Zona bien comunicada y con servicios.","EIB-7386573. VENTA CON RENTABILIDAD - INMUEBLE ALQUILADOInvestment Group10 vende local situado en la planta baja de un edificio residencial en el barrio Opañel en el municipio de Madrid.El local se distribuye en una gran sala diáfana, un almacén, un despacho independiente y dos baños. Ideal para ser utilizado como oficina bancaria o cualquier otro tipo de negocio.Situado en una zona comercial y cuenta alrededor con todo tipo de servicio, restaurantes, comercios, centros culturales, centro sanitario, centros deportivos y zonas verdes.Opañel tiene las siguientes estaciones de metro: Plaza Elíptica, situada en la avenida de Oporto. Opañel, en la calle Portalegre, por la cual pasan numerosas líneas de autobuses como las líneas 47, 247, 81, 55, etc. Y las estaciones de Urgel y Marqués de Vadillo, situadas en la calle General Ricardos. En la confluencia de la Avenida de Oporto con la calle General Ricardos se encuentra la Oporto.Se hace constar que todos los gastos generales, comunes y de servicios imputables al inmueble, que no sean susceptibles de individualización, serán de cuenta y cargo de la ARRENDATARIA. Estos gastos incluirán, en su caso, los gastos generales para el adecuado sostenimiento del inmueble y sus servicios (esto es, Gastos de Comunidad de Propietarios o entidad asimilada si la hubiera), tributos (incluyendo específicamente, pero sin carácter limitativo, el Impuesto sobre Bienes Inmuebles), la tasa de residuos urbanos de actividades (o de basuras) u otras, así como las cargas y responsabilidades que correspondan al inmueble.Si necesita mas información no dude en llamarnos al: 617.60. 27.81 // 825.93. 36.75 ¡ESTAREMOS ENCANTADOS DE ATENDERL@S! (También atendemos vía WhatsApp)..",Opañel,Madrid > Opañel > Venta,"camino viejo de leganés, Opañel, Madrid","camino viejo de leganés, Opañel, Madrid, España",ok,nominatim,unknown,"Camino Viejo Leganés-Valle de Oro, Calle del Camino Viejo de Leganés, Opañel, Carabanchel, Madrid, Comunidad de Madrid, 28019, España",40.3884011,-3.7269478,,,,,,,,2024-11-13T17:27:46+0000,2025-02-10T17:05:44+0000,ok
locales.es,madrid,venta,10,53298,venta:53298,https://www.locales.es/madrid/venta/local53298#offerType=1&estateType=3&settlement=6773,https://www.locales.es/madrid/contactar/propietario/53298,"Local comercial en Venta en Calle de la del Soto del Parral, Los Ángeles, Madrid",,,local_comercial,De inmobiliaria,124000.0,1907.7,65.0,3.0,Cocina completamente equipada | Almacén | Salida de humos | Alta visibilidad | +1,"Local de 65m², dos plantas, licencia de cafetería, orientación norte-sur, terraza autorizada.",,,,"Calle de la del Soto del Parral, Los Ángeles, Madrid","Calle de la del Soto del Parral, Los Ángeles, Madrid, España",ok,nominatim,street_approx,"Calle de La del Soto del Parral, Los Ángeles, Villaverde, Madrid, Comunidad de Madrid, 28041, España",40.357534,-3.6983659,8a390ca320c7fff,10.0,17083.0,17.0,Villaverde,175.0,Los Ángeles,,,card_only_geocoded
locales.es,madrid,venta,10,53347,venta:53347,https://www.locales.es/madrid/venta/local53347#offerType=1&estateType=3&settlement=6773,https://www.locales.es/madrid/contactar/propietario/53347,"Local comercial en Venta en calle de la ribera de curtidores, Embajadores, Madrid","Local comercial en venta con 434m² en Madrid, en la zona de Embajadores, calle de la ribera de curtidores, 28005",Local comercial,local_comercial,De inmobiliaria,791600.0,1824.0,434.0,,Escaparate | Luminoso,"Local de 434m², tres estancias, amplio escaparate, excelente ubicación transitada.","60693089. MUNDHOGAR CONSULTING ofrece este fantástico local comercial procedente de banco, ubicado cerca del emblemático Arco del Triunfo.Este local dispone de 434 m2 construidos, los cuales se convierten en 396m2 útiles distribuidos en las siguientes tres estancias:-ENTREPLANTA: la estancia más pequeña de todo el local, la cuál consta de 78.65 m2 construidos.- PLANTA BAJA : una estancia amplia de 131.48 m2 construidos- SÓTANO: la estancia más grande de todo el local que consta de 223.82 m2 construidosEl local se encuentra en muy buen estado, se trata de un antiguo banco.Escaparate amplio de cristal que aporta gran luminosidad y vistosidad desde el exterior.Se ubica en una zona inmejorable muy transitada, en una zona comercial.Muy bien comunicado, al lado de las estaciones de Acacias, Puerta de Toledo, Embajadores y Pirámides.Oportunidad inmejorable para poner gran variedad de negocios.¡¡¡ MEJOR VER !!!Mundhogar ConsultingTu lugar en el mundo..",Embajadores,Madrid > Embajadores > Venta,"calle de la ribera de curtidores, Embajadores, Madrid","Embajadores, Madrid, España",ok,nominatim,zone_approx,"Embajadores, Centro, Madrid, Comunidad de Madrid, España",40.4095856,-3.7029851,,,,,,,,2024-11-13T17:28:02+0000,2025-02-10T17:05:43+0000,ok
locales.es,madrid,venta,10,53586,venta:53586,https://www.locales.es/madrid/venta/local53586#offerType=1&estateType=3&settlement=6773,https://www.locales.es/madrid/contactar/propietario/53586,"Local comercial en Venta en Calle del Naranjo, Berruguete, Madrid",,,local_comercial,De inmobiliaria,310000.0,1409.1,220.0,2.0,Sistemas de Seguridad | Cocina completamente equipada | Aire acondicionado | Almacén | +2,"Local diáfano con 6 estancias, situado a pie de calle, ideal para inversores en una zona comercial activa.",,,,"Calle del Naranjo, Berruguete, Madrid","Calle del Naranjo, Berruguete, Madrid, España",ok,nominatim,street_approx,"Calle del Naranjo, Berruguete, Tetuán, Madrid, Comunidad de Madrid, 28039, España",40.46105,-3.7006119,8a390cb1d347fff,10.0,6109.0,6.0,Tetuan,6.0,Berruguete,,,card_only_geocoded
locales.es,madrid,venta,10,53650,venta:53650,https://www.locales.es/madrid/venta/local53650#offerType=1&estateType=3&settlement=6773,https://www.locales.es/madrid/contactar/propietario/53650,"Local comercial en Venta en Calle de San Dalmacio, Villaverde Alto, Madrid","Local comercial en venta con 321m² en Madrid, en la zona de Villaverde Alto, Calle de San Dalmacio",Local comercial,local_comercial,De inmobiliaria,234500.0,730.5,321.0,,,"Inmueble de una planta con accesibilidad y múltiples conexiones, cerca de hospitales y escuelas.","dalmacio. Local ubicado en Madrid. El inmueble se distribuye en una planta. En sus alrededores encontramos el Hospital de día Villaverde, escuelas, supermercados, bancos, bibliotecas, farmacias, oficinas de correos, centros deportivos, la estación de metro San Cristóbal y la estación de tren San Cristóbal de los Ángeles. El inmueble está situado a 20 minutos en coche del centro de Madrid. En términos de accesibilidad, la propiedad dispone de múltiples conexiones y cuenta con fácil acceso a Autovía del Sur. ¡No dejes escapar esta oportunidad única!.",Villaverde Alto,Madrid > Villaverde Alto > Venta,"Calle de San Dalmacio, Villaverde Alto, Madrid","Calle de San Dalmacio, Villaverde Alto, Madrid, España",ok,nominatim,street_approx,"Calle de San Dalmacio, Polígono Marconi, Villaverde Alto, Casco Histórico de Villaverde, Villaverde, Madrid, Comunidad de Madrid, 28021, España",40.3439269,-3.693065,8a390ca14c07fff,10.0,17106.0,17.0,Villaverde,171.0,"Villaverde alto, Casco Histórico de Villaverde",2024-11-13T17:28:44+0000,2024-11-13T17:28:44+0000,ok
locales.es,madrid,venta,10,53652,venta:53652,https://www.locales.es/madrid/venta/local53652#offerType=1&estateType=3&settlement=6773,https://www.locales.es/madrid/contactar/propietario/53652,"Local comercial en Venta en Calle de Alcocer, Los Ángeles, Madrid","Local comercial en venta con 60m² en Madrid, en la zona de Los Ángeles, Calle de Alcocer",Local comercial,local_comercial,De inmobiliaria,195300.0,3255.0,60.0,,Ascensor | Luminoso,"Venta de 3 locales de oficina con 60m², amplios ventanales y buenos accesos a tren, bus y metro.","alcocer. Conjunto de 3 locales para oficina a la venta en la calle Alcocer de Madrid capital (Madrid). Cuenta con amplios ventanales, falso techo e iluminación empotrada, suelos de tarima y luminosos despachos. El edificio dispone de 2 ascensores y aseos compartidos en cada planta. Se encuentra en el barrio de Los Ángeles, distrito de Villaverde, una zona con buenos accesos y buenas comunicaciones. Está a 100 metros de la estación de tren Puente Alcocer y cuenta con varias líneas de autobuses urbanos e interurbanos en la puerta. Está bien conectado también con la estación de metro de Villaverde Bajo-Cruce, con la avenida de Andalucía y las carreteras A-42, M-40, M-45 y A-4. Si necesitas más información, contacta con nosotros..",Los Ángeles,Madrid > Los Ángeles > Venta,"Calle de Alcocer, Los Ángeles, Madrid","Calle de Alcocer, Los Ángeles, Madrid, España",ok,nominatim,street_approx,"Calle de Alcocer, Los Ángeles, Villaverde, Madrid, Comunidad de Madrid, 28021, España",40.3493379,-3.6991504,8a390ca32687fff,10.0,17068.0,17.0,Villaverde,175.0,Los Ángeles,2024-11-13T17:28:44+0000,2024-11-13T17:28:44+0000,ok
locales.es,madrid,venta,10,53771,venta:53771,https://www.locales.es/madrid/venta/local53771#offerType=1&estateType=3&settlement=6773,https://www.locales.es/madrid/contactar/propietario/53771,"Local comercial en Venta en calle de francisco paíno, Abrantes, Madrid","Local comercial en venta con 412m² en Madrid, en la zona de Abrantes, calle de francisco paíno, 28025",Local comercial,local_comercial,De inmobiliaria,288000.0,699.0,412.0,2.0,Salida de humos,"Amplio local en planta baja con 3 estancias, salida de emergencia y humos. Bien comunicado, cerca de metro Abrantes.","60493914. MUNDHOGAR CONSULTING ofrece este fantástico local de propiedad bancaria con multitud de posibilidades.Amplio local situado junto al Camino Viejo de Leganés.Ocupa toda la planta baja del edificio, que según datos del catastro, tiene 412 m2 construidos de los cuales 403 son metros útiles.Consta de 3 estancias muy grandes con posibilidad de unirlas formando un único conjunto, además tiene salida de emergencia y salida de humos.De planta rectangular, restando el hueco del portal que da acceso a las viviendas de la finca, podría darse un buen uso para la construcción de trasteros.Ubicado en zona consolidada con todos los servicios: centros de enseñanza y formación, centros médicos, zona comercial..Bien comunicado, a 5 minutos del metro Abrantes (Línea 11) y a dos minutos de la vía principal Camino Viejo de Leganés por donde discurren varias líneas de autobuses de la EMT.Mundhogar ConsultingTu lugar en el mundo.",Abrantes,Madrid > Abrantes > Venta,"calle de francisco paíno, Abrantes, Madrid","calle de francisco paíno, Abrantes, Madrid, España",ok,nominatim,street_approx,"Calle de Francisco Paino, Abrantes, Carabanchel, Madrid, Comunidad de Madrid, 28025, España",40.3819072,-3.7287126,8a390ca36d4ffff,10.0,11170.0,11.0,Carabanchel,117.0,Abrantes,2024-11-13T17:29:00+0000,2025-02-10T17:05:38+0000,ok
locales.es,madrid,venta,10,53938,venta:53938,https://www.locales.es/madrid/venta/local53938#offerType=1&estateType=3&settlement=6773,https://www.locales.es/madrid/contactar/propietario/53938,"Local comercial en Venta en Calle de María Tubau, Valverde, Madrid","Local comercial en venta con 152m² en Madrid, en la zona de Valverde, Calle de María Tubau",Local comercial,local_comercial,De inmobiliaria,544900.0,3584.9,152.0,,Alta visibilidad,"Local en planta baja, cerca de transporte público y centros comerciales, actualmente arrendado.","00425076. Local en venta en Las Tablas - Sanchinarro - Hortaleza, Madrid Inmueble en rentabilidad: Este inmueble tiene vinculado a un contrato de arrendamiento y no puede ser visitado actualmente por estar ocupado por el arrendatario. ~ ~ Local comercial en la planta baja de un edificio situado en una zona residencial próximo a la carretera M-603, vía principal de acceso. ~ ~ Cerca de superficies comerciales, medios de transporte públicos y centros académicos.~ ~ Antigua oficina bancaria, su estupenda fachada lo hace perfectamente visible desde el exterior, zona con mucho paso tanto peatonal como por carretera. ~ ~ El Distrito de Hortaleza ocupa una extensión norte del municipio, en contacto con la Moraleja. Se trata de una zona históricamente rural, que urbanísticamente no comenzó a desarrollarse hasta la década de los 60 y 70, con diferentes planos encaminados a absorber unidades vecinales, y promover urbanizaciones de diferente nivel económico, dando como resultados una área desordenada con barrios de características diferentes. A partir de la década de los 90 los esfuerzos públicos se centraron en mejorar las infraestructuras de transporte. En está zona se encuentra la Ciudad Deportiva del Real Madrid.~ ~ Grupo GH Casas es una empresa dedicada a la intermediación inmobiliaria con más de 25 años de experiencia en el sector, dando un servicio profesional orientado a las necesidades de nuestros clientes, cubriendo cualquier gestión en las diferentes tipologías de inmuebles de obra nueva y segunda mano.~ ~ Nuestra particular forma de hacer las cosas nos han posicionado en un lugar privilegiado dentro del mercado inmobiliario, constituyéndose como una de las empresas del sector con mayor crecimiento de los últimos años.~ ~ Ampliando nuestros horizontes hemos podido ofrecer mayores y mejores soluciones, esta buena gestión nos ha permitido convertirnos en una de las empresas referentes del sector.~ ~ Especialistas en gestión de patrimonio, ofrecemos calidad y servicio profesional. Nuestra red comercial de profesionales pone a su disposición un amplio abanico de ofertas a la carta, siendo su preocupación constante satisfacer al cliente, consiguiendo atender de forma especializada tanto la demanda como la oferta de nuestro sector.~ ~ Miembros de API (Agentes de la propiedad inmobiliaria) y de AMADEI (Asociación de Empresas Inmobiliarias de Madrid) primera empresa en obtener el sello del código de Buenas Prácticas de la Comunidad de Madrid y el sello de calidad de Madrid Excelente.~.",Valverde,Madrid > Valverde > Venta,"Calle de María Tubau, Valverde, Madrid","Calle de María Tubau, Valverde, Madrid, España",ok,nominatim,street_approx,"Calle de María Tubau, Polígono Industrial Valverde, Valverde, Fuencarral, Fuencarral-El Pardo, Madrid, Comunidad de Madrid, 28050, España",40.5133536,-3.6736992,8a390cb0d99ffff,10.0,8174.0,8.0,Fuencarral - El Pardo,86.0,Valverde,2024-11-13T17:29:22+0000,2024-11-13T17:29:22+0000,ok
locales.es,madrid,venta,10,53952,venta:53952,https://www.locales.es/madrid/venta/local53952#offerType=1&estateType=3&settlement=6773,https://www.locales.es/madrid/contactar/propietario/53952,"Local comercial en Venta en Calle de Algaba, San Isidro, Madrid",,,local_comercial,De inmobiliaria,329900.0,1153.5,286.0,2.0,,Local polivalente con 2 baños y buena ubicación en el distrito de Carabanchel.,,,,"Calle de Algaba, San Isidro, Madrid","Calle de Algaba, San Isidro, Madrid, España",ok,nominatim,street_approx,"Calle de Algaba, San Isidro, Carabanchel, Madrid, Comunidad de Madrid, 28019, España",40.3926017,-3.7389308,8a390cba90f7fff,10.0,11069,11,Carabanchel,003,San Isidro,,,card_only_geocoded
locales.es,madrid,venta,10,53953,venta:53953,https://www.locales.es/madrid/venta/local53953#offerType=1&estateType=3&settlement=6773,https://www.locales.es/madrid/contactar/propietario/53953,"Local comercial en Venta en Calle de Nieremberg, Ciudad Jardín, Madrid",,,local_comercial,De inmobiliaria,535000.0,1461.7,366.0,2.0,Almacén,"Conjunto de dos locales en planta baja, acceso por calle Matilde Díez, ideal para uso profesional.",,,,"Calle de Nieremberg, Ciudad Jardín, Madrid","Calle de Nieremberg, Ciudad Jardín, Madrid, España",ok,nominatim,street_approx,"Calle de Nieremberg, Ciudad Jardín, Chamartín, Madrid, Comunidad de Madrid, 28002, España",40.4476456,-3.6718762,8a390ca24c47fff,10.0,5039.0,5.0,Chamartín,53.0,Ciudad Jardín,,,card_only_geocoded
locales.es,madrid,venta,10,54362,venta:54362,https://www.locales.es/madrid/venta/local54362#offerType=1&estateType=3&settlement=6773,https://www.locales.es/madrid/contactar/propietario/54362,"Local comercial en Venta en calle de isabel colbrand, Valverde, Madrid","Cafetería en venta con 143m² en Madrid, en la zona de Valverde, calle de isabel colbrand, 28050",Local comercial,local_comercial,De inmobiliaria,573500.0,4010.5,143.0,2.0,Aire acondicionado | Ascensor,"Local de 143 m², reformado, con contrato de arrendamiento y buena rentabilidad.","60692916. MUNDHOGAR CONSULTING ofrece este magnifico local ubicado en una zona muy comercial del barrio de Las Tablas.¡OPORTUNIDAD PARA INVERSORES! PRODUCTO DE INVERSION CON GRAN RENTABILIDADPRECIO NEGOCIABLE, CONTACTE CON NOSOTROS PARA MAS INFORMACIÓNInmueble en rentabilidad. DISPONEMOS CONTRATO DE ARRENDAMIENTO PARA VERIFICAR LA VERACIDAD.30.000€/anuales lo que hace con el precio de salida una rentabilidad del un 5,15%.Inmueble de 143 m2 distribuidos en una sola planta, recién reformado y convertido actualmente en un local de cafetería en las mañanas y sala de fiesta para after work.Área empresarial muy concurrida junto a las oficinas de MEDIASET.Acceso directo a la M30, y amplias zonas verdes cercanas.Mundhogar ConsultingTu lugar en el mundo.",Valverde,Madrid > Valverde > Venta,"calle de isabel colbrand, Valverde, Madrid","calle de isabel colbrand, Valverde, Madrid, España",ok,nominatim,street_approx,"Calle de Isabel Colbrand, Valverde, Fuencarral, Fuencarral-El Pardo, Madrid, Comunidad de Madrid, 28050, España",40.511451,-3.6750524,8a390cb0dd47fff,10.0,8174.0,8.0,Fuencarral - El Pardo,86.0,Valverde,2024-11-13T17:30:17+0000,2025-02-10T17:05:33+0000,ok
locales.es,madrid,venta,10,54532,venta:54532,https://www.locales.es/madrid/venta/local54532#offerType=1&estateType=3&settlement=6773,https://www.locales.es/madrid/contactar/propietario/54532,"Local comercial en Venta en Calle de La Rioja, Alameda de Osuna, Madrid","Restaurante en venta con 250m² en Madrid, en la zona de Alameda de Osuna, Calle de La Rioja",Local comercial,local_comercial,De inmobiliaria,1000000.0,4000.0,250.0,3.0,Terraza,"Espacio versátil de dos plantas, ideal para negocio. Incluye área diáfana y sótano con aseos y cubículos.","BAL36. 220 mts. distribuidos en dos plantas, ofreciendo una versatilidad excepcional para adaptarse a diversas necesidades comerciales. La planta principal, es un espacio diáfano que brinda una amplia área para exhibición o atención al público. La planta sótano es igualmente espaciosa y alberga tres aseos. ~Además, ofrece varios cubículos que pueden utilizarse para oficinas privadas, salas de reuniones o cualquier otra necesidad que pueda surgir. ÚLTIMA ACTIVIDAD, RESTAURANTE, ACTUALMENTE EL LOCAL ESTÁ VACÍO Ubicado en zona concurrida los siete días de la semana. SI QUIERES EMPEZAR TU PROPIO NEGOCIO O EXPANDIR TU NEGOCION YA EXISTENTE ~O ESTÁS BUSCANDO, UNA SUPERFICIE AMPLIA. ~NO DUDES EN SOLICITAR UNA VISITA. Precio negociable ~.",Alameda de Osuna,Madrid > Alameda de Osuna > Venta,"Calle de La Rioja, Alameda de Osuna, Madrid","Calle de La Rioja, Alameda de Osuna, Madrid, España",ok,nominatim,street_approx,"Calle de La Rioja, Alameda de Osuna, Barajas, Madrid, Comunidad de Madrid, 28042, España",40.4583661,-3.5869001,8a390cb531b7fff,10.0,21009.0,21.0,Barajas,211.0,Alameda de Osuna,2024-11-13T17:30:41+0000,2024-11-13T17:30:41+0000,ok
locales.es,madrid,venta,10,54700,venta:54700,https://www.locales.es/madrid/venta/local54700#offerType=1&estateType=3&settlement=6773,https://www.locales.es/madrid/contactar/propietario/54700,"Local comercial en Venta en Calle de Bravo Murillo, Vallehermoso, Madrid","Local comercial en venta con 2608m² en Madrid, en la zona de Vallehermoso, Calle de Bravo Murillo",Local comercial,local_comercial,De inmobiliaria,5200000.0,1993.9,2608.0,,Patio,"Local de 2608 m² en zona comercial activa, con contratos de arrendamiento a largo plazo y buena visibilidad.","Local. LOCAL EN RENTABILIDAD: Local en la zona Cuatro caminos. Una excelente ubicación en una de las vías más comerciales y transitadas de Madrid capital, zona con mucha actividad comercial todos los día del año, rodeado de comercios y todos los servicios. El activo se compone de dos edificios colindantes de varias plantas, Su acceso principal es por Bravo Murillo, a través de patio abierto cubierto. Mediante la planta baja sirve de segundo acceso al complejo. La parcela tiene una superficie de 1 286 m2 y una superficie construida de 2 648 m2. El edificio original es de 1958 habiéndose realizado una reforma en profundidad en el año 2013. Activo en rentabilidad. Perfecto estado de funcionamiento.~Contrato 2022 5 años obligado cumplimiento + 5 prorrogables anuales + IPC~Mejor ver. Yield 5 % aprox..",Vallehermoso,Madrid > Vallehermoso > Venta,"Calle de Bravo Murillo, Vallehermoso, Madrid","Calle de Bravo Murillo, Vallehermoso, Madrid, España",ok,nominatim,street_approx,"Calle de Bravo Murillo, Vallehermoso, Chamberí, Madrid, Comunidad de Madrid, 28003, España",40.4443116,-3.7040364,8a390cb19c27fff,10.0,7118.0,7.0,Chamberí,76.0,Vallehermoso,2024-11-13T17:31:03+0000,2024-11-13T17:31:03+0000,ok
locales.es,madrid,venta,10,55494,venta:55494,https://www.locales.es/madrid/venta/local55494#offerType=1&estateType=3&settlement=6773,https://www.locales.es/madrid/contactar/propietario/55494,"Local comercial en Venta en Calle de Granada, Pacífico, Madrid",,,local_comercial,De inmobiliaria,1800000.0,3040.5,592.0,3.0,Salida de humos | Situado a pie de calle,"Local de 592m² en distrito Retiro, acceso independiente, salida de humos, buena comunicación.",,,,"Calle de Granada, Pacífico, Madrid","Calle de Granada, Pacífico, Madrid, España",ok,nominatim,street_approx,"Calle de Granada, Pacífico, Retiro, Madrid, Comunidad de Madrid, 28007, España",40.403837,-3.6770926,8a390ca3504ffff,10.0,3014.0,3.0,Retiro,31.0,Pacífico,,,card_only_geocoded
locales.es,madrid,venta,10,55502,venta:55502,https://www.locales.es/madrid/venta/local55502#offerType=1&estateType=3&settlement=6773,https://www.locales.es/madrid/contactar/propietario/55502,"Local comercial en Venta en Camino de las Hormigueras, Casco Histórico de Vallecas, Madrid",,,local_comercial,De inmobiliaria,2250000.0,1448.8,1553.0,2.0,Patio | Aire acondicionado | Acceso de carga y descarga,"Nave industrial de 1553m², dos plantas, oficinas acondicionadas, y completa infraestructura.",,,,"Camino de las Hormigueras, Casco Histórico de Vallecas, Madrid","Camino de las Hormigueras, Casco Histórico de Vallecas, Madrid, España",ok,nominatim,street_approx,"Camino de las Hormigueras, Polígono Industrial Vallecas Sur, Casco Histórico de Vallecas, Villa de Vallecas, Madrid, Comunidad de Madrid, 28018, España",40.3733408,-3.647446,8a390ca068d7fff,10.0,18046.0,18.0,Villa de Vallecas,181.0,Casco Histórico de Vallecas,,,card_only_geocoded
locales.es,madrid,venta,10,55505,venta:55505,https://www.locales.es/madrid/venta/local55505#offerType=1&estateType=3&settlement=6773,https://www.locales.es/madrid/contactar/propietario/55505,"Local comercial en Venta en Calle de la Marroquina, Marroquina, Madrid",,,local_comercial,De inmobiliaria,799900.0,2423.9,330.0,3.0,Aire acondicionado | Almacén | Salida de humos | Barra | +1,"Local comercial de 330m² en zona concurrida, con terraza adaptable para verano e invierno, licencia sin tasas.",,,,"Calle de la Marroquina, Marroquina, Madrid","Calle de la Marroquina, Marroquina, Madrid, España",ok,nominatim,street_approx,"Calle de la Marroquina, Marroquina, Moratalaz, Madrid, Comunidad de Madrid, 28030, España",40.4074283,-3.6494573,8a390ca2204ffff,10.0,14025.0,14.0,Moratalaz,143.0,Marroquina,,,card_only_geocoded
locales.es,madrid,venta,10,55545,venta:55545,https://www.locales.es/madrid/venta/local55545#offerType=1&estateType=3&settlement=6773,https://www.locales.es/madrid/contactar/propietario/55545,"Local comercial en Venta en calle del chimbo, Abrantes, Madrid","Taller en venta con 158m² en Madrid, en la zona de Abrantes, calle del chimbo, 28025",Local comercial,local_comercial,De inmobiliaria,142000.0,898.7,158.0,1.0,Almacén,Local con baño y despacho. Última actividad: taller mecánico. Ideal para almacén o garaje. Buenas conexiones de transporte.,"TNC/23/P227. \""Tu Nueva Casa\"" pone a la venta este local ubicado en la Calle del Chimbo, 28025 Madrid, situado en el distrito de Carabanchel en la planta baja. Es un local construido en el año 1966, que tiene 158 m2 de los cuales 125 m2 son útiles, totalmente diáfano y dispone de un baño y un pequeño despacho. Dispone también de acceso desde el interior del portal. La última actividad realizada ha sido como taller mecánico (cuenta con licencia para esa actividad). Ideal también como almacén, trastero, garaje y posibilidad cambio de uso.Suministros dados de alta.Situado en una zona con multitud de comercios, colegios, centro de salud y muy buena comunicación.No lo dudes mas y solicita una visita, estaremos encantados de ayudarte.TRANSPORTE PUBLICO : METRO: L5/L11/L6 AUTOBUSES : 118/108/47/247/55/ COMUNICACIÓN VIAL : M30/M40/A42/A5LA CONFIANZA, TRANSPARENCIA Y SINCERIDAD, ES EL SECRETO DE UN BUEN TRABAJO..",Abrantes,Madrid > Abrantes > Venta,"calle del chimbo, Abrantes, Madrid","calle del chimbo, Abrantes, Madrid, España",ok,nominatim,street_approx,"Calle del Chimbo, Abrantes, Carabanchel, Madrid, Comunidad de Madrid, 28025, España",40.382335,-3.7282824,8a390ca36d4ffff,10.0,11170.0,11.0,Carabanchel,117.0,Abrantes,2024-11-13T17:32:54+0000,2025-02-10T17:05:24+0000,ok
locales.es,madrid,venta,10,56260,venta:56260,https://www.locales.es/madrid/venta/local56260#offerType=1&estateType=3&settlement=6773,https://www.locales.es/madrid/contactar/propietario/56260,"Local comercial en Venta en Calle del Espíritu Santo, Universidad, Madrid","Local comercial en venta con 127m² en Madrid, en la zona de Universidad, Calle del Espíritu Santo",Local comercial,local_comercial,De inmobiliaria,440000.0,3464.6,127.0,2.0,Patio | Sistemas de Seguridad | Recepción | Almacén | +2,"Local de 127m², accesible y reformado, ideal para actividades sanitarias o empresariales en ubicación estratégica.","ZMES506814HA. Ocasión única para aquellos que quieran invertir en la zona de Malasaña-Universidad, uno de los barrios más codiciados y emblemáticos de Madrid.Amplio y versátil local en venta, de 127 metros cuadrados y 6 metros de fachada, cómoda y eficientemente distribuido, en una sola planta, accesible desde la calle sin barreras arquitectónicas o desde el portal, situado en la planta baja de un edificio que data del año 1.900, pero recientemente reformado, por lo que cuenta con todas las comodidades de un edificio nueva construcción.El local se distribuye en una espaciosa zona de recepción equipada con un mostrador y un puesto de trabajo para funciones de administración y recepción, además de una cómoda sala de espera, con grandes ventanales, que le confiere gran luminosidad. A lo largo del pasillo, se abren además cinco gabinetes, dos baños completos accesibles para minusválidos, un almacén, office y un pequeño patio.Esta propiedad se encuentra en un magnífico estado de conservación, por lo que no es necesario realizar obras de reforma o rehabilitación.En la actualidad funciona como clínica de especialidades médicas, por lo que es ideal para todo tipo de actividades sanitarias como fisioterapia, odontología o psicología, sin excluir ningún otro tipo de actividades profesionales o empresariales, como despacho de abogados, consultoría o servicios de ocio y cultura.Este magnífico inmueble está situado en el barrio de Malasaña - Universidad, un barrio bohemio, moderno, multicultural, rebosante de espacios culturales, como museos, teatros y librerías, con gran oferta gastronómica y muy apreciado por aquellos que quieren emprender un negocio de éxito. Su estratégica ubicación, a escasos metros de la Gran Vía o del Paseo de Recoletos, le confiere una estratégica ubicación, muy bien comunicada con el Metro por las estaciones de Tribunal y Gran Vía, así como varias líneas de autobús.No pierdas esta oportunidad y concierta una visita con nosotros, estaremos encantados de atenderte..",Universidad,Madrid > Universidad > Venta,"Calle del Espíritu Santo, Universidad, Madrid","Calle del Espíritu Santo, Universidad, Madrid, España",ok,nominatim,street_approx,"Calle del Espíritu Santo, Malasaña, Universidad, Centro, Madrid, Comunidad de Madrid, 28004, España",40.4255596,-3.7049988,8a390cb1b8d7fff,10.0,1100.0,1.0,Centro,15.0,Universidad,2024-11-13T17:34:29+0000,2024-11-13T17:34:29+0000,ok
locales.es,madrid,venta,10,57661,venta:57661,https://www.locales.es/madrid/venta/local57661#offerType=1&estateType=3&settlement=6773,https://www.locales.es/madrid/contactar/propietario/57661,"Local comercial en Venta en Calle de Puentelarra, Santa Eugenia, Madrid","Local comercial en venta con 34m² en Madrid, en la zona de Santa Eugenia, Calle de Puentelarra",Local comercial,local_comercial,De inmobiliaria,64000.0,1882.4,34.0,1.0,Almacén | Escaparate | Alta visibilidad,"Local de 34 m² con entreplanta, amplia cristalera y aseo en zona estratégica para visibilidad óptima.","00429194. Local comercial en la Galería de Santa Eugenia, Madrid. POSIBILIDAD FINANCIACION 100%, SOLO TENDRÁS QUE APORTAR LOS GASTOS. Descubre la joya perfecta para tu negocio en el corazón de la Galería Santa Eugenia. Este local comercial de 34 m2 ofrece una ubicación privilegiada junto a la puerta de acceso, asegurando una visibilidad excepcional para atraer a clientes. Con un diseño inteligente, el espacio se presenta como una zona diáfana, ideal para la atención al público, con una amplia cristalera que invita a la entrada de la luz natural, creando un ambiente acogedor. Además, este local cuenta con una entreplanta de 26 m2, perfecta para utilizar como almacén, maximizando así la funcionalidad del espacio. También incluye un aseo para mayor comodidad. ¡Asegura tu lugar en la Galería Santa Eugenia ahora y haz de este espacio el escaparate perfecto para tu éxito empresarial! Grupo GH es una empresa dedicada a la intermediación y consultoría inmobiliaria con más de 25 años de experiencia en el sector, dando un servicio profesional orientado a las necesidades de nuestros clientes, cubriendo cualquier gestión en las diferentes tipologías de inmuebles de obra nueva y segunda mano. Nuestra particular forma de hacer las cosas nos han posicionado en un lugar privilegiado dentro del mercado inmobiliario, constituyéndose como una de las empresas del sector con mayor crecimiento de los últimos años. Ampliando nuestros horizontes hemos podido ofrecer mayores y mejores soluciones, esta buena gestión nos ha permitido convertirnos en una de las empresas referentes del sector. Especialistas en gestión de patrimonio, ofrecemos calidad y servicio profesional. Nuestra red comercial de profesionales pone a su disposición un amplio abanico de ofertas a la carta, siendo su preocupación constante satisfacer al cliente, consiguiendo atender de forma especializada tanto la demanda como la oferta de nuestro sector. Miembros de API (Agentes de la propiedad inmobiliaria) y de AMADEI (Asociación de Empresas Inmobiliarias de Madrid) primera empresa en obtener el sello del código de Buenas Prácticas de la Comunidad de Madrid y el sello de calidad de Madrid Excelente..",Santa Eugenia,Madrid > Santa Eugenia > Venta,"Calle de Puentelarra, Santa Eugenia, Madrid","Calle de Puentelarra, Santa Eugenia, Madrid, España",ok,nominatim,street_approx,"Calle de Puentelarra, Santa Eugenia, Villa de Vallecas, Madrid, Comunidad de Madrid, 28031, España",40.3805632,-3.6107367,8a390ca00a2ffff,10.0,18036.0,18.0,Villa de Vallecas,182.0,Santa Eugenia,2024-11-14T09:49:58+0000,2024-11-14T09:50:01+0000,ok
locales.es,madrid,venta,11,37328,venta:37328,https://www.locales.es/madrid/venta/local37328#offerType=1&estateType=3&settlement=6773,https://www.locales.es/madrid/contactar/propietario/37328,"Local comercial en Venta en Calle del Divino Pastor, Universidad, Madrid",,,local_comercial,De inmobiliaria,1350000.0,17532.5,77.0,1.0,Sistemas de Seguridad | Alta visibilidad,Local comercial de 66m² con excelente ubicación y alta visibilidad en Madrid. Oportunidad de negocio con lotería establecida.,,,,"Calle del Divino Pastor, Universidad, Madrid","Calle del Divino Pastor, Universidad, Madrid, España",ok,nominatim,street_approx,"Calle del Divino Pastor, Malasaña, Universidad, Centro, Madrid, Comunidad de Madrid, 28004, España",40.4276387,-3.7039648,8a390cb1b8e7fff,10.0,1092.0,1.0,Centro,15.0,Universidad,,,card_only_geocoded
locales.es,madrid,venta,11,38071,venta:38071,https://www.locales.es/madrid/venta/local38071#offerType=1&estateType=3&settlement=6773,https://www.locales.es/madrid/contactar/propietario/38071,"Local comercial en Venta en Calle de Ambrosio Vallejo, Berruguete, Madrid",,,local_comercial,De inmobiliaria,305000.0,1205.5,253.0,2.0,Almacén | Vado,"Local diáfano con licencia vigente y electricidad de 380Kw. Bien comunicado, cerca del metro Estrecho y varias líneas de autobús.",,,,"Calle de Ambrosio Vallejo, Berruguete, Madrid","Calle de Ambrosio Vallejo, Berruguete, Madrid, España",ok,nominatim,street_approx,"Calle de Ambrosio Vallejo, Berruguete, Tetuán, Madrid, Comunidad de Madrid, 28039, España",40.4573311,-3.7071882,8a390cb1d3b7fff,10.0,6122.0,6.0,Tetuán,66.0,Berruguete,,,card_only_geocoded
locales.es,madrid,venta,11,40214,venta:40214,https://www.locales.es/madrid/venta/local40214#offerType=1&estateType=3&settlement=6773,https://www.locales.es/madrid/contactar/propietario/40214,"Local comercial en Venta en Paseo de las Acacias, Acacias, Madrid","Local comercial en venta con 340m² en Madrid, en la zona de Acacias, Paseo de las Acacias",Local comercial,local_comercial,De inmobiliaria,590000.0,1735.3,340.0,2.0,,"Local de 340m² con horario hasta las 5am, capacidad para 120 personas. Se vende ocupado o vacío.","3128. REF 3128 SALA DE FIESTA CON ESPECTÁCULO HASTA LAS 5 AM EN EL CENTRO MADRIDVENTA- 340 METROS CON LICENCIA PRECIO 590000- Se trata de un local con horario de apertura hasta las 5 am. con licencia de sala espectáculo, situada en el centro de Madrid,Aforo de 120 con licencia definitivaSe vende con inquilino 3000 euros mensual o vacío. UnionSol genera las mejores oportunidades para conseguir su propio negocio, presentando alternativas seleccionadas en hostelería y muchos otros tipos de actividades comercialesNota: la documentación presentada por Unionsol queda a total responsabilidad la verificación de la misma por parte del comprador, clienteNuestros Honorarios por gestión es de un mes de alquiler + IVA Los precios anotados en este formato son + IVA.",Acacias,Madrid > Acacias > Venta,"Paseo de las Acacias, Acacias, Madrid","Paseo de las Acacias, Acacias, Madrid, España",ok,nominatim,street_approx,"Paseo de las Acacias, Las Acacias, Arganzuela, Madrid, Comunidad de Madrid, 28005, España",40.4011925,-3.7133507,8a390ca3411ffff,10.0,2087.0,2.0,Arganzuela,22.0,Acacias,2024-11-13T10:07:52+0000,2024-11-13T10:07:56+0000,ok
locales.es,madrid,venta,11,40335,venta:40335,https://www.locales.es/madrid/venta/local40335#offerType=1&estateType=3&settlement=6773,https://www.locales.es/madrid/contactar/propietario/40335,"Local comercial en Venta en Calle de Velarde, Universidad, Madrid","Local comercial en venta con 113m² en Madrid, en la zona de Universidad, Calle de Velarde",Local comercial,local_comercial,De inmobiliaria,486000.0,4300.9,113.0,1.0,Buen acceso | Situado a pie de calle,Espacio de 113m² en una ubicación privilegiada con opción de uso comercial o residencial.,"2311/20. REF. 2311/20. ¡Suena como una oportunidad increíble! Malasaña es un barrio vibrante y lleno de vida en Madrid, y la ubicación cerca de la Plaza del Dos de Mayo. la calle Fuencarral y el Metro de Tribunal, es realmente privilegiada. Un local comercial con la posibilidad de convertirse en vivienda ofrece una flexibilidad fantástica para diferentes propósitos.Con 113 metros cuadrados y 21 de almacén, hay mucho espacio para jugar y adaptar según las necesidades. Además, tener acceso directo desde la calle con dos puertas y también desde el portal es una gran ventaja en términos de accesibilidad.La idea de convertirlo en una vivienda principal o en una vivienda turística es emocionante, especialmente dada la ubicación tan céntrica y popular. Y la posibilidad de tener vivienda en la parte trasera y negocio en la delantera es una propuesta muy atractiva, ofreciendo una combinación perfecta de vida y trabajo en un mismo espacio.Sin duda, este local comercial en Malasaña parece tener un gran potencial tanto para inversores como para aquellos que buscan un lugar único para vivir o emprender.",Universidad,Madrid > Universidad > Venta,"Calle de Velarde, Universidad, Madrid","Calle de Velarde, Universidad, Madrid, España",ok,nominatim,street_approx,"Calle de Velarde, Malasaña, Universidad, Centro, Madrid, Comunidad de Madrid, 28004, España",40.4267836,-3.7026654,8a390cb1b8effff,10.0,1093.0,1.0,Centro,15.0,Universidad,2024-11-13T10:16:20+0000,2024-11-13T10:16:23+0000,ok
locales.es,madrid,venta,11,41213,venta:41213,https://www.locales.es/madrid/venta/local41213#offerType=1&estateType=3&settlement=6773,https://www.locales.es/madrid/contactar/propietario/41213,"Local comercial en Venta en Calle del Corregidor Alonso de Tobar, Fontarrón, Madrid","Local comercial en venta con 34m² en Madrid, en la zona de Fontarrón, Calle del Corregidor Alonso de Tobar",Local comercial,local_comercial,De inmobiliaria,79000.0,2323.5,34.0,,Salida de humos,"Local con salida de humos en zona tranquila, cerca de servicios clave, ideal para inversores.","10161. Real Estate Home 19, ofrece en venta este Local comercial . Situado en el distrito de Moratalaz, una de las mejores zonas de Madrid dada su tranquilidad y su calidad de vida, rodeada de grandes parques y jardines, con todos los servicios disponibles a tu alcance. El inmueble consta de una superficie de 34 m², con salida de humos y cuenta con aseo.~. ESPECIAL INVERSORES, YA QUE SE TRATA DE UNA ZONA CON ALTA DEMANDA DE ARRENDAMIENTOS. Cercano a todo tipo de servicios, transporte público, supermercados, cafeterías, centro de salud, farmacias y comercios, y a la vez en zona muy tranquila. Impuestos y gastos NO incluidos: ITP, Notaría, Registro, Gestoría, etc…~.",Fontarrón,Madrid > Fontarrón > Venta,"Calle del Corregidor Alonso de Tobar, Fontarrón, Madrid","Calle del Corregidor Alonso de Tobar, Fontarrón, Madrid, España",ok,nominatim,street_approx,"Calle del Corregidor Alonso de Tobar, Fontarrón, Moratalaz, Madrid, Comunidad de Madrid, 28030, España",40.4035237,-3.6485139,8a390ca2276ffff,10.0,14047.0,14.0,Moratalaz,145.0,Fontarrón,2024-11-13T12:02:27+0000,2024-11-15T11:05:25+0000,ok
locales.es,madrid,venta,11,41588,venta:41588,https://www.locales.es/madrid/venta/local41588#offerType=1&estateType=3&settlement=6773,https://www.locales.es/madrid/contactar/propietario/41588,"Local comercial en Venta en salamanca, Cuatro Caminos, Madrid","Local comercial en venta con 240m² en Madrid, en la zona de Cuatro Caminos, salamanca, castellana",Local comercial,local_comercial,De inmobiliaria,995000.0,4145.8,240.0,2.0,Aire acondicionado,"240m² en dos plantas, ideal para inversiones, actualmente alquilado a gimnasio.","106734/EV. El Viso Inmobiliaria ofrece magnífico local en renta en unas de las mejores calles del Bº de Salamanca, 240 m2c. en 2 plantas, 185m2 en planta calle y 55 en sótano.Ideal inversionistas, actualmente alquilado a un gimnasio con buena rentabilidad.Apto para cualquier tipo de negocios salvo hostelería con salida de humos.Situado en el Barrio de Salamanca, la zona más exclusiva de la ciudad de Madrid en las inmediaciones de la Milla de Oro, con todo tipo de servicios y dotaciones: comercios, supermercados, colegios, instalaciones deportivas, parques, centros de salud, hospitales, etc.. y gran variedad de ofertas de ocio.Ubicación muy bien comunicada por transporte Público (Metro, varias líneas de autobús, Intercambiador de Avda. de América) y fácil acceso a la M-30, M-40 y Aeropuerto.La información aquí detallada puede estar sujeta a errores u omisiones involuntarias..",Cuatro Caminos,Madrid > Cuatro Caminos > Venta,"salamanca, Cuatro Caminos, Madrid","salamanca, Cuatro Caminos, Madrid, España",ok,nominatim,street_approx,"Calle de Salamanca, Cuatro Caminos, Tetuán, Madrid, Comunidad de Madrid, 28020, España",40.453886,-3.6999642,8a390cb19927fff,10.0,6053.0,6.0,Tetuán,62.0,Cuatro Caminos,2024-11-13T12:30:42+0000,2024-11-13T12:30:48+0000,ok
locales.es,madrid,venta,11,41734,venta:41734,https://www.locales.es/madrid/venta/local41734#offerType=1&estateType=3&settlement=6773,https://www.locales.es/madrid/contactar/propietario/41734,"Local comercial en Venta en Calle Principal de Provincias, Casa de Campo, Madrid",,,local_comercial,De inmobiliaria,960000.0,3440.9,279.0,,Situado a pie de calle,"Inmueble en venta arrendado hasta 2031, retorno 5.88%, dos plantas.",,,,"Calle Principal de Provincias, Casa de Campo, Madrid","Calle Principal de Provincias, Casa de Campo, Madrid, España",ok,nominatim,street_approx,"Calle Principal de las Provincias, Recinto Ferial de la Casa de Campo, Casa de Campo, Moncloa-Aravaca, Madrid, Comunidad de Madrid, 28011, España",40.4122796,-3.7370232,8a390cb1a557fff,10.0,9002.0,9.0,Moncloa - Aravaca,91.0,Casa de Campo,,,card_only_geocoded
locales.es,madrid,venta,11,43762,venta:43762,https://www.locales.es/madrid/venta/local43762#offerType=1&estateType=3&settlement=6773,https://www.locales.es/madrid/contactar/propietario/43762,"Local comercial en Venta en Paseo de la Castellana, Hispanoamérica, Madrid","Local comercial en venta con 4652m² en Madrid, en la zona de Hispanoamérica, Paseo de la Castellana",Local comercial,local_comercial,De inmobiliaria,36500000.0,7846.1,4652.0,,Patio | Terraza,"Edificio de 6 plantas en buen estado, con locales comerciales y viviendas disponibles, en una zona comercial de alto nivel.","54122. Oi Realtor presenta en exclusiva edificio en venta que data del año 1922, en excelente estado de conservación, único propietario y se encuentra ubicado en la Castellana, Madrid.Detalles de edifcio en venta en MadridSuperficie construida de 4.652​ m2. Cuenta con seis (6) plantas de las cuales hay un (1) almacén, siete (7) viviendas y adicional tiene trasteros, vivienda de portería y patio de luces.El edificio está de protegido por el Conjunto Histórico de la Villa de Madrid. P.G.O.U.M.: Normativa NZ Grado 4° Nivel C, tiene ITE favorable en 2010, para una próxima revisión en 2020.Actualmente se encuentra en régimen de alquiler (viviendas y locales de negocio) como a continuacion se detalla: 2 viviendas alquiladas que finalizan contrato entre 2019 y 2021, con unos ingresos de 6.958€ / mes, en su conjunto. Las plantas dedicadas a local de negocio se encuentran sujetas a contratos cuya vigencia inicial ha finalizado y, actualmente, con prórrogas anuales vigentes. Los ingresos mensuales por las plantas dedicadas a locales de negocio ascienden a 38.000 € / mes. En la actualidad hay una vivienda y un local disponibles. Inmejorable ubicaciónUbicado en el barrio de Castellana de Madrid. Se ha convertido en una de las más importantes zonas comerciales de la ciudad y uno de los barrios de mayor nivel de vida de Europa con la mayor zona de compras de lujo de Madrid en torno a las calles Serrano, Claudio Coello y Ortega y Gasset. Muy bien comunicado por transporte público, como metro y rutas de buses. También tiene fácil acceso a principales vías y acceso a todo tipo de servicios.La estación de metro Rubén Dario de la línea 5, se encuentra a 500 metros (6min), y la Núñez de Balboa a 550 metros y el Paseo de la Castellana se encuentra a 170 metros (2min).Oi Realtor es el primer consultor inmobiliario de lujo. Nuestra misión es la de asesorar, dar servicio, innovar y adaptarnos, con vocación internacional de cara a nuestro mercado. Vender tu casaBrindamos un servicio completo para conseguir vender tu casa en el menor tiempo posible y siempre al mejor precio. Un compromiso que adquirimos con cada uno de nuestros clientes.Inversiones inmobiliariasEn Oi Realtor poseemos una larga experiencia seleccionando las mejores propiedades para los clientes más exigentes. Y así asegurar las mejores inversiones inmobiliarias y la máxima rentabilidad en cada operación.Te compramos tu casaProporcionamos la respuesta que necesitas en la venta inmediata de tu vivienda. Nuestro equipo profesional te presenta una oferta rápida, al mejor precio y con un compromiso real donde te compramos tu casa.Compramos edificiosAtesoramos una larga experiencia donde compramos edificios, realizamos rehabilitaciones y venta de edificios en las principales localizaciones. No dudes en consultar a nuestro equipo y obtendrás el mejor resultado.Tasación de viviendasDescubre cuánto vale tu casa y decide si te conviene alquilarla o venderla en función del precio de mercado. En Oi Realtor realizamos tasación de viviendas para que se tome así la mejor decisión financiera y obtener la máxima rentabilidad.Golden VisaEn Oi Realtor Disponemos de profesionales especializados en Golden Visa y dedicados a orientar a todos aquellos inversores extranjeros interesados en la obtención del permiso de residencia por la compra de viviendas de lujo. Realojamiento y trasladoEn Oi Realtor contamos con el mejor servicio de realojamiento y traslado, tanto de empleados como de ejecutivos. Asistencia integral en la reubicación para empresas nacionales e internacionales..",Hispanoamérica,Madrid > Hispanoamérica > Venta,"Paseo de la Castellana, Hispanoamérica, Madrid","Paseo de la Castellana, Hispanoamérica, Madrid, España",ok,nominatim,street_approx,"Paseo de la Castellana, Hispanoamérica, Chamartín, Madrid, Comunidad de Madrid, 28020, España",40.453271,-3.6900553,8a390cb0a48ffff,10.0,5068.0,5.0,Chamartín,54.0,Hispanoamérica,2024-11-13T17:05:11+0000,2024-11-13T17:05:11+0000,ok
locales.es,madrid,venta,11,43763,venta:43763,https://www.locales.es/madrid/venta/local43763#offerType=1&estateType=3&settlement=6773,https://www.locales.es/madrid/contactar/propietario/43763,"Local comercial en Venta en Calle de la Encomienda, Embajadores, Madrid","Local comercial en venta con 387m² en Madrid, en la zona de Embajadores, Calle de la Encomienda",Local comercial,local_comercial,De inmobiliaria,1100000.0,2842.4,387.0,,,"Edificio de uso mixto con 387m², cuatro plantas, y local comercial. Buenas conexiones de transporte en Madrid.","54030. Oi Realtor presenta en exclusiva edificio de uso mixto de 387 m2, ubicado en el distrito de Centro, en el barrio Embajadores de Madrid.El Edificio cuenta con cuatro plantas, siete viviendas y un local comercial en la planta baja. La parcela está clasificada urbanísticamente como suelo urbano para uso residencial, dentro de la Ordenanza Zona 1, Grado 2. El mismo data del 1900.EL ENTORNO Ubicado en el barrio Embajadores del distrito de Centro de Madrid de la ciudad española de Madrid. Tiene una superficie de 5,23 km² y una población de 149.718 personas. Muy bien comunicado por transporte público, como metro y rutas de buses. También tiene fácil acceso a principales vías y acceso a todo tipo de servicios. La estación de metro La Latina (L5) está a tan solo 3 minutos (260m). La estación Tirso de Molina (L1) a 4 minutos (280m). El metro Lavapiés (L3) a unos 490m, cinco minutos. Precio de venta del edificio 1.100.000 € + 3% honorariosOi Realtor es el primer consultor inmobiliario de lujo. Nuestra misión es la de asesorar, dar servicio, innovar y adaptarnos, con vocación internacional de cara a nuestro mercado. Vender tu casaBrindamos un servicio completo para conseguir vender tu casa en el menor tiempo posible y siempre al mejor precio. Un compromiso que adquirimos con cada uno de nuestros clientes.Inversiones inmobiliariasOi realtor Poseemos una larga experiencia seleccionando las mejores propiedades para los clientes más exigentes. Y así asegurar las mejores inversiones inmobiliarias y la máxima rentabilidad en cada operación.Te compramos tu casaProporcionamos la respuesta que necesitas en la venta inmediata de tu vivienda. Nuestro equipo profesional te presenta una oferta rápida, al mejor precio y con un compromiso real donde te compramos tu casa.Compramos edificiosAtesoramos una larga experiencia donde compramos edificios, realizamos rehabilitaciones y venta de edificios en las principales localizaciones. No dudes en consultar a nuestro equipo y obtendrás el mejor resultado.Tasación de viviendasDescubre cuánto vale tu casa y decide si te conviene alquilarla o venderla en función del precio de mercado. En Oi Realtor realizamos tasación de viviendas para que se toma así la mejor decisión financiera y obtener la máxima rentabilidad.Golden Visa En Oi Realtor Disponemos de profesionales especializados en Golden Visa y dedicados a orientar a todos aquellos inversores extranjeros interesados en la obtención del permiso de residencia por la compra de viviendas de lujo. Realojamiento y trasladoEn Oi Realtor Contamos con el mejor servicio de realojamiento y traslado, tanto de empleados como de ejecutivos. Asistencia integral en la reubicación para empresas nacionales e internacionales..",Embajadores,Madrid > Embajadores > Venta,"Calle de la Encomienda, Embajadores, Madrid","Calle de la Encomienda, Embajadores, Madrid, España",ok,nominatim,street_approx,"Calle de la Encomienda, Lavapiés, Embajadores, Centro, Madrid, Comunidad de Madrid, 28012, España",40.4107402,-3.7057453,8a390cb1b4dffff,10.0,1029.0,1.0,Centro,12.0,Embajadores,2024-11-13T17:05:11+0000,2024-11-13T17:05:11+0000,ok
locales.es,madrid,venta,11,43764,venta:43764,https://www.locales.es/madrid/venta/local43764#offerType=1&estateType=3&settlement=6773,https://www.locales.es/madrid/contactar/propietario/43764,"Local comercial en Venta en Calle del Áncora, Palos de la Frontera, Madrid","Local comercial en venta con 2649m² en Madrid, en la zona de Palos de la Frontera, Calle del Áncora",Local comercial,local_comercial,De inmobiliaria,6600000.0,2491.5,2649.0,,Ascensor | Terraza,"Edificio de 2649m² con 58 viviendas, 23 vacías. Necesita adecuación y modernización.","54108. Oi Realtor presenta en exclusiva, un edificio en venta ubicado en el Distrito de Arganzuela, Madrid.Los detalles de edificio en venta en MadridSe trata de un edificio conformado por 58 viviendas de las cuales actualmente hay veintitres (23) inmuebles vacíos, siete (7) con contrato de renta antigua y las veintiocho (28) restantes con contratos modernos cuyos vencimientos máximo es 2.020. La estructura es metálica y el inmueble necesita obras de adecuación de instalaciones, colocar ascensor, así como modernizar las viviendas.Arganzuela - MadridEl distrito de Arganzuela se ha convertido en una de las más importantes zonas comerciales de la ciudad y en uno de los sectores de mayor nivel de vida de Europa.Oi Realtor es el primer consultor inmobiliario de lujo. Nuestra misión es la de asesorar, dar servicio, innovar y adaptarnos, con vocación internacional de cara a nuestro mercado. Vender tu casaBrindamos un servicio completo para conseguir vender tu casa en el menor tiempo posible y siempre al mejor precio. Un compromiso que adquirimos con cada uno de nuestros clientes.Inversiones inmobiliariasEn Oi Realtor poseemos una larga experiencia seleccionando las mejores propiedades para los clientes más exigentes. Y así asegurar las mejores inversiones inmobiliarias y la máxima rentabilidad en cada operación.Te compramos tu casaProporcionamos la respuesta que necesitas en la venta inmediata de tu vivienda. Nuestro equipo profesional te presenta una oferta rápida, al mejor precio y con un compromiso real donde te compramos tu casa.Compramos edificiosAtesoramos una larga experiencia donde compramos edificios, realizamos rehabilitaciones y venta de edificios en las principales localizaciones. No dudes en consultar a nuestro equipo y obtendrás el mejor resultado.Tasación de viviendasDescubre cuánto vale tu casa y decide si te conviene alquilarla o venderla en función del precio de mercado. En Oi Realtor realizamos tasación de viviendas para que se tome así la mejor decisión financiera y obtener la máxima rentabilidad.Golden VisaEn Oi Realtor Disponemos de profesionales especializados en Golden Visa y dedicados a orientar a todos aquellos inversores extranjeros interesados en la obtención del permiso de residencia por la compra de viviendas de lujo. Realojamiento y trasladoEn Oi Realtor contamos con el mejor servicio de realojamiento y traslado, tanto de empleados como de ejecutivos. Asistencia integral en la reubicación para empresas nacionales e internacionales..",Palos de la Frontera,Madrid > Palos de la Frontera > Venta,"Calle del Áncora, Palos de la Frontera, Madrid","Calle del Áncora, Palos de la Frontera, Madrid, España",ok,nominatim,street_approx,"Calle del Áncora, Palos de la Frontera, Arganzuela, Madrid, Comunidad de Madrid, 28045, España",40.4027774,-3.689133,8a390ca351b7fff,10.0,2067.0,2.0,Arganzuela,26.0,Palos de la Frontera,2024-11-13T17:05:11+0000,2024-11-13T17:05:11+0000,ok
locales.es,madrid,venta,11,43765,venta:43765,https://www.locales.es/madrid/venta/local43765#offerType=1&estateType=3&settlement=6773,https://www.locales.es/madrid/contactar/propietario/43765,"Local comercial en Venta en Calle de Santa Engracia, Trafalgar, Madrid","Local comercial en venta con 3741m² en Madrid, en la zona de Trafalgar, Calle de Santa Engracia",Local comercial,local_comercial,De inmobiliaria,13000000.0,3475.0,3741.0,,Almacén | Terraza,"Edificio de 6 alturas en Chamberí aprobado para ampliación a 8, con local comercial y parking robotizado.","54115. Oi Realtor presenta en exclusiva edificio en venta en Chamberí, Madrid. El inmueble se vende libre de inquilinos, con proyecto aprobado para hacer una ampliación de dos (2) plantas más. Excelente oportunidad de invertir en Madrid.Detalles del edificio en venta en MadridSuperficie Construida Total: 2.758 m2Altura Total: 6 (bajo + 4 alturas + cubierta)Proyecto aprobado para conseguir una superficie de 3.741 m2Planta baja más 8 alturas para un total de 20 viviendasParking robotizado para 27 cochesTiene un local comercial Precio: € 13.000.000 + 3% HonorariosOi Realtor es el primer consultor inmobiliario de lujo. Nuestra misión es la de asesorar, dar servicio, innovar y adaptarnos, con vocación internacional de cara a nuestro mercado. Vender tu casaBrindamos un servicio completo para conseguir vender tu casa en el menor tiempo posible y siempre al mejor precio. Un compromiso que adquirimos con cada uno de nuestros clientes.Inversiones inmobiliariasEn Oi Realtor poseemos una larga experiencia seleccionando las mejores propiedades para los clientes más exigentes. Y así asegurar las mejores inversiones inmobiliarias y la máxima rentabilidad en cada operación.Te compramos tu casaProporcionamos la respuesta que necesitas en la venta inmediata de tu vivienda. Nuestro equipo profesional te presenta una oferta rápida, al mejor precio y con un compromiso real donde te compramos tu casa.Compramos edificiosAtesoramos una larga experiencia donde compramos edificios, realizamos rehabilitaciones y venta de edificios en las principales localizaciones. No dudes en consultar a nuestro equipo y obtendrás el mejor resultado.Tasación de viviendasDescubre cuánto vale tu casa y decide si te conviene alquilarla o venderla en función del precio de mercado. En Oi Realtor realizamos tasación de viviendas para que se tome así la mejor decisión financiera y obtener la máxima rentabilidad.Golden VisaEn Oi Realtor Disponemos de profesionales especializados en Golden Visa y dedicados a orientar a todos aquellos inversores extranjeros interesados en la obtención del permiso de residencia por la compra de viviendas de lujo. Realojamiento y trasladoEn Oi Realtor contamos con el mejor servicio de realojamiento y traslado, tanto de empleados como de ejecutivos. Asistencia integral en la reubicación para empresas nacionales e internacionales..",Trafalgar,Madrid > Trafalgar > Venta,"Calle de Santa Engracia, Trafalgar, Madrid","Calle de Santa Engracia, Trafalgar, Madrid, España",ok,nominatim,street_approx,"Calle de Santa Engracia, Trafalgar, Chamberí, Madrid, Comunidad de Madrid, 28010, España",40.4337757,-3.6982149,8a390cb194e7fff,10.0,7085.0,7.0,Chamberí,74.0,Almagro,2024-11-13T17:05:11+0000,2024-11-13T17:05:11+0000,ok
locales.es,madrid,venta,11,43766,venta:43766,https://www.locales.es/madrid/venta/local43766#offerType=1&estateType=3&settlement=6773,https://www.locales.es/madrid/contactar/propietario/43766,"Local comercial en Venta en Calle de Julián Besteiro, Cuatro Caminos, Madrid","Local comercial en venta con 3185m² en Madrid, en la zona de Cuatro Caminos, Calle de Julián Besteiro",Local comercial,local_comercial,De inmobiliaria,12000000.0,3767.7,3185.0,,Aire acondicionado | Almacén | Montacargas | Ascensor | +1,"Edificio de 3185m² con 6 plantas, plazas de garaje. Uso oficinas, aire acondicionado, listo para ocupar.","54124. Oi Realtor presenta en exclusiva edificio en venta de actividades empresariales situado en pleno barrio de Salamanca, MadridDetalles del edificio en venta en MadridSuperficie Parcela Suelo:1.879 m2 Superficie construida: 3185 m2: Altura de seis (6) PlantasPRECIO 12.000.000 €Edificio rehabilitado en 1989. Distribuido en seis (6) plantas sobre rasante y semisótano y 2 plantas sótano bajo rasante destinadas a plazas de garaje. Plantas con uso de oficinas. Falso techo con luminarias empotradas. Cableado perimetral. Aire acondicionado frio-calor. 2 Núcleos de baños por planta. Un (1) Ascensor y dos (2) montacargas. Sistema de detección de incendios. El edificio cuenta con 31 plazas de garaje: 16 plazas en el sótano 1 y 15 plazas en el sótano 2. Disponibilidad inmediata. Edificio parcialmente alquilado con contratos de corta duración. Oi Realtor es el primer consultor inmobiliario de lujo. Nuestra misión es la de asesorar, dar servicio, innovar y adaptarnos, con vocación internacional de cara a nuestro mercado. Vender tu casaBrindamos un servicio completo para conseguir vender tu casa en el menor tiempo posible y siempre al mejor precio. Un compromiso que adquirimos con cada uno de nuestros clientes.Inversiones inmobiliariasEn Oi Realtor poseemos una larga experiencia seleccionando las mejores propiedades para los clientes más exigentes. Y así asegurar las mejores inversiones inmobiliarias y la máxima rentabilidad en cada operación.Te compramos tu casaProporcionamos la respuesta que necesitas en la venta inmediata de tu vivienda. Nuestro equipo profesional te presenta una oferta rápida, al mejor precio y con un compromiso real donde te compramos tu casa.Compramos edificiosAtesoramos una larga experiencia donde compramos edificios, realizamos rehabilitaciones y venta de edificios en las principales localizaciones. No dudes en consultar a nuestro equipo y obtendrás el mejor resultado.Tasación de viviendasDescubre cuánto vale tu casa y decide si te conviene alquilarla o venderla en función del precio de mercado. En Oi Realtor realizamos tasación de viviendas para que se tome así la mejor decisión financiera y obtener la máxima rentabilidad.Golden VisaEn Oi Realtor Disponemos de profesionales especializados en Golden Visa y dedicados a orientar a todos aquellos inversores extranjeros interesados en la obtención del permiso de residencia por la compra de viviendas de lujo. Realojamiento y trasladoEn Oi Realtor contamos con el mejor servicio de realojamiento y traslado, tanto de empleados como de ejecutivos. Asistencia integral en la reubicación para empresas nacionales e internacionales..",Cuatro Caminos,Madrid > Cuatro Caminos > Venta,"Calle de Julián Besteiro, Cuatro Caminos, Madrid","Calle de Julián Besteiro, Cuatro Caminos, Madrid, España",ok,nominatim,street_approx,"Calle de Julián Besteiro, Cuatro Caminos, Tetuán, Madrid, Comunidad de Madrid, 28020, España",40.4557825,-3.6952691,8a390cb0a597fff,10.0,6049.0,6.0,Tetuán,62.0,Cuatro Caminos,2024-11-13T17:05:11+0000,2024-11-13T17:05:11+0000,ok
locales.es,madrid,venta,11,44074,venta:44074,https://www.locales.es/madrid/venta/local44074#offerType=1&estateType=3&settlement=6773,https://www.locales.es/madrid/contactar/propietario/44074,"Local comercial en Venta en Calle de Bolivia, Hispanoamérica, Madrid","Local comercial en venta con 146m² en Madrid, en la zona de Hispanoamérica, Calle de Bolivia",Local comercial,local_comercial,De inmobiliaria,600000.0,4109.6,146.0,2.0,Sistemas de Seguridad | Buen acceso | Alta visibilidad | Situado a pie de calle,"Local de 146m², ubicación estratégica, rentabilidad del 6%, espacio versátil, acabados de calidad.","1826/96. REF. 1826/96. Oportunidad Única: Local Comercial a Pie de Calle en el Corazón de ChamartínUbicado en una de las zonas más prestigiosas de Madrid, este espacioso local comercial a pie de calle se encuentra en el codiciado distrito de Chamartín. Con una ubicación envidiable en una de las mejores zonas de la ciudad, este local es la inversión perfecta para aquellos que buscan rentabilidad y un valor seguro.Características Destacadas:Ubicación Estratégica: Situado en el corazón de Chamartín, este local se beneficia de su cercanía a la estación de metro Colombia y al icónico Mercado de Chamartín. Con un flujo constante de tráfico peatonal y vehicular, su visibilidad y accesibilidad son inigualables.Rentabilidad Anual del 6%: Este local comercial ofrece una oportunidad excepcional para inversores que buscan un flujo constante de ingresos. Con una rentabilidad anual del 6%, esta inversión se destaca en el mercado inmobiliario actual, el inquilino tiene más de 10 años en el local y quedan por cumplir 3 años de contrato de alquiler.Espacio Versátil: Con un diseño interior espacioso y adaptable, este local tiene más de 10 años en funcionamiento con la misma actividad y con un entorno consolidado con locales como restaurantes, tiendas de alimentación, bares, cafeterías, bazar, tiendas y una gran diversidad de actividades.Acabados de Calidad: El local ha sido cuidadosamente mantenido y cuenta con acabados de alta calidad que resaltan su atractivo y profesionalismo. Los detalles modernos se combinan con la comodidad y la funcionalidad.Potencial de Crecimiento: Además de la rentabilidad actual, este local ofrece un emocionante potencial de crecimiento a medida que la zona sigue siendo una de las más deseables de Madrid.No pierdas la oportunidad de ser propietario de este local comercial en una ubicación privilegiada. Si estás buscando una inversión segura y rentable en uno de los distritos más buscados de Madrid, este es el momento.¡Contáctanos hoy mismo para más información y para agendar una visita!.",Hispanoamérica,Madrid > Hispanoamérica > Venta,"Calle de Bolivia, Hispanoamérica, Madrid","Calle de Bolivia, Hispanoamérica, Madrid, España",ok,nominatim,street_approx,"Calle de Bolivia, Hispanoamérica, Chamartín, Madrid, Comunidad de Madrid, 28016, España",40.45712,-3.6779347,8a390cb0a75ffff,10.0,5060.0,5.0,Chamartín,54.0,Hispanoamérica,2024-11-13T17:05:56+0000,2024-11-13T17:06:06+0000,ok
locales.es,madrid,venta,11,44444,venta:44444,https://www.locales.es/madrid/venta/local44444#offerType=1&estateType=3&settlement=6773,https://www.locales.es/madrid/contactar/propietario/44444,"Local comercial en Venta en Calle de la Resina, Villaverde Alto, Madrid","Restaurante en venta con 600m² en Madrid, en la zona de Villaverde Alto, Calle de la Resina",Local comercial,local_comercial,De inmobiliaria,650000.0,1083.3,600.0,4.0,Sistemas de Seguridad | Barra | Terraza | Situado a pie de calle,"Restaurante en venta con 6,1% rentabilidad, inquilino desde 1985, dos plantas y parking privado.","2201/293. REF. 2201/293. ALFA EDIFITASA VENDE EN RENTABILIDAD: Magnífico restaurante en funcionamiento ubicado en la entrada del primer polígono industrial de la zona sur de Madrid, entre la M-40 y la M-45. Está rodeado de viviendas, comercios y multitud de empresas, por lo que la afluencia de clientes es continua. Se vende en rentabilidad con el mismo inquilino desde el año 1985, con una rentabilidad demostrable del 6,1%. Distribuido en dos plantas: en la Planta Baja -a pie de calle- tenemos la barra del bar en un amplio salón, comedor de ejecutivos, cocina y aseos. En la Primera Planta nos encontramos con un comedor, terraza, zona de vestuarios y despachos. Cuenta con parking privado en el exterior. Junto a él tenemos una estación de servicio de la que también gestionamos la venta; pueden ser adquiridos en conjunto o por separado. Para más información no dudes en llamarnos y te ampliaremos toda la información de este estupendo negocio. NO COBRAMOS HONORARIOS AL COMPRADOR.TOTAL TRANSPARENCIA..",Villaverde Alto,Madrid > Villaverde Alto > Venta,"Calle de la Resina, Villaverde Alto, Madrid","Calle de la Resina, Villaverde Alto, Madrid, España",ok,nominatim,street_approx,"Calle de la Resina, Polígono Marconi, Villaverde Alto, Casco Histórico de Villaverde, Villaverde, Madrid, Comunidad de Madrid, 28021, España",40.3360491,-3.697444,8a390cb892e7fff,10.0,17120.0,17.0,Villaverde,171.0,"Villaverde alto, Casco Histórico de Villaverde",2024-11-13T17:06:55+0000,2024-11-13T17:07:01+0000,ok
locales.es,madrid,venta,11,44502,venta:44502,https://www.locales.es/madrid/venta/local44502#offerType=1&estateType=3&settlement=6773,https://www.locales.es/madrid/contactar/propietario/44502,"Local comercial en Venta en carabanchel, San Isidro, Madrid","Local comercial en venta con 137m² en Madrid, en la zona de San Isidro, carabanchel, vista alegre",Local comercial,local_comercial,De inmobiliaria,295000.0,2153.3,137.0,1.0,Sistemas de Seguridad | Escaparate | Situado a pie de calle,"Local de 137m² en dos plantas, ideal para diversos comercios, cerca de polideportivo y acceso a Avenida.","2311/1. REF. 2311/1. Oportunidad. Magnifico Local comercial puerta calle situado en la Avenida de Fátima en una zona de mucho transito, cerca de una esquina, polideportivo y acceso a Avenida. Tiene una superficie de 137 metros distribuidos en dos plantas aprovechables . Planta calle 77 metros sin columnas, entrada y escaparate y planta sótano de 60 ,metros diáfanos con baño. Por su ubicación con alto tránsito y su distribución diáfana en amabas plantas es ideal para tiendas, clínicas, peluquerías, franquicias y todo tipo de comercios. Actualmente funcionando como tienda de productos cosméticos.Muchas posibilidades y buen precio. Llámanos y traslada o abre aquí tu negocio..",San Isidro,Madrid > San Isidro > Venta,"carabanchel, San Isidro, Madrid","carabanchel, San Isidro, Madrid, España",ok,nominatim,unknown,"La chulapa de Carabanchel, 2, Calle de Suintila, San Isidro, Carabanchel, Madrid, Comunidad de Madrid, 28019, España",40.3943834,-3.7282171,,,,,,,,2024-11-13T17:07:05+0000,2024-11-13T17:07:10+0000,ok
locales.es,madrid,venta,11,44798,venta:44798,https://www.locales.es/madrid/venta/local44798#offerType=1&estateType=3&settlement=6773,https://www.locales.es/madrid/contactar/propietario/44798,"Local comercial en Venta en Calle de López de Hoyos, Prosperidad, Madrid","Local comercial en venta con 240m² en Madrid, en la zona de Prosperidad, Calle de López de Hoyos",Local comercial,local_comercial,De inmobiliaria,1550000.0,6458.3,240.0,3.0,Cocina completamente equipada | Montacargas | Salida de humos | Terraza,"Local reformado con terraza, cocina equipada, en zona céntrica cerca del metro. Aforo de 86 personas.","1826/112. REF. 1826/112. ¡Oportunidad única para un negocio de restauración en el corazón de Prosperidad!Ubicado en la prestigiosa Calle López de Hoyos, este local reformado y equipado, adaptado para bar/restaurante está disponible para alquiler. Con una licencia en regla y una amplia terraza, este espacio ofrece un entorno perfecto para tu próximo emprendimiento gastronómico.Características destacadas:Capacidad: Aforo de hasta 86 personas.Horario amplio: Desde las 8h hasta las 24h.Infraestructura completa: Dos salidas de humo, dos accesos, cocina equipada y cuartos refrigerados.Facilidades adicionales: Montacarga para abastecimiento eficiente.Terraza encantadora: Espacio exterior para 18 comensales.Entorno privilegiado: Zona residencial con presencia de reconocidas marcas como Mac Donalds, Goiko, Popeyes, Aromas de Cafés, Marisquería Criados, 100 Montaditos, Tekebon, Pizza Chick, Los Torreznos.Accesibilidad: Muy cerca de la estación de metro de Alfonso XIII.¡Este local ofrece la combinación perfecta de ubicación, infraestructura y entorno para hacer despegar tu negocio de restauración! No dejes pasar esta oportunidad de establecer tu marca en una de las zonas más concurridas y de alta demanda en Madrid.Para más información y visitas, contáctanos para reservar tu cita. ¡Te esperamos para mostrarte este increíble espacio listo para convertirse en tu próximo éxito gastronómico!.",Prosperidad,Madrid > Prosperidad > Venta,"Calle de López de Hoyos, Prosperidad, Madrid","Calle de López de Hoyos, Prosperidad, Madrid, España",ok,nominatim,street_approx,"Calle de López de Hoyos, Prosperidad, Chamartín, Madrid, Comunidad de Madrid, 28002, España",40.4498184,-3.6656374,8a390ca24177fff,10.0,5038.0,5.0,Chamartín,53.0,Ciudad Jardín,2024-11-13T17:07:53+0000,2024-11-13T17:08:01+0000,ok
locales.es,madrid,venta,11,47654,venta:47654,https://www.locales.es/madrid/venta/local47654#offerType=1&estateType=3&settlement=6773,https://www.locales.es/madrid/contactar/propietario/47654,"Local comercial en Venta en Plaza de Mondariz, El Pilar, Madrid","Local comercial en venta con 110m² en Madrid, en la zona de El Pilar, Plaza de Mondariz",Local comercial,local_comercial,De inmobiliaria,210000.0,1909.1,110.0,3.0,Aire acondicionado | Muebles | Situado a pie de calle,"Propiedad de 110m² reformada y equipada, en zona de crecimiento con acceso a metro y servicios.","VENTA_026. GRUPO EUROFINCAS VENDE TRIPLEX!! OPORTUNIDAD CON RENTABILIDAD. La vivienda con 110 mts se encuentra en Plaza de Padrón en el Barrio Del Pilar, nombrado recientemente como \""el mejor barrio de España.\""Esta propiedad se encuentra en una zona de constante crecimiento demografico y economico, con lo cual nos deja una excelente oportunidad de inversión, situada a unos minutos del centro comercial \""La Vaguada\"" a tan solo unos minutos del metro Línea 9 Barrio Del Pilar, con varias líneas de autobuses, parques, colegios, supermercados, espacios de ocio y esparcimiento. Tres plantas completamente reformadas a nuevo, amuebladas y equipadas con electrodomésticos de primera calidad. Cada Planta individual, pensada para estudios completamente independientes, distribuidos en... Planta Baja con entrada a pie de calle, cocina estilo americana amueblada y equipada, lavadora frigorífico, microondas, baño completo y armario forrado y vestido, amueblado con canape y colchon, mesa para dos, con dos taburetes, tv , aire acondicionado frio y calor, mesa de noche. En la entreplanta mismo estudio con mismas características, equipado y amueblado, baño completo, aire acondicionado frío-calor, ventanas de climalit.La última planta accediendo por escalera, también con reforma completa, cocina equipada, armario forrado y vestido, tv, ventanas de climalit aire acondicionado, baño completo con mampara y plato de ducha. Listo para vivir!! .",El Pilar,Madrid > El Pilar > Venta,"Plaza de Mondariz, El Pilar, Madrid","Plaza de Mondariz, El Pilar, Madrid, España",ok,nominatim,street_approx,"Plaza de Mondariz, Altamira, Pilar, Fuencarral, Fuencarral-El Pardo, Madrid, Comunidad de Madrid, 28029, España",40.4781994,-3.7050626,8a390cb0e087fff,10.0,8079.0,8.0,Fuencarral - El Pardo,84.0,Pilar,2024-11-13T17:14:55+0000,2024-11-13T17:14:55+0000,ok
locales.es,madrid,venta,11,48035,venta:48035,https://www.locales.es/madrid/venta/local48035#offerType=1&estateType=3&settlement=6773,https://www.locales.es/madrid/contactar/propietario/48035,"Local comercial en Venta en Calle de Ros de Olano, Prosperidad, Madrid","Local comercial en venta con 458m² en Madrid, en la zona de Prosperidad, Calle de Ros de Olano",Local comercial,local_comercial,De inmobiliaria,800000.0,1746.7,458.0,3.0,Patio,"Local de 411 m² en tres plantas, insonorizado y bruto, apto para negocio.","P320. Local situado cerca de Lopez de Hoyos, metro Prosperidad, tiene 411 m2 construidos, dispone de tres plantas, planta baja, sótano y primera planta, patio de uso exclusivo del local. Se encuentra insonorizado y en bruto para hacer la reforma según sus necesidades. Habia un proyecto de reforma para montar un balneario urbano. Apto para cualquier negocio, dispone de entrada por el portal, zona consolidad con negocios de todo.",Prosperidad,Madrid > Prosperidad > Venta,"Calle de Ros de Olano, Prosperidad, Madrid","Calle de Ros de Olano, Prosperidad, Madrid, España",ok,nominatim,street_approx,"Calle de Ros de Olano, Prosperidad, Chamartín, Madrid, Comunidad de Madrid, 28002, España",40.4445496,-3.6721967,8a390ca24ccffff,10.0,5019.0,5.0,Chamartín,52.0,Prosperidad,2024-11-13T17:15:45+0000,2024-11-13T17:15:45+0000,ok
locales.es,madrid,venta,11,48097,venta:48097,https://www.locales.es/madrid/venta/local48097#offerType=1&estateType=3&settlement=6773,https://www.locales.es/madrid/contactar/propietario/48097,"Local comercial en Venta en Calle de Pinos Alta, Valdeacederas, Madrid","Restaurante en venta con 784m² en Madrid, en la zona de Valdeacederas, Calle de Pinos Alta",Local comercial,local_comercial,De inmobiliaria,1190000.0,1517.9,784.0,6.0,Cocina completamente equipada | Aire acondicionado | Almacén | Muebles | +2,"Local comercial adaptable, 7 salones, 6 baños, 3 plantas y horno de leña.","7190. Se vende magnífico local comercial a pie de calle, ubicado en una zona estratégica muy próxima a Plaza Castilla, rodeado de alta afluencia y servicios clave como el Registro Civil, hoteles, Palacio de Exposiciones y Congresos, entre otros.~ ~ ATENCIÓN INVERSORES Y EMPRENDEDORES~El local incluye propuesta de diseño de fachada orientada a distintos sectores, lo que lo convierte en una opción versátil y adaptable a cualquier tipo de negocio: restauración, gimnasio, clínica, centro de formación, coworking, etc. Actualmente funciona como restaurante, totalmente equipado y en funcionamiento. Nuestro equipo de diseño y proyectos puede asesorar y acompañar a los compradores en la adaptación del espacio según la actividad deseada. Distribución y características~Ubicado en el barrio de Almenara, el local cuenta con dos accesos independientes:~Uno de ellos da paso a la zona de barra~El segundo acceso comunica directamente con uno de los salones El inmueble se distribuye en tres plantas, con un total de 7 salones de diferentes tamaños y 6 baños: Planta a pie de calle~3 amplios salones~Aseos~Gran cocina vista con equipamiento industrial completo Horno de leña, ideal para restauración~ Primera planta~3 salones adicionales~Dos de gran tamaño~Un salón más privado con barra propia Planta sótano~Amplio salón de estilo rústico tipo bodega, totalmente reformado~Gran barra de bar~Equipado con pantalla y proyector, perfecto para eventos de empresa, celebraciones, retransmisiones deportivas, etc.~Climatización adecuada y aseo~En esta planta se encuentran también la oficina, vestuarios y zona de lavandería Parking público disponible en el hotel situado junto al local. ¡En TEGEISA, no cobramos honorarios profesionales al comprador! Impuestos y gastos de compraventa no incluidos en el precio, (notaría, gestoría, registro, ITP 6%)..",Valdeacederas,Madrid > Valdeacederas > Venta,"Calle de Pinos Alta, Valdeacederas, Madrid","Calle de Pinos Alta, Valdeacederas, Madrid, España",ok,nominatim,street_approx,"Calle de Pinos Alta, Valdeacederas, Tetuán, Madrid, Comunidad de Madrid, 28029, España",40.4650648,-3.6949818,8a390cb0ac07fff,10.0,6126.0,6.0,Tetuán,65.0,Valdeacederas,2024-11-13T17:15:54+0000,2024-11-15T11:30:36+0000,ok
locales.es,madrid,venta,11,49740,venta:49740,https://www.locales.es/madrid/venta/local49740#offerType=1&estateType=3&settlement=6773,https://www.locales.es/madrid/contactar/propietario/49740,"Local comercial en Venta en Calle de María Tubau, Valverde, Madrid","Local comercial en venta con 1129m² en Madrid, en la zona de Valverde, Calle de María Tubau",Local comercial,local_comercial,De inmobiliaria,1100000.0,974.3,1129.0,4.0,Sistemas de Seguridad | Almacén | Acceso de carga y descarga | Sala de reuniones | +1,"Local con entrada para camiones, oficinas luminosas, y excelente conexión al transporte público.","MT4LOCAL. Ubicación - la clave del éxito. Las Tablas, en la zona norte de Madrid, está creciendo a gran velocidad desde hace mas de quince años. Perfectamente comunicada para cualquier necesidad - hoteles, edificios empresariales, zona industrial, centros comerciales, bancos, residencias con amplia gama de comodidades, lugares de ocio y hostelería.~ Le presentamos la venta de un local nave con oficinas en calle María Tubau, 4. Con entrada para camiones hasta 5 metros de altura, zona de descarga, almacenamiento y oficinas. En una planta baja, muy luminoso, todo exterior. Con amplios espacios de oficinas, salas de reuniones, despachos, almacenes, office comedor, aseos. Con seis plazas de aparcamiento en el la misma puerta de la oficina.~ Rodeada de edificios representativos: Telefonica, BBVA, Nokia, Huawei, Mediaset España Comunicación, Centro Empresarial Castellana Norte, hoteles, comercios, supermercados. ~ La estratégica ubicación permite rápida conexión con la M40, M607, M603, A1.~ A cinco minutos de la sede de Telefónica y a un minutos de la sede de Nokia. A cinco minutos del Metro Las Tablas, Ronda de la Comunicación(L10), a diez minutos esta la parada de Renfe de Fuencarral(C4). Lineas de autobuses: 154 Agustín de Foxá-Chamartín, 175 Plaza Castilla, N24 Cibeles, T61 Est. Fuencarral..",Valverde,Madrid > Valverde > Venta,"Calle de María Tubau, Valverde, Madrid","Calle de María Tubau, Valverde, Madrid, España",ok,nominatim,street_approx,"Calle de María Tubau, Polígono Industrial Valverde, Valverde, Fuencarral, Fuencarral-El Pardo, Madrid, Comunidad de Madrid, 28050, España",40.5133536,-3.6736992,8a390cb0d99ffff,10.0,8174.0,8.0,Fuencarral - El Pardo,86.0,Valverde,2024-11-13T17:19:51+0000,2024-11-13T17:19:51+0000,ok
locales.es,madrid,venta,11,49908,venta:49908,https://www.locales.es/madrid/venta/local49908#offerType=1&estateType=3&settlement=6773,https://www.locales.es/madrid/contactar/propietario/49908,"Local comercial en Venta en calle de bravo murillo, Cuatro Caminos, Madrid","Local comercial en venta con 413m² en Madrid, en la zona de Cuatro Caminos, calle de bravo murillo, 28020",Local comercial,local_comercial,De inmobiliaria,1030000.0,2493.9,413.0,2.0,Aire acondicionado | Situado a pie de calle,"Local de 422m², esquina, 2 plantas, ideal para negocios en zona Tetuán, Madrid.","MVB-V1855. OPORTUNIDAD!!! Amplio local de 422 m2 en calle muy comercial de Bravo Murillo, zona de Tetuán a pocos pasos de la calle de Sor Angela de la Cruz y de Marques de Viana. Hace esquina y cuenta con amplia fachada, . El local se divide en dos plantas:• La planta calle tiene 270m2 y se distribuye en una zona diáfana con acceso al portal.• La planta sótano se divide en una amplia zona diáfana que en la actualidad está compartimentada en 2 despachos. La última actividad fue una tienda de deportes.Ideal para todo tipo de negocio al encontrarse en una zona muy comercial. Compra con la cabeza, vende con el corazónEncuentra más en .",Cuatro Caminos,Madrid > Cuatro Caminos > Venta,"calle de bravo murillo, Cuatro Caminos, Madrid","calle de bravo murillo, Cuatro Caminos, Madrid, España",ok,nominatim,street_approx,"Calle de Bravo Murillo, Cuatro Caminos, Tetuán, Madrid, Comunidad de Madrid, 28039, España",40.4522614,-3.7031776,8a390cb1d64ffff,10.0,6018.0,6.0,Tetuán,61.0,Bellas Vistas,2024-11-13T17:20:15+0000,2025-02-10T17:06:13+0000,ok
locales.es,madrid,venta,11,49967,venta:49967,https://www.locales.es/madrid/venta/local49967#offerType=1&estateType=3&settlement=6773,https://www.locales.es/madrid/contactar/propietario/49967,"Local comercial en Venta en Travesía de las Beatas, Universidad, Madrid",,,local_comercial,De inmobiliaria,720000.0,2491.3,289.0,2.0,Alta visibilidad | Luminoso,"Edificio de 289m² con oficinas y viviendas, luminoso y en una zona multicultural por la Gran Galería.",,,,"Travesía de las Beatas, Universidad, Madrid","Travesía de las Beatas, Universidad, Madrid, España",ok,nominatim,street_approx,"Travesía de las Beatas, Malasaña, Universidad, Centro, Madrid, Comunidad de Madrid, 28013, España",40.4231586,-3.708133,8a390cb1bc6ffff,10.0,1112.0,1.0,Centro,15.0,Universidad,,,card_only_geocoded
locales.es,madrid,venta,11,50001,venta:50001,https://www.locales.es/madrid/venta/local50001#offerType=1&estateType=3&settlement=6773,https://www.locales.es/madrid/contactar/propietario/50001,"Local comercial en Venta en calle alaro, Timón, Madrid","Local comercial en venta con 85m² en Madrid, en la zona de Timón, calle alaro, 28042",Local comercial,local_comercial,De inmobiliaria,262100.0,3083.5,85.0,2.0,,Dos locales de 76m² y 88m² disponibles. Ideal para inversión.,AT-00229060. Investment Group10 vende 2 locales situados en Madrid capital. Tienen una superficie de 76 m2 y 88 m2 respectivamente.Contacta con nosotros en el 617.60. 27.81 - 622.76. 36.06 - 825.933. 675..,Timón,Madrid > Timón > Venta,"calle alaro, Timón, Madrid","calle alaro, Timón, Madrid, España",ok,nominatim,street_approx,"Calle de Alaró, Timón, Barajas, Madrid, Comunidad de Madrid, 28042, España",40.4713046,-3.5825251,8a390cb5159ffff,10.0,21026.0,21.0,Barajas,214.0,Timón,2024-11-13T17:20:28+0000,2025-02-10T17:06:12+0000,ok
locales.es,madrid,venta,11,50003,venta:50003,https://www.locales.es/madrid/venta/local50003#offerType=1&estateType=3&settlement=6773,https://www.locales.es/madrid/contactar/propietario/50003,"Local comercial en Venta en calle alejandrina moran, Lucero, Madrid","Local comercial en venta con 551m² en Madrid, en la zona de Lucero, calle alejandrina moran, 28047",Local comercial,local_comercial,De inmobiliaria,420000.0,762.3,551.0,2.0,Situado a pie de calle,"Local comercial de 551m² con planta baja y sótano, distribución flexible y múltiples salas.","AT-00229022. Investment Group10 vende un local comercial en el barrio de Lucero con amplias posibilidades. La planta baja tiene 281 m2 útiles y la planta sótano 270 m2.El local consta de un hall situado a pie de calle, que da acceso a entreplanta y sótano. Entreplanta con pasillo distribuidor,8 salas de diferentes tamaños y 2 aseos. Sótano compuesto de 3 habitaciones. Suelos de gres. Longitud de fachada de 8,5 metros.Contacta con nosotros en el 617.60. 27.81 - 622.76. 36.06 - 825.933. 675..",Lucero,Madrid > Lucero > Venta,"calle alejandrina moran, Lucero, Madrid","calle alejandrina moran, Lucero, Madrid, España",ok,nominatim,street_approx,"Calle de Alejandrina Morán, Lucero, Latina, Madrid, Comunidad de Madrid, 28047, España",40.4023275,-3.747003,8a390cba9987fff,10.0,10058.0,10.0,Latina,103.0,Lucero,2024-11-13T17:20:28+0000,2025-02-10T17:06:12+0000,ok
locales.es,madrid,venta,11,50042,venta:50042,https://www.locales.es/madrid/venta/local50042#offerType=1&estateType=3&settlement=6773,https://www.locales.es/madrid/contactar/propietario/50042,"Local comercial en Venta en calle de rosario romero, Almenara, Madrid","Local comercial en venta con 160m² en Madrid, en la zona de Almenara, calle de rosario romero, 28029",Local comercial,local_comercial,De inmobiliaria,390000.0,2437.5,160.0,3.0,Cocina completamente equipada | Aire acondicionado | Almacén | Muebles | +3,"Local de 155m² dúplex reformado, con cocina, aire acondicionado y acceso PMR, cerca del metro Ventilla.","LOCAL VENTILLA. Este local se encuentra en Calle de Rosario Romero, 28029, Madrid, en la zona del Ventilla_Almenara, en la planta baja. Está construido en el año 2004 y reformado en 2008. Consta de 155 m2.Se trata de un local muy luminoso con orientación este. Consta de dos estancias:1. Planta baja (suelo de tarima, entrada desde la calle, pintura lisa, amueblada, buen estado, calefacción individual: bomba de frío y calor, almacén, aire acondicionado, internet, escaleras, exterior, luminosa, aseo, cocina equipada, dúplex, reformada y acceso a personas con movilidad reducida).2. Planta alta (suelo de tarima, sala de reuniones, despacho, aire acondicionado, internet, luminosa, aseo, dúplex, reformada).Este maravilloso local se encuentra a escasos minutos del metro de Ventilla.¡Mejor ver!Un experto en tu zona valora tu vivienda gratuitamente ¡Contacta!Construyendo tu mundo de confianzaEncuentra más en .",Almenara,Madrid > Almenara > Venta,"calle de rosario romero, Almenara, Madrid","calle de rosario romero, Almenara, Madrid, España",ok,nominatim,street_approx,"Calle de Rosario Romero, Almenara, Tetuán, Madrid, Comunidad de Madrid, 28029, España",40.4695545,-3.6980248,8a390cb0e68ffff,10.0,6073.0,6.0,Tetuán,64.0,Almenara,2024-11-13T17:20:33+0000,2025-02-10T17:06:11+0000,ok
locales.es,madrid,venta,11,51553,venta:51553,https://www.locales.es/madrid/venta/local51553#offerType=1&estateType=3&settlement=6773,https://www.locales.es/madrid/contactar/propietario/51553,"Local comercial en Venta en calle de alberto aguilera, Arapiles, Madrid","Local comercial en venta con 385m² en Madrid, en la zona de Arapiles, calle de alberto aguilera, 28015",Local comercial,local_comercial,De inmobiliaria,825000.0,2142.9,385.0,4.0,Sistemas de Seguridad | Aire acondicionado | Escaparate | Puerta de seguridad,"Local comercial de 385m², ideal para negocios. Próximo a metro San Bernardo.","LOCALALBERTOAGUILERA. MUNDHOGAR CONSULTING ofrece este fantástico local comercial en el centro de Madrid a 3 minutos andando de la estación de metro San Bernardo. Está distribuido en una planta baja de 200 metros cuadrados, diáfana, con dos aseos y una planta sótano de 180 metros cuadrados con 2 aseos.Local con máxima exposición en una zona céntrica muy transitada ¡¡¡¡ UBICACIÓN INMEJORABLE !!!!Se encuentra en perfecto estado, dispone de:CalefacciónAire acondicionadoSistema de alarmaPuerta de seguridadFACHADA DE ESCAPARATE DE CRISTAL DE 18 METROS LINEALES haciendo esquina (una de 5 metros y otra de 13 metros)OPORTUNIDAD INMEJORABLE PARA NEGOCIOS,También se encuentra disponible para alquiler, consultar.¡¡¡¡ MEJOR VER !!!!Mundhogar ConsultingConstruyendo tu mundo de confianza.",Arapiles,Madrid > Arapiles > Venta,"calle de alberto aguilera, Arapiles, Madrid","calle de alberto aguilera, Arapiles, Madrid, España",ok,nominatim,street_approx,"Calle de Alberto Aguilera, Malasaña, Arapiles, Chamberí, Centro, Madrid, Comunidad de Madrid, 28015, España",40.4297116,-3.7075355,8a390cb1b827fff,10.0,1103.0,1.0,Centro,15.0,Universidad,2024-11-13T17:23:58+0000,2025-02-10T17:05:58+0000,ok
locales.es,madrid,venta,11,51770,venta:51770,https://www.locales.es/madrid/venta/local51770#offerType=1&estateType=3&settlement=6773,https://www.locales.es/madrid/contactar/propietario/51770,"Local comercial en Venta en calle de la isla de arosa, Peñagrande, Madrid","Local comercial en venta con 147m² en Madrid, en la zona de Peñagrande, calle de la isla de arosa, 28035",Local comercial,local_comercial,De inmobiliaria,199000.0,1353.7,147.0,,,"Local de 147 m² con usos variados en zona residencial, planta baja y sótano.","60476979. MUNDHOGAR CONSULTING ofrece fantástico local en la zona de Barrio del Pilar, a 4 minutos andando de la estación de metro de Avenida de la Ilustración y próximo al Centro Comercial La Vaguada.Local de 147 m² distribuidos en planta baja y en sótano, este último accesible a través de una escalera interior.Se encuentra situado en zona residencial con gran variedad de comercios y rodeado de zonas verdes.Tiene opción de cambio de uso. ¡MEJOR VER!Mundhogar Consulting.Tu lugar en el mundo..",Peñagrande,Madrid > Peñagrande > Venta,"calle de la isla de arosa, Peñagrande, Madrid","calle de la isla de arosa, Peñagrande, Madrid, España",ok,nominatim,street_approx,"Calle de la Isla de Arosa, Peñagrande, Fuencarral-El Pardo, Madrid, Comunidad de Madrid, 28035, España",40.480843,-3.7163364,8a390cb0eca7fff,10.0,8029.0,8.0,Fuencarral - El Pardo,83.0,Peñagrande,2024-11-13T17:24:28+0000,2025-02-10T17:05:57+0000,ok
locales.es,madrid,venta,11,52123,venta:52123,https://www.locales.es/madrid/venta/local52123#offerType=1&estateType=3&settlement=6773,https://www.locales.es/madrid/contactar/propietario/52123,"Local comercial en Venta en Calle de Toledo, Acacias, Madrid","Bar en venta con 41m² en Madrid, en la zona de Acacias, Calle de Toledo",Local comercial,local_comercial,De inmobiliaria,275000.0,6707.3,41.0,2.0,Muebles,Bar con licencia ubicado frente al metro y Renfe de Pirámides.,"OP-021121.01. SIN COMISIÓN DE AGENCIA CONSORCIO REAL ESTATE OPERA VENDE. TELÉFONO/WASAP: +34 646 92 66 76. Bar Cafeteria con licencia frente al metro y Renfe de Piramides.~ ~ La glorieta de las Pirámides constituye el acceso este al puente de Toledo de Madrid, uno de los puentes históricos que salva el río Manzanares. Denominada inicialmente glorieta del Puente de Toledo, recibió su nombre de dos obeliscos construidos por Francisco Javier de Marietegui y erigidos en la plaza en 183112 (otras fuentes hablan de 1830).3 Actualmente, confluyen en la glorieta la calle de Toledo (antiguo Paseo de los Ocho Hilos), el paseo de Yeserías (que corre paralelo al río Manzanares, hacia el sur), el Paseo Imperial, el paseo de las Acacias (vía natural desde Atocha pasando por Acacias) y calle de Alejandro Dumas (anteriormente calle de las Cambroneras) que discurre inicialmente paralela al río Manzanares hacia al norte, y de la cual sale poco después, a la izquierda, el paseo de los Melancólicos. El Puente de Toledo conecta la glorieta con la del Marqués de Vadillo, al otro lado del Manzanares..",Acacias,Madrid > Acacias > Venta,"Calle de Toledo, Acacias, Madrid","Calle de Toledo, Acacias, Madrid, España",ok,nominatim,street_approx,"Calle de Toledo, Las Acacias, Arganzuela, Madrid, Comunidad de Madrid, 28005, España",40.4028478,-3.7133213,8a390ca3412ffff,10.0,2087.0,2.0,Arganzuela,22.0,Acacias,2024-11-13T17:25:18+0000,2024-11-13T17:25:18+0000,ok
locales.es,madrid,venta,11,52124,venta:52124,https://www.locales.es/madrid/venta/local52124#offerType=1&estateType=3&settlement=6773,https://www.locales.es/madrid/contactar/propietario/52124,"Local comercial en Venta en Plaza de Ortega y Murillo, Acacias, Madrid","Bar en venta con 41m² en Madrid, en la zona de Acacias, Plaza de Ortega y Murillo",Local comercial,local_comercial,De inmobiliaria,275000.0,6707.3,41.0,2.0,Muebles,"Bar cafetería con licencia, ubicación céntrica cerca del metro y Renfe, en zona histórica de Madrid.","OP-021121.01.2. SIN COMISIÓN DE AGENCIA CONSORCIO REAL ESTATE OPERA VENDE. TELÉFONO/WASAP: +34 646 92 66 76. Bar Cafeteria con licencia frente al metro y Renfe de Piramides.~ ~ La glorieta de las Pirámides constituye el acceso este al puente de Toledo de Madrid, uno de los puentes históricos que salva el río Manzanares. Denominada inicialmente glorieta del Puente de Toledo, recibió su nombre de dos obeliscos construidos por Francisco Javier de Marietegui y erigidos en la plaza en 18311​2​ (otras fuentes hablan de 1830).3​ Actualmente, confluyen en la glorieta la calle de Toledo (antiguo Paseo de los Ocho Hilos), el paseo de Yeserías (que corre paralelo al río Manzanares, hacia el sur), el Paseo Imperial, el paseo de las Acacias (vía natural desde Atocha pasando por Acacias) y calle de Alejandro Dumas (anteriormente calle de las Cambroneras) que discurre inicialmente paralela al río Manzanares hacia al norte, y de la cual sale poco después, a la izquierda, el paseo de los Melancólicos. El Puente de Toledo conecta la glorieta con la del Marqués de Vadillo, al otro lado del Manzanares..",Acacias,Madrid > Acacias > Venta,"Plaza de Ortega y Murillo, Acacias, Madrid","Acacias, Madrid, España",ok,nominatim,unknown,"Acacias, Paseo de las Acacias, Las Acacias, Arganzuela, Madrid, Comunidad de Madrid, 28005, España",40.4040749,-3.7059572,,,,,,,,2024-11-13T17:25:18+0000,2024-11-13T17:25:18+0000,ok
locales.es,madrid,venta,11,52166,venta:52166,https://www.locales.es/madrid/venta/local52166#offerType=1&estateType=3&settlement=6773,https://www.locales.es/madrid/contactar/propietario/52166,"Local comercial en Venta en calle de ramón gómez de la serna, Peñagrande, Madrid","Local comercial en venta con 151m² en Madrid, en la zona de Peñagrande, calle de ramón gómez de la serna, 28035",Local comercial,local_comercial,De inmobiliaria,330000.0,2185.4,151.0,,Aire acondicionado | Escaparate,"Local nuevo con amplia planta baja y sótano, baños, aire acondicionado, ideal para negocios en área de alto tránsito.","60532472. MUNDHOGAR CONSULTING ofrece este fantástico local comercial procedente de banco, distribuido en una amplia planta baja y una planta sótano.Dispone de baños aire acondicionado y ventilación.La planta baja tiene un amplio escaparate.Se encuentra como nuevo y con muy buenas calidades. Es perfecto para poner cualquier tipo de negocio ya que se encuentra en muy buena zona, con mucho transito y está muy bien comunicado. ¡¡MEJOR VER¡¡Mundhogar ConsultingTu lugar en el mundo.",Peñagrande,Madrid > Peñagrande > Venta,"calle de ramón gómez de la serna, Peñagrande, Madrid","calle de ramón gómez de la serna, Peñagrande, Madrid, España",ok,nominatim,street_approx,"Calle de Ramón Gómez de la Serna, Peñagrande, Fuencarral-El Pardo, Madrid, Comunidad de Madrid, 28035, España",40.4827146,-3.7250764,8a390cb03a17fff,10.0,8151.0,8.0,Fuencarral - El Pardo,83.0,Peñagrande,2024-11-13T17:25:24+0000,2025-02-10T17:05:55+0000,ok
locales.es,madrid,venta,12,1384,venta:1384,https://www.locales.es/madrid/venta/local1384#offerType=1&estateType=3&settlement=6773,https://www.locales.es/madrid/contactar/propietario/1384,"Local comercial en Venta en Trafalgar, Madrid","Local comercial en venta con 200m² en Madrid, en la zona de Trafalgar",Locale,local_comercial,De inmobiliaria,745000.0,3725.0,200.0,,,Local de 200m² cerca del metro de Bilbao con afluencia peatonal. Llamativa fachada haciendo esquina con cuatro ventanales hasta el suelo y acceso con espacio diáfano separado en dos estancias…,"Precioso local ubicado cerca de la calle Luchana, una de las zonas más comerciales y de gran afluencia peatonal de Madrid, cerca del metro de Bilbao y perfectamente conectado por transporte público. Cuenta con una llamativa fachada haciendo esquina con cuatro granes ventanales hasta el suelo. Acceso con espacio diáfano separado en dos estancias abiertas. Al resto del local se accede bajando por cómodas escaleras. Techos altos",Trafalgar,Madrid > Trafalgar > Venta,"Trafalgar, Madrid","Trafalgar, Madrid, España",ok,nominatim,zone_approx,"Trafalgar, Chamberí, Madrid, Comunidad de Madrid, 28010, España",40.4330613,-3.7010182,,,,,,,,2023-05-11T08:45:15+0000,2024-04-18T10:02:18+0000,ok
locales.es,madrid,venta,12,1386,venta:1386,https://www.locales.es/madrid/venta/local1386#offerType=1&estateType=3&settlement=6773,https://www.locales.es/madrid/contactar/propietario/1386,"Local comercial en Venta en Aluche, Madrid","Local comercial en venta con 232m² en Madrid, en la zona de Aluche",Locale,local_comercial,De inmobiliaria,380000.0,1637.9,232.0,3.0,Almacén | Situado a pie de calle,"Local con rentabilidad, cercano a metro Empalme y estación Aluche, rentas garantizadas, actividad de sala de juego con contrato firmado en marzo de 2018.","move! Servicios inmobiliarios vende local en rentabilidad en Calle Illescas, metro Empalme a 5 minutos y estación de Aluche a 10 minutos caminando, el inmueble se compone de dos locales comerciales con planta a calle y sotano. Actividad: sala de juego con contrato firmado en marzo de 2018. Rentas garantizadas con pocos gastos de comunidad. Rentabilidad del 6 % demostrada. Sin comisión de agencia.",Aluche,Madrid > Aluche > Venta,"Aluche, Madrid","Aluche, Madrid, España",ok,nominatim,zone_approx,"Aluche, Latina, Madrid, Comunidad de Madrid, 28024, España",40.392356,-3.7571096,,,,,,,,2023-05-11T08:45:16+0000,2024-04-18T10:02:17+0000,ok
locales.es,madrid,venta,12,1387,venta:1387,https://www.locales.es/madrid/venta/local1387#offerType=1&estateType=3&settlement=6773,https://www.locales.es/madrid/contactar/propietario/1387,"Local comercial en Venta en Chopera, Madrid","Local comercial en venta con 258m² en Madrid, en la zona de Chopera",Locale,local_comercial,De inmobiliaria,425000.0,1647.3,258.0,1.0,Sistemas de Seguridad | Aire acondicionado | Almacén | Alta visibilidad | +1,"Local en rentabilidad con 222m², 3 estancias, almacén, sistema de alarma, aire acondicionado. Gran visibilidad y frente a parada de EMT. Actividad actual: sala de juegos.","move! Servicios inmobiliarios vende local en rentabilidad en Calle Eugenio Sellés 1, metro Delicias y Legazpi, el inmueble se compone de un local comercial en esquina y todo en una sola planta. 3 estancias. Cuenta con almacén, puerta de seguridad y sistema de alarma. Aire acondicionado. Local con gran visibilidad. 10 metros lineales de fachada. Enfrente de parada de EMT y a 3 minutos de Matadero. Actividad actual: sala de juegos. Contrato de arrendamiento a largo plazo Rentabilidad del 4 % demostrada. Sin comisión de agencia. No deje de visitarlo!",Chopera,Madrid > Chopera > Venta,"Chopera, Madrid","Chopera, Madrid, España",ok,nominatim,zone_approx,"Chopera, Arganzuela, Madrid, Comunidad de Madrid, España",40.3950981,-3.6994819,,,,,,,,2023-05-11T08:45:17+0000,2024-04-18T10:02:17+0000,ok
locales.es,madrid,venta,12,1388,venta:1388,https://www.locales.es/madrid/venta/local1388#offerType=1&estateType=3&settlement=6773,https://www.locales.es/madrid/contactar/propietario/1388,"Local comercial en Venta en Prosperidad, Madrid","Local comercial en venta con 84m² en Madrid, en la zona de Prosperidad",Locale,local_comercial,De inmobiliaria,235000.0,2797.6,84.0,1.0,Barra | Alta visibilidad | Situado a pie de calle,"Local a pie de calle, distribuido en 2 plantas, uso actual de bar, zona de barra con más 5 metros lineales, techos de gran altura, sin gastos de intermediación, excelente ubicación para cualquier…","move! Servicios inmobiliarios vende excepcional local a pie de Calle en López de Hoyos. Local distribuido en 2 plantas, uso actual de bar, posibilidad de abrir huecos en fachada, zona principal a pie de calle, con zona de barra con mas 5 metros lineales, techos de gran altura. Planta baja distribuida en aseos y 3 estancias independientes. Junto a metro Alfonso XIII, sin gastos de intermediación. No dude en visitarlo. Posibilidad de cambio de uso, posibilidad de uso a vivienda vacacional, múltiples posibilidades en cuanto a comercio y hosteleria. Local con una ubicación excelente, una calle de paso importante local para cualquier tipo de negocio, a tan solo 1 minuto a pie del metro Alfonso XIII.",Prosperidad,Madrid > Prosperidad > Venta,"Prosperidad, Madrid","Prosperidad, Madrid, España",ok,nominatim,zone_approx,"Prosperidad, Chamartín, Madrid, Comunidad de Madrid, España",40.443946,-3.6701659,,,,,,,,2023-05-11T08:45:17+0000,2024-11-25T11:11:32+0000,ok
locales.es,madrid,venta,12,17301,venta:17301,https://www.locales.es/madrid/venta/local17301#offerType=1&estateType=3&settlement=6773,https://www.locales.es/madrid/contactar/propietario/17301,"Local comercial en Venta en Prosperidad, Madrid","Restaurante en venta con 180m² en Madrid, en la zona de Prosperidad",Local comercial,local_comercial,De banco,2000000.0,11111.1,180.0,2.0,Salida de humos | Barra | Alta visibilidad | Situado a pie de calle | +1,"Local en venta con reforma integral en 2008, ubicado en zona transitada. Altura suelo a techo de 4 metros, buena ventilación y luz natural. Excelente comunicación y acceso a transporte público.","!Atención inversores! Excelente oportunidad de adquirir un local en venta con licencia activa de bar restaurante en una de las zonas más transitadas de Madrid. La propiedad cuenta con una reforma integral en 2008, lo que le brinda una imagen moderna y actual. El local se encuentra en la planta 1 y cuenta con una altura suelo a techo de 4 metros, lo que le da una sensación de amplitud y luminosidad. Además, dispone de 4 ventanas a la calle y 3 ventanas a patio de luces, lo que permite una buena ventilación y entrada de luz natural. La zona exterior del local cuenta con una puerta de calle frente a una rampa de acceso a la sala interior y una ventana frente a la barra con vista al exterior, lo que le da una sensación de amplitud y una buena vista. Además, la cocina tiene acceso desde la barra y cuenta con salida de humos a la cubierta. La propiedad cuenta con una excelente ubicación, ya que dispone de una parada de autobús en la puerta y las líneas 1-72 en frente. Además, el intercambiador Av. América se encuentra a solo 200 metros y el metro Cartagena a 50 metros. La propiedad se encuentra a 10 minutos de Plaza de España en metro y a 20 minutos del aeropuerto y IFEMA en bus o metro. Si busca una propiedad en una zona con buena comunicación, no dude en contactarnos. !Esta propiedad es lo que está buscando!",Prosperidad,Madrid > Prosperidad > Venta,"Prosperidad, Madrid","Prosperidad, Madrid, España",ok,nominatim,zone_approx,"Prosperidad, Chamartín, Madrid, Comunidad de Madrid, España",40.443946,-3.6701659,,,,,,,,2024-02-27T02:27:20+0000,2024-06-13T16:02:20+0000,ok
locales.es,madrid,venta,12,18472,venta:18472,https://www.locales.es/madrid/venta/local18472#offerType=1&estateType=3&settlement=6773,https://www.locales.es/madrid/contactar/propietario/18472,"Local comercial en Venta en El Viso, Madrid",,,local_comercial,De inmobiliaria,3200000.0,1280.0,2500.0,,Sistemas de Seguridad | Video vigilancia | Almacén | Ascensor | +5,Venta de local comercial de más de 2500m² con arrendamiento a operador de alimentación en Madrid. Ubicado en población de más 200.000 habitantes.,,,,"El Viso, Madrid","El Viso, Madrid, España",ok,nominatim,zone_approx,"El Viso, Chamartín, Madrid, Comunidad de Madrid, España",40.4448882,-3.6847127,,,,,,,,,,card_only_geocoded
locales.es,madrid,venta,12,21172,venta:21172,https://www.locales.es/madrid/venta/local21172#offerType=1&estateType=3&settlement=6773,https://www.locales.es/madrid/contactar/propietario/21172,"Local comercial en Venta en Chopera, Madrid","Bar en venta con 76m² en Madrid, en la zona de Chopera",Local,local_comercial,De inmobiliaria,169000.0,2223.7,76.0,2.0,Patio | Almacén,"Local comercial con uso de bar y licencia vigente, distinción y amplitud en dos plantas. Sin comisión de agencia.","move! Servicios Inmobiliarios vende excepcional local comercial en calle embajadores. Local con uso de Bar y licencia vigente, aunque es necesario la actualización completa del mismo, sus características le proporcionan carácter y distinción frente a otros inmuebles de la zona. Local dividido en dos plantas. Planta calle con disposición de una sola estancia con gran amplitud de fachada y posibilidad de luces a patio interior. Planta sótano donde se encuentran situados los aseos y almacén con ventilación natural a patio de luces. Sin comisión de agencia. No deje de visitarlo.",Chopera,Madrid > Chopera > Venta,"Chopera, Madrid","Chopera, Madrid, España",ok,nominatim,zone_approx,"Chopera, Arganzuela, Madrid, Comunidad de Madrid, España",40.3950981,-3.6994819,,,,,,,,2024-06-14T11:24:54+0000,2024-11-25T11:17:35+0000,ok
locales.es,madrid,venta,12,25118,venta:25118,https://www.locales.es/madrid/venta/local25118#offerType=1&estateType=3&settlement=6773,https://www.locales.es/madrid/contactar/propietario/25118,"Local comercial en Venta en Quintana, Madrid",,,local_comercial,De inmobiliaria,90000.0,3461.5,26.0,1.0,Patio | Aire acondicionado | Muebles | Salida de humos | +2,"Local acogedor en Madrid con múltiples comodidades como dormitorio, baño, altillo y ubicación conveniente junto a Arturo Soria.",,,,"Quintana, Madrid","Quintana, Madrid, España",ok,nominatim,zone_approx,"Quintana, Ciudad Lineal, Madrid, Comunidad de Madrid, 28027, España",40.4356576,-3.6471022,,,,,,,,,,card_only_geocoded
locales.es,madrid,venta,12,25224,venta:25224,https://www.locales.es/madrid/venta/local25224#offerType=1&estateType=3&settlement=6773,https://www.locales.es/madrid/contactar/propietario/25224,"Local comercial en Venta en Estrella, Madrid","Local comercial en venta con 35m² en Madrid, en la zona de Estrella",Local,local_comercial,De inmobiliaria,110000.0,3142.9,35.0,,,Bajo comercial de 35m² disponible en zona céntrica y histórica.,BAJO COMERCIAL EN VENTA ZONA CENTRO (CASO HISTORICO) DE 35 METROS CUADRADOS,Estrella,Madrid > Estrella > Venta,"Estrella, Madrid","Estrella, Madrid, España",ok,nominatim,zone_approx,"Estrella, Retiro, Madrid, Comunidad de Madrid, España",40.4117618,-3.6669977,,,,,,,,2024-06-21T20:00:51+0000,2024-06-29T09:02:03+0000,ok
locales.es,madrid,venta,12,26732,venta:26732,https://www.locales.es/madrid/venta/local26732#offerType=1&estateType=3&settlement=6773,https://www.locales.es/madrid/contactar/propietario/26732,"Local comercial en Venta en Calle Gómez de Arteche, Madrid","Local comercial en venta con 79m² en Madrid, Calle Gómez de Arteche, 11",Local,local_comercial,De propietario,79500.0,1006.3,79.0,,,"Inmueble en subasta, oportunidad de inversión. Acceso calle. Cambio de uso posible.","INMUEBLE DE SUBASTA. CESIÓN DE REMATE. Oportunidad de Inversión. La adquisición del inmueble publicitado en este anuncio se realizará exclusivamente en el marco del proceso de Subasta Judicial en el que se encuentra. Al no tratarse de una compraventa directa, el importe publicado ha de ser considerado como una orientación al precio por el cual puede adjudicarse el inmueble. Toda la información aquí publicada se encuentra disponible de manera pública en el Boletín Oficial del Estado. FINANCIACION NO DISPONIBLE ACTIVO NO VISITABLE Local en venta en Cesión de Remate de 79 m2, localizado en Madrid. Acceso desde la calle. Posibilidad de CAMBIO DE USO.",,Madrid > Venta,"Calle Gómez de Arteche, Madrid","Calle Gómez de Arteche, Madrid, España",ok,nominatim,street_approx,"Calle de Gómez de Arteche, Buenavista, Carabanchel, Madrid, Comunidad de Madrid, 28044, España",40.3693731,-3.7554453,8a390cbab50ffff,10.0,11150.0,11.0,Carabanchel,116.0,Buenavista,2024-07-04T14:58:33+0000,2024-07-04T14:58:37+0000,ok
locales.es,madrid,venta,12,27832,venta:27832,https://www.locales.es/madrid/venta/local27832#offerType=1&estateType=3&settlement=6773,https://www.locales.es/madrid/contactar/propietario/27832,"Local comercial en Venta en Numancia, Madrid","Bar en venta con 125m² en Madrid, en la zona de Numancia",Local,local_comercial,De inmobiliaria,229000.0,1832.0,125.0,,Salida de humos | Alta visibilidad,"Bar en venta con licencia, salida de humos y fachada de 9 metros. Situado en zona comercial de mucho paso.","Local amplio en calle Puerto de Canfranc. Tiene licencia de Bar y salida de humos. Fachada de 9 metros Inmejorable situación, calle muy comercial de mucho paso, bar muy visible y conocido. A menos de cinco minutos Avenida Albufera.",Numancia,Madrid > Numancia > Venta,"Numancia, Madrid","Numancia, Madrid, España",ok,nominatim,zone_approx,"Numancia, Puente de Vallecas, Madrid, Comunidad de Madrid, 28038, España",40.3995283,-3.6596765,,,,,,,,2024-07-17T13:38:54+0000,2024-07-17T13:38:58+0000,ok
locales.es,madrid,venta,12,28575,venta:28575,https://www.locales.es/madrid/venta/local28575#offerType=1&estateType=3&settlement=6773,https://www.locales.es/madrid/contactar/propietario/28575,"Local comercial en Venta en Valdefuentes, Madrid","Local comercial en venta con 75m² en Madrid, en la zona de Valdefuentes",Local comercial,local_comercial,De inmobiliaria,220000.0,2933.3,75.0,1.0,Urbanización privada | Sistemas de Seguridad | Aire acondicionado | Almacén | +2,"Local insonorizado con 4 estancias, ideal para negocios o como hogar, con buena visibilidad y adaptado para personas con movilidad reducida.","!Oportunidad única! Se vende local comercial con posibilidad real de cambio de uso a vivienda, ubicado en una urbanización cerrada y con vigilancia, garantizando seguridad y tranquilidad. Construido en 2009, este local de 93 m2 construidos (75 m2 útiles) está completamente insonorizado, ideal para cualquier tipo de negocio que requiera privacidad y silencio. El inmueble cuenta con un hall de entrada que incluye un almacén, un baño adaptado para personas con movilidad reducida, aire acondicionado con bomba de calor y salida de humos. El local se distribuye en una sola planta con 4 estancias bien definidas, perfectas para oficinas, consultas o incluso un estudio creativo. Además, dispone de 2 escaparates que ofrecen una excelente visibilidad desde el exterior y una fachada de 13 metros lineales que asegura una gran presencia comercial. Los locales colindantes han sido reformados con cambio de uso. No pierdas la oportunidad de invertir en este versátil espacio que puede adaptarse a tus necesidades comerciales o convertirse en tu hogar soñado. Con calefacción y aire acondicionado, este local ofrece comodidad durante todo el año. !Contacta con nosotros para más información y para concertar una visita!",Valdefuentes,Madrid > Valdefuentes > Venta,"Valdefuentes, Madrid","Valdefuentes, Madrid, España",ok,nominatim,zone_approx,"Valdefuentes, Hortaleza, Madrid, Comunidad de Madrid, España",40.4930457,-3.6351015,,,,,,,,2024-08-01T17:31:39+0000,2024-08-01T17:31:44+0000,ok
locales.es,madrid,venta,12,29268,venta:29268,https://www.locales.es/madrid/alquiler-venta/local29268#offerType=1&estateType=3&settlement=6773,https://www.locales.es/madrid/contactar/propietario/29268,"Local comercial en Venta en Paseo de Santa María de la Cabeza, Madrid",,,local_comercial,De inmobiliaria,5300000.0,2687.6,1972.0,6.0,Aire acondicionado | Ascensor | Situado a pie de calle,"Excelente ubicación con gran visibilidad, fachada acristalada y distribuido en tres alturas.",,,,"Paseo de Santa María de la Cabeza, Madrid","Paseo de Santa María de la Cabeza, Madrid, España",ok,nominatim,street_approx,"Paseo de Santa María de la Cabeza, Moscardó, Usera, Madrid, Comunidad de Madrid, 28026, España",40.3860831,-3.7163825,8a390ca36b1ffff,10.0,12073.0,12.0,Usera,125.0,Moscardó,,,card_only_geocoded
locales.es,madrid,venta,12,30017,venta:30017,https://www.locales.es/madrid/venta/local30017#offerType=1&estateType=3&settlement=6773,https://www.locales.es/madrid/contactar/propietario/30017,"Local comercial en Venta en Universidad, Madrid","Local comercial en venta con 100m² en Madrid, en la zona de Universidad",Local comercial,local_comercial,De inmobiliaria,65000.0,650.0,100.0,1.0,,"Amplio local de 100m², ideal para uso comercial o residencial con múltiples posibilidades.","VENTA DE LOCAL COMERCIAL EN AVENIDA DE BUENOS AIRES PRECIO: 65000€ SUPERFICIE:100M2 Oportunidad Única en Avenida de Buenos Aires: Local Comercial Convertible en Vivienda por Solo 65,000 Euros Se vende amplio local comercial de 100 metros cuadrados, ubicado en Avenida de Buenos Aires. Este espacio versátil ofrece una excelente oportunidad tanto para emprendedores como para aquellos que buscan convertirlo en una cómoda vivienda. Características del Local: Superficie: 100 metros cuadrados, ofreciendo un amplio espacio para diversas actividades comerciales o para diseñar la vivienda de tus sueños. Versatilidad: Perfecto para uso comercial o residencial, con la posibilidad de adaptarlo a tus necesidades específicas. Precio: 65,000 Euros, una oportunidad imperdible en el mercado inmobiliario. Este local es ideal para inversores, emprendedores y particulares que buscan una propiedad con múltiples posibilidades en una ubicación inmejorable. ¡No dejes pasar esta oportunidad única! Contacta con nosotros para más información y para organizar una visita. Todas los servicios. Consúltanos sin compromiso. Llámanos, estaremos encantados de atenderte. Los datos de esta publicación se muestran a título informativo, no contractual y no son vinculantes. Ofrecemos facilidades de financiación hasta el 100% !!!",Universidad,Madrid > Universidad > Venta,"Universidad, Madrid","Universidad, Madrid, España",ok,nominatim,zone_approx,"Universidad, Centro, Madrid, Comunidad de Madrid, 28004, España",40.425426,-3.7060234,,,,,,,,2024-10-10T10:05:15+0000,2024-10-10T10:05:19+0000,ok
locales.es,madrid,venta,12,31458,venta:31458,https://www.locales.es/madrid/venta/local31458#offerType=1&estateType=3&settlement=6773,https://www.locales.es/madrid/contactar/propietario/31458,"Local comercial en Venta en Palos de la Frontera, Madrid","Local comercial en venta con 20m² en Madrid, en la zona de Palos de la Frontera",Local comercial,local_comercial,De inmobiliaria,120000.0,6000.0,20.0,,Persiana metálica | Escaparate,"Local de 14m², buena ubicación, gran escaparate, cerramiento eléctrico. Se entrega vacío.",Local disponible en calle Ferrocarril. Ubicación inmejorable. Junto a Paseo de las Delicias. Buen estado. Gran escaparate. Se entrega vacío. Cerramiento metálico eléctrico. Sin gastos de intermediación.,Palos de la Frontera,Madrid > Palos de la Frontera > Venta,"Palos de la Frontera, Madrid","Palos de la Frontera, Madrid, España",ok,nominatim,unknown,"Palos de la Frontera, Calle de Palos de la Frontera, Palos de la Frontera, Arganzuela, Madrid, Comunidad de Madrid, 28045, España",40.4030849,-3.6947843,,,,,,,,2024-10-18T09:17:40+0000,2024-10-18T09:17:46+0000,ok
locales.es,madrid,venta,12,32121,venta:32121,https://www.locales.es/madrid/venta/local32121#offerType=1&estateType=3&settlement=6773,https://www.locales.es/madrid/contactar/propietario/32121,"Local comercial en Venta en Embajadores, Madrid","Local comercial en venta con 53m² en Madrid, en la zona de Embajadores",Local comercial,local_comercial,De inmobiliaria,162000.0,3056.6,53.0,1.0,Situado a pie de calle,"Local de 53m² convertible en vivienda, techos altos, 2 accesos, cerca de Universidad Carlos III y Metro.","EMBLEMA SERVICIOS INMOBILIARIOS promociona en venta LOCAL COMERCIAL . Situado en el corazón de El Rastro; lugar de residencias para estudiantes, debido a la cercanía de la Universidad Carlos III - Puerta De Toledo Campus y elegido, también, por el turismo nacional e internacional para pernoctar y conocer el Madrid más castizo. Próximo al Metro Puerta De Toledo, al Teatro La Latina, a la Plaza Mayor y a Madrid Río. Zona inmejorable. Local comercial, se puede convertir en vivienda , de 53 M2 con 2 accesos independientes, desde la calle y por el portal,techos altos,con grandes posibilidades Para más información no duden en ponerse en contacto con nosotros, en los teléfonos: 637300896 o 913657943. Nuestro horario de atención al cliente es de 9:30h a 14:00h y de 17:00h a 20:30h.",Embajadores,Madrid > Embajadores > Venta,"Embajadores, Madrid","Embajadores, Madrid, España",ok,nominatim,zone_approx,"Embajadores, Centro, Madrid, Comunidad de Madrid, España",40.4095856,-3.7029851,,,,,,,,2024-10-21T15:08:14+0000,2024-10-21T15:08:20+0000,ok
locales.es,madrid,venta,12,32619,venta:32619,https://www.locales.es/madrid/venta/local32619#offerType=1&estateType=3&settlement=6773,https://www.locales.es/madrid/contactar/propietario/32619,"Local comercial en Venta en Universidad, Madrid","Local comercial en venta en Madrid, en la zona de Universidad",Local comercial,local_comercial,De inmobiliaria,875000.0,,,,Alta visibilidad | Situado a pie de calle,Local de 92 m2 con 5 salas en una zona con alta afluencia y demanda comercial.,"!Oportunidad única en el corazón de Malasaña! Presentamos este fantástico local comercial en la calle Pez 23, una ubicación privilegiada en uno de los barrios más icónicos y dinámicos de Madrid. Malasaña es conocida por su vibrante escena cultural, su vida nocturna y su ambiente alternativo, lo que la convierte en un lugar perfecto para emprendedores que buscan establecerse en un entorno lleno de creatividad y movimiento. Características del local: Superficie construida: 92 m2 distribuidos en planta baja. Distribución: 5 salas que ofrecen múltiples opciones de uso. Gastos de comunidad: 58,05 €/mes. IBI: 645,98 € anuales. TRUA: 64,50 € anuales. Local libre de arrendamiento, listo para empezar tu negocio. Renta esperada: 4.100 €/mes, ofreciendo una atractiva rentabilidad para inversores. Â¿Por qué Malasaña? Malasaña es un barrio que nunca pasa de moda. Su mezcla de historia, cultura y modernidad lo convierte en un punto de encuentro para residentes, turistas y creativos. Las calles de Malasaña están llenas de cafés, boutiques, galerías y espacios culturales que atraen a una clientela joven, cosmopolita y en constante movimiento. Este local, ubicado en la calle Pez, se sitúa en una de las arterias más frecuentadas del barrio, garantizando visibilidad y afluencia de público. Ventajas de invertir en Madrid: Invertir en Madrid es sinónimo de seguridad y crecimiento. La ciudad sigue siendo una de las más demandadas en Europa tanto por su oferta cultural y comercial como por su estabilidad económica. Algunos beneficios clave de invertir aquí son: - Alta rentabilidad: Como este local, con una renta esperada de 4.100 €/mes. - Gran demanda de espacios comerciales, especialmente en zonas céntricas como Malasaña. - Afluencia constante de turistas y residentes internacionales, que dinamizan el consumo local. - Revalorización asegurada a largo plazo en barrios históricos y de moda como este. Este local en calle Pez es una oportunidad ideal tanto para inversores que buscan alta rentabilidad como para emprendedores que quieran abrir un negocio en una zona llena de vida. !No dejes pasar esta increíble oportunidad! Contáctanos hoy mismo para más información, planos o una visita virtual. !Este local puede ser el comienzo de tu próximo gran proyecto!",Universidad,Madrid > Universidad > Venta,"Universidad, Madrid","Universidad, Madrid, España",ok,nominatim,zone_approx,"Universidad, Centro, Madrid, Comunidad de Madrid, 28004, España",40.425426,-3.7060234,,,,,,,,2024-10-22T06:02:50+0000,2024-10-22T06:02:59+0000,ok
locales.es,madrid,venta,12,32620,venta:32620,https://www.locales.es/madrid/venta/local32620#offerType=1&estateType=3&settlement=6773,https://www.locales.es/madrid/contactar/propietario/32620,"Local comercial en Venta en Justicia, Madrid","Local comercial en venta con 167m² en Madrid, en la zona de Justicia",Local comercial,local_comercial,De inmobiliaria,1050000.0,6287.4,167.0,1.0,Almacén | Alta visibilidad,"Local de 167m², 3 almacenes, 2 despachos. Ideal para negocios sin salida de humos.","Â¿Buscas un local comercial en una de las zonas más vibrantes de Madrid? Te presentamos este fantástico local situado en Chueca, uno de los barrios más populares y de moda de la ciudad. Conocido por su ambiente cosmopolita, lleno de vida y con una gran variedad de tiendas, bares, restaurantes y espacios culturales, Chueca es un punto de referencia para quienes buscan el pulso urbano en Madrid. !Una ubicación perfecta para atraer a un público diverso y moderno! Características del local: Superficie construida: 167 m2 distribuidos entre planta baja con un baño y un aseo, 3 almacenes y una amplia zona de exposición y sótano con 2 despachos. Año de construcción: 1900 Comunidad: 59.76 €/mes. IBI: 1.146,68 € (2024). TRUA: 117 € anuales. Libre de arrendamiento: Listo para comenzar tu proyecto. Sin salida de humos y sin derecho a ello. Renta esperada: 4.800 €/mes, una oportunidad excepcional para inversores que buscan una alta rentabilidad. Â¿Por qué invertir en Madrid? Madrid es una ciudad que no deja de crecer y su mercado inmobiliario es uno de los más sólidos de Europa. Invertir en Madrid ofrece seguridad y estabilidad, tanto a corto como a largo plazo, debido a factores como: - Alta demanda comercial y residencial en zonas céntricas como Chueca. - Flujo constante de turistas y residentes internacionales, que dinamizan el consumo y hacen que los negocios prosperen. - Rendimiento asegurado, con rentas que, como en este caso, pueden alcanzar los 4.800 € al mes. - Infraestructura de primer nivel, con excelentes conexiones de transporte, servicios y una oferta cultural que atrae a millones de personas anualmente. Este local en Chueca ofrece el potencial ideal para cualquier tipo de negocio que no requiera salida de humos, en un área que combina el espíritu tradicional de Madrid con las últimas tendencias. Chueca es un epicentro cultural y comercial, donde tu negocio estará rodeado de un entorno dinámico, atrayendo tanto a residentes como a turistas. !No dejes pasar esta oportunidad de inversión en una de las mejores zonas de Madrid! Para más información, planos o una visita virtual, contáctanos hoy mismo.",Justicia,Madrid > Justicia > Venta,"Justicia, Madrid","Justicia, Madrid, España",ok,nominatim,zone_approx,"Justicia, Centro, Madrid, Comunidad de Madrid, España",40.4232759,-3.6966805,,,,,,,,2024-10-22T06:02:59+0000,2024-10-22T06:03:07+0000,ok
locales.es,madrid,venta,12,32621,venta:32621,https://www.locales.es/madrid/venta/local32621#offerType=1&estateType=3&settlement=6773,https://www.locales.es/madrid/contactar/propietario/32621,"Local comercial en Venta en Comillas, Madrid","Local comercial en venta con 160m² en Madrid, en la zona de Comillas",Local comercial,local_comercial,De inmobiliaria,900000.0,5625.0,160.0,,,160m² totales. Local 1 alquilado como óptica. Local 2 y vivienda para reformar o alquilar.,"Excelente Inversión en Calle Antonio López 32 (Madrid) de 2 Locales + 1 Vivienda en planta Baja para reformar en un futuro o sacarle rentabilidad tal como está. La superficie útil de los 3 inmuebles es de 160,10 M2 El Local 1 está alquilado como Óptica a 3.700 euros / mes hasta 31/05/2036 El Local 2 tiene una superficie útil de 30,57 M2 (posibilidad de hacer vivienda o alquiler como Local) La Vivienda consta de una Superficie útil de 26,28 M2",Comillas,Madrid > Comillas > Venta,"Comillas, Madrid","Comillas, Madrid, España",ok,nominatim,zone_approx,"Comillas, Carabanchel, Madrid, Comunidad de Madrid, España",40.3937574,-3.7116516,,,,,,,,2024-10-22T06:03:07+0000,2024-10-22T06:03:11+0000,ok
locales.es,madrid,venta,12,32631,venta:32631,https://www.locales.es/madrid/venta/local32631#offerType=1&estateType=3&settlement=6773,https://www.locales.es/madrid/contactar/propietario/32631,"Local comercial en Venta en Cortes, Madrid","Local comercial en venta con 128m² en Madrid, en la zona de Cortes",Local comercial,local_comercial,De inmobiliaria,2100000.0,16406.3,128.0,,Cocina completamente equipada | Almacén,"Local de 206m² en zona turística, ideal para hostelería, con alta rentabilidad y buena distribución.","!Gran oportunidad de inversión en el corazón de Madrid! Presentamos este exclusivo local comercial en la calle Príncipe 4, en pleno barrio de Centro - Cortes-Huertas, una de las zonas más emblemáticas y con más afluencia de la capital. Ubicado en una de las áreas más transitadas por turistas y locales, este espacio cuenta con licencia de bar-restaurante, lo que lo convierte en una inversión ideal para empresarios del sector hostelero o para aquellos que busquen un local con alta rentabilidad. Características del local: - Superficie construida: 206 m2 distribuidos en planta baja y sótano. - Metros en planta baja: 43,9 m2. - Metros en sótano: 84 m2, perfectamente equipado para el uso comercial. - Gastos de comunidad: 245,91 €/mes. - IBI: 1.533,97 € anuales. - TRUA: 261 € anuales. - Local vacío de inquilinos y listo para iniciar la actividad. - Renta esperada: 9.000 €/mes, lo que lo convierte en una excelente opción para inversores. Distribución del local: - Planta baja: Con zona de atención al público, mostrador, oficina, aseo P.M.R. y área de paso. Ideal para generar un ambiente cómodo y funcional para los clientes. - Planta sótano: Completamente equipada con cocina, 3 almacenes, cámaras frigoríficas, zona de lavado, aseos para hombres y mujeres, sala de tránsito y cuarto de basura. El diseño del sótano optimiza la operación interna de cualquier negocio de hostelería, asegurando un flujo de trabajo eficiente. Â¿Por qué Cortes-Huertas? El barrio Centro - Cortes-Huertas es conocido como el Barrio de las Letras, un lugar con una rica historia cultural y literaria, donde residieron grandes escritores del Siglo de Oro español. Además, su excelente ubicación cerca de museos como el Prado y el Thyssen, el Teatro Español, y su proximidad a zonas tan icónicas como la Puerta del Sol y la Plaza Santa Ana, hacen de este barrio un punto neurálgico del turismo en Madrid. Es una zona que nunca deja de estar en demanda, tanto por turistas como por madrileños que buscan disfrutar de su vibrante vida social, gastronómica y cultural. Ventajas de invertir en Madrid: Invertir en la ciudad de Madrid ofrece múltiples ventajas, entre ellas: - Alta rentabilidad: Este local cuenta con una renta esperada de 9.000 €/mes, lo que lo convierte en una inversión sólida y atractiva. - Ubicación estratégica: Zonas como Cortes-Huertas aseguran afluencia constante de público, tanto turistas como residentes. - Crecimiento estable: El mercado inmobiliario de Madrid continúa siendo uno de los más sólidos y demandados de Europa, con un alto potencial de revalorización a largo plazo. - Conexión con la cultura: Invertir en un barrio tan rico en historia y cultura es sinónimo de prestigio, y garantiza la relevancia y el atractivo continuo de cualquier negocio ubicado en la zona. Este local es una oportunidad excepcional tanto para inversores como para empresarios del sector hostelero que busquen un espacio en una ubicación premium con gran potencial de negocio. !No dejes pasar esta oportunidad! Contáctanos hoy mismo para más información, planos o una visita. !Tu próximo éxito empresarial empieza aquí!",Cortes,Madrid > Cortes > Venta,"Cortes, Madrid","Cortes, Madrid, España",ok,nominatim,zone_approx,"Cortes, Centro, Madrid, Comunidad de Madrid, 28014, España",40.4147791,-3.6975842,,,,,,,,2024-10-22T06:04:37+0000,2024-10-22T06:04:49+0000,ok
locales.es,madrid,venta,12,34102,venta:34102,https://www.locales.es/madrid/venta/local34102#offerType=1&estateType=3&settlement=6773,https://www.locales.es/madrid/contactar/propietario/34102,"Local comercial en Venta en Cortes, Madrid","Local comercial en venta con 300m² en Madrid, en la zona de Cortes",Local comercial,local_comercial,De inmobiliaria,3800000.0,12666.7,300.0,,Salida de humos | Barra,Venta de local de 300m² arrendado hasta 2030 en ubicación estratégica. Ideal para inversores.,"!Oportunidad de inversión en el emblemático barrio de Cortes, Madrid! Presentamos un local comercial en venta, situado en la céntrica Calle Príncipe 18. Este espacio es una excelente oportunidad para inversores que buscan una propiedad arrendada con ingresos garantizados y un potencial de revalorización en una de las zonas más exclusivas de Madrid: Cortes. Detalles del local: - Superficie construida: 300 m2, distribuidos en planta baja y planta sótano, ofreciendo una gran versatilidad para el desarrollo de diversas actividades comerciales. - Salida de humos: Autorizada desde el 25 de abril del 2019, lo que aumenta las posibilidades de uso, aunque la licencia de hostelería no es posible debido a su ubicación en zona ZPAE. - Gastos: Comunidad de propietarios: 157,34 €/mes. IBI: 2.142 €/año. TRUA: 261 €/año. Situación actual del arrendamiento: Este local está arrendado hasta el 31 de julio del 2030, lo que asegura ingresos estables durante al menos los próximos años. El arrendatario actual lo utiliza para un comercio de alimentación con barra de degustación, lo que garantiza una buena afluencia de clientes dada la ubicación estratégica del local. Renta actual: - Primer y segundo año: 9.000 €/mes. - Tercer y cuarto año: 10.000 €/mes. - Quinto año en adelante: 11.000 €/mes. * Primera actualización de renta prevista: enero de 2025. Fianza: Dos meses de alquiler. Ubicación estratégica: El barrio de Cortes, también conocido como el Barrio de las Letras, es una de las zonas más emblemáticas y culturales de Madrid. A pocos pasos del Museo del Prado, el Teatro Español y la Plaza de Santa Ana, este barrio atrae tanto a turistas como a locales por su oferta cultural, su historia literaria y su vibrante vida social. El local, situado en la Calle Príncipe, goza de una excelente conexión con el transporte público, con varias líneas de metro y autobús a poca distancia. Además, su proximidad a la Puerta del Sol y la Gran Vía lo convierte en un enclave perfecto para el éxito de cualquier negocio comercial. Ventajas de invertir en Madrid: Madrid es una ciudad con un mercado inmobiliario en constante crecimiento, especialmente en áreas céntricas como Cortes. Invertir en este local ofrece una rentabilidad segura, con un arrendatario que ya genera ingresos desde 2020 y una ubicación privilegiada en uno de los barrios más visitados de la capital. Además, el valor de las propiedades en esta zona sigue aumentando, lo que asegura una revalorización a medio y largo plazo. Una inversión rentable en el corazón cultural de Madrid: Este local comercial en la Calle Príncipe es ideal para aquellos que buscan una inversión segura y estable, con un contrato de arrendamiento vigente y una excelente ubicación en el barrio de Cortes. Los ingresos asegurados, la flexibilidad de uso y el alto potencial de revalorización lo convierten en una oportunidad única en el mercado. !No dejes pasar esta excelente oportunidad! Contáctanos para más información o para programar una visita. Este local en pleno corazón de Madrid puede ser el próximo paso en tu camino hacia el éxito inmobiliario.",Cortes,Madrid > Cortes > Venta,"Cortes, Madrid","Cortes, Madrid, España",ok,nominatim,zone_approx,"Cortes, Centro, Madrid, Comunidad de Madrid, 28014, España",40.4147791,-3.6975842,,,,,,,,2024-10-25T10:48:05+0000,2024-10-25T10:48:14+0000,ok
locales.es,madrid,venta,12,34103,venta:34103,https://www.locales.es/madrid/venta/local34103#offerType=1&estateType=3&settlement=6773,https://www.locales.es/madrid/contactar/propietario/34103,"Local comercial en Venta en Justicia, Madrid","Local comercial en venta con 106m² en Madrid, en la zona de Justicia",Local comercial,local_comercial,De inmobiliaria,600000.0,5660.4,106.0,,Alta visibilidad,Local de 106m² en Chueca con contrato de 15 años. Alto tránsito y ubicación privilegiada.,"!Excelente oportunidad de inversión en el corazón de Chueca, Madrid! Te presentamos este fantástico local comercial situado en la Calle Infantas, en el animado y cosmopolita barrio de Chueca. Este espacio es perfecto para aquellos que buscan una inversión sólida con un contrato de arrendamiento a largo plazo y una ubicación privilegiada en uno de los barrios más deseados de la capital. Detalles del local: - Superficie construida: 106 m2 distribuidos en una planta baja accesible y funcional, con espacios amplios que se adaptan a diferentes tipos de negocios. - Contrato de arrendamiento a largo plazo: El local está alquilado por un periodo de 15 años, asegurando ingresos constantes durante más de una década. - Renta mensual actual: 2.400 €/mes, con una fianza de dos meses. - Gastos a cargo del arrendatario: TRUA: 86 €/mes. - Gastos a cargo del arrendador: IBI (2021): 610,91 €/año. Comunidad: 34 €/mes. Un local con alto potencial en un barrio dinámico: Ubicado en pleno corazón de Chueca, uno de los barrios más vibrantes y de moda de Madrid, este local comercial se encuentra en una zona de alto tránsito peatonal y es ideal para negocios que buscan aprovechar la energía y el dinamismo de este enclave único. La Calle Infantas está rodeada de tiendas de diseño, cafeterías, restaurantes y bares, lo que la convierte en una ubicación estratégica para atraer a un público diverso, desde madrileños hasta turistas internacionales. Chueca es conocida por su ambiente cosmopolita y su amplia oferta cultural, siendo uno de los barrios más visitados y animados de Madrid. Esto garantiza que cualquier negocio ubicado aquí disfrute de una exposición excepcional y un flujo continuo de clientes. Por qué invertir en Madrid: Invertir en un local comercial en Madrid, especialmente en zonas céntricas como Chueca, ofrece una serie de ventajas clave: - Rentabilidad estable: Con una renta mensual de 2.400 €, este local garantiza ingresos seguros durante los próximos 15 años. - Ubicación estratégica: La cercanía a la Gran Vía, una de las principales arterias comerciales y turísticas de la ciudad, así como su conexión con el resto de Madrid, hace que este local tenga un gran atractivo comercial. - Revalorización del activo: La demanda de locales comerciales en Chueca sigue siendo alta, lo que asegura un potencial de revalorización a medio y largo plazo. Una inversión segura con alta proyección: Este local en la Calle Infantas es una oportunidad única para quienes buscan una inversión en un activo comercial con un contrato de arrendamiento garantizado y una ubicación prime en Madrid. Tanto por su rentabilidad estable como por su potencial de crecimiento en uno de los barrios más codiciados de la capital, esta propiedad es una excelente opción para inversores exigentes. !No dejes pasar esta oportunidad! Contáctanos hoy mismo para obtener más información o para programar una visita. Este local en Chueca puede ser el próximo gran paso en tu portafolio de inversiones.",Justicia,Madrid > Justicia > Venta,"Justicia, Madrid","Justicia, Madrid, España",ok,nominatim,zone_approx,"Justicia, Centro, Madrid, Comunidad de Madrid, España",40.4232759,-3.6966805,,,,,,,,2024-10-25T10:48:14+0000,2024-11-25T12:23:10+0000,ok
locales.es,madrid,venta,12,34104,venta:34104,https://www.locales.es/madrid/venta/local34104#offerType=1&estateType=3&settlement=6773,https://www.locales.es/madrid/contactar/propietario/34104,"Local comercial en Venta en Sol, Madrid","Local comercial en venta con 88m² en Madrid, en la zona de Sol",Local comercial,local_comercial,De inmobiliaria,545000.0,6193.2,88.0,,Alta visibilidad | Situado a pie de calle,"Oportunidad de inversión en la Calle Latoneros de Madrid, con 88m² en un área estratégica.","!Gran oportunidad de inversión en el corazón de Madrid, barrio de Sol! Te presentamos este local comercial ubicado en Calle Latoneros, una de las zonas más transitadas y emblemáticas del Centro de Madrid. Este espacio es perfecto tanto para emprendedores como para inversores que buscan un activo comercial con alto potencial de rentabilidad. Características del local: - Superficie construida: 88 m2 distribuidos en dos plantas: Planta baja (calle): 35 m2. Planta sótano: 53 m2. Entrada a pie de calle, ideal para captar el tráfico peatonal constante del área. - Precio de venta: 545.000 €, una excelente oportunidad para establecer un negocio o generar ingresos a largo plazo. - Renta esperada: 3.000 €/mes, lo que garantiza un retorno de inversión atractivo. - Gastos a tener en cuenta: IBI (2023): 1.472,90 €/año. -Ubicación privilegiada: Este local se encuentra en pleno barrio de Sol, una de las zonas más deseadas y visitadas de Madrid. Su ubicación es inmejorable, con un flujo constante de peatones tanto locales como turistas, lo que asegura una alta visibilidad y gran potencial de clientela para cualquier tipo de negocio. Sol es el corazón de la ciudad, donde convergen tiendas, restaurantes, hoteles y puntos de interés turístico. Esto convierte a este local en una oportunidad ideal para aquellos que buscan invertir en una zona con gran dinamismo comercial. La cercanía a la Puerta del Sol, una de las plazas más famosas de España, y la excelente conectividad de transporte público (metro, trenes y autobuses) garantizan que este espacio tendrá un flujo constante de personas. Por qué invertir en Madrid: Madrid es una ciudad con un mercado inmobiliario sólido y en crecimiento. Invertir en un local comercial en una zona como Sol garantiza: - Alta rentabilidad: El local puede generar un ingreso mensual estable de 3.000 €, con un contrato de alquiler ideal para pequeños o medianos negocios. - Revalorización del activo: La demanda de locales comerciales en el centro de Madrid continúa en aumento, lo que hace de este local una inversión segura a medio y largo plazo. - Ubicación estratégica: Estar en el corazón de Madrid, rodeado de una amplia oferta cultural y comercial, asegura un alto tráfico peatonal y visibilidad. Una oportunidad que no puedes dejar escapar: Este local es perfecto para quienes buscan invertir en una ubicación premium con un gran potencial de rentabilidad. Ya sea para establecer un negocio o como una propiedad para alquiler comercial, este espacio en la Calle Latoneros representa una oportunidad única. !Contáctanos hoy mismo para más información o para agendar una visita! Este local puede ser la clave de tu próximo éxito comercial en Madrid.",Sol,Madrid > Sol > Venta,"Sol, Madrid","Sol, Madrid, España",ok,nominatim,unknown,"Sol, Plaza de la Puerta del Sol, Barrio de los Austrias, Sol, Centro, Madrid, Comunidad de Madrid, 28013, España",40.4178272,-3.7022221,,,,,,,,2024-10-25T10:48:28+0000,2024-10-25T10:48:38+0000,ok
locales.es,madrid,venta,12,34106,venta:34106,https://www.locales.es/madrid/venta/local34106#offerType=1&estateType=3&settlement=6773,https://www.locales.es/madrid/contactar/propietario/34106,"Local comercial en Venta en Universidad, Madrid","Local comercial en venta con 86m² en Madrid, en la zona de Universidad",Local comercial,local_comercial,De inmobiliaria,700000.0,8139.5,86.0,,Almacén | Salida de humos | Situado a pie de calle,"Local de 86m² en Chueca, contrato seguro 10 años, opción gastronómica con salida de humos.","!Inversores, emprendedores, no busquen más! Te presentamos una oportunidad única de inversión en pleno corazón del emblemático barrio de Chueca en Madrid, un local comercial lleno de posibilidades ubicado en la Calle Espíritu Santo 11, una zona vibrante y en constante crecimiento que garantiza rentabilidad y proyección de futuro. Características del Local: - Superficie construida: 86 m2 distribuidos en dos niveles: planta baja y sótano. - Distribución óptima: La planta baja cuenta con baños y acceso directo desde la calle, mientras que el sótano ofrece múltiples opciones de uso, incluyendo almacenamiento, oficinas o expansión de la actividad comercial. Estado del Local: - Contrato de alquiler recién firmado: Desde el 01/08/2024 hasta el 31/07/2034, asegurando un ingreso fijo de 2.500 €/mes más IPC anual. Además, a partir del cuarto año de contrato, el alquiler se incrementará en 500 € mensuales, aumentando tus ingresos como propietario. - Seguridad adicional: El inquilino ha proporcionado una fianza de 2 meses más una garantía de 15.000 €, lo que asegura la estabilidad de tu inversión. - Gastos a tener en cuenta: El arrendatario cubre los gastos de TRUA, mientras que el propietario asume los gastos de IBI (329,92 €/año) y comunidad (245,91 €/mes). - Un punto clave a destacar, posibilidad de instalar salida de humos: Este local tiene la ventaja de poder instalar una salida de humos, lo que abre la puerta a una amplia variedad de usos comerciales en el futuro, especialmente en el sector gastronómico. !Una oportunidad fantástica para inversores en hostelería! - Ubicación inmejorable: Chueca - El barrio que nunca duerme El barrio de Chueca, en pleno centro de Madrid, es sinónimo de vitalidad, diversidad y tendencia. Este área es una de las más codiciadas de la ciudad, conocida por su ambiente cosmopolita, su efervescente vida nocturna, y su rica oferta cultural y comercial. Invertir en Chueca significa aprovechar el constante flujo de turistas y residentes que buscan lo último en moda, gastronomía y entretenimiento. Este local se encuentra en la Calle Espíritu Santo, una de las arterias más transitadas del barrio, rodeada de negocios prósperos y renombrados. Desde boutiques y galerías de arte, hasta cafeterías y restaurantes de vanguardia, el entorno atrae a un público amplio y diverso, asegurando un alto tráfico peatonal para cualquier negocio que decidas instalar aquí. Razones para invertir en Madrid: Invertir en la capital española ofrece seguridad y rentabilidad. Madrid es una ciudad en constante expansión con un mercado inmobiliario en auge, especialmente en zonas céntricas como Chueca. Aquí algunos de los principales beneficios de invertir en este local: - Ingresos inmediatos: Con un contrato de alquiler firmado y una renta de 2.500 €/mes, desde el primer día verás beneficios. - Ubicación estratégica: En el centro de Madrid, rodeado de puntos de interés cultural y turístico que aseguran un flujo continuo de público. - Alto potencial de revalorización: Chueca es un barrio que sigue revalorizándose gracias a su mezcla de historia, modernidad y su creciente popularidad, tanto entre madrileños como entre turistas internacionales. - Mercado dinámico y diversificado: Madrid combina atracción turística con una sólida base de residentes, lo que garantiza que la demanda de locales comerciales se mantenga alta. Este local es perfecto para quienes buscan una inversión rentable y segura, con posibilidades de crecimiento garantizado gracias a la ubicación y las condiciones del contrato de alquiler. !No pierdas esta oportunidad única en Chueca! Para obtener más detalles, ver planos o coordinar una visita, contáctanos hoy mismo. Este local puede ser la clave para tu próximo gran éxito inmobiliario.",Universidad,Madrid > Universidad > Venta,"Universidad, Madrid","Universidad, Madrid, España",ok,nominatim,zone_approx,"Universidad, Centro, Madrid, Comunidad de Madrid, 28004, España",40.425426,-3.7060234,,,,,,,,2024-10-25T10:48:49+0000,2024-10-25T10:48:57+0000,ok
locales.es,madrid,venta,12,34163,venta:34163,https://www.locales.es/madrid/venta/local34163#offerType=1&estateType=3&settlement=6773,https://www.locales.es/madrid/contactar/propietario/34163,"Local comercial en Venta en Justicia, Madrid","Local comercial en venta con 225m² en Madrid, en la zona de Justicia",Local comercial,local_comercial,De inmobiliaria,900000.0,4000.0,225.0,,Alta visibilidad,"Local en Calle Infantas alquilado hasta 2038, ingreso estable. Zona cultural y turística destacada.","!Gran oportunidad de inversión en el centro de Madrid! Presentamos este local comercial ubicado en la Calle Infantas, en una de las zonas más demandadas de Chueca, ideal para quienes buscan una inversión rentable a largo plazo. Características del local: - Superficie construida: 225 m2 de local comercial distribuido en dos plantas de 107m2 cada una, con un espacio amplio y versátil que permite múltiples posibilidades de uso. - Estado de arrendamiento: Alquilado por un plazo de 15 años desde el 15 de marzo de 2023 hasta el 15 de marzo de 2038, asegurando ingresos estables a largo plazo. - Renta actual: 4.000 €/mes, lo que ofrece una rentabilidad segura desde el primer momento. - Fianza: 2 meses de alquiler. - Gastos a cargo del arrendador: IBI (1.294,41 €/año). Comunidad (62 €/mes). - Gastos a cargo del arrendatario: TRUA (177 €/año). Ubicación privilegiada: El local se encuentra en la Calle Infantas, en pleno barrio de Chueca, una zona conocida por su movida cultural, comercial y gastronómica. El constante tránsito de residentes y turistas hace que sea una ubicación inmejorable para cualquier tipo de negocio, garantizando un flujo continuo de clientes. Por qué invertir en este local: - Rentabilidad asegurada: Con una renta mensual de 4.000 € y un contrato de arrendamiento a largo plazo, este local ofrece una excelente opción para inversores que buscan ingresos estables. - Ubicación estratégica: Chueca es una de las áreas más vibrantes y populares de Madrid, lo que asegura una alta demanda tanto de locales comerciales como de clientes. - Revalorización: La zona sigue aumentando su valor año tras año, lo que hace de esta propiedad una inversión con gran potencial de revalorización. !No dejes pasar esta oportunidad! Si estás buscando una inversión segura en una de las mejores zonas de Madrid, este local en Calle Infantas es la opción perfecta. Contáctanos para más información o para programar una visita.",Justicia,Madrid > Justicia > Venta,"Justicia, Madrid","Justicia, Madrid, España",ok,nominatim,zone_approx,"Justicia, Centro, Madrid, Comunidad de Madrid, España",40.4232759,-3.6966805,,,,,,,,2024-10-25T10:54:12+0000,2024-10-25T10:54:20+0000,ok
locales.es,madrid,venta,12,34944,venta:34944,https://www.locales.es/madrid/venta/local34944#offerType=1&estateType=3&settlement=6773,https://www.locales.es/madrid/contactar/propietario/34944,"Local comercial en Venta en Embajadores, Madrid","Bar en venta con 110m² en Madrid, en la zona de Embajadores",Local comercial,local_comercial,De inmobiliaria,350000.0,3181.8,110.0,,Aire acondicionado | Salida de humos | Escaparate,"Local en zona vibrante con 2 plantas, calefacción, A/C, salida de humos, ubicación estratégica.","!Local comercial en rentabilidad en el vibrante barrio de Lavapiés! Se vende local comercial de 110 m2 en el corazón de Lavapiés, uno de los barrios más multiculturales y dinámicos de Madrid. Actualmente alquilado, este local de dos plantas ofrece una excelente oportunidad de inversión con ingresos garantizados y un alto potencial de revalorización. Características: - Superficie: 110 m2 - Fachada: De 5 a 8 metros lineales - Distribución: 2 plantas, 1-2 estancias, 2 aseos, 2 escaparates - Equipamiento: Calefacción, aire acondicionado, salida de humos - Licencia: Bar (actualmente con actividad comercial) - Renta actual: 1.300 €/mes - Duración del contrato: Obligado cumplimiento hasta el 28 de febrero de 2023 (contrato inicial de 5 años con adenda) Ventajas de invertir en Lavapiés: - Ubicación estratégica: en una zona en constante crecimiento y revalorización, cerca de la Filmoteca Doré, el Museo Reina Sofía y el Mercado Antón Martín. - Excelente comunicación: a pocos metros del metro Lavapiés (Línea 3) y cerca del metro Antón Martín (Línea 1). - Ambiente multicultural: Lavapiés es un barrio lleno de vida, con una gran oferta cultural y gastronómica. - Alta demanda de alquiler: zona con gran atractivo comercial y alta demanda de locales. Â¿Por qué este local es una inversión inteligente? Este local en no solo ofrece ingresos inmediatos gracias al contrato de alquiler en vigor, sino que también representa una inversión estratégica en una zona con gran potencial de crecimiento. El barrio de Lavapiés, con su ambiente vibrante y su ubicación privilegiada en el centro de Madrid, garantiza la revalorización del inmueble a largo plazo. Â¿Por qué invertir en Madrid? Madrid es una capital europea con una economía sólida y un mercado inmobiliario dinámico. La ciudad atrae inversión y talento, lo que impulsa la demanda de inmuebles y asegura la rentabilidad de las inversiones inmobiliarias. Adquirir un local en una zona estratégica como Lavapiés es una apuesta segura para diversificar su cartera y asegurar su futuro financiero. No deje pasar esta oportunidad de invertir en un local comercial con rentabilidad garantizada en uno de los barrios más vibrantes de Madrid. Contacte con nosotros para más información y visitas.",Embajadores,Madrid > Embajadores > Venta,"Embajadores, Madrid","Embajadores, Madrid, España",ok,nominatim,zone_approx,"Embajadores, Centro, Madrid, Comunidad de Madrid, España",40.4095856,-3.7029851,,,,,,,,2024-11-05T10:20:38+0000,2024-11-05T10:20:45+0000,ok
locales.es,madrid,venta,12,34945,venta:34945,https://www.locales.es/madrid/venta/local34945#offerType=1&estateType=3&settlement=6773,https://www.locales.es/madrid/contactar/propietario/34945,"Local comercial en Venta en Embajadores, Madrid","Local comercial en venta con 215m² en Madrid, en la zona de Embajadores",Local comercial,local_comercial,De inmobiliaria,700000.0,3255.8,215.0,,Salida de humos,Local en funcionamiento como restaurante-cafetería con contrato a largo plazo y ubicación privilegiada.,"!Local comercial en rentabilidad en el corazón de La Latina! Se vende local comercial de 215 m2 en pleno barrio de La Latina, uno de los más emblemáticos y vibrantes de Madrid. Actualmente alquilado como restaurante-cafetería, este local ofrece una excelente oportunidad de inversión con ingresos garantizados desde el primer día. Características: - Superficie: 215 m2 - Uso: Comercial - Licencia de actividad: Restaurante-cafetería - Salida de humos: Sí - ITE: Desfavorable (con acuerdo de comuneros para no realizar las obras) - Renta actual: 2.500 €/mes - Duración del contrato: 17 de septiembre de 2024 al 16 de septiembre de 2034 - Revisión de renta: Anual (IPC) e incremento en el quinto año Â¿Por qué este local es una inversión inteligente? Adquirir este local en La Latina es una decisión estratégica por varias razones. En primer lugar, ya está generando ingresos, lo que le proporciona un flujo de caja constante desde el primer día. Además, el contrato de arrendamiento a largo plazo le ofrece estabilidad y tranquilidad, minimizando el riesgo de vacío. Pero este local es mucho más que una simple fuente de ingresos pasivos. Su ubicación en La Latina, un barrio con una enorme popularidad tanto entre los madrileños como entre los turistas, lo convierte en una inversión con un alto potencial de revalorización. La creciente demanda de locales en esta zona impulsa el valor de los inmuebles, asegurando la protección de su capital y la posibilidad de obtener una plusvalía significativa en el futuro. Â¿Por qué invertir en Madrid? Madrid es una ciudad cosmopolita y dinámica, con una economía sólida y un mercado inmobiliario en constante crecimiento. La capital española atrae inversión nacional e internacional, lo que impulsa la demanda de inmuebles y garantiza la rentabilidad de las inversiones inmobiliarias. En particular, La Latina se beneficia de su carácter histórico y su ambiente único, que la convierten en un polo de atracción para residentes, comercios y visitantes. Invertir en un local en esta zona es apostar por un valor seguro en una ciudad con un futuro prometedor. !No pierda esta oportunidad! Este local reúne todos los ingredientes para una inversión exitosa: rentabilidad inmediata, estabilidad a largo plazo y potencial de revalorización en una de las zonas más atractivas de Madrid. Contacte con nosotros para obtener más información y descubrir cómo este local puede ayudarle a alcanzar sus objetivos de inversión. !No deje pasar esta oportunidad! Contacte con nosotros para más información y visitas.",Embajadores,Madrid > Embajadores > Venta,"Embajadores, Madrid","Embajadores, Madrid, España",ok,nominatim,zone_approx,"Embajadores, Centro, Madrid, Comunidad de Madrid, España",40.4095856,-3.7029851,,,,,,,,2024-11-05T10:20:45+0000,2024-11-05T10:20:51+0000,ok
locales.es,madrid,venta,12,34948,venta:34948,https://www.locales.es/madrid/venta/local34948#offerType=1&estateType=3&settlement=6773,https://www.locales.es/madrid/contactar/propietario/34948,"Local comercial en Venta en Palacio, Madrid",,,local_comercial,De inmobiliaria,490000.0,,,,,"Local en zona de alta demanda, con licencia y contrato activo hasta 2027.",,,,"Palacio, Madrid","Palacio, Madrid, España",ok,nominatim,zone_approx,"Palacio, Centro, Madrid, Comunidad de Madrid, España",40.4153295,-3.7147092,,,,,,,,,,card_only_geocoded
locales.es,madrid,venta,12,34949,venta:34949,https://www.locales.es/madrid/venta/local34949#offerType=1&estateType=3&settlement=6773,https://www.locales.es/madrid/contactar/propietario/34949,"Local comercial en Venta en Justicia, Madrid","Local comercial en venta en Madrid, en la zona de Justicia",Local comercial,local_comercial,De inmobiliaria,1500000.0,,,,,"Local de 187 m² arrendado en zona vibrante, ofrece rentabilidad inmediata.","!Oportunidad única en Chueca! Este magnífico local comercial en la Calle San Lorenzo 2 es la opción perfecta para inversores que buscan un activo en rentabilidad en una de las zonas más vibrantes y solicitadas de Madrid. Detalles del Local: - Superficie: 187 m2, distribuidos en dos locales (29 m2 y 158 m2) que se venden en conjunto. - Estado Actual: Local arrendado por 6.000 €/mes, con un compromiso de permanencia de dos años tras la formalización de la venta. Esta característica garantiza una rentabilidad inmediata para el nuevo propietario. Características Adicionales: - Gastos de Comunidad: 95,45 €/mes (desglosados en 14,91 € y 77,54 €). - IBI: 1.281,43 € (1.084,73 € y 196,70 €). - TRUA: 149,25 € (132,75 € y 16,50 €). Â¿Por Qué Invertir en Chueca? El barrio de Chueca es uno de los núcleos más dinámicos y cosmopolitas de Madrid. Conocido por su ambiente inclusivo y su oferta cultural vibrante, Chueca atrae tanto a residentes como a turistas. Aquí encontrarás una mezcla de tiendas de diseño, restaurantes de alta calidad, bares animados y una vida nocturna incomparable. Esta ubicación no solo es atractiva para los inquilinos, sino también para los clientes de cualquier negocio que se establezca aquí. Ventajas de Invertir en Madrid: Madrid se ha consolidado como un centro financiero y cultural de Europa, ofreciendo un mercado inmobiliario robusto y en constante crecimiento. Invertir en esta ciudad significa aprovechar un mercado en expansión con una demanda sostenida. La tendencia de precios al alza y la recuperación económica tras la pandemia hacen de Madrid un lugar atractivo para invertir en activos comerciales. Una Opción Rentable: Este local comercial, al estar arrendado, no solo proporciona una fuente de ingresos inmediata, sino que también ofrece estabilidad financiera a largo plazo. Con un alquiler de 6.000 €/mes y un compromiso contractual de dos años, este activo se presenta como una opción ideal para inversores que buscan diversificar su cartera y beneficiarse de la rentabilidad del sector inmobiliario en Madrid. Para más información o para concertar una visita, no dudes en ponerte en contacto. !Este local en Chueca podría ser tu próxima gran inversión!",Justicia,Madrid > Justicia > Venta,"Justicia, Madrid","Justicia, Madrid, España",ok,nominatim,zone_approx,"Justicia, Centro, Madrid, Comunidad de Madrid, España",40.4232759,-3.6966805,,,,,,,,2024-11-05T10:21:27+0000,2024-11-05T10:21:37+0000,ok
locales.es,madrid,venta,12,34950,venta:34950,https://www.locales.es/madrid/venta/local34950#offerType=1&estateType=3&settlement=6773,https://www.locales.es/madrid/contactar/propietario/34950,"Local comercial en Venta en Universidad, Madrid","Local comercial en venta con 90m² en Madrid, en la zona de Universidad",Local comercial,local_comercial,De inmobiliaria,750000.0,8333.3,90.0,,Alta visibilidad,"Local de 90m² en el vibrante barrio de Malasaña, ideal para inversión rentable, listo para negocio.","!Oportunidad única en el corazón de Malasaña! Presentamos un local comercial en venta en la calle San Joaquín, una de las calles más dinámicas del icónico barrio de Malasaña, Madrid. Este local ofrece una excelente oportunidad para aquellos inversores que buscan un inmueble en una de las zonas más demandadas de la ciudad, con un gran potencial de rentabilidad. Detalles del local: - Superficie construida: 90 m2 en planta baja. - Gastos de comunidad: 84,48 €/mes. - IBI: 631,56 €/año. - TRUA: 86 €/año. - Situación actual: Local libre de arrendamiento, listo para adaptar a cualquier negocio. - Renta esperada: 4.500 €/mes, lo que lo convierte en una opción altamente rentable. Ubicación estratégica en Malasaña: Este local está ubicado en el corazón de Malasaña, uno de los barrios más vibrantes y bohemios de Madrid. Conocido por su ambiente alternativo, Malasaña es un punto de encuentro para locales y turistas que buscan lo mejor en gastronomía, cultura, y moda. Las calles están repletas de cafés, bares de diseño, tiendas independientes y galerías de arte, lo que asegura un constante flujo de personas, perfecto para cualquier tipo de negocio. Ventajas de invertir en Madrid: Madrid es una de las capitales europeas con mayor crecimiento inmobiliario. Invertir en un local en Malasaña no solo garantiza una alta demanda de alquiler, sino también una revalorización constante del valor de la propiedad. Con su excelente conexión de transporte público, este local es accesible desde cualquier punto de la ciudad, lo que lo hace aún más atractivo tanto para comerciantes como para clientes. Una inversión segura y rentable: Este local comercial en calle San Joaquín es ideal para aquellos que buscan una inversión rentable y con alta proyección de ingresos en un área con gran afluencia de público. No dejes pasar la oportunidad de adquirir una propiedad en uno de los barrios más populares de Madrid. !Contáctanos ahora para más información o para concertar una visita!",Universidad,Madrid > Universidad > Venta,"Universidad, Madrid","Universidad, Madrid, España",ok,nominatim,zone_approx,"Universidad, Centro, Madrid, Comunidad de Madrid, 28004, España",40.425426,-3.7060234,,,,,,,,2024-11-05T10:21:37+0000,2024-11-05T10:21:45+0000,ok
locales.es,madrid,venta,13,1326,venta:1326,https://www.locales.es/madrid/venta/local1326#offerType=1&estateType=3&settlement=6773,https://www.locales.es/madrid/contactar/propietario/1326,"Local comercial en Venta en Palomeras Bajas, Madrid","Bar en venta con 53m² en Madrid, en la zona de Palomeras Bajas",Locale,local_comercial,De inmobiliaria,115000.0,2169.8,53.0,2.0,Salida de humos | Barra | Situado a pie de calle,"Bar cerveceria en zona Portazgo Vallecas, cerca del estadio Rayo Vallecano, metro y otras comodidades. Todo montado y con licencias en regla.","ZONA DE PORTAZGO VALLECAS, BAR CERVECERIA, SE VENDE, A 150 METROS DEL CAMPO DE FUTBOL DEL RAYO VALLECANO, COMISARIA POLICIA NACIONAL, OFICINA DE RENOVACION Y EXPEDICION DE DNI Y PASAPORTES, FEDERACION PROFESIONAL DEL TAXI, ENTRE LAS BOCAS DE METRO DE PORTAZGO Y NUEVA NUMANCIA, SE VENDE POR JUBILACION, TODO MONTADO PARA SEGUIR TRABAJANDO TIENE TODAS LAS LICENCIAS EN REGLA SALIDA DE HUMOS NUEVA. EL BAR TIENE ENTRADA POR DOS CALLES LAS CUALES TIENEN MUCHO TRAFICO, LA COCINA LA TIENE INCORPORADA EN BARRA. MEJOR VERLO.",Palomeras Bajas,Madrid > Palomeras Bajas > Venta,"Palomeras Bajas, Madrid","Palomeras Bajas, Madrid, España",ok,nominatim,zone_approx,"Palomeras Bajas, Puente de Vallecas, Madrid, Comunidad de Madrid, 28018, España",40.3853367,-3.6579829,,,,,,,,2023-05-11T08:44:46+0000,2024-04-18T10:02:21+0000,ok
locales.es,madrid,venta,13,1346,venta:1346,https://www.locales.es/madrid/venta/local1346#offerType=1&estateType=3&settlement=6773,https://www.locales.es/madrid/contactar/propietario/1346,"Local comercial en Venta en Ibiza, Madrid","Local comercial en venta con 426m² en Madrid, en la zona de Ibiza",Locale,local_comercial,De inmobiliaria,930000.0,2183.1,426.0,,Almacén | Escaparate | Situado a pie de calle,"Local diáfano con visibilidad, ideal para diversos sectores. Ubicación céntrica con acceso desde la calle. Año de construcción: 1955.","Resulta complicado, dentro de los barrios más representativos de Madrid, encontrar locales comerciales que, verdaderamente, resulten atractivos e identificativos. Este local puede suponer una inversión de negocio importante y, a su vez, duradera; por ello, le damos una importancia enorme a la comercialización del mismo. Debido a su superficie, puede abarcar grandes proyectos ya sean nuevos o de expansión. Por las características del mismo, es ideal para muchísimos sectores: alimentación (mercaditos, supermercados); deportivo (gimnasios); estéticos y de belleza (spa, centro de cuidado corporal y de la salud); financieros (entidades relacionadas con el sector económico); negocios profesionales de gran volumen, etc. Sus 426 m2 construidos (aproximadamente 375 m2 útiles) se distribuyen en: un espacio diáfano o área comercial de 315 m2, una trastienda de 38 m2 (espacio útil para almacenar existencias, se incluye aquí, también, un cuarto trastero cerrado); la zona de aseo ocupa 5 m2 y el acceso de minusválidos de 17 m2. En relación a las calidades describimos las siguientes: suelos de microcemento, paredes con pintura lisa, falso techo de escayola para poder pasar comunicaciones y servicios, focos led. Dispone de gran visibilidad, desde la calle, con un escaparate que mide 2,85 m. El acceso, al mismo, también es desde la calle, lo que facilita inmensamente su localización. En cuanto a la altura de los techos: la altura libre de suelo a techo es de 3,20 m y la altura hasta las planchas de escayola es de 2, 66 m. La ubicación es perfecta al encontrarse, dentro de una de las calles conocidas del Barrio de Retiro. Hay que recordar que Retiro es un distrito perteneciente a la ciudad de Madrid, organizado administrativamente en los barrios de Pacífico, Adelfas, Estrella, Ibiza, Jerónimos y Niño Jesús. Este distrito, al margen de ser céntrico en Madrid, es conocido nacionalmente por su parque público, el Parque del Retiro, del cual recibe su nombre. Tanto para clientes y proveedores como para el personal laboral que trabaja, es muy importante la comunicación que dispone esta zona. Debido a todo ello, no debe de dejar pasar la oportunidad de realizar una visita al local y considerarse la compra o el alquiler del mismo. AÑO DE CONSTRUCCIÓN: 1.955 Mercados: Mercado de Ibiza (c/ Ibiza nº8) Supermercados: Alcampo (c/ Doctor Castelo 28); Carrefour Express (c/ Maiquez 44, y c/ Duque de sesto 28); Ahorramás (c/ Alcalde Sainz de Baranda 33-35); Día Plaza (c/ O´donnell 38). Transporte Público: Metro (Goya, Ibiza); Autobuses (líneas: 2,15, 26, 28, 61, 63, 215, C2, N6). ------------------------------------------------------------------------------------------------------------------------------- It is difficult, within the most representative neighborhoods of Madrid, to find commercial establishments that are truly attractive and identifiable. This location can be an important business investment and, in turn, durable; Therefore, we give an enormous importance to the commercialization of it. Due to its surface, it can cover large projects, whether they are new or expansion projects. Due to the characteristics of it, it is ideal for many sectors: food (markets, supermarkets); sports (gyms); aesthetic and beauty (spa, health and body care center); financial (entities related to the economic sector); high volume professional business, etc. Its 426 m2 built (approximately 375 m2 useful) are distributed in: a diaphanous space or commercial area of 315 m2, a back room of 38 m2 (useful space to store stocks, is included here, also, a closed storage room); the toilet area occupies 5 m2 and the disabled access is 17 m2. In relation to the qualities we describe the following: microcement floors, walls with smooth paint, false plaster ceiling to pass communications and services, led spotlights. It has great visibility, from the street, with a showcase that measures 2.85 m. The access, to the same, is also from the street, which facilitates its location immensely. As for the height of the ceilings: the free height from floor to ceiling is 3.20 m and the height to the plasterboard is 2.66 m. The location is perfect to find, within one of the known streets of the Retiro neighborhood. It must be remembered that Retiro is a district belonging to the city of Madrid, administratively organized in the neighborhoods of Pacífico, Adelfas, Estrella, Ibiza, Jerónimos and Niño Jesús. This district, apart from being centrally located in Madrid, is nationally known for its public park, Parque del Retiro, from which it receives its name. For both clients and suppliers and for the workforce that works, the communication available in this area is very important. Due to all this, you should not miss the opportunity to visit the premises and consider buying or renting it. YEAR OF CONSTRUCTION: 1,955 Markets: Ibiza Market (c / Ibiza nº8) Supermarkets: Alcampo (c / Doctor Castelo 28); Carrefour Express (c / Maiquez 44, and c / Duque de sesto 28); Ahorramás (c / Mayor Sainz de Baranda 33-35); Day Plaza (O`donnell 38). Public Transportation: Metro (Goya, Ibiza); Buses (lines: 2,15, 26, 28, 61, 63, 215, C2, N6).",Ibiza,Madrid > Ibiza > Venta,"Ibiza, Madrid","Ibiza, Madrid, España",ok,nominatim,zone_approx,"Ibiza, Retiro, Madrid, Comunidad de Madrid, 28009, España",40.4189526,-3.6737251,,,,,,,,2023-05-11T08:44:54+0000,2024-04-18T10:02:20+0000,ok
locales.es,madrid,venta,13,1349,venta:1349,https://www.locales.es/madrid/venta/local1349#offerType=1&estateType=3&settlement=6773,https://www.locales.es/madrid/contactar/propietario/1349,"Local comercial en Venta en Pueblo Nuevo, Madrid","Local comercial en venta con 166m² en Madrid, en la zona de Pueblo Nuevo",Locale,local_comercial,De inmobiliaria,250000.0,1506.0,166.0,,Almacén | Vado,"Se vende local de grandes dimensiones en zona Ascao, ideal para almacenaje de mercancías y vehículos. Rampa de acceso y altura libre de 3.80m. Instalaciones modificadas recientemente.","Se vende local diáfano por la zona de Ascao de grandes dimensiones con vado autorizado en la puerta. Actualmente está catalogado con uso comercial, pero es ideal para almacenaje tanto de mercancías como de vehículos de transito rodado. El local tiene una rampa de acceso desde la misma calle y tiene una altura libre aproximada de 3.80m La instalación eléctrica y fontanería han sido modificados recientemente. !!Mejor ver!!",Pueblo Nuevo,Madrid > Pueblo Nuevo > Venta,"Pueblo Nuevo, Madrid","Pueblo Nuevo, Madrid, España",ok,nominatim,unknown,"Pueblo Nuevo, Calle de los Hermanos de Pablo, Quintana, Ciudad Lineal, Madrid, Comunidad de Madrid, 28027, España",40.4350329,-3.644171,,,,,,,,2023-05-11T08:44:56+0000,2024-04-18T10:02:19+0000,ok
locales.es,madrid,venta,13,1372,venta:1372,https://www.locales.es/madrid/venta/local1372#offerType=1&estateType=3&settlement=6773,https://www.locales.es/madrid/contactar/propietario/1372,"Local comercial en Venta en Calle Castello, Castellana, Madrid","Local comercial en venta con 270m² en Madrid, en la zona de Castellana, Calle Castello, 120",Locale,local_comercial,De inmobiliaria,995000.0,3685.2,270.0,2.0,Sistemas de Seguridad | Conserje | Aire acondicionado | Almacén | +5,"Local de 240m² en esquina con acceso desde portal, ubicado a 5 minutos del Metro de Avenida de America. Con escaparate luminoso, aire acondicionado y suelos de tarima. Ideal para cualquier tipo de…","Nik Inversión y Gestión ofrece en venta este activo en rentabilidad, local de 240 metros útiles, distribuido en 2 plantas y distintas estancias, zona prime. El local se encuentra en la calle Castello esquina Maria de Molina en el distrito de Salamanca a 5 minutos andando de la estación de Metro de Avenida de América. Dispone de 184 metros cuadrados en planta calle + 56 metros útiles en su planta sótano con acceso desde local y portal, además dispone de un acceso privado desde el portal, el cual se podría dar uso acceso de empleados por ejemplo. Escaparate de 8 metros lineales a la calle luminoso y en una zona con gran tráfico de clientes debido a su excelente ubicación. Dispone de aire frío calor centralizado en todas las estancias, suelos de tarima, puertas de seguridad, muy luminoso, en una zona con gran tráfico de clientes y con parking público en el edificio de enfrente. No tiene salida de humos, esta preparado para cualquier tipo de negocio, actualmente está explotado por un centro de fitness de gran prestigio y pagan una renta de 4.000€ mensuales. Se encuentra totalmente reformado, lo cual incrementa su valor, una gran oportunidad para realizar una buena inversión, dado que son 2 fincas registrales, lo cual a futuro se podría dividir, y alquilar o vender individualmente, lo cual mejoraría notablemente la rentabilidad de la operación. Con unos gastos de IBI anual de 2430€ las 2 fincas y los gastos de comunidad por importe de 158€ y 69€, total 227€ Para una información más detallada y/o visitas no dude en contactar con NIK INVERSIÓN Y GESTIÓN. Estaremos encantados de atenderle y asesorarle en todo lo necesario.",Castellana,Madrid > Castellana > Venta,"Calle Castello, Castellana, Madrid","Calle Castello, Castellana, Madrid, España",ok,nominatim,street_approx,"Calle de Castelló, Castellana, Salamanca, Madrid, Comunidad de Madrid, 28006, España",40.4308048,-3.681059,8a390ca268a7fff,10.0,4114.0,4.0,Salamanca,46.0,Castellana,2023-05-11T08:45:08+0000,2024-04-18T10:02:19+0000,ok
locales.es,madrid,venta,13,143426,venta:143426,https://www.locales.es/madrid/venta/local143426#offerType=1&estateType=3&settlement=6773,https://www.locales.es/madrid/contactar/propietario/143426,"Local comercial en Venta en Paseo de la Castellana, Castillejos, Madrid",,,local_comercial,De inmobiliaria,1100000.0,2003.6,549.0,,Almacén,"549 m² (dos locales unidos) en planta sótano; uso comercial/almacén; 2 baños, 3 m altura, 9 m fondo; Tetuán, cerca P.º Castellana y metro.",,,,"Paseo de la Castellana, Castillejos, Madrid","Paseo de la Castellana, Castillejos, Madrid, España",ok,nominatim,street_approx,"Paseo de la Castellana, Castillejos, Tetuán, Madrid, Comunidad de Madrid, 28020, España",40.4563812,-3.690593,8a390cb0a407fff,10.0,6063.0,6.0,Tetuán,63.0,Castillejos,,,card_only_geocoded
locales.es,madrid,venta,13,143800,venta:143800,https://www.locales.es/madrid/venta/local143800#offerType=1&estateType=3&settlement=6773,https://www.locales.es/madrid/contactar/propietario/143800,"Local comercial en Venta en Calle de los Urquiza, Pueblo Nuevo, Madrid",,,local_comercial,De inmobiliaria,179000.0,1297.1,138.0,1.0,Situado a pie de calle | Luminoso,"138 m² en planta única, entrada desde calle, 1 baño, fachada amplia y techos altos, luz natural, divisible; Metro Quintana/Ascao a 4–5 min.",,,,"Calle de los Urquiza, Pueblo Nuevo, Madrid","Calle de los Urquiza, Pueblo Nuevo, Madrid, España",ok,nominatim,street_approx,"Calle de Los Urquiza, Pueblo Nuevo, Ciudad Lineal, Madrid, Comunidad de Madrid, 28017, España",40.4321761,-3.6449083,8a390ca20147fff,10.0,15046.0,15.0,Ciudad Lineal,152.0,Pueblo Nuevo,,,card_only_geocoded
locales.es,madrid,venta,13,144452,venta:144452,https://www.locales.es/madrid/venta/local144452#offerType=1&estateType=3&settlement=6773,https://www.locales.es/madrid/contactar/propietario/144452,"Local comercial en Venta en Calle de Romero Robledo, Argüelles, Madrid",,,local_comercial,De inmobiliaria,1000000.0,4545.5,220.0,,Salida de humos,"Local en Moncloa (Madrid), 220 m² (206 m² planta baja), salida de humos, inquilino consolidado con contrato desde 2025 por 15 años.",,,,"Calle de Romero Robledo, Argüelles, Madrid","Calle de Romero Robledo, Argüelles, Madrid, España",ok,nominatim,street_approx,"Calle de Romero Robledo, Argüelles, Moncloa-Aravaca, Madrid, Comunidad de Madrid, 28008, España",40.4325379,-3.7191452,8a390cb18707fff,10.0,9028.0,9.0,Moncloa - Aravaca,92.0,Argüelles,,,card_only_geocoded
locales.es,madrid,venta,13,144531,venta:144531,https://www.locales.es/madrid/venta/local144531#offerType=1&estateType=3&settlement=6773,https://www.locales.es/madrid/contactar/propietario/144531,"Local comercial en Venta en Paseo del Marqués de Pontejos, Jerónimos, Madrid",,,local_comercial,De inmobiliaria,1000000.0,7633.6,131.0,2.0,,"Local hostelería 131,01 m² (77,22+44,43+9,36), esquina en centro de Madrid; sin salida de humos; licencia vigente en zona ZPAE; sin fotos.",,,,"Paseo del Marqués de Pontejos, Jerónimos, Madrid","Paseo del Marqués de Pontejos, Jerónimos, Madrid, España",ok,nominatim,street_approx,"Paseo del Marqués de Pontejos, Jerónimos, Retiro, Madrid, Comunidad de Madrid, 28009, España",40.4139735,-3.6860893,8a390ca35947fff,10.0,3073.0,3.0,Retiro,35.0,Jerónimos,,,card_only_geocoded
locales.es,madrid,venta,13,148383,venta:148383,https://www.locales.es/madrid/venta/local148383#offerType=1&estateType=3&settlement=6773,https://www.locales.es/madrid/contactar/propietario/148383,"Local comercial en Venta en Calle del Barco, Universidad, Madrid",,,local_comercial,De inmobiliaria,2500000.0,12690.4,197.0,,Salida de humos | Alta visibilidad,"197,25 m² en Malasaña; licencia definitiva en ZPAE; fachada 18 m; salida de humos; horario hasta 05:30; contrato 5+5+5 (desde 01/02/2025).",,,,"Calle del Barco, Universidad, Madrid","Calle del Barco, Universidad, Madrid, España",ok,nominatim,street_approx,"Calle del Barco, Malasaña, Universidad, Centro, Madrid, Comunidad de Madrid, 28004, España",40.4223358,-3.7025511,8a390cb1b027fff,10.0,1095.0,1.0,Centro,15.0,Universidad,,,card_only_geocoded
locales.es,madrid,venta,13,150746,venta:150746,https://www.locales.es/madrid/venta/local150746#offerType=1&estateType=3&settlement=6773,https://www.locales.es/madrid/contactar/propietario/150746,"Local comercial en Venta en Avenida de la Ciudad de Barcelona, Pacífico, Madrid",,,local_comercial,De inmobiliaria,429000.0,5430.4,79.0,,Alta visibilidad | Terraza,"En reforma: 57,21 m² const. (50,33 m² útiles); apto hostelería sin humos y posible terraza; zona transitada junto a colegios.",,,,"Avenida de la Ciudad de Barcelona, Pacífico, Madrid","Avenida de la Ciudad de Barcelona, Pacífico, Madrid, España",ok,nominatim,street_approx,"Avenida de la Ciudad de Barcelona, Pacífico, Retiro, Madrid, Comunidad de Madrid, 28007, España",40.4057412,-3.6858253,8a390ca35107fff,10.0,3002.0,3.0,Retiro,31.0,Pacífico,,,card_only_geocoded
locales.es,madrid,venta,13,152780,venta:152780,https://www.locales.es/madrid/venta/local152780#offerType=1&estateType=3&settlement=6773,https://www.locales.es/madrid/contactar/propietario/152780,"Local comercial en Venta en calle del río de oro, Opañel, Madrid",,,local_comercial,De inmobiliaria,800000.0,6299.2,127.0,2.0,Aire acondicionado | Almacén | Alta visibilidad | Situado a pie de calle,"Local de 127 m² a pie de calle, diáfano y exterior, con almacén y aire acondicionado. Buen estado; actualmente discopub, opción de dejar mobiliario.",,,,"calle del río de oro, Opañel, Madrid","calle del río de oro, Opañel, Madrid, España",not_found,nominatim,,,,,,,,,,,,,,reused_snapshot
locales.es,madrid,venta,13,162757,venta:162757,https://www.locales.es/madrid/venta/local162757#offerType=1&estateType=3&settlement=6773,https://www.locales.es/madrid/contactar/propietario/162757,"Local comercial en Venta en Avenida de Nuestra Señora de Valvanera, Cármenes, Madrid",,,local_comercial,De inmobiliaria,40000.0,1333.3,30.0,,,"Puesto de 30 m2 en Centro Comercial La Laguna, Madrid: carnicería-charcutería con obrador independiente, sala de ventas equipada y cámara frigorífica de obra.",,,,"Avenida de Nuestra Señora de Valvanera, Cármenes, Madrid","Avenida de Nuestra Señora de Valvanera, Cármenes, Madrid, España",ok,nominatim,street_approx,"Avenida de Nuestra Señora de Valvanera, Los Cármenes, Latina, Madrid, Comunidad de Madrid, 28047, España",40.3951134,-3.7433778,8a390cba9187fff,10.0,10001,10,Latina,001,Los Carmenes,,,card_only_geocoded
locales.es,madrid,venta,13,162966,venta:162966,https://www.locales.es/madrid/venta/local162966#offerType=1&estateType=3&settlement=6773,https://www.locales.es/madrid/contactar/propietario/162966,"Local comercial en Venta en Avenida de Daroca, Ventas, Madrid",,,local_comercial,De inmobiliaria,450000.0,1406.3,320.0,1.0,Cocina completamente equipada | Almacén | Buen acceso | Sala de reuniones | +2,"Local/oficina de 320 m² (290 útiles) en Quintana, dos plantas, planta baja con terraza, garaje y almacenes; cerca de El Carmen, La Elipa y Ascao.",,,,"Avenida de Daroca, Ventas, Madrid","Avenida de Daroca, Ventas, Madrid, España",ok,nominatim,street_approx,"Avenida de Daroca, La Elipa, Ventas, Ciudad Lineal, Madrid, Comunidad de Madrid, 28017, España",40.4293664,-3.652898,8a390ca20c5ffff,10.0,15024.0,15.0,Ciudad Lineal,151.0,Ventas,,,card_only_geocoded
locales.es,madrid,venta,13,163746,venta:163746,https://www.locales.es/madrid/venta/local163746#offerType=1&estateType=3&settlement=6773,https://www.locales.es/madrid/contactar/propietario/163746,Local comercial en Venta en Madrid,,,local_comercial,De inmobiliaria,770000.0,8105.3,95.0,,Alta visibilidad,"Local diáfano de 95 m² con gran fachada y doble altura, alta visibilidad y uso versátil en zona de alto tránsito junto al Retiro",,,,Madrid,"Madrid, España",ok,nominatim,unknown,"Madrid, Comunidad de Madrid, España",40.416782,-3.703507,,,,,,,,,,card_only_geocoded
locales.es,madrid,venta,13,165937,venta:165937,https://www.locales.es/madrid/venta/local165937#offerType=1&estateType=3&settlement=6773,https://www.locales.es/madrid/contactar/propietario/165937,"Local comercial en Venta en Calle de Valdecanillas, Simancas, Madrid",,,local_comercial,De inmobiliaria,500000.0,4032.3,124.0,3.0,Cocina completamente equipada | Salida de humos | Alta visibilidad,"Bar-restaurante en planta baja, esquina, 124 m² (112 útiles) en Ciudad Lineal, Madrid; cocina equipada y salida de humos.",,,,"Calle de Valdecanillas, Simancas, Madrid","Calle de Valdecanillas, Simancas, Madrid, España",not_found,nominatim,,,,,,,,,,,,,,reused_snapshot
locales.es,madrid,venta,13,167173,venta:167173,https://www.locales.es/madrid/venta/local167173#offerType=1&estateType=3&settlement=6773,https://www.locales.es/madrid/contactar/propietario/167173,"Local comercial en Venta en Plaza de Chamberí, Almagro, Madrid",,,local_comercial,De inmobiliaria,1250000.0,5387.9,232.0,,Escaparate | Alta visibilidad | Situado a pie de calle,"234 m² en dos plantas (115 m² calle, 119 m² sótano) con amplia fachada y 2 escaparates; espacio diáfano, baño, disponibilidad inmediata, zona de alta actividad.",,,,"Plaza de Chamberí, Almagro, Madrid","Plaza de Chamberí, Almagro, Madrid, España",ok,nominatim,unknown,"Plaza de Chamberí, Almagro, Chamberí, Madrid, Comunidad de Madrid, España",40.4327992,-3.6973551,,,,,,,,,,card_only_geocoded
locales.es,madrid,venta,13,167594,venta:167594,https://www.locales.es/madrid/venta/local167594#offerType=1&estateType=3&settlement=6773,https://www.locales.es/madrid/contactar/propietario/167594,"Local comercial en Venta en Calle de Irún, Argüelles, Madrid",,,local_comercial,De inmobiliaria,680000.0,5666.7,120.0,3.0,Patio | Salida de humos | Escaparate,"Local de hostelería en planta calle: 110 m2 + patio, 4 escaparates y acceso desde portal; licencia vigente, reformado 2019, dos salidas de humos, listo para entrar.",,,,"Calle de Irún, Argüelles, Madrid","Calle de Irún, Argüelles, Madrid, España",ok,nominatim,street_approx,"Calle de Irún, Argüelles, Moncloa-Aravaca, Madrid, Comunidad de Madrid, 28008, España",40.4227135,-3.7153981,8a390cb1bdaffff,10.0,9014.0,9.0,Moncloa - Aravaca,92.0,Argüelles,,,card_only_geocoded
locales.es,madrid,venta,13,167910,venta:167910,https://www.locales.es/madrid/venta/local167910#offerType=1&estateType=3&settlement=6773,https://www.locales.es/madrid/contactar/propietario/167910,"Local comercial en Venta en M-40, Palomeras Sureste, Madrid",,,local_comercial,De inmobiliaria,580000.0,2172.3,267.0,3.0,Aire acondicionado | Montacargas | Ascensor | Buen acceso | +2,"267 m²: 78 m² planta baja a avenida y sótano 189 m² con salida independiente; fachada 7,58 m; listo, versátil.",,,,"M-40, Palomeras Sureste, Madrid","M-40, Palomeras Sureste, Madrid, España",ok,nominatim,street_approx,"M-40, Palomeras Sureste, Puente de Vallecas, Madrid, Comunidad de Madrid, 28031, España",40.3907101,-3.6307158,8a390ca0404ffff,10.0,13128,13,Puente De Vallecas,004,Palomeras Sureste,,,card_only_geocoded
locales.es,madrid,venta,13,169270,venta:169270,https://www.locales.es/madrid/venta/local169270#offerType=1&estateType=3&settlement=6773,https://www.locales.es/madrid/contactar/propietario/169270,"Local comercial en Venta en calle del general margallo, Castillejos, Madrid",,,local_comercial,De inmobiliaria,825000.0,2602.5,317.0,1.0,Patio | Aire acondicionado | Escaparate,"317 m²: planta baja 133 m² con escaparate y aseo; sótano 184 m² diáfano con despacho, cocina y salida a patio.",,,,"calle del general margallo, Castillejos, Madrid","calle del general margallo, Castillejos, Madrid, España",ok,nominatim,street_approx,"Calle del General Margallo, Castillejos, Tetuán, Madrid, Comunidad de Madrid, 28020, España",40.4609115,-3.6968153,8a390cb0ac97fff,10.0,6058.0,6.0,Tetuán,63.0,Castillejos,,,card_only_geocoded
locales.es,madrid,venta,13,170135,venta:170135,https://www.locales.es/madrid/venta/local170135#offerType=1&estateType=3&settlement=6773,https://www.locales.es/madrid/contactar/propietario/170135,"Local comercial en Venta en Plaza de la Puerta del Sol, Sol, Madrid",,,local_comercial,De inmobiliaria,2000000.0,9090.9,220.0,2.0,Salida de humos,"Local >220 m², doble acceso, actividad hostelería “espectáculo” (ZPAE) y salida de humos; 9.036 pers/día.",,,,"Plaza de la Puerta del Sol, Sol, Madrid","Plaza de la Puerta del Sol, Sol, Madrid, España",ok,nominatim,street_approx,"Puerta del Sol, Barrio de los Austrias, Sol, Centro, Madrid, Comunidad de Madrid, 28013, España",40.416863,-3.7038762,8a390cb1b097fff,10.0,1123.0,1.0,Centro,16.0,Sol,,,card_only_geocoded
locales.es,madrid,venta,13,170268,venta:170268,https://www.locales.es/madrid/venta/local170268#offerType=1&estateType=3&settlement=6773,https://www.locales.es/madrid/contactar/propietario/170268,"Local comercial en Venta en Calle Gran Vía, Palacio, Madrid",,,local_comercial,De inmobiliaria,520000.0,4727.3,110.0,1.0,Salida de humos | Alta visibilidad | Situado a pie de calle,110 m²: 90 m² en planta calle y 20 m² en sótano; zona de alto tránsito peatonal.,,,,"Calle Gran Vía, Palacio, Madrid","Calle Gran Vía, Palacio, Madrid, España",not_found,nominatim,,,,,,,,,,,,,,reused_snapshot
locales.es,madrid,venta,13,172446,venta:172446,https://www.locales.es/madrid/venta/local172446#offerType=1&estateType=3&settlement=6773,https://www.locales.es/madrid/contactar/propietario/172446,"Local comercial en Venta en Calle de Maqueda, Aluche, Madrid",,,local_comercial,De inmobiliaria,100000.0,1666.7,60.0,1.0,Piscina | Almacén | Ascensor | Luminoso,"Local exterior 53 m² útiles, aseo con ventana, entrada independiente; apto almacén/oficina/trasteros. Cerca de metro y servicios.",,,,"Calle de Maqueda, Aluche, Madrid","Calle de Maqueda, Aluche, Madrid, España",ok,nominatim,street_approx,"Calle de Maqueda, Aluche, Latina, Madrid, Comunidad de Madrid, 28024, España",40.3871151,-3.7611833,8a390cba876ffff,10.0,10121.0,10.0,Latina,104.0,Aluche,,,card_only_geocoded
locales.es,madrid,venta,13,172782,venta:172782,https://www.locales.es/madrid/venta/local172782#offerType=1&estateType=3&settlement=6773,https://www.locales.es/madrid/contactar/propietario/172782,"Local comercial en Venta en Calle de Almadén, Cortes, Madrid",,,local_comercial,De inmobiliaria,1140000.0,4384.6,260.0,,Situado a pie de calle,"Local de hostelería en Madrid céntrico, planta calle, 260 m² (234 útiles); sin salida de humos.",,,,"Calle de Almadén, Cortes, Madrid","Calle de Almadén, Cortes, Madrid, España",not_found,nominatim,,,,,,,,,,,,,,reused_snapshot
locales.es,madrid,venta,13,173599,venta:173599,https://www.locales.es/madrid/venta/local173599#offerType=1&estateType=3&settlement=6773,https://www.locales.es/madrid/contactar/propietario/173599,"Local comercial en Venta en Universidad, Madrid",,,local_comercial,De inmobiliaria,930000.0,8942.3,104.0,2.0,Salida de humos | Alta visibilidad | Terraza,"Junto a Plaza 2 de Mayo, alto tránsito; local de restauración equipado, sin inquilino, listo para actividad.",,,,"Universidad, Madrid","Universidad, Madrid, España",ok,nominatim,zone_approx,"Universidad, Centro, Madrid, Comunidad de Madrid, 28004, España",40.425426,-3.7060234,,,,,,,,,,card_only_geocoded
locales.es,madrid,venta,13,174180,venta:174180,https://www.locales.es/madrid/venta/local174180#offerType=1&estateType=3&settlement=6773,https://www.locales.es/madrid/contactar/propietario/174180,"Local comercial en Venta en Calle de la Virgen de los Reyes, Concepción, Madrid",,,local_comercial,De inmobiliaria,175000.0,2364.9,74.0,1.0,Cocina completamente equipada | Ascensor,"74 m² diáfanos, cocina abierta equipada; redistribución con tabique de pladur. Sótano (-1) con ascensor y Metro L7 cerca.",,,,"Calle de la Virgen de los Reyes, Concepción, Madrid","Calle de la Virgen de los Reyes, Concepción, Madrid, España",not_found,nominatim,,,,,,,,,,,,,,reused_snapshot
locales.es,madrid,venta,13,176088,venta:176088,https://www.locales.es/madrid/venta/local176088#offerType=1&estateType=3&settlement=6773,https://www.locales.es/madrid/contactar/propietario/176088,"Local comercial en Venta en calle de cristóbal bordiú, Ríos Rosas, Madrid",,,local_comercial,De inmobiliaria,495000.0,2028.7,244.0,3.0,Almacén,"Local de 2 plantas en Ríos Rosas: 165 m² diáfanos + sótano almacén 80 m², 2 baños; posible cambio de uso.",,,,"calle de cristóbal bordiú, Ríos Rosas, Madrid","calle de cristóbal bordiú, Ríos Rosas, Madrid, España",ok,nominatim,street_approx,"Calle de Cristóbal Bordiú, Ríos Rosas, Chamberí, Madrid, Comunidad de Madrid, 28003, España",40.4430032,-3.6985222,8a390cb191a7fff,10.0,7109.0,7.0,Chamberí,75.0,Ríos Rosas,,,card_only_geocoded
locales.es,madrid,venta,13,176692,venta:176692,https://www.locales.es/madrid/venta/local176692#offerType=1&estateType=3&settlement=6773,https://www.locales.es/madrid/contactar/propietario/176692,"Local comercial en Venta en Calle de los Derechos Humanos, San Pascual, Madrid",,,local_comercial,De inmobiliaria,250000.0,1506.0,166.0,2.0,Aire acondicionado | Escaparate | Terraza | Situado a pie de calle,"166 m² en dos plantas con escaparate, aire frío/calor y licencia; sin salida de humos, apto para take away/catering.",,,,"Calle de los Derechos Humanos, San Pascual, Madrid","Calle de los Derechos Humanos, San Pascual, Madrid, España",ok,nominatim,street_approx,"Calle de los Derechos Humanos, San Pascual, Ciudad Lineal, Madrid, Comunidad de Madrid, 28027, España",40.4384471,-3.6554519,8a390ca2464ffff,10.0,15132.0,15.0,Ciudad Lineal,155.0,San Pascual,,,card_only_geocoded
locales.es,madrid,venta,13,177615,venta:177615,https://www.locales.es/madrid/venta/local177615#offerType=1&estateType=3&settlement=6773,https://www.locales.es/madrid/contactar/propietario/177615,"Local comercial en Venta en Portazgo, Madrid",,,local_comercial,De propietario,75000.0,2500.0,30.0,1.0,Persiana metálica | Situado a pie de calle,"Local de 30 m² en zona comercial consolidada, fachada visible y cerca de Metro Alto del Arenal y varias líneas de autobús.",,,,"Portazgo, Madrid","Portazgo, Madrid, España",ok,nominatim,unknown,"Portazgo, Avenida de la Albufera, Palomeras Bajas, Puente de Vallecas, Madrid, Comunidad de Madrid, 28038, España",40.3930132,-3.659194,,,,,,,,,,card_only_geocoded
locales.es,madrid,venta,13,178448,venta:178448,https://www.locales.es/madrid/venta/local178448#offerType=1&estateType=3&settlement=6773,https://www.locales.es/madrid/contactar/propietario/178448,"Local comercial en Venta en calle de las dos hermanas, Embajadores, Madrid",,,local_comercial,De inmobiliaria,320000.0,5161.3,62.0,2.0,Aire acondicionado,"62 m² en varias estancias, 2 cocinas y 2 baños; para reformar. Aire acondicionado bomba frío/calor. Bien comunicado.",,,,"calle de las dos hermanas, Embajadores, Madrid","calle de las dos hermanas, Embajadores, Madrid, España",ok,nominatim,street_approx,"Calle de las Dos Hermanas, Lavapiés, Embajadores, Centro, Madrid, Comunidad de Madrid, 28012, España",40.4104475,-3.7055407,8a390cb1b4dffff,10.0,01029,01,Centro,002,Embajadores,,,card_only_geocoded
locales.es,madrid,venta,13,178595,venta:178595,https://www.locales.es/madrid/venta/local178595#offerType=1&estateType=3&settlement=6773,https://www.locales.es/madrid/contactar/propietario/178595,"Local comercial en Venta en Recoletos, Madrid",,,local_comercial,De inmobiliaria,20000000.0,5668.9,3528.0,3.0,Aire acondicionado | Ascensor,"Edificio 1926 en Salamanca: 3.528 m², 8 plantas (14 pisos y 2 áticos). Actualmente alquilado. Posibles proyectos: viviendas u hotel.",,,,"Recoletos, Madrid","Recoletos, Madrid, España",ok,nominatim,zone_approx,"Recoletos, Salamanca, Madrid, Comunidad de Madrid, 28001, España",40.4243637,-3.6857429,,,,,,,,,,card_only_geocoded
locales.es,madrid,venta,14,114663,venta:114663,https://www.locales.es/madrid/venta/local114663#offerType=1&estateType=3&settlement=6773,https://www.locales.es/madrid/contactar/propietario/114663,"Local comercial en Venta en Quintana, Madrid",,,local_comercial,De inmobiliaria,1000000.0,32.53,30740.0,,Patio | Almacén,"Incluye patio, bodega, laboratorio y oficina, ideal para la producción y envasado.",,,,"Quintana, Madrid","Quintana, Madrid, España",ok,nominatim,zone_approx,"Quintana, Ciudad Lineal, Madrid, Comunidad de Madrid, 28027, España",40.4356576,-3.6471022,,,,,,,,,,card_only_geocoded
locales.es,madrid,venta,14,129481,venta:129481,https://www.locales.es/madrid/venta/local129481#offerType=1&estateType=3&settlement=6773,https://www.locales.es/madrid/contactar/propietario/129481,"Local comercial en Venta en avenida de manoteras, Valdefuentes, Madrid",,,local_comercial,De inmobiliaria,1081500.0,13030.1,83.0,1.0,,"Local en una planta con acceso a autovía, colegios y servicios. A 26 min en coche del centro de Madrid. Sin visitas disponibles.",,,,"avenida de manoteras, Valdefuentes, Madrid","avenida de manoteras, Valdefuentes, Madrid, España",ok,nominatim,street_approx,"Avenida de Manoteras, Virgen del Cortijo, Valdefuentes, Hortaleza, Madrid, Comunidad de Madrid, 28050, España",40.4874907,-3.6620431,8a390cb0836ffff,10.0,16106.0,16.0,Hortaleza,166.0,Valdefuentes,,,card_only_geocoded
locales.es,madrid,venta,14,135657,venta:135657,https://www.locales.es/madrid/venta/local135657#offerType=1&estateType=3&settlement=6773,https://www.locales.es/madrid/contactar/propietario/135657,"Local comercial en Venta en Avenida de Arcentales, Hellín, Madrid",,,local_comercial,De inmobiliaria,168000.0,1473.7,114.0,2.0,Almacén | Muebles | Salida de humos | Barra | +2,"Local bar-restaurante en dos plantas, amueblado, con cocina luminosa, dos baños, almacenes y cierre centralizado.",,,,"Avenida de Arcentales, Hellín, Madrid","Avenida de Arcentales, Hellín, Madrid, España",ok,nominatim,street_approx,"Avenida de Arcentales, Hellín, San Blas - Canillejas, Madrid, Comunidad de Madrid, 28037, España",40.4323252,-3.621707,8a390ca21187fff,10.0,20021.0,20.0,San Blas-Canillejas,2.0,Hellin,,,card_only_geocoded
locales.es,madrid,venta,14,139418,venta:139418,https://www.locales.es/madrid/venta/local139418#offerType=1&estateType=3&settlement=6773,https://www.locales.es/madrid/contactar/propietario/139418,"Local comercial en Venta en Calle San Joaquin, Universidad, Madrid",,,local_comercial,De inmobiliaria,1500000.0,13636.4,110.0,,Salida de humos,"Local de 100 m² con licencia de bar-restaurante, salida de humos y planta diáfana en calle principal de Malasaña, Madrid.",,,,"Calle San Joaquin, Universidad, Madrid","Calle San Joaquin, Universidad, Madrid, España",ok,nominatim,street_approx,"Calle de San Joaquín, Malasaña, Universidad, Centro, Madrid, Comunidad de Madrid, 28004, España",40.424648,-3.7013178,8a390cb1b167fff,10.0,1094.0,1.0,Centro,15.0,Universidad,,,card_only_geocoded
locales.es,madrid,venta,14,142623,venta:142623,https://www.locales.es/madrid/venta/local142623#offerType=1&estateType=3&settlement=6773,https://www.locales.es/madrid/contactar/propietario/142623,"Local comercial en Venta en Avenida de Portugal, Lucero, Madrid",,,local_comercial,De inmobiliaria,470000.0,1331.4,353.0,2.0,Situado a pie de calle,"Taller 353 m²: gran zona de trabajo, 2 despachos, almacén, aseo y área de atención. Adaptable a usos comerc./logísticos; doble acceso.",,,,"Avenida de Portugal, Lucero, Madrid","Avenida de Portugal, Lucero, Madrid, España",ok,nominatim,street_approx,"Avenida de Portugal, Lucero, Latina, Madrid, Comunidad de Madrid, 28011, España",40.4086804,-3.7423767,8a390cb1a597fff,10.0,10072.0,10.0,Latina,103.0,Lucero,,,card_only_geocoded
locales.es,madrid,venta,14,142693,venta:142693,https://www.locales.es/madrid/venta/local142693#offerType=1&estateType=3&settlement=6773,https://www.locales.es/madrid/contactar/propietario/142693,"Local comercial en Venta en calle vicenta pachón, San Isidro, Madrid",,,local_comercial,De inmobiliaria,199000.0,934.3,213.0,3.0,Situado a pie de calle,"213 m² diáfano en bruto, planta baja con acceso desde calle; requiere reforma integral; uso múltiple: oficinas, coworking, almacén o taller.",,,,"calle vicenta pachón, San Isidro, Madrid","calle vicenta pachón, San Isidro, Madrid, España",ok,nominatim,street_approx,"Calle de Vicenta Pachón, San Isidro, Carabanchel, Madrid, Comunidad de Madrid, 28019, España",40.3947815,-3.7253378,8a390cba9277fff,10.0,11062.0,11.0,Carabanchel,113.0,San Isidro,,,card_only_geocoded
locales.es,madrid,venta,14,32452,venta:32452,https://www.locales.es/madrid/venta/local32452#offerType=1&estateType=3&settlement=6773,https://www.locales.es/madrid/contactar/propietario/32452,Local comercial en Venta en Madrid,,,local_comercial,De inmobiliaria,1400000.0,10937.5,128.0,,,"Local rentable con contrato 5+5 años, cumplimiento 3 años. Ubicado en zona de alta demanda.",,,,Madrid,"Madrid, España",ok,nominatim,unknown,"Madrid, Comunidad de Madrid, España",40.416782,-3.703507,,,,,,,,,,card_only_geocoded
