zone_level,zone_code,zone_name,web_supercategory,web_category,display_label,n_locales,n_events,event_rate,duration_median_months,survival_12m,survival_24m,supported_for_stats,confidence_tier,rank_within_zone_24m
district,1.0,Centro,Retail especializado,Hogar y decoracion,Muebles,81,5,0.06172839506172839,135.0,1.0,1.0,False,low,1
district,1.0,Centro,Servicios,Servicios personales,Reparacion especializada,71,2,0.028169014084507043,135.0,1.0,1.0,False,low,2
district,1.0,Centro,Alimentacion,Alimentacion fresca,Pescaderia,59,5,0.0847457627118644,135.0,1.0,1.0,False,low,3
district,1.0,Centro,Retail especializado,Cultura y ocio,Papeleria y prensa,57,12,0.21052631578947367,135.0,1.0,1.0,False,low,4
district,1.0,Centro,Retail especializado,Hogar y reformas,Ferreteria,47,7,0.14893617021276595,135.0,1.0,1.0,False,low,5
district,1.0,Centro,Educacion,Formacion,Educacion y formacion,43,2,0.046511627906976744,135.0,1.0,1.0,False,low,6
district,1.0,Centro,Salud y bienestar,Salud retail,Herbolario,39,4,0.10256410256410256,135.0,1.0,1.0,False,low,7
district,1.0,Centro,Servicios,Servicios profesionales,Arquitectura e ingenieria,38,9,0.23684210526315788,135.0,1.0,1.0,False,low,8
district,1.0,Centro,Alojamiento,Alojamiento turistico,Alojamiento turistico,36,0,0.0,135.0,1.0,1.0,False,low,9
district,1.0,Centro,Alimentacion,Alimentacion fresca,Carniceria y charcuteria,34,1,0.029411764705882353,135.0,1.0,1.0,False,low,10
district,1.0,Centro,Alimentacion,Panaderia y pasteleria,Pasteleria y reposteria,34,7,0.20588235294117646,135.0,1.0,1.0,False,low,11
district,1.0,Centro,Alimentacion,Alimentacion fresca,Aves y huevos,33,2,0.06060606060606061,135.0,1.0,1.0,False,low,12
district,1.0,Centro,Alimentacion,Especialistas alimentacion,Bodega,30,6,0.2,135.0,1.0,1.0,False,low,13
district,1.0,Centro,Alimentacion,Alimentacion fresca,Charcuteria,28,1,0.03571428571428571,135.0,1.0,1.0,False,low,14
district,1.0,Centro,Retail especializado,Cultura y ocio,Deporte,27,3,0.1111111111111111,135.0,1.0,1.0,False,low,15
district,1.0,Centro,Servicios,Servicios personales,Reparacion de calzado,23,2,0.08695652173913043,135.0,1.0,1.0,False,low,16
district,1.0,Centro,Retail especializado,Electronica y telecom,Electrodomesticos,19,0,0.0,135.0,1.0,1.0,False,low,17
district,1.0,Centro,Retail especializado,Electronica y telecom,Informatica,19,1,0.05263157894736842,135.0,1.0,1.0,False,low,18
district,1.0,Centro,Salud y bienestar,Clinicas y consultas,Fisioterapia,17,2,0.11764705882352941,135.0,1.0,1.0,False,low,19
district,1.0,Centro,Hosteleria,Ocio nocturno,Cafe espectaculo,16,0,0.0,135.0,1.0,1.0,False,low,20
district,1.0,Centro,Alimentacion,Especialistas alimentacion,Golosinas,16,4,0.25,135.0,1.0,1.0,False,low,21
district,1.0,Centro,Alojamiento,Alojamiento turistico,Hostal,16,1,0.0625,135.0,1.0,1.0,False,low,22
district,1.0,Centro,Alimentacion,Especialistas alimentacion,Frutos secos y encurtidos,15,1,0.06666666666666667,135.0,1.0,1.0,False,low,23
district,1.0,Centro,Alimentacion,Supermercado y conveniencia,Gran superficie alimentacion,15,3,0.2,135.0,1.0,1.0,False,low,24
district,1.0,Centro,Servicios,Servicios profesionales,Despacho juridico,14,2,0.14285714285714285,135.0,1.0,1.0,False,low,25
district,1.0,Centro,Retail especializado,Hogar y decoracion,Iluminacion,13,2,0.15384615384615385,135.0,1.0,1.0,False,low,26
district,1.0,Centro,Belleza y cuidado personal,Peluqueria y estetica,Instituto de belleza,13,7,0.5384615384615384,100.0,1.0,1.0,False,low,27
district,1.0,Centro,Educacion,Formacion,Autoescuela,12,1,0.08333333333333333,135.0,1.0,1.0,False,low,28
district,1.0,Centro,Salud y bienestar,Clinicas y consultas,Clinica dental,12,1,0.08333333333333333,135.0,1.0,1.0,False,low,29
district,1.0,Centro,Alimentacion,Especialistas alimentacion,Congelados,12,0,0.0,135.0,1.0,1.0,False,low,30
district,1.0,Centro,Salud y bienestar,Clinicas y consultas,Consulta medica,12,1,0.08333333333333333,135.0,1.0,1.0,False,low,31
district,1.0,Centro,Automocion,Venta y recambios,Motos y reparacion,12,1,0.08333333333333333,135.0,1.0,1.0,False,low,32
district,1.0,Centro,Salud y bienestar,Clinicas y consultas,Clinica medica,11,1,0.09090909090909091,135.0,1.0,1.0,False,low,33
district,1.0,Centro,Alimentacion,Especialistas alimentacion,Heladeria,11,3,0.2727272727272727,135.0,1.0,1.0,False,low,34
district,1.0,Centro,Retail especializado,Hogar y reformas,Puertas y ventanas,11,2,0.18181818181818182,135.0,1.0,1.0,False,low,35
district,1.0,Centro,Retail especializado,Cultura y ocio,Bicicletas,10,3,0.3,135.0,1.0,1.0,False,low,36
district,1.0,Centro,Retail especializado,Hogar y reformas,Materiales de construccion,10,1,0.1,135.0,1.0,1.0,False,low,37
district,1.0,Centro,Automocion,Taller y reparacion,Taller chapa y pintura,10,0,0.0,135.0,1.0,1.0,False,low,38
district,1.0,Centro,Alimentacion,Alimentacion fresca,Casqueria,8,0,0.0,135.0,1.0,1.0,False,low,39
district,1.0,Centro,Educacion,Educacion infantil,Escuela infantil,8,1,0.125,135.0,1.0,1.0,False,low,40
district,1.0,Centro,Alojamiento,Alojamiento turistico,Albergue,7,0,0.0,135.0,1.0,1.0,False,low,41
district,1.0,Centro,Alimentacion,Especialistas alimentacion,Cafe e infusiones,7,1,0.14285714285714285,135.0,1.0,1.0,False,low,42
district,1.0,Centro,Finanzas,Finanzas y seguros,Finanzas y seguros,7,4,0.5714285714285714,81.0,1.0,1.0,False,low,43
district,1.0,Centro,Servicios,Servicios profesionales,Consultoria empresarial,6,1,0.16666666666666666,135.0,1.0,1.0,False,low,44
district,1.0,Centro,Retail especializado,Hogar y reformas,Material electrico,6,2,0.3333333333333333,135.0,1.0,1.0,False,low,45
district,1.0,Centro,Retail especializado,Moda y complementos,Moda y complementos,6,2,0.3333333333333333,135.0,1.0,1.0,False,low,46
district,1.0,Centro,Salud y bienestar,Clinicas y consultas,Podologia,6,2,0.3333333333333333,135.0,1.0,1.0,False,low,47
district,1.0,Centro,Retail especializado,Hogar y reformas,Saneamientos,6,0,0.0,135.0,1.0,1.0,False,low,48
district,1.0,Centro,Finanzas,Finanzas y seguros,Servicios auxiliares seguros,6,1,0.16666666666666666,126.0,1.0,1.0,False,low,49
district,1.0,Centro,Automocion,Taller y reparacion,Taller mecanica,6,0,0.0,135.0,1.0,1.0,False,low,50
district,1.0,Centro,Servicios,Servicios profesionales,Tecnologia y software,6,1,0.16666666666666666,135.0,1.0,1.0,False,low,51
district,1.0,Centro,Hosteleria,Bar y cafeteria,Churreria,5,0,0.0,135.0,1.0,1.0,False,low,52
district,1.0,Centro,Automocion,Servicios automocion,Gasolinera,4,0,0.0,135.0,1.0,1.0,False,low,53
district,1.0,Centro,Retail especializado,Hogar y decoracion,Muebles de cocina,4,0,0.0,135.0,1.0,1.0,False,low,54
district,1.0,Centro,Salud y bienestar,Clinicas y consultas,Optometria,4,1,0.25,135.0,1.0,1.0,False,low,55
district,1.0,Centro,Automocion,Taller y reparacion,Taller automovil,4,0,0.0,135.0,1.0,1.0,False,low,56
district,1.0,Centro,Automocion,Venta y recambios,Venta de coches nuevos,4,0,0.0,135.0,1.0,1.0,False,low,57
district,1.0,Centro,Retail especializado,Hogar y reformas,Bricolaje,3,0,0.0,135.0,1.0,1.0,False,low,58
district,1.0,Centro,Educacion,Formacion,Formacion no reglada,3,0,0.0,93.0,1.0,1.0,False,low,59
district,1.0,Centro,Deporte y ocio,Fitness y deporte,Club deportivo,2,1,0.5,108.5,1.0,1.0,False,low,60
district,1.0,Centro,Retail especializado,Mascotas,Mascotas,2,1,0.5,92.0,1.0,1.0,False,low,61
district,1.0,Centro,Automocion,Venta y recambios,Recambios automovil,2,0,0.0,135.0,1.0,1.0,False,low,62
district,1.0,Centro,Automocion,Taller y reparacion,Accesorios automovil,1,0,0.0,135.0,1.0,1.0,False,low,63
district,1.0,Centro,Belleza y cuidado personal,Peluqueria y estetica,Bronceado,1,0,0.0,133.0,1.0,1.0,False,low,64
district,1.0,Centro,Educacion,Educacion infantil,Centro de cuidado infantil,1,0,0.0,135.0,1.0,1.0,False,low,65
district,1.0,Centro,Retail especializado,Hogar y decoracion,Colchoneria,1,0,0.0,135.0,1.0,1.0,False,low,66
district,1.0,Centro,Servicios,Servicios profesionales,Servicios digitales,1,0,0.0,135.0,1.0,1.0,False,low,67
district,1.0,Centro,Automocion,Venta y recambios,Venta de motos,1,0,0.0,135.0,1.0,1.0,False,low,68
district,1.0,Centro,Hosteleria,Bar y cafeteria,Cafeteria,389,31,0.07969151670951156,135.0,1.0,0.9922879177377892,True,high,69
district,1.0,Centro,Retail especializado,Cultura y ocio,Libreria,114,12,0.10526315789473684,135.0,1.0,0.9912280701754386,True,medium,70
district,1.0,Centro,Retail especializado,Conveniencia,Bazar y precio unico,113,15,0.13274336283185842,135.0,0.9911504424778761,0.9911504424778761,True,medium,71
district,1.0,Centro,Salud y bienestar,Salud retail,Farmacia,112,1,0.008928571428571428,135.0,0.9910714285714286,0.9910714285714286,False,low,72
district,1.0,Centro,Hosteleria,Bar y cafeteria,Taberna,80,3,0.0375,135.0,0.9875,0.9875,False,low,73
district,1.0,Centro,Hosteleria,Bar y cafeteria,Bar con cocina,235,18,0.07659574468085106,135.0,1.0,0.9872340425531915,True,medium,74
district,1.0,Centro,Hosteleria,Restauracion,Restaurante,690,39,0.05652173913043478,135.0,0.9927536231884058,0.9855072463768115,True,high,75
district,1.0,Centro,Hosteleria,Bar y cafeteria,Bar restaurante,479,19,0.03966597077244259,135.0,0.9979123173277662,0.9853862212943633,True,medium,76
district,1.0,Centro,Retail especializado,Hogar y decoracion,Textil hogar,66,6,0.09090909090909091,135.0,0.9848484848484849,0.9848484848484849,False,low,77
district,1.0,Centro,Retail especializado,Moda y complementos,Joyeria y relojeria,191,29,0.1518324607329843,135.0,0.9947643979057592,0.9842931937172774,True,high,78
district,1.0,Centro,Servicios,Servicios profesionales,Oficina y administracion,63,23,0.36507936507936506,135.0,1.0,0.9841269841269842,False,low,79
district,1.0,Centro,Retail especializado,Otros comercios,Otros comercios,534,44,0.08239700374531835,135.0,0.9925093632958801,0.9831460674157303,True,high,80
district,1.0,Centro,Retail especializado,Moda y complementos,Calzado,169,23,0.13609467455621302,135.0,0.9881656804733727,0.9822485207100591,True,high,81
district,1.0,Centro,Alimentacion,Supermercado y conveniencia,Tienda de alimentacion,111,14,0.12612612612612611,135.0,0.990990990990991,0.981981981981982,True,medium,82
district,1.0,Centro,Retail especializado,Conveniencia,Estanco,53,6,0.11320754716981132,135.0,1.0,0.9811320754716981,False,low,83
district,1.0,Centro,Alimentacion,Supermercado y conveniencia,Supermercado,154,17,0.11038961038961038,135.0,0.9870129870129871,0.9805194805194807,True,medium,84
district,1.0,Centro,Alimentacion,Alimentacion fresca,Fruteria,144,14,0.09722222222222222,135.0,0.9930555555555556,0.9791666666666667,True,medium,85
district,1.0,Centro,Hosteleria,Bar y cafeteria,Bar sin cocina,222,15,0.06756756756756757,135.0,0.9909909909909911,0.9774774774774776,True,medium,86
district,1.0,Centro,Salud y bienestar,Salud retail,Salud retail,44,7,0.1590909090909091,135.0,1.0,0.9772727272727273,False,low,87
district,1.0,Centro,Retail especializado,Moda y complementos,Moda,805,131,0.16273291925465838,135.0,0.986335403726708,0.9714285714285713,True,high,88
district,1.0,Centro,Hosteleria,Restauracion,Comida rapida,69,12,0.17391304347826086,135.0,0.9710144927536233,0.9710144927536233,False,low,89
district,1.0,Centro,Alimentacion,Supermercado y conveniencia,Alimentacion envasada,66,9,0.13636363636363635,135.0,1.0,0.9696969696969697,False,low,90
district,1.0,Centro,Servicios,Servicios profesionales,Servicios profesionales,33,13,0.3939393939393939,135.0,0.9696969696969697,0.9696969696969697,False,low,91
district,1.0,Centro,Salud y bienestar,Clinicas y consultas,Clinicas y consultas,31,12,0.3870967741935484,135.0,1.0,0.967741935483871,False,low,92
district,1.0,Centro,Hosteleria,Bar y cafeteria,Bar especial,246,20,0.08130081300813008,135.0,0.983739837398374,0.9674796747967481,True,high,93
district,1.0,Centro,Salud y bienestar,Salud retail,Optica,30,5,0.16666666666666666,135.0,0.9666666666666667,0.9666666666666667,False,low,94
district,1.0,Centro,Hosteleria,Bar y cafeteria,Bodega con consumo,59,5,0.0847457627118644,135.0,1.0,0.9661016949152542,False,low,95
district,1.0,Centro,Servicios,Servicios profesionales,Inmobiliaria,29,9,0.3103448275862069,135.0,1.0,0.9655172413793104,False,low,96
district,1.0,Centro,Servicios,Servicios personales,Lavanderia y tintoreria,27,6,0.2222222222222222,135.0,1.0,0.962962962962963,False,low,97
district,1.0,Centro,Deporte y ocio,Ocio y entretenimiento,Ocio y entretenimiento,77,12,0.15584415584415584,135.0,0.974025974025974,0.961038961038961,False,low,98
district,1.0,Centro,Retail especializado,Cultura y ocio,Jugueteria,25,5,0.2,135.0,1.0,0.96,False,low,99
district,1.0,Centro,Retail especializado,Hogar y decoracion,Hogar y menaje,24,3,0.125,135.0,1.0,0.9583333333333334,False,low,100
district,1.0,Centro,Hosteleria,Ocio nocturno,Discoteca,48,10,0.20833333333333334,135.0,0.9583333333333333,0.9583333333333333,False,low,101
district,1.0,Centro,Servicios,Servicios personales,Arreglo de ropa,23,1,0.043478260869565216,135.0,1.0,0.9565217391304348,False,low,102
district,1.0,Centro,Belleza y cuidado personal,Peluqueria y estetica,Peluqueria,264,64,0.24242424242424243,135.0,0.9810606060606061,0.9545454545454546,True,high,103
district,1.0,Centro,Retail especializado,Conveniencia,Tienda multiproducto,21,4,0.19047619047619047,135.0,1.0,0.9523809523809523,False,low,104
district,1.0,Centro,Retail especializado,Hogar y regalos,Floristeria,41,8,0.1951219512195122,135.0,0.975609756097561,0.9512195121951219,False,low,105
district,1.0,Centro,Alojamiento,Alojamiento turistico,Hotel,81,6,0.07407407407407407,135.0,0.9506172839506174,0.9506172839506174,False,low,106
district,1.0,Centro,Belleza y cuidado personal,Cosmetica y perfumeria,Perfumeria y cosmetica,73,17,0.2328767123287671,135.0,0.9863013698630136,0.9452054794520549,False,low,107
district,1.0,Centro,Servicios,Servicios profesionales,Asesoria y contabilidad,18,5,0.2777777777777778,135.0,1.0,0.9444444444444444,False,low,108
district,1.0,Centro,Alimentacion,Comida preparada,Comida preparada,89,20,0.2247191011235955,135.0,0.9775280898876404,0.9438202247191011,True,medium,109
district,1.0,Centro,Belleza y cuidado personal,Servicios personales,Tattoo y piercing,31,9,0.2903225806451613,135.0,1.0,0.935483870967742,False,low,110
district,1.0,Centro,Servicios,Logistica y movilidad,Logistica y movilidad,132,24,0.18181818181818182,135.0,0.9621212121212122,0.9318181818181819,True,medium,111
district,1.0,Centro,Retail especializado,Electronica y telecom,Electronica,14,3,0.21428571428571427,135.0,1.0,0.9285714285714286,False,low,112
district,1.0,Centro,Retail especializado,Electronica y telecom,Electronica y telecom,14,4,0.2857142857142857,135.0,0.9285714285714286,0.9285714285714286,False,low,113
district,1.0,Centro,Alimentacion,Alimentacion fresca,Carniceria,56,7,0.125,135.0,0.9821428571428571,0.9285714285714285,False,low,114
district,1.0,Centro,Servicios,Servicios al consumidor,Locutorio,91,37,0.4065934065934066,135.0,0.9780219780219781,0.9230769230769231,True,medium,115
district,1.0,Centro,Hosteleria,Bar y cafeteria,Bar especial con actuaciones,25,4,0.16,135.0,0.92,0.92,False,low,116
district,1.0,Centro,Finanzas,Finanzas y seguros,Cambio y envio de moneda,12,4,0.3333333333333333,135.0,1.0,0.9166666666666666,False,low,117
district,1.0,Centro,Belleza y cuidado personal,Servicios personales,Belleza y cuidado personal,11,5,0.45454545454545453,135.0,1.0,0.9090909090909091,False,low,118
district,1.0,Centro,Retail especializado,Hogar y decoracion,Menaje del hogar,11,2,0.18181818181818182,135.0,0.9090909090909091,0.9090909090909091,False,low,119
district,1.0,Centro,Alimentacion,Panaderia y pasteleria,Panaderia,62,10,0.16129032258064516,135.0,0.935483870967742,0.9032258064516129,False,low,120
district,1.0,Centro,Retail especializado,Electronica y telecom,Telefonia,62,13,0.20967741935483872,135.0,0.967741935483871,0.9032258064516128,False,low,121
district,1.0,Centro,Servicios,Servicios profesionales,Telecomunicaciones,10,4,0.4,135.0,1.0,0.9,False,low,122
district,1.0,Centro,Salud y bienestar,Clinicas y consultas,Veterinaria,10,2,0.2,135.0,1.0,0.9,False,low,123
district,1.0,Centro,Deporte y ocio,Fitness y deporte,Gimnasio,30,12,0.4,135.0,0.9666666666666667,0.9,False,low,124
district,1.0,Centro,Servicios,Servicios profesionales,Fotografia,9,3,0.3333333333333333,135.0,1.0,0.8888888888888888,False,low,125
district,1.0,Centro,Salud y bienestar,Clinicas y consultas,Parasanitario,9,3,0.3333333333333333,135.0,1.0,0.8888888888888888,False,low,126
district,1.0,Centro,Hosteleria,Bar y cafeteria,Heladeria y salon de te,25,8,0.32,135.0,0.8799999999999999,0.8799999999999999,False,low,127
district,1.0,Centro,Finanzas,Finanzas y seguros,Banco y caja,174,70,0.40229885057471265,135.0,0.9425287356321839,0.8735632183908044,True,high,128
district,1.0,Centro,Finanzas,Finanzas y seguros,Seguros,14,5,0.35714285714285715,135.0,1.0,0.8571428571428572,False,low,129
district,1.0,Centro,Belleza y cuidado personal,Peluqueria y estetica,Centro de estetica,33,15,0.45454545454545453,135.0,0.9090909090909092,0.8484848484848486,False,low,130
district,1.0,Centro,Servicios,Servicios profesionales,Publicidad y marketing,30,12,0.4,135.0,0.9,0.8333333333333334,False,low,131
district,1.0,Centro,Hosteleria,Catering y colectividades,Comedor colectivo,12,3,0.25,53.0,1.0,0.8333333333333333,False,low,132
district,1.0,Centro,Alimentacion,Especialistas alimentacion,Lacteos y bebidas,5,2,0.4,135.0,1.0,0.8,False,low,133
district,1.0,Centro,Hosteleria,Catering y colectividades,Eventos y banquetes,4,2,0.5,108.5,1.0,0.75,False,low,134
district,1.0,Centro,Deporte y ocio,Ocio y entretenimiento,Salon recreativo,12,8,0.6666666666666666,84.0,0.9166666666666666,0.75,False,low,135
district,1.0,Centro,Hosteleria,Restauracion,Hosteleria especializada,4,2,0.5,70.0,0.75,0.5,False,low,136
district,1.0,Centro,Deporte y ocio,Fitness y deporte,Instalacion deportiva,3,3,1.0,21.0,1.0,0.33333333333333337,False,low,137
district,10.0,Latina,Alimentacion,Alimentacion fresca,Fruteria,200,16,0.08,135.0,1.0,1.0,True,medium,1
district,10.0,Latina,Salud y bienestar,Salud retail,Farmacia,140,3,0.02142857142857143,135.0,1.0,1.0,False,low,2
district,10.0,Latina,Alimentacion,Alimentacion fresca,Carniceria,113,1,0.008849557522123894,135.0,1.0,1.0,False,low,3
district,10.0,Latina,Automocion,Taller y reparacion,Taller mecanica,98,4,0.04081632653061224,135.0,1.0,1.0,False,low,4
district,10.0,Latina,Alimentacion,Alimentacion fresca,Pescaderia,75,2,0.02666666666666667,135.0,1.0,1.0,False,low,5
district,10.0,Latina,Educacion,Formacion,Educacion y formacion,71,0,0.0,135.0,1.0,1.0,False,low,6
district,10.0,Latina,Alimentacion,Alimentacion fresca,Aves y huevos,66,1,0.015151515151515152,135.0,1.0,1.0,False,low,7
district,10.0,Latina,Retail especializado,Conveniencia,Bazar y precio unico,66,9,0.13636363636363635,135.0,1.0,1.0,False,low,8
district,10.0,Latina,Salud y bienestar,Clinicas y consultas,Clinica dental,64,5,0.078125,135.0,1.0,1.0,False,low,9
district,10.0,Latina,Servicios,Servicios profesionales,Asesoria y contabilidad,54,7,0.12962962962962962,135.0,1.0,1.0,False,low,10
district,10.0,Latina,Servicios,Servicios personales,Reparacion especializada,46,3,0.06521739130434782,135.0,1.0,1.0,False,low,11
district,10.0,Latina,Retail especializado,Moda y complementos,Calzado,45,5,0.1111111111111111,135.0,1.0,1.0,False,low,12
district,10.0,Latina,Hosteleria,Bar y cafeteria,Bar especial,44,7,0.1590909090909091,135.0,1.0,1.0,False,low,13
district,10.0,Latina,Salud y bienestar,Clinicas y consultas,Fisioterapia,42,4,0.09523809523809523,135.0,1.0,1.0,False,low,14
district,10.0,Latina,Salud y bienestar,Salud retail,Optica,42,5,0.11904761904761904,135.0,1.0,1.0,False,low,15
district,10.0,Latina,Retail especializado,Conveniencia,Estanco,41,0,0.0,135.0,1.0,1.0,False,low,16
district,10.0,Latina,Educacion,Formacion,Autoescuela,38,0,0.0,135.0,1.0,1.0,False,low,17
district,10.0,Latina,Salud y bienestar,Clinicas y consultas,Consulta medica,35,0,0.0,135.0,1.0,1.0,False,low,18
district,10.0,Latina,Educacion,Educacion infantil,Escuela infantil,35,3,0.08571428571428572,135.0,1.0,1.0,False,low,19
district,10.0,Latina,Retail especializado,Cultura y ocio,Papeleria y prensa,35,5,0.14285714285714285,135.0,1.0,1.0,False,low,20
district,10.0,Latina,Deporte y ocio,Ocio y entretenimiento,Ocio y entretenimiento,34,7,0.20588235294117646,135.0,1.0,1.0,False,low,21
district,10.0,Latina,Retail especializado,Hogar y reformas,Puertas y ventanas,34,3,0.08823529411764706,135.0,1.0,1.0,False,low,22
district,10.0,Latina,Alimentacion,Especialistas alimentacion,Frutos secos y encurtidos,33,0,0.0,135.0,1.0,1.0,False,low,23
district,10.0,Latina,Servicios,Servicios personales,Lavanderia y tintoreria,33,4,0.12121212121212122,135.0,1.0,1.0,False,low,24
district,10.0,Latina,Retail especializado,Hogar y decoracion,Muebles,32,7,0.21875,135.0,1.0,1.0,False,low,25
district,10.0,Latina,Retail especializado,Electronica y telecom,Telefonia,32,7,0.21875,135.0,1.0,1.0,False,low,26
district,10.0,Latina,Servicios,Servicios personales,Reparacion de calzado,29,1,0.034482758620689655,135.0,1.0,1.0,False,low,27
district,10.0,Latina,Automocion,Taller y reparacion,Taller chapa y pintura,27,1,0.037037037037037035,135.0,1.0,1.0,False,low,28
district,10.0,Latina,Retail especializado,Hogar y regalos,Floristeria,26,1,0.038461538461538464,135.0,1.0,1.0,False,low,29
district,10.0,Latina,Servicios,Servicios personales,Arreglo de ropa,25,0,0.0,135.0,1.0,1.0,False,low,30
district,10.0,Latina,Retail especializado,Hogar y decoracion,Muebles de cocina,25,4,0.16,135.0,1.0,1.0,False,low,31
district,10.0,Latina,Belleza y cuidado personal,Cosmetica y perfumeria,Perfumeria y cosmetica,23,3,0.13043478260869565,135.0,1.0,1.0,False,low,32
district,10.0,Latina,Deporte y ocio,Fitness y deporte,Gimnasio,22,3,0.13636363636363635,135.0,1.0,1.0,False,low,33
district,10.0,Latina,Salud y bienestar,Clinicas y consultas,Clinica medica,20,1,0.05,135.0,1.0,1.0,False,low,34
district,10.0,Latina,Alimentacion,Especialistas alimentacion,Congelados,20,0,0.0,135.0,1.0,1.0,False,low,35
district,10.0,Latina,Retail especializado,Electronica y telecom,Informatica,19,3,0.15789473684210525,135.0,1.0,1.0,False,low,36
district,10.0,Latina,Salud y bienestar,Salud retail,Salud retail,19,4,0.21052631578947367,135.0,1.0,1.0,False,low,37
district,10.0,Latina,Alimentacion,Alimentacion fresca,Casqueria,17,0,0.0,135.0,1.0,1.0,False,low,38
district,10.0,Latina,Salud y bienestar,Clinicas y consultas,Veterinaria,17,1,0.058823529411764705,135.0,1.0,1.0,False,low,39
district,10.0,Latina,Retail especializado,Cultura y ocio,Deporte,16,3,0.1875,135.0,1.0,1.0,False,low,40
district,10.0,Latina,Automocion,Taller y reparacion,Taller automovil,15,0,0.0,135.0,1.0,1.0,False,low,41
district,10.0,Latina,Retail especializado,Conveniencia,Tienda multiproducto,14,1,0.07142857142857142,135.0,1.0,1.0,False,low,42
district,10.0,Latina,Alimentacion,Especialistas alimentacion,Bodega,13,3,0.23076923076923078,135.0,1.0,1.0,False,low,43
district,10.0,Latina,Retail especializado,Electronica y telecom,Electronica,13,3,0.23076923076923078,135.0,1.0,1.0,False,low,44
district,10.0,Latina,Salud y bienestar,Clinicas y consultas,Podologia,13,0,0.0,135.0,1.0,1.0,False,low,45
district,10.0,Latina,Retail especializado,Hogar y reformas,Saneamientos,13,1,0.07692307692307693,135.0,1.0,1.0,False,low,46
district,10.0,Latina,Finanzas,Finanzas y seguros,Seguros,13,4,0.3076923076923077,135.0,1.0,1.0,False,low,47
district,10.0,Latina,Automocion,Venta y recambios,Venta de coches nuevos,13,2,0.15384615384615385,135.0,1.0,1.0,False,low,48
district,10.0,Latina,Belleza y cuidado personal,Servicios personales,Belleza y cuidado personal,12,0,0.0,135.0,1.0,1.0,False,low,49
district,10.0,Latina,Retail especializado,Electronica y telecom,Electrodomesticos,12,1,0.08333333333333333,135.0,1.0,1.0,False,low,50
district,10.0,Latina,Hosteleria,Restauracion,Comida rapida,11,1,0.09090909090909091,135.0,1.0,1.0,False,low,51
district,10.0,Latina,Retail especializado,Electronica y telecom,Electronica y telecom,11,2,0.18181818181818182,135.0,1.0,1.0,False,low,52
district,10.0,Latina,Servicios,Servicios profesionales,Publicidad y marketing,11,2,0.18181818181818182,135.0,1.0,1.0,False,low,53
district,10.0,Latina,Deporte y ocio,Fitness y deporte,Club deportivo,10,0,0.0,135.0,1.0,1.0,False,low,54
district,10.0,Latina,Automocion,Venta y recambios,Recambios automovil,10,0,0.0,135.0,1.0,1.0,False,low,55
district,10.0,Latina,Retail especializado,Cultura y ocio,Libreria,9,1,0.1111111111111111,135.0,1.0,1.0,False,low,56
district,10.0,Latina,Servicios,Servicios profesionales,Fotografia,8,1,0.125,135.0,1.0,1.0,False,low,57
district,10.0,Latina,Hosteleria,Bar y cafeteria,Bar especial con actuaciones,7,0,0.0,135.0,1.0,1.0,False,low,58
district,10.0,Latina,Hosteleria,Bar y cafeteria,Churreria,7,1,0.14285714285714285,135.0,1.0,1.0,False,low,59
district,10.0,Latina,Alimentacion,Especialistas alimentacion,Lacteos y bebidas,7,0,0.0,135.0,1.0,1.0,False,low,60
district,10.0,Latina,Automocion,Venta y recambios,Motos y reparacion,7,0,0.0,135.0,1.0,1.0,False,low,61
district,10.0,Latina,Alimentacion,Panaderia y pasteleria,Pasteleria y reposteria,7,1,0.14285714285714285,135.0,1.0,1.0,False,low,62
district,10.0,Latina,Servicios,Servicios profesionales,Tecnologia y software,7,0,0.0,135.0,1.0,1.0,False,low,63
district,10.0,Latina,Servicios,Servicios profesionales,Despacho juridico,6,1,0.16666666666666666,135.0,1.0,1.0,False,low,64
district,10.0,Latina,Hosteleria,Ocio nocturno,Discoteca,6,3,0.5,100.0,1.0,1.0,False,low,65
district,10.0,Latina,Alimentacion,Supermercado y conveniencia,Gran superficie alimentacion,6,1,0.16666666666666666,135.0,1.0,1.0,False,low,66
district,10.0,Latina,Retail especializado,Cultura y ocio,Jugueteria,6,2,0.3333333333333333,135.0,1.0,1.0,False,low,67
district,10.0,Latina,Retail especializado,Cultura y ocio,Bicicletas,5,2,0.4,135.0,1.0,1.0,False,low,68
district,10.0,Latina,Retail especializado,Hogar y reformas,Bricolaje,5,2,0.4,135.0,1.0,1.0,False,low,69
district,10.0,Latina,Deporte y ocio,Ocio y entretenimiento,Celebraciones infantiles,5,1,0.2,135.0,1.0,1.0,False,low,70
district,10.0,Latina,Hosteleria,Catering y colectividades,Comedor colectivo,5,1,0.2,53.0,1.0,1.0,False,low,71
district,10.0,Latina,Alimentacion,Especialistas alimentacion,Cafe e infusiones,4,0,0.0,135.0,1.0,1.0,False,low,72
district,10.0,Latina,Finanzas,Finanzas y seguros,Cambio y envio de moneda,4,0,0.0,135.0,1.0,1.0,False,low,73
district,10.0,Latina,Automocion,Servicios automocion,Gasolinera,4,0,0.0,135.0,1.0,1.0,False,low,74
district,10.0,Latina,Retail especializado,Hogar y decoracion,Iluminacion,4,0,0.0,135.0,1.0,1.0,False,low,75
district,10.0,Latina,Belleza y cuidado personal,Peluqueria y estetica,Instituto de belleza,4,0,0.0,135.0,1.0,1.0,False,low,76
district,10.0,Latina,Finanzas,Finanzas y seguros,Servicios auxiliares seguros,4,2,0.5,108.5,1.0,1.0,False,low,77
district,10.0,Latina,Servicios,Servicios profesionales,Consultoria empresarial,3,0,0.0,135.0,1.0,1.0,False,low,78
district,10.0,Latina,Hosteleria,Catering y colectividades,Eventos y banquetes,3,0,0.0,135.0,1.0,1.0,False,low,79
district,10.0,Latina,Deporte y ocio,Fitness y deporte,Instalacion deportiva,3,0,0.0,135.0,1.0,1.0,False,low,80
district,10.0,Latina,Retail especializado,Hogar y decoracion,Menaje del hogar,3,0,0.0,135.0,1.0,1.0,False,low,81
district,10.0,Latina,Belleza y cuidado personal,Servicios personales,Tattoo y piercing,3,0,0.0,135.0,1.0,1.0,False,low,82
district,10.0,Latina,Servicios,Servicios profesionales,Telecomunicaciones,3,0,0.0,135.0,1.0,1.0,False,low,83
district,10.0,Latina,Alojamiento,Alojamiento turistico,Alojamiento turistico,2,1,0.5,102.0,1.0,1.0,False,low,84
district,10.0,Latina,Educacion,Educacion infantil,Centro de cuidado infantil,2,0,0.0,135.0,1.0,1.0,False,low,85
district,10.0,Latina,Hosteleria,Bar y cafeteria,Taberna,2,1,0.5,93.5,1.0,1.0,False,low,86
district,10.0,Latina,Automocion,Venta y recambios,Venta de coches usados,2,1,0.5,132.5,1.0,1.0,False,low,87
district,10.0,Latina,Hosteleria,Bar y cafeteria,Bodega con consumo,1,0,0.0,135.0,1.0,1.0,False,low,88
district,10.0,Latina,Finanzas,Finanzas y seguros,Finanzas y seguros,1,0,0.0,135.0,1.0,1.0,False,low,89
district,10.0,Latina,Alimentacion,Especialistas alimentacion,Golosinas,1,1,1.0,78.0,1.0,1.0,False,low,90
district,10.0,Latina,Hosteleria,Bar y cafeteria,Heladeria y salon de te,1,0,0.0,135.0,1.0,1.0,False,low,91
district,10.0,Latina,Alojamiento,Alojamiento turistico,Hostal,1,0,0.0,135.0,1.0,1.0,False,low,92
district,10.0,Latina,Retail especializado,Mascotas,Mascotas,1,0,0.0,109.0,1.0,1.0,False,low,93
district,10.0,Latina,Salud y bienestar,Clinicas y consultas,Optometria,1,0,0.0,135.0,1.0,1.0,False,low,94
district,10.0,Latina,Retail especializado,Moda y complementos,Moda,159,27,0.16981132075471697,135.0,1.0,0.9937106918238994,True,high,95
district,10.0,Latina,Hosteleria,Bar y cafeteria,Cafeteria,86,5,0.05813953488372093,135.0,1.0,0.9883720930232558,False,low,96
district,10.0,Latina,Hosteleria,Bar y cafeteria,Bar con cocina,299,20,0.06688963210702341,135.0,1.0,0.9866220735785953,True,high,97
district,10.0,Latina,Belleza y cuidado personal,Peluqueria y estetica,Peluqueria,290,29,0.1,135.0,0.996551724137931,0.9862068965517241,True,high,98
district,10.0,Latina,Hosteleria,Bar y cafeteria,Bar restaurante,136,7,0.051470588235294115,135.0,0.9926470588235294,0.9852941176470589,False,low,99
district,10.0,Latina,Servicios,Logistica y movilidad,Logistica y movilidad,136,11,0.08088235294117647,135.0,0.9926470588235294,0.9852941176470589,False,low,100
district,10.0,Latina,Alimentacion,Alimentacion fresca,Charcuteria,57,4,0.07017543859649122,135.0,1.0,0.9824561403508771,False,low,101
district,10.0,Latina,Retail especializado,Moda y complementos,Joyeria y relojeria,49,5,0.10204081632653061,135.0,1.0,0.9795918367346939,False,low,102
district,10.0,Latina,Alimentacion,Supermercado y conveniencia,Supermercado,91,11,0.12087912087912088,135.0,0.989010989010989,0.9780219780219781,False,low,103
district,10.0,Latina,Hosteleria,Restauracion,Restaurante,45,5,0.1111111111111111,135.0,1.0,0.9777777777777777,False,low,104
district,10.0,Latina,Alimentacion,Supermercado y conveniencia,Tienda de alimentacion,173,20,0.11560693641618497,135.0,0.9826589595375722,0.976878612716763,True,high,105
district,10.0,Latina,Retail especializado,Hogar y reformas,Ferreteria,41,5,0.12195121951219512,135.0,1.0,0.975609756097561,False,low,106
district,10.0,Latina,Salud y bienestar,Salud retail,Herbolario,38,6,0.15789473684210525,135.0,0.9736842105263158,0.9736842105263158,False,low,107
district,10.0,Latina,Servicios,Servicios profesionales,Oficina y administracion,37,7,0.1891891891891892,135.0,0.972972972972973,0.972972972972973,False,low,108
district,10.0,Latina,Alimentacion,Alimentacion fresca,Carniceria y charcuteria,33,1,0.030303030303030304,135.0,0.9696969696969697,0.9696969696969697,False,low,109
district,10.0,Latina,Salud y bienestar,Clinicas y consultas,Clinicas y consultas,31,2,0.06451612903225806,135.0,0.967741935483871,0.967741935483871,False,low,110
district,10.0,Latina,Hosteleria,Bar y cafeteria,Bar sin cocina,93,9,0.0967741935483871,135.0,0.9784946236559139,0.9677419354838709,False,low,111
district,10.0,Latina,Retail especializado,Otros comercios,Otros comercios,55,12,0.21818181818181817,135.0,1.0,0.9636363636363636,False,low,112
district,10.0,Latina,Retail especializado,Hogar y decoracion,Textil hogar,26,6,0.23076923076923078,135.0,0.9615384615384616,0.9615384615384616,False,low,113
district,10.0,Latina,Servicios,Servicios profesionales,Inmobiliaria,51,13,0.2549019607843137,135.0,0.9803921568627451,0.9607843137254901,False,low,114
district,10.0,Latina,Alimentacion,Comida preparada,Comida preparada,23,3,0.13043478260869565,135.0,1.0,0.9565217391304348,False,low,115
district,10.0,Latina,Servicios,Servicios al consumidor,Locutorio,84,21,0.25,135.0,0.9880952380952381,0.9523809523809523,True,medium,116
district,10.0,Latina,Alimentacion,Panaderia y pasteleria,Panaderia,75,10,0.13333333333333333,135.0,0.9600000000000001,0.9466666666666668,False,low,117
district,10.0,Latina,Retail especializado,Hogar y reformas,Material electrico,16,2,0.125,135.0,0.9375,0.9375,False,low,118
district,10.0,Latina,Servicios,Servicios profesionales,Arquitectura e ingenieria,15,2,0.13333333333333333,135.0,1.0,0.9333333333333333,False,low,119
district,10.0,Latina,Belleza y cuidado personal,Peluqueria y estetica,Centro de estetica,30,8,0.26666666666666666,135.0,0.9666666666666667,0.9333333333333333,False,low,120
district,10.0,Latina,Finanzas,Finanzas y seguros,Banco y caja,124,41,0.33064516129032256,135.0,0.9758064516129032,0.9274193548387097,True,medium,121
district,10.0,Latina,Alimentacion,Supermercado y conveniencia,Alimentacion envasada,13,2,0.15384615384615385,135.0,1.0,0.9230769230769231,False,low,122
district,10.0,Latina,Servicios,Servicios profesionales,Servicios profesionales,11,4,0.36363636363636365,135.0,1.0,0.9090909090909091,False,low,123
district,10.0,Latina,Retail especializado,Hogar y decoracion,Hogar y menaje,21,5,0.23809523809523808,135.0,0.9047619047619047,0.9047619047619047,False,low,124
district,10.0,Latina,Retail especializado,Hogar y reformas,Materiales de construccion,10,1,0.1,135.0,1.0,0.9,False,low,125
district,10.0,Latina,Salud y bienestar,Clinicas y consultas,Parasanitario,7,1,0.14285714285714285,135.0,1.0,0.8571428571428572,False,low,126
district,10.0,Latina,Retail especializado,Hogar y decoracion,Colchoneria,9,3,0.3333333333333333,135.0,0.8888888888888888,0.7777777777777777,False,low,127
district,10.0,Latina,Alimentacion,Especialistas alimentacion,Heladeria,6,2,0.3333333333333333,135.0,0.6666666666666667,0.6666666666666667,False,low,128
district,10.0,Latina,Deporte y ocio,Ocio y entretenimiento,Salon recreativo,2,1,0.5,77.5,1.0,0.5,False,low,129
district,10.0,Latina,Hosteleria,Ocio nocturno,Cafe espectaculo,1,1,1.0,20.0,1.0,0.0,False,low,130
district,10.0,Latina,Hosteleria,Restauracion,Hosteleria especializada,1,1,1.0,15.0,1.0,0.0,False,low,131
district,11.0,Carabanchel,Alimentacion,Supermercado y conveniencia,Tienda de alimentacion,199,24,0.12060301507537688,135.0,1.0,1.0,True,high,1
district,11.0,Carabanchel,Automocion,Taller y reparacion,Taller mecanica,175,6,0.03428571428571429,135.0,1.0,1.0,False,low,2
district,11.0,Carabanchel,Hosteleria,Bar y cafeteria,Bar restaurante,147,5,0.034013605442176874,135.0,1.0,1.0,False,low,3
district,11.0,Carabanchel,Salud y bienestar,Salud retail,Farmacia,138,6,0.043478260869565216,135.0,1.0,1.0,False,low,4
district,11.0,Carabanchel,Salud y bienestar,Clinicas y consultas,Clinica dental,81,3,0.037037037037037035,135.0,1.0,1.0,False,low,5
district,11.0,Carabanchel,Educacion,Formacion,Educacion y formacion,76,1,0.013157894736842105,135.0,1.0,1.0,False,low,6
district,11.0,Carabanchel,Servicios,Servicios personales,Reparacion especializada,72,6,0.08333333333333333,135.0,1.0,1.0,False,low,7
district,11.0,Carabanchel,Automocion,Taller y reparacion,Taller chapa y pintura,70,3,0.04285714285714286,135.0,1.0,1.0,False,low,8
district,11.0,Carabanchel,Alimentacion,Alimentacion fresca,Carniceria,65,1,0.015384615384615385,135.0,1.0,1.0,False,low,9
district,11.0,Carabanchel,Deporte y ocio,Ocio y entretenimiento,Ocio y entretenimiento,63,6,0.09523809523809523,135.0,1.0,1.0,False,low,10
district,11.0,Carabanchel,Alimentacion,Alimentacion fresca,Pescaderia,52,3,0.057692307692307696,135.0,1.0,1.0,False,low,11
district,11.0,Carabanchel,Alimentacion,Alimentacion fresca,Aves y huevos,40,0,0.0,135.0,1.0,1.0,False,low,12
district,11.0,Carabanchel,Alimentacion,Alimentacion fresca,Charcuteria,40,0,0.0,135.0,1.0,1.0,False,low,13
district,11.0,Carabanchel,Educacion,Educacion infantil,Escuela infantil,40,1,0.025,135.0,1.0,1.0,False,low,14
district,11.0,Carabanchel,Retail especializado,Conveniencia,Estanco,39,3,0.07692307692307693,135.0,1.0,1.0,False,low,15
district,11.0,Carabanchel,Servicios,Servicios personales,Arreglo de ropa,36,0,0.0,135.0,1.0,1.0,False,low,16
district,11.0,Carabanchel,Educacion,Formacion,Autoescuela,33,1,0.030303030303030304,135.0,1.0,1.0,False,low,17
district,11.0,Carabanchel,Salud y bienestar,Salud retail,Herbolario,33,5,0.15151515151515152,135.0,1.0,1.0,False,low,18
district,11.0,Carabanchel,Hosteleria,Catering y colectividades,Comedor colectivo,30,0,0.0,81.0,1.0,1.0,False,low,19
district,11.0,Carabanchel,Automocion,Venta y recambios,Recambios automovil,30,1,0.03333333333333333,135.0,1.0,1.0,False,low,20
district,11.0,Carabanchel,Automocion,Taller y reparacion,Taller automovil,30,2,0.06666666666666667,135.0,1.0,1.0,False,low,21
district,11.0,Carabanchel,Salud y bienestar,Clinicas y consultas,Fisioterapia,28,4,0.14285714285714285,135.0,1.0,1.0,False,low,22
district,11.0,Carabanchel,Servicios,Servicios personales,Reparacion de calzado,26,0,0.0,135.0,1.0,1.0,False,low,23
district,11.0,Carabanchel,Alimentacion,Alimentacion fresca,Carniceria y charcuteria,25,1,0.04,135.0,1.0,1.0,False,low,24
district,11.0,Carabanchel,Alimentacion,Comida preparada,Comida preparada,25,4,0.16,135.0,1.0,1.0,False,low,25
district,11.0,Carabanchel,Deporte y ocio,Fitness y deporte,Gimnasio,25,2,0.08,135.0,1.0,1.0,False,low,26
district,11.0,Carabanchel,Finanzas,Finanzas y seguros,Seguros,24,6,0.25,135.0,1.0,1.0,False,low,27
district,11.0,Carabanchel,Retail especializado,Cultura y ocio,Deporte,22,1,0.045454545454545456,135.0,1.0,1.0,False,low,28
district,11.0,Carabanchel,Retail especializado,Hogar y reformas,Puertas y ventanas,21,2,0.09523809523809523,135.0,1.0,1.0,False,low,29
district,11.0,Carabanchel,Retail especializado,Hogar y decoracion,Muebles de cocina,20,1,0.05,135.0,1.0,1.0,False,low,30
district,11.0,Carabanchel,Alimentacion,Especialistas alimentacion,Frutos secos y encurtidos,19,3,0.15789473684210525,135.0,1.0,1.0,False,low,31
district,11.0,Carabanchel,Retail especializado,Hogar y decoracion,Hogar y menaje,19,3,0.15789473684210525,135.0,1.0,1.0,False,low,32
district,11.0,Carabanchel,Retail especializado,Hogar y reformas,Materiales de construccion,19,3,0.15789473684210525,135.0,1.0,1.0,False,low,33
district,11.0,Carabanchel,Servicios,Servicios profesionales,Servicios profesionales,19,4,0.21052631578947367,135.0,1.0,1.0,False,low,34
district,11.0,Carabanchel,Automocion,Servicios automocion,Gasolinera,18,1,0.05555555555555555,135.0,1.0,1.0,False,low,35
district,11.0,Carabanchel,Retail especializado,Conveniencia,Tienda multiproducto,17,0,0.0,135.0,1.0,1.0,False,low,36
district,11.0,Carabanchel,Automocion,Venta y recambios,Venta de coches nuevos,17,2,0.11764705882352941,135.0,1.0,1.0,False,low,37
district,11.0,Carabanchel,Salud y bienestar,Clinicas y consultas,Veterinaria,17,1,0.058823529411764705,135.0,1.0,1.0,False,low,38
district,11.0,Carabanchel,Retail especializado,Hogar y reformas,Saneamientos,16,3,0.1875,135.0,1.0,1.0,False,low,39
district,11.0,Carabanchel,Servicios,Servicios profesionales,Arquitectura e ingenieria,15,1,0.06666666666666667,135.0,1.0,1.0,False,low,40
district,11.0,Carabanchel,Salud y bienestar,Clinicas y consultas,Clinica medica,14,2,0.14285714285714285,135.0,1.0,1.0,False,low,41
district,11.0,Carabanchel,Servicios,Servicios profesionales,Despacho juridico,14,3,0.21428571428571427,135.0,1.0,1.0,False,low,42
district,11.0,Carabanchel,Automocion,Venta y recambios,Venta de coches usados,12,0,0.0,135.0,1.0,1.0,False,low,43
district,11.0,Carabanchel,Servicios,Servicios profesionales,Publicidad y marketing,10,2,0.2,135.0,1.0,1.0,False,low,44
district,11.0,Carabanchel,Servicios,Servicios profesionales,Tecnologia y software,10,1,0.1,135.0,1.0,1.0,False,low,45
district,11.0,Carabanchel,Servicios,Servicios profesionales,Telecomunicaciones,8,2,0.25,135.0,1.0,1.0,False,low,46
district,11.0,Carabanchel,Alimentacion,Especialistas alimentacion,Bodega,7,0,0.0,135.0,1.0,1.0,False,low,47
district,11.0,Carabanchel,Retail especializado,Hogar y reformas,Bricolaje,7,1,0.14285714285714285,135.0,1.0,1.0,False,low,48
district,11.0,Carabanchel,Alimentacion,Alimentacion fresca,Casqueria,7,0,0.0,135.0,1.0,1.0,False,low,49
district,11.0,Carabanchel,Hosteleria,Bar y cafeteria,Churreria,7,0,0.0,135.0,1.0,1.0,False,low,50
district,11.0,Carabanchel,Deporte y ocio,Fitness y deporte,Club deportivo,7,1,0.14285714285714285,135.0,1.0,1.0,False,low,51
district,11.0,Carabanchel,Retail especializado,Hogar y decoracion,Iluminacion,7,0,0.0,135.0,1.0,1.0,False,low,52
district,11.0,Carabanchel,Automocion,Venta y recambios,Motos y reparacion,7,0,0.0,135.0,1.0,1.0,False,low,53
district,11.0,Carabanchel,Alimentacion,Panaderia y pasteleria,Pasteleria y reposteria,7,2,0.2857142857142857,135.0,1.0,1.0,False,low,54
district,11.0,Carabanchel,Finanzas,Finanzas y seguros,Servicios auxiliares seguros,7,0,0.0,135.0,1.0,1.0,False,low,55
district,11.0,Carabanchel,Hosteleria,Bar y cafeteria,Taberna,7,0,0.0,135.0,1.0,1.0,False,low,56
district,11.0,Carabanchel,Belleza y cuidado personal,Servicios personales,Tattoo y piercing,7,0,0.0,135.0,1.0,1.0,False,low,57
district,11.0,Carabanchel,Hosteleria,Bar y cafeteria,Bar especial con actuaciones,6,2,0.3333333333333333,135.0,1.0,1.0,False,low,58
district,11.0,Carabanchel,Servicios,Servicios profesionales,Fotografia,6,1,0.16666666666666666,135.0,1.0,1.0,False,low,59
district,11.0,Carabanchel,Alimentacion,Especialistas alimentacion,Golosinas,6,0,0.0,135.0,1.0,1.0,False,low,60
district,11.0,Carabanchel,Servicios,Servicios profesionales,Consultoria empresarial,5,0,0.0,135.0,1.0,1.0,False,low,61
district,11.0,Carabanchel,Hosteleria,Ocio nocturno,Discoteca,5,0,0.0,135.0,1.0,1.0,False,low,62
district,11.0,Carabanchel,Alimentacion,Especialistas alimentacion,Heladeria,5,0,0.0,128.0,1.0,1.0,False,low,63
district,11.0,Carabanchel,Deporte y ocio,Fitness y deporte,Instalacion deportiva,5,0,0.0,135.0,1.0,1.0,False,low,64
district,11.0,Carabanchel,Alimentacion,Especialistas alimentacion,Lacteos y bebidas,5,0,0.0,135.0,1.0,1.0,False,low,65
district,11.0,Carabanchel,Retail especializado,Cultura y ocio,Libreria,5,1,0.2,135.0,1.0,1.0,False,low,66
district,11.0,Carabanchel,Retail especializado,Hogar y decoracion,Menaje del hogar,5,0,0.0,135.0,1.0,1.0,False,low,67
district,11.0,Carabanchel,Salud y bienestar,Clinicas y consultas,Podologia,5,0,0.0,135.0,1.0,1.0,False,low,68
district,11.0,Carabanchel,Automocion,Taller y reparacion,Accesorios automovil,4,0,0.0,135.0,1.0,1.0,False,low,69
district,11.0,Carabanchel,Educacion,Educacion infantil,Centro de cuidado infantil,4,0,0.0,135.0,1.0,1.0,False,low,70
district,11.0,Carabanchel,Salud y bienestar,Clinicas y consultas,Optometria,4,1,0.25,135.0,1.0,1.0,False,low,71
district,11.0,Carabanchel,Salud y bienestar,Clinicas y consultas,Parasanitario,4,0,0.0,135.0,1.0,1.0,False,low,72
district,11.0,Carabanchel,Alojamiento,Alojamiento turistico,Alojamiento turistico,3,1,0.3333333333333333,118.0,1.0,1.0,False,low,73
district,11.0,Carabanchel,Retail especializado,Cultura y ocio,Bicicletas,3,0,0.0,135.0,1.0,1.0,False,low,74
district,11.0,Carabanchel,Alojamiento,Alojamiento turistico,Hostal,3,0,0.0,135.0,1.0,1.0,False,low,75
district,11.0,Carabanchel,Belleza y cuidado personal,Peluqueria y estetica,Instituto de belleza,3,2,0.6666666666666666,117.0,1.0,1.0,False,low,76
district,11.0,Carabanchel,Hosteleria,Ocio nocturno,Cafe espectaculo,2,1,0.5,91.0,1.0,1.0,False,low,77
district,11.0,Carabanchel,Hosteleria,Catering y colectividades,Eventos y banquetes,2,1,0.5,89.0,1.0,1.0,False,low,78
district,11.0,Carabanchel,Alojamiento,Alojamiento turistico,Hotel,2,0,0.0,135.0,1.0,1.0,False,low,79
district,11.0,Carabanchel,Automocion,Venta y recambios,Venta de motos,2,0,0.0,135.0,1.0,1.0,False,low,80
district,11.0,Carabanchel,Belleza y cuidado personal,Peluqueria y estetica,Bronceado,1,0,0.0,135.0,1.0,1.0,False,low,81
district,11.0,Carabanchel,Alimentacion,Especialistas alimentacion,Cafe e infusiones,1,0,0.0,135.0,1.0,1.0,False,low,82
district,11.0,Carabanchel,Finanzas,Finanzas y seguros,Cambio y envio de moneda,1,1,1.0,89.0,1.0,1.0,False,low,83
district,11.0,Carabanchel,Deporte y ocio,Ocio y entretenimiento,Celebraciones infantiles,1,0,0.0,135.0,1.0,1.0,False,low,84
district,11.0,Carabanchel,Educacion,Formacion,Formacion no reglada,1,0,0.0,94.0,1.0,1.0,False,low,85
district,11.0,Carabanchel,Belleza y cuidado personal,Peluqueria y estetica,Fotodepilacion,1,0,0.0,135.0,1.0,1.0,False,low,86
district,11.0,Carabanchel,Hosteleria,Bar y cafeteria,Heladeria y salon de te,1,1,1.0,53.0,1.0,1.0,False,low,87
district,11.0,Carabanchel,Educacion,Formacion,Idiomas,1,0,0.0,118.0,1.0,1.0,False,low,88
district,11.0,Carabanchel,Alimentacion,Supermercado y conveniencia,Supermercado,114,14,0.12280701754385964,135.0,0.9912280701754386,0.9912280701754386,True,medium,89
district,11.0,Carabanchel,Hosteleria,Bar y cafeteria,Bar especial,84,12,0.14285714285714285,135.0,1.0,0.9880952380952381,True,medium,90
district,11.0,Carabanchel,Retail especializado,Conveniencia,Bazar y precio unico,81,10,0.12345679012345678,135.0,1.0,0.9876543209876543,False,low,91
district,11.0,Carabanchel,Hosteleria,Bar y cafeteria,Cafeteria,81,6,0.07407407407407407,135.0,1.0,0.9876543209876543,False,low,92
district,11.0,Carabanchel,Retail especializado,Moda y complementos,Calzado,71,8,0.11267605633802817,135.0,0.9859154929577465,0.9859154929577465,False,low,93
district,11.0,Carabanchel,Retail especializado,Hogar y reformas,Ferreteria,68,11,0.16176470588235295,135.0,1.0,0.9852941176470589,False,low,94
district,11.0,Carabanchel,Hosteleria,Bar y cafeteria,Bar con cocina,398,28,0.07035175879396985,135.0,0.9874371859296484,0.9824120603015077,True,high,95
district,11.0,Carabanchel,Retail especializado,Hogar y decoracion,Muebles,56,8,0.14285714285714285,135.0,1.0,0.9821428571428571,False,low,96
district,11.0,Carabanchel,Servicios,Logistica y movilidad,Logistica y movilidad,217,25,0.1152073732718894,135.0,0.9815668202764978,0.9815668202764978,True,high,97
district,11.0,Carabanchel,Alimentacion,Panaderia y pasteleria,Panaderia,53,4,0.07547169811320754,135.0,1.0,0.9811320754716981,False,low,98
district,11.0,Carabanchel,Retail especializado,Hogar y decoracion,Textil hogar,48,6,0.125,135.0,0.9791666666666666,0.9791666666666666,False,low,99
district,11.0,Carabanchel,Belleza y cuidado personal,Peluqueria y estetica,Peluqueria,328,31,0.09451219512195122,135.0,0.9908536585365854,0.9786585365853658,True,high,100
district,11.0,Carabanchel,Servicios,Servicios personales,Lavanderia y tintoreria,37,7,0.1891891891891892,135.0,1.0,0.972972972972973,False,low,101
district,11.0,Carabanchel,Retail especializado,Electronica y telecom,Electrodomesticos,36,5,0.1388888888888889,135.0,0.9722222222222222,0.9722222222222222,False,low,102
district,11.0,Carabanchel,Retail especializado,Moda y complementos,Moda,269,61,0.22676579925650558,135.0,0.9888475836431228,0.9702602230483273,True,high,103
district,11.0,Carabanchel,Hosteleria,Restauracion,Restaurante,63,3,0.047619047619047616,135.0,0.9841269841269842,0.9682539682539684,False,low,104
district,11.0,Carabanchel,Retail especializado,Otros comercios,Otros comercios,86,21,0.2441860465116279,135.0,0.9883720930232558,0.9651162790697676,True,medium,105
district,11.0,Carabanchel,Retail especializado,Electronica y telecom,Electronica y telecom,27,8,0.2962962962962963,135.0,0.962962962962963,0.962962962962963,False,low,106
district,11.0,Carabanchel,Alimentacion,Alimentacion fresca,Fruteria,161,19,0.11801242236024845,135.0,0.9813664596273292,0.9627329192546584,True,medium,107
district,11.0,Carabanchel,Hosteleria,Bar y cafeteria,Bar sin cocina,134,13,0.09701492537313433,135.0,0.9776119402985074,0.962686567164179,True,medium,108
district,11.0,Carabanchel,Salud y bienestar,Clinicas y consultas,Consulta medica,26,2,0.07692307692307693,135.0,1.0,0.9615384615384616,False,low,109
district,11.0,Carabanchel,Retail especializado,Hogar y reformas,Material electrico,26,6,0.23076923076923078,135.0,1.0,0.9615384615384616,False,low,110
district,11.0,Carabanchel,Salud y bienestar,Salud retail,Optica,52,7,0.1346153846153846,135.0,0.9807692307692307,0.9615384615384615,False,low,111
district,11.0,Carabanchel,Retail especializado,Electronica y telecom,Telefonia,50,9,0.18,135.0,0.98,0.96,False,low,112
district,11.0,Carabanchel,Alimentacion,Supermercado y conveniencia,Alimentacion envasada,23,2,0.08695652173913043,135.0,1.0,0.9565217391304348,False,low,113
district,11.0,Carabanchel,Retail especializado,Cultura y ocio,Papeleria y prensa,43,9,0.20930232558139536,135.0,0.9767441860465116,0.9534883720930232,False,low,114
district,11.0,Carabanchel,Belleza y cuidado personal,Cosmetica y perfumeria,Perfumeria y cosmetica,42,6,0.14285714285714285,135.0,1.0,0.9523809523809523,False,low,115
district,11.0,Carabanchel,Servicios,Servicios profesionales,Oficina y administracion,41,10,0.24390243902439024,135.0,1.0,0.9512195121951219,False,low,116
district,11.0,Carabanchel,Belleza y cuidado personal,Servicios personales,Belleza y cuidado personal,22,3,0.13636363636363635,135.0,1.0,0.95,False,low,117
district,11.0,Carabanchel,Retail especializado,Hogar y regalos,Floristeria,20,2,0.1,135.0,1.0,0.95,False,low,118
district,11.0,Carabanchel,Salud y bienestar,Salud retail,Salud retail,20,3,0.15,135.0,1.0,0.95,False,low,119
district,11.0,Carabanchel,Retail especializado,Hogar y decoracion,Colchoneria,20,6,0.3,135.0,0.95,0.95,False,low,120
district,11.0,Carabanchel,Servicios,Servicios profesionales,Asesoria y contabilidad,59,10,0.1694915254237288,135.0,0.9661016949152542,0.9491525423728813,False,low,121
district,11.0,Carabanchel,Servicios,Servicios al consumidor,Locutorio,134,43,0.3208955223880597,135.0,0.9776119402985074,0.9477611940298506,True,medium,122
district,11.0,Carabanchel,Retail especializado,Moda y complementos,Joyeria y relojeria,81,12,0.14814814814814814,135.0,0.9753086419753086,0.9382716049382717,True,medium,123
district,11.0,Carabanchel,Retail especializado,Electronica y telecom,Electronica,30,4,0.13333333333333333,135.0,0.9666666666666667,0.9333333333333333,False,low,124
district,11.0,Carabanchel,Retail especializado,Electronica y telecom,Informatica,14,2,0.14285714285714285,135.0,1.0,0.9285714285714286,False,low,125
district,11.0,Carabanchel,Finanzas,Finanzas y seguros,Banco y caja,158,57,0.36075949367088606,135.0,0.9810126582278481,0.9240506329113924,True,high,126
district,11.0,Carabanchel,Retail especializado,Cultura y ocio,Jugueteria,13,2,0.15384615384615385,135.0,1.0,0.9230769230769231,False,low,127
district,11.0,Carabanchel,Servicios,Servicios profesionales,Inmobiliaria,50,17,0.34,135.0,0.9199999999999999,0.9199999999999999,False,low,128
district,11.0,Carabanchel,Belleza y cuidado personal,Peluqueria y estetica,Centro de estetica,47,10,0.2127659574468085,135.0,0.9787234042553191,0.9148936170212765,False,low,129
district,11.0,Carabanchel,Hosteleria,Restauracion,Comida rapida,20,3,0.15,135.0,0.9,0.9,False,low,130
district,11.0,Carabanchel,Deporte y ocio,Ocio y entretenimiento,Salon recreativo,8,1,0.125,135.0,0.875,0.875,False,low,131
district,11.0,Carabanchel,Alimentacion,Especialistas alimentacion,Congelados,10,3,0.3,135.0,0.9,0.7999999999999999,False,low,132
district,11.0,Carabanchel,Alimentacion,Supermercado y conveniencia,Gran superficie alimentacion,3,2,0.6666666666666666,50.0,1.0,0.6666666666666667,False,low,133
district,11.0,Carabanchel,Finanzas,Finanzas y seguros,Finanzas y seguros,3,1,0.3333333333333333,135.0,0.6666666666666667,0.6666666666666667,False,low,134
district,11.0,Carabanchel,Salud y bienestar,Clinicas y consultas,Clinicas y consultas,32,17,0.53125,39.0,0.5624999999999999,0.5624999999999999,False,low,135
district,12.0,Usera,Alimentacion,Alimentacion fresca,Fruteria,79,9,0.11392405063291139,135.0,1.0,1.0,False,low,1
district,12.0,Usera,Automocion,Taller y reparacion,Taller mecanica,74,1,0.013513513513513514,135.0,1.0,1.0,False,low,2
district,12.0,Usera,Salud y bienestar,Salud retail,Farmacia,62,3,0.04838709677419355,135.0,1.0,1.0,False,low,3
district,12.0,Usera,Finanzas,Finanzas y seguros,Banco y caja,53,16,0.3018867924528302,135.0,1.0,1.0,False,low,4
district,12.0,Usera,Hosteleria,Bar y cafeteria,Cafeteria,50,4,0.08,135.0,1.0,1.0,False,low,5
district,12.0,Usera,Educacion,Formacion,Educacion y formacion,44,2,0.045454545454545456,135.0,1.0,1.0,False,low,6
district,12.0,Usera,Salud y bienestar,Clinicas y consultas,Clinicas y consultas,30,7,0.23333333333333334,135.0,1.0,1.0,False,low,7
district,12.0,Usera,Alimentacion,Alimentacion fresca,Pescaderia,28,0,0.0,135.0,1.0,1.0,False,low,8
district,12.0,Usera,Servicios,Servicios profesionales,Asesoria y contabilidad,27,5,0.18518518518518517,135.0,1.0,1.0,False,low,9
district,12.0,Usera,Salud y bienestar,Clinicas y consultas,Clinica dental,26,2,0.07692307692307693,135.0,1.0,1.0,False,low,10
district,12.0,Usera,Deporte y ocio,Ocio y entretenimiento,Ocio y entretenimiento,26,4,0.15384615384615385,135.0,1.0,1.0,False,low,11
district,12.0,Usera,Alimentacion,Panaderia y pasteleria,Panaderia,26,2,0.07692307692307693,135.0,1.0,1.0,False,low,12
district,12.0,Usera,Hosteleria,Catering y colectividades,Comedor colectivo,24,0,0.0,106.0,1.0,1.0,False,low,13
district,12.0,Usera,Servicios,Servicios personales,Reparacion especializada,24,0,0.0,135.0,1.0,1.0,False,low,14
district,12.0,Usera,Educacion,Formacion,Autoescuela,23,1,0.043478260869565216,135.0,1.0,1.0,False,low,15
district,12.0,Usera,Alimentacion,Alimentacion fresca,Aves y huevos,23,1,0.043478260869565216,135.0,1.0,1.0,False,low,16
district,12.0,Usera,Alimentacion,Alimentacion fresca,Carniceria,23,0,0.0,135.0,1.0,1.0,False,low,17
district,12.0,Usera,Retail especializado,Moda y complementos,Joyeria y relojeria,23,0,0.0,135.0,1.0,1.0,False,low,18
district,12.0,Usera,Automocion,Taller y reparacion,Taller chapa y pintura,22,0,0.0,135.0,1.0,1.0,False,low,19
district,12.0,Usera,Alimentacion,Alimentacion fresca,Charcuteria,20,0,0.0,135.0,1.0,1.0,False,low,20
district,12.0,Usera,Retail especializado,Conveniencia,Estanco,19,0,0.0,135.0,1.0,1.0,False,low,21
district,12.0,Usera,Alimentacion,Alimentacion fresca,Carniceria y charcuteria,17,1,0.058823529411764705,135.0,1.0,1.0,False,low,22
district,12.0,Usera,Alimentacion,Especialistas alimentacion,Frutos secos y encurtidos,17,2,0.11764705882352941,135.0,1.0,1.0,False,low,23
district,12.0,Usera,Salud y bienestar,Salud retail,Optica,17,2,0.11764705882352941,135.0,1.0,1.0,False,low,24
district,12.0,Usera,Retail especializado,Hogar y decoracion,Textil hogar,16,3,0.1875,135.0,1.0,1.0,False,low,25
district,12.0,Usera,Alimentacion,Comida preparada,Comida preparada,15,2,0.13333333333333333,135.0,1.0,1.0,False,low,26
district,12.0,Usera,Automocion,Taller y reparacion,Taller automovil,14,1,0.07142857142857142,135.0,1.0,1.0,False,low,27
district,12.0,Usera,Salud y bienestar,Clinicas y consultas,Fisioterapia,13,0,0.0,135.0,1.0,1.0,False,low,28
district,12.0,Usera,Servicios,Servicios personales,Lavanderia y tintoreria,13,3,0.23076923076923078,135.0,1.0,1.0,False,low,29
district,12.0,Usera,Servicios,Servicios personales,Arreglo de ropa,12,1,0.08333333333333333,135.0,1.0,1.0,False,low,30
district,12.0,Usera,Salud y bienestar,Clinicas y consultas,Consulta medica,12,2,0.16666666666666666,135.0,1.0,1.0,False,low,31
district,12.0,Usera,Retail especializado,Hogar y decoracion,Muebles,12,0,0.0,135.0,1.0,1.0,False,low,32
district,12.0,Usera,Servicios,Servicios personales,Reparacion de calzado,12,4,0.3333333333333333,135.0,1.0,1.0,False,low,33
district,12.0,Usera,Belleza y cuidado personal,Peluqueria y estetica,Centro de estetica,10,0,0.0,135.0,1.0,1.0,False,low,34
district,12.0,Usera,Educacion,Educacion infantil,Escuela infantil,10,0,0.0,135.0,1.0,1.0,False,low,35
district,12.0,Usera,Automocion,Venta y recambios,Recambios automovil,10,1,0.1,135.0,1.0,1.0,False,low,36
district,12.0,Usera,Retail especializado,Electronica y telecom,Electronica y telecom,9,2,0.2222222222222222,135.0,1.0,1.0,False,low,37
district,12.0,Usera,Salud y bienestar,Clinicas y consultas,Clinica medica,8,1,0.125,135.0,1.0,1.0,False,low,38
district,12.0,Usera,Retail especializado,Hogar y regalos,Floristeria,8,1,0.125,135.0,1.0,1.0,False,low,39
district,12.0,Usera,Alimentacion,Alimentacion fresca,Casqueria,7,0,0.0,135.0,1.0,1.0,False,low,40
district,12.0,Usera,Retail especializado,Electronica y telecom,Electronica,7,1,0.14285714285714285,135.0,1.0,1.0,False,low,41
district,12.0,Usera,Belleza y cuidado personal,Peluqueria y estetica,Instituto de belleza,7,1,0.14285714285714285,135.0,1.0,1.0,False,low,42
district,12.0,Usera,Alimentacion,Panaderia y pasteleria,Pasteleria y reposteria,7,1,0.14285714285714285,135.0,1.0,1.0,False,low,43
district,12.0,Usera,Salud y bienestar,Salud retail,Salud retail,7,2,0.2857142857142857,135.0,1.0,1.0,False,low,44
district,12.0,Usera,Automocion,Venta y recambios,Venta de coches usados,7,0,0.0,135.0,1.0,1.0,False,low,45
district,12.0,Usera,Alimentacion,Especialistas alimentacion,Congelados,6,1,0.16666666666666666,135.0,1.0,1.0,False,low,46
district,12.0,Usera,Servicios,Servicios profesionales,Despacho juridico,6,0,0.0,135.0,1.0,1.0,False,low,47
district,12.0,Usera,Retail especializado,Electronica y telecom,Informatica,6,2,0.3333333333333333,135.0,1.0,1.0,False,low,48
district,12.0,Usera,Retail especializado,Hogar y reformas,Puertas y ventanas,6,0,0.0,135.0,1.0,1.0,False,low,49
district,12.0,Usera,Servicios,Servicios profesionales,Tecnologia y software,6,0,0.0,135.0,1.0,1.0,False,low,50
district,12.0,Usera,Hosteleria,Bar y cafeteria,Churreria,5,0,0.0,135.0,1.0,1.0,False,low,51
district,12.0,Usera,Hosteleria,Ocio nocturno,Discoteca,5,1,0.2,135.0,1.0,1.0,False,low,52
district,12.0,Usera,Servicios,Servicios profesionales,Fotografia,5,1,0.2,135.0,1.0,1.0,False,low,53
district,12.0,Usera,Servicios,Servicios profesionales,Publicidad y marketing,5,0,0.0,135.0,1.0,1.0,False,low,54
district,12.0,Usera,Retail especializado,Hogar y reformas,Saneamientos,5,1,0.2,135.0,1.0,1.0,False,low,55
district,12.0,Usera,Hosteleria,Bar y cafeteria,Taberna,5,0,0.0,135.0,1.0,1.0,False,low,56
district,12.0,Usera,Belleza y cuidado personal,Servicios personales,Tattoo y piercing,5,0,0.0,135.0,1.0,1.0,False,low,57
district,12.0,Usera,Servicios,Servicios profesionales,Arquitectura e ingenieria,4,1,0.25,135.0,1.0,1.0,False,low,58
district,12.0,Usera,Hosteleria,Bar y cafeteria,Bar especial con actuaciones,4,1,0.25,122.0,1.0,1.0,False,low,59
district,12.0,Usera,Alimentacion,Especialistas alimentacion,Bodega,4,2,0.5,93.0,1.0,1.0,False,low,60
district,12.0,Usera,Retail especializado,Hogar y reformas,Bricolaje,4,1,0.25,135.0,1.0,1.0,False,low,61
district,12.0,Usera,Finanzas,Finanzas y seguros,Cambio y envio de moneda,4,2,0.5,134.0,1.0,1.0,False,low,62
district,12.0,Usera,Deporte y ocio,Fitness y deporte,Club deportivo,4,1,0.25,135.0,1.0,1.0,False,low,63
district,12.0,Usera,Retail especializado,Electronica y telecom,Electrodomesticos,4,0,0.0,135.0,1.0,1.0,False,low,64
district,12.0,Usera,Alimentacion,Especialistas alimentacion,Lacteos y bebidas,4,1,0.25,135.0,1.0,1.0,False,low,65
district,12.0,Usera,Automocion,Venta y recambios,Motos y reparacion,4,1,0.25,135.0,1.0,1.0,False,low,66
district,12.0,Usera,Retail especializado,Hogar y decoracion,Muebles de cocina,4,0,0.0,135.0,1.0,1.0,False,low,67
district,12.0,Usera,Servicios,Servicios profesionales,Telecomunicaciones,4,0,0.0,135.0,1.0,1.0,False,low,68
district,12.0,Usera,Automocion,Venta y recambios,Venta de coches nuevos,4,0,0.0,135.0,1.0,1.0,False,low,69
district,12.0,Usera,Salud y bienestar,Clinicas y consultas,Veterinaria,4,0,0.0,135.0,1.0,1.0,False,low,70
district,12.0,Usera,Belleza y cuidado personal,Servicios personales,Belleza y cuidado personal,3,1,0.3333333333333333,135.0,1.0,1.0,False,low,71
district,12.0,Usera,Deporte y ocio,Ocio y entretenimiento,Celebraciones infantiles,3,1,0.3333333333333333,135.0,1.0,1.0,False,low,72
district,12.0,Usera,Retail especializado,Hogar y decoracion,Colchoneria,3,2,0.6666666666666666,52.0,1.0,1.0,False,low,73
district,12.0,Usera,Hosteleria,Catering y colectividades,Eventos y banquetes,3,0,0.0,135.0,1.0,1.0,False,low,74
district,12.0,Usera,Deporte y ocio,Fitness y deporte,Instalacion deportiva,3,0,0.0,135.0,1.0,1.0,False,low,75
district,12.0,Usera,Retail especializado,Cultura y ocio,Jugueteria,3,0,0.0,135.0,1.0,1.0,False,low,76
district,12.0,Usera,Retail especializado,Hogar y reformas,Material electrico,3,0,0.0,135.0,1.0,1.0,False,low,77
district,12.0,Usera,Deporte y ocio,Ocio y entretenimiento,Salon recreativo,3,1,0.3333333333333333,135.0,1.0,1.0,False,low,78
district,12.0,Usera,Automocion,Taller y reparacion,Accesorios automovil,2,0,0.0,135.0,1.0,1.0,False,low,79
district,12.0,Usera,Alimentacion,Especialistas alimentacion,Cafe e infusiones,2,2,1.0,75.0,1.0,1.0,False,low,80
district,12.0,Usera,Educacion,Educacion infantil,Centro de cuidado infantil,2,0,0.0,108.0,1.0,1.0,False,low,81
district,12.0,Usera,Alimentacion,Supermercado y conveniencia,Gran superficie alimentacion,2,0,0.0,135.0,1.0,1.0,False,low,82
district,12.0,Usera,Hosteleria,Bar y cafeteria,Heladeria y salon de te,2,0,0.0,135.0,1.0,1.0,False,low,83
district,12.0,Usera,Salud y bienestar,Clinicas y consultas,Parasanitario,2,0,0.0,135.0,1.0,1.0,False,low,84
district,12.0,Usera,Salud y bienestar,Clinicas y consultas,Podologia,2,0,0.0,135.0,1.0,1.0,False,low,85
district,12.0,Usera,Hosteleria,Ocio nocturno,Cafe espectaculo,1,0,0.0,135.0,1.0,1.0,False,low,86
district,12.0,Usera,Finanzas,Finanzas y seguros,Finanzas y seguros,1,0,0.0,135.0,1.0,1.0,False,low,87
district,12.0,Usera,Alimentacion,Especialistas alimentacion,Golosinas,1,0,0.0,135.0,1.0,1.0,False,low,88
district,12.0,Usera,Alimentacion,Especialistas alimentacion,Heladeria,1,1,1.0,49.0,1.0,1.0,False,low,89
district,12.0,Usera,Alojamiento,Alojamiento turistico,Hostal,1,0,0.0,135.0,1.0,1.0,False,low,90
district,12.0,Usera,Retail especializado,Hogar y decoracion,Menaje del hogar,1,0,0.0,135.0,1.0,1.0,False,low,91
district,12.0,Usera,Retail especializado,Moda y complementos,Moda y complementos,1,0,0.0,87.0,1.0,1.0,False,low,92
district,12.0,Usera,Salud y bienestar,Clinicas y consultas,Optometria,1,0,0.0,135.0,1.0,1.0,False,low,93
district,12.0,Usera,Automocion,Venta y recambios,Venta de motos,1,0,0.0,135.0,1.0,1.0,False,low,94
district,12.0,Usera,Alojamiento,Alojamiento turistico,Vivienda turistica,1,0,0.0,53.0,1.0,1.0,False,low,95
district,12.0,Usera,Alimentacion,Supermercado y conveniencia,Tienda de alimentacion,125,14,0.112,135.0,1.0,0.992,True,medium,96
district,12.0,Usera,Hosteleria,Bar y cafeteria,Bar con cocina,206,12,0.05825242718446602,135.0,0.9951456310679612,0.9902912621359223,True,medium,97
district,12.0,Usera,Hosteleria,Bar y cafeteria,Bar restaurante,97,3,0.030927835051546393,135.0,0.9896907216494846,0.9896907216494846,False,low,98
district,12.0,Usera,Servicios,Logistica y movilidad,Logistica y movilidad,87,15,0.1724137931034483,135.0,0.9885057471264368,0.9885057471264368,True,medium,99
district,12.0,Usera,Alimentacion,Supermercado y conveniencia,Supermercado,62,7,0.11290322580645161,135.0,1.0,0.9838709677419355,False,low,100
district,12.0,Usera,Belleza y cuidado personal,Peluqueria y estetica,Peluqueria,166,22,0.13253012048192772,135.0,0.9939759036144579,0.9819277108433735,True,high,101
district,12.0,Usera,Hosteleria,Bar y cafeteria,Bar especial,33,9,0.2727272727272727,135.0,0.9696969696969697,0.9696969696969697,False,low,102
district,12.0,Usera,Hosteleria,Restauracion,Restaurante,33,1,0.030303030303030304,135.0,0.9696969696969697,0.9696969696969697,False,low,103
district,12.0,Usera,Retail especializado,Moda y complementos,Moda,97,24,0.24742268041237114,135.0,0.9896907216494846,0.9587628865979382,True,medium,104
district,12.0,Usera,Retail especializado,Moda y complementos,Calzado,24,5,0.20833333333333334,135.0,1.0,0.9583333333333334,False,low,105
district,12.0,Usera,Hosteleria,Bar y cafeteria,Bar sin cocina,48,5,0.10416666666666667,135.0,0.9583333333333333,0.9583333333333333,False,low,106
district,12.0,Usera,Retail especializado,Otros comercios,Otros comercios,43,14,0.32558139534883723,135.0,0.9534883720930232,0.9534883720930232,False,low,107
district,12.0,Usera,Belleza y cuidado personal,Cosmetica y perfumeria,Perfumeria y cosmetica,19,1,0.05263157894736842,135.0,1.0,0.9473684210526316,False,low,108
district,12.0,Usera,Retail especializado,Cultura y ocio,Papeleria y prensa,16,2,0.125,135.0,0.9375,0.9375,False,low,109
district,12.0,Usera,Retail especializado,Hogar y reformas,Ferreteria,15,4,0.26666666666666666,135.0,1.0,0.9333333333333333,False,low,110
district,12.0,Usera,Salud y bienestar,Salud retail,Herbolario,15,4,0.26666666666666666,135.0,0.9333333333333333,0.9333333333333333,False,low,111
district,12.0,Usera,Servicios,Servicios profesionales,Inmobiliaria,14,4,0.2857142857142857,135.0,0.9285714285714286,0.9285714285714286,False,low,112
district,12.0,Usera,Retail especializado,Conveniencia,Bazar y precio unico,39,8,0.20512820512820512,135.0,0.9743589743589743,0.9230769230769231,False,low,113
district,12.0,Usera,Servicios,Servicios profesionales,Oficina y administracion,24,8,0.3333333333333333,135.0,1.0,0.9166666666666667,False,low,114
district,12.0,Usera,Finanzas,Finanzas y seguros,Seguros,10,5,0.5,108.0,1.0,0.9,False,low,115
district,12.0,Usera,Hosteleria,Restauracion,Comida rapida,10,1,0.1,135.0,0.9,0.9,False,low,116
district,12.0,Usera,Retail especializado,Electronica y telecom,Telefonia,19,5,0.2631578947368421,135.0,1.0,0.8947368421052632,False,low,117
district,12.0,Usera,Retail especializado,Hogar y decoracion,Hogar y menaje,9,3,0.3333333333333333,135.0,0.8888888888888888,0.8888888888888888,False,low,118
district,12.0,Usera,Servicios,Servicios al consumidor,Locutorio,62,23,0.3709677419354839,135.0,0.9516129032258064,0.8870967741935483,False,low,119
district,12.0,Usera,Alimentacion,Supermercado y conveniencia,Alimentacion envasada,8,2,0.25,135.0,1.0,0.875,False,low,120
district,12.0,Usera,Finanzas,Finanzas y seguros,Servicios auxiliares seguros,6,2,0.3333333333333333,135.0,1.0,0.8333333333333334,False,low,121
district,12.0,Usera,Servicios,Servicios profesionales,Servicios profesionales,6,2,0.3333333333333333,135.0,1.0,0.8333333333333334,False,low,122
district,12.0,Usera,Retail especializado,Cultura y ocio,Deporte,5,3,0.6,72.0,1.0,0.8,False,low,123
district,12.0,Usera,Deporte y ocio,Fitness y deporte,Gimnasio,5,3,0.6,62.0,1.0,0.8,False,low,124
district,12.0,Usera,Automocion,Servicios automocion,Gasolinera,5,1,0.2,80.0,0.8,0.8,False,low,125
district,12.0,Usera,Retail especializado,Conveniencia,Tienda multiproducto,5,1,0.2,135.0,0.8,0.8,False,low,126
district,12.0,Usera,Retail especializado,Cultura y ocio,Bicicletas,2,1,0.5,62.5,1.0,0.5,False,low,127
district,12.0,Usera,Retail especializado,Hogar y decoracion,Iluminacion,2,1,0.5,71.5,0.5,0.5,False,low,128
district,13.0,Puente de Vallecas,Automocion,Taller y reparacion,Taller mecanica,122,4,0.03278688524590164,135.0,1.0,1.0,False,low,1
district,13.0,Puente de Vallecas,Salud y bienestar,Salud retail,Farmacia,112,4,0.03571428571428571,135.0,1.0,1.0,False,low,2
district,13.0,Puente de Vallecas,Hosteleria,Bar y cafeteria,Cafeteria,64,2,0.03125,135.0,1.0,1.0,False,low,3
district,13.0,Puente de Vallecas,Servicios,Servicios personales,Reparacion especializada,64,2,0.03125,135.0,1.0,1.0,False,low,4
district,13.0,Puente de Vallecas,Automocion,Taller y reparacion,Taller chapa y pintura,63,0,0.0,135.0,1.0,1.0,False,low,5
district,13.0,Puente de Vallecas,Educacion,Formacion,Educacion y formacion,62,0,0.0,135.0,1.0,1.0,False,low,6
district,13.0,Puente de Vallecas,Retail especializado,Conveniencia,Bazar y precio unico,61,5,0.08196721311475409,135.0,1.0,1.0,False,low,7
district,13.0,Puente de Vallecas,Salud y bienestar,Clinicas y consultas,Clinica dental,58,2,0.034482758620689655,135.0,1.0,1.0,False,low,8
district,13.0,Puente de Vallecas,Alimentacion,Alimentacion fresca,Pescaderia,45,2,0.044444444444444446,135.0,1.0,1.0,False,low,9
district,13.0,Puente de Vallecas,Alimentacion,Alimentacion fresca,Carniceria,42,0,0.0,135.0,1.0,1.0,False,low,10
district,13.0,Puente de Vallecas,Alimentacion,Alimentacion fresca,Aves y huevos,41,2,0.04878048780487805,135.0,1.0,1.0,False,low,11
district,13.0,Puente de Vallecas,Alimentacion,Alimentacion fresca,Carniceria y charcuteria,37,0,0.0,135.0,1.0,1.0,False,low,12
district,13.0,Puente de Vallecas,Hosteleria,Catering y colectividades,Comedor colectivo,34,3,0.08823529411764706,70.0,1.0,1.0,False,low,13
district,13.0,Puente de Vallecas,Educacion,Educacion infantil,Escuela infantil,31,1,0.03225806451612903,135.0,1.0,1.0,False,low,14
district,13.0,Puente de Vallecas,Educacion,Formacion,Autoescuela,30,1,0.03333333333333333,135.0,1.0,1.0,False,low,15
district,13.0,Puente de Vallecas,Retail especializado,Conveniencia,Estanco,30,1,0.03333333333333333,135.0,1.0,1.0,False,low,16
district,13.0,Puente de Vallecas,Salud y bienestar,Salud retail,Herbolario,28,5,0.17857142857142858,135.0,1.0,1.0,False,low,17
district,13.0,Puente de Vallecas,Servicios,Servicios personales,Arreglo de ropa,25,2,0.08,135.0,1.0,1.0,False,low,18
district,13.0,Puente de Vallecas,Deporte y ocio,Fitness y deporte,Gimnasio,25,2,0.08,135.0,1.0,1.0,False,low,19
district,13.0,Puente de Vallecas,Salud y bienestar,Salud retail,Optica,25,2,0.08,135.0,1.0,1.0,False,low,20
district,13.0,Puente de Vallecas,Alimentacion,Alimentacion fresca,Charcuteria,22,1,0.045454545454545456,135.0,1.0,1.0,False,low,21
district,13.0,Puente de Vallecas,Salud y bienestar,Salud retail,Salud retail,22,1,0.045454545454545456,135.0,1.0,1.0,False,low,22
district,13.0,Puente de Vallecas,Salud y bienestar,Clinicas y consultas,Clinicas y consultas,21,6,0.2857142857142857,135.0,1.0,1.0,False,low,23
district,13.0,Puente de Vallecas,Alimentacion,Comida preparada,Comida preparada,21,2,0.09523809523809523,135.0,1.0,1.0,False,low,24
district,13.0,Puente de Vallecas,Automocion,Taller y reparacion,Taller automovil,21,0,0.0,135.0,1.0,1.0,False,low,25
district,13.0,Puente de Vallecas,Retail especializado,Electronica y telecom,Electrodomesticos,20,3,0.15,135.0,1.0,1.0,False,low,26
district,13.0,Puente de Vallecas,Retail especializado,Hogar y reformas,Saneamientos,20,1,0.05,135.0,1.0,1.0,False,low,27
district,13.0,Puente de Vallecas,Automocion,Venta y recambios,Recambios automovil,19,0,0.0,135.0,1.0,1.0,False,low,28
district,13.0,Puente de Vallecas,Hosteleria,Restauracion,Comida rapida,18,1,0.05555555555555555,135.0,1.0,1.0,False,low,29
district,13.0,Puente de Vallecas,Retail especializado,Electronica y telecom,Electronica,17,1,0.058823529411764705,135.0,1.0,1.0,False,low,30
district,13.0,Puente de Vallecas,Retail especializado,Hogar y reformas,Puertas y ventanas,17,3,0.17647058823529413,135.0,1.0,1.0,False,low,31
district,13.0,Puente de Vallecas,Servicios,Servicios profesionales,Tecnologia y software,17,0,0.0,135.0,1.0,1.0,False,low,32
district,13.0,Puente de Vallecas,Servicios,Servicios profesionales,Arquitectura e ingenieria,16,3,0.1875,135.0,1.0,1.0,False,low,33
district,13.0,Puente de Vallecas,Servicios,Servicios personales,Reparacion de calzado,16,0,0.0,135.0,1.0,1.0,False,low,34
district,13.0,Puente de Vallecas,Retail especializado,Electronica y telecom,Electronica y telecom,14,3,0.21428571428571427,135.0,1.0,1.0,False,low,35
district,13.0,Puente de Vallecas,Servicios,Servicios profesionales,Servicios profesionales,14,0,0.0,135.0,1.0,1.0,False,low,36
district,13.0,Puente de Vallecas,Alimentacion,Supermercado y conveniencia,Alimentacion envasada,12,1,0.08333333333333333,135.0,1.0,1.0,False,low,37
district,13.0,Puente de Vallecas,Retail especializado,Hogar y decoracion,Colchoneria,12,2,0.16666666666666666,135.0,1.0,1.0,False,low,38
district,13.0,Puente de Vallecas,Retail especializado,Cultura y ocio,Deporte,12,0,0.0,135.0,1.0,1.0,False,low,39
district,13.0,Puente de Vallecas,Retail especializado,Hogar y regalos,Floristeria,12,1,0.08333333333333333,135.0,1.0,1.0,False,low,40
district,13.0,Puente de Vallecas,Retail especializado,Electronica y telecom,Informatica,12,2,0.16666666666666666,135.0,1.0,1.0,False,low,41
district,13.0,Puente de Vallecas,Retail especializado,Hogar y reformas,Material electrico,11,4,0.36363636363636365,135.0,1.0,1.0,False,low,42
district,13.0,Puente de Vallecas,Retail especializado,Hogar y reformas,Materiales de construccion,11,2,0.18181818181818182,135.0,1.0,1.0,False,low,43
district,13.0,Puente de Vallecas,Retail especializado,Hogar y decoracion,Muebles de cocina,11,0,0.0,135.0,1.0,1.0,False,low,44
district,13.0,Puente de Vallecas,Finanzas,Finanzas y seguros,Seguros,10,1,0.1,135.0,1.0,1.0,False,low,45
district,13.0,Puente de Vallecas,Alimentacion,Alimentacion fresca,Casqueria,9,1,0.1111111111111111,135.0,1.0,1.0,False,low,46
district,13.0,Puente de Vallecas,Salud y bienestar,Clinicas y consultas,Clinica medica,9,0,0.0,135.0,1.0,1.0,False,low,47
district,13.0,Puente de Vallecas,Automocion,Venta y recambios,Motos y reparacion,9,0,0.0,135.0,1.0,1.0,False,low,48
district,13.0,Puente de Vallecas,Belleza y cuidado personal,Servicios personales,Belleza y cuidado personal,8,0,0.0,135.0,1.0,1.0,False,low,49
district,13.0,Puente de Vallecas,Retail especializado,Hogar y reformas,Bricolaje,8,0,0.0,135.0,1.0,1.0,False,low,50
district,13.0,Puente de Vallecas,Hosteleria,Ocio nocturno,Discoteca,8,1,0.125,135.0,1.0,1.0,False,low,51
district,13.0,Puente de Vallecas,Retail especializado,Cultura y ocio,Jugueteria,8,0,0.0,135.0,1.0,1.0,False,low,52
district,13.0,Puente de Vallecas,Salud y bienestar,Clinicas y consultas,Podologia,8,0,0.0,135.0,1.0,1.0,False,low,53
district,13.0,Puente de Vallecas,Hosteleria,Bar y cafeteria,Taberna,8,1,0.125,135.0,1.0,1.0,False,low,54
district,13.0,Puente de Vallecas,Retail especializado,Conveniencia,Tienda multiproducto,8,0,0.0,135.0,1.0,1.0,False,low,55
district,13.0,Puente de Vallecas,Deporte y ocio,Ocio y entretenimiento,Celebraciones infantiles,7,1,0.14285714285714285,135.0,1.0,1.0,False,low,56
district,13.0,Puente de Vallecas,Automocion,Servicios automocion,Gasolinera,7,0,0.0,135.0,1.0,1.0,False,low,57
district,13.0,Puente de Vallecas,Alimentacion,Especialistas alimentacion,Lacteos y bebidas,7,0,0.0,135.0,1.0,1.0,False,low,58
district,13.0,Puente de Vallecas,Alimentacion,Especialistas alimentacion,Congelados,6,1,0.16666666666666666,135.0,1.0,1.0,False,low,59
district,13.0,Puente de Vallecas,Alimentacion,Panaderia y pasteleria,Pasteleria y reposteria,6,3,0.5,130.5,1.0,1.0,False,low,60
district,13.0,Puente de Vallecas,Servicios,Servicios profesionales,Publicidad y marketing,6,0,0.0,135.0,1.0,1.0,False,low,61
district,13.0,Puente de Vallecas,Educacion,Educacion infantil,Centro de cuidado infantil,5,0,0.0,135.0,1.0,1.0,False,low,62
district,13.0,Puente de Vallecas,Hosteleria,Bar y cafeteria,Churreria,5,0,0.0,135.0,1.0,1.0,False,low,63
district,13.0,Puente de Vallecas,Servicios,Servicios profesionales,Despacho juridico,5,0,0.0,135.0,1.0,1.0,False,low,64
district,13.0,Puente de Vallecas,Retail especializado,Hogar y decoracion,Menaje del hogar,5,2,0.4,135.0,1.0,1.0,False,low,65
district,13.0,Puente de Vallecas,Servicios,Servicios profesionales,Telecomunicaciones,5,1,0.2,135.0,1.0,1.0,False,low,66
district,13.0,Puente de Vallecas,Deporte y ocio,Fitness y deporte,Club deportivo,4,0,0.0,135.0,1.0,1.0,False,low,67
district,13.0,Puente de Vallecas,Finanzas,Finanzas y seguros,Finanzas y seguros,4,1,0.25,135.0,1.0,1.0,False,low,68
district,13.0,Puente de Vallecas,Deporte y ocio,Fitness y deporte,Instalacion deportiva,4,0,0.0,135.0,1.0,1.0,False,low,69
district,13.0,Puente de Vallecas,Belleza y cuidado personal,Peluqueria y estetica,Instituto de belleza,4,1,0.25,135.0,1.0,1.0,False,low,70
district,13.0,Puente de Vallecas,Salud y bienestar,Clinicas y consultas,Optometria,4,1,0.25,135.0,1.0,1.0,False,low,71
district,13.0,Puente de Vallecas,Automocion,Venta y recambios,Venta de coches usados,4,0,0.0,135.0,1.0,1.0,False,low,72
district,13.0,Puente de Vallecas,Hosteleria,Bar y cafeteria,Bar especial con actuaciones,3,0,0.0,135.0,1.0,1.0,False,low,73
district,13.0,Puente de Vallecas,Finanzas,Finanzas y seguros,Cambio y envio de moneda,3,1,0.3333333333333333,135.0,1.0,1.0,False,low,74
district,13.0,Puente de Vallecas,Hosteleria,Bar y cafeteria,Heladeria y salon de te,3,0,0.0,135.0,1.0,1.0,False,low,75
district,13.0,Puente de Vallecas,Retail especializado,Hogar y decoracion,Iluminacion,3,0,0.0,135.0,1.0,1.0,False,low,76
district,13.0,Puente de Vallecas,Salud y bienestar,Clinicas y consultas,Parasanitario,3,2,0.6666666666666666,82.0,1.0,1.0,False,low,77
district,13.0,Puente de Vallecas,Automocion,Venta y recambios,Venta de coches nuevos,3,0,0.0,135.0,1.0,1.0,False,low,78
district,13.0,Puente de Vallecas,Hosteleria,Bar y cafeteria,Bodega con consumo,2,0,0.0,135.0,1.0,1.0,False,low,79
district,13.0,Puente de Vallecas,Hosteleria,Catering y colectividades,Eventos y banquetes,2,0,0.0,94.0,1.0,1.0,False,low,80
district,13.0,Puente de Vallecas,Servicios,Servicios profesionales,Fotografia,2,0,0.0,135.0,1.0,1.0,False,low,81
district,13.0,Puente de Vallecas,Alimentacion,Supermercado y conveniencia,Gran superficie alimentacion,2,0,0.0,94.5,1.0,1.0,False,low,82
district,13.0,Puente de Vallecas,Deporte y ocio,Ocio y entretenimiento,Salon recreativo,2,2,1.0,63.5,1.0,1.0,False,low,83
district,13.0,Puente de Vallecas,Alimentacion,Especialistas alimentacion,Bodega,1,0,0.0,135.0,1.0,1.0,False,low,84
district,13.0,Puente de Vallecas,Alimentacion,Especialistas alimentacion,Cafe e infusiones,1,0,0.0,135.0,1.0,1.0,False,low,85
district,13.0,Puente de Vallecas,Hosteleria,Ocio nocturno,Cafe espectaculo,1,0,0.0,135.0,1.0,1.0,False,low,86
district,13.0,Puente de Vallecas,Belleza y cuidado personal,Peluqueria y estetica,Fotodepilacion,1,0,0.0,135.0,1.0,1.0,False,low,87
district,13.0,Puente de Vallecas,Alimentacion,Especialistas alimentacion,Golosinas,1,0,0.0,135.0,1.0,1.0,False,low,88
district,13.0,Puente de Vallecas,Alojamiento,Alojamiento turistico,Hotel,1,0,0.0,135.0,1.0,1.0,False,low,89
district,13.0,Puente de Vallecas,Retail especializado,Mascotas,Mascotas,1,0,0.0,128.0,1.0,1.0,False,low,90
district,13.0,Puente de Vallecas,Finanzas,Finanzas y seguros,Servicios auxiliares seguros,1,0,0.0,135.0,1.0,1.0,False,low,91
district,13.0,Puente de Vallecas,Servicios,Logistica y movilidad,Logistica y movilidad,136,11,0.08088235294117647,135.0,1.0,0.9926470588235294,False,low,92
district,13.0,Puente de Vallecas,Hosteleria,Bar y cafeteria,Bar con cocina,428,15,0.035046728971962614,135.0,0.9976635514018691,0.9906542056074766,True,medium,93
district,13.0,Puente de Vallecas,Alimentacion,Supermercado y conveniencia,Supermercado,94,6,0.06382978723404255,135.0,0.9893617021276596,0.9893617021276596,False,low,94
district,13.0,Puente de Vallecas,Alimentacion,Supermercado y conveniencia,Tienda de alimentacion,214,14,0.06542056074766354,135.0,0.9906542056074767,0.985981308411215,True,medium,95
district,13.0,Puente de Vallecas,Servicios,Servicios profesionales,Asesoria y contabilidad,66,10,0.15151515151515152,135.0,1.0,0.9848484848484849,False,low,96
district,13.0,Puente de Vallecas,Hosteleria,Bar y cafeteria,Bar restaurante,119,13,0.1092436974789916,135.0,0.9915966386554622,0.9831932773109244,True,medium,97
district,13.0,Puente de Vallecas,Hosteleria,Bar y cafeteria,Bar sin cocina,101,4,0.039603960396039604,135.0,1.0,0.9801980198019802,False,low,98
district,13.0,Puente de Vallecas,Retail especializado,Moda y complementos,Calzado,50,7,0.14,135.0,1.0,0.98,False,low,99
district,13.0,Puente de Vallecas,Retail especializado,Hogar y decoracion,Muebles,48,6,0.125,135.0,0.9791666666666666,0.9791666666666666,False,low,100
district,13.0,Puente de Vallecas,Deporte y ocio,Ocio y entretenimiento,Ocio y entretenimiento,41,3,0.07317073170731707,135.0,0.975609756097561,0.975609756097561,False,low,101
district,13.0,Puente de Vallecas,Retail especializado,Hogar y decoracion,Textil hogar,38,6,0.15789473684210525,135.0,0.9736842105263158,0.9736842105263158,False,low,102
district,13.0,Puente de Vallecas,Retail especializado,Hogar y reformas,Ferreteria,37,2,0.05405405405405406,135.0,1.0,0.972972972972973,False,low,103
district,13.0,Puente de Vallecas,Belleza y cuidado personal,Peluqueria y estetica,Peluqueria,284,30,0.1056338028169014,135.0,0.9929577464788732,0.971830985915493,True,high,104
district,13.0,Puente de Vallecas,Retail especializado,Moda y complementos,Moda,173,34,0.19653179190751446,135.0,0.9942196531791907,0.9710982658959537,True,high,105
district,13.0,Puente de Vallecas,Alimentacion,Panaderia y pasteleria,Panaderia,32,1,0.03125,135.0,0.96875,0.96875,False,low,106
district,13.0,Puente de Vallecas,Alimentacion,Alimentacion fresca,Fruteria,142,14,0.09859154929577464,135.0,0.971830985915493,0.9647887323943662,True,medium,107
district,13.0,Puente de Vallecas,Salud y bienestar,Clinicas y consultas,Fisioterapia,28,4,0.14285714285714285,135.0,0.9642857142857143,0.9642857142857143,False,low,108
district,13.0,Puente de Vallecas,Retail especializado,Cultura y ocio,Papeleria y prensa,27,6,0.2222222222222222,135.0,0.962962962962963,0.962962962962963,False,low,109
district,13.0,Puente de Vallecas,Hosteleria,Bar y cafeteria,Bar especial,52,9,0.17307692307692307,135.0,1.0,0.9615384615384616,False,low,110
district,13.0,Puente de Vallecas,Alimentacion,Especialistas alimentacion,Frutos secos y encurtidos,25,5,0.2,135.0,0.96,0.96,False,low,111
district,13.0,Puente de Vallecas,Belleza y cuidado personal,Cosmetica y perfumeria,Perfumeria y cosmetica,25,6,0.24,135.0,0.96,0.96,False,low,112
district,13.0,Puente de Vallecas,Hosteleria,Restauracion,Restaurante,45,3,0.06666666666666667,135.0,0.9777777777777777,0.9555555555555555,False,low,113
district,13.0,Puente de Vallecas,Retail especializado,Moda y complementos,Joyeria y relojeria,43,5,0.11627906976744186,135.0,0.9767441860465116,0.9534883720930232,False,low,114
district,13.0,Puente de Vallecas,Finanzas,Finanzas y seguros,Banco y caja,103,32,0.3106796116504854,135.0,0.9902912621359223,0.9514563106796117,True,medium,115
district,13.0,Puente de Vallecas,Servicios,Servicios al consumidor,Locutorio,96,24,0.25,135.0,0.96875,0.9479166666666666,True,medium,116
district,13.0,Puente de Vallecas,Salud y bienestar,Clinicas y consultas,Consulta medica,17,2,0.11764705882352941,135.0,0.9411764705882353,0.9411764705882353,False,low,117
district,13.0,Puente de Vallecas,Retail especializado,Electronica y telecom,Telefonia,29,5,0.1724137931034483,135.0,1.0,0.9310344827586207,False,low,118
district,13.0,Puente de Vallecas,Retail especializado,Otros comercios,Otros comercios,58,14,0.2413793103448276,135.0,0.9655172413793103,0.9310344827586206,False,low,119
district,13.0,Puente de Vallecas,Belleza y cuidado personal,Peluqueria y estetica,Centro de estetica,26,5,0.19230769230769232,135.0,0.9230769230769231,0.9230769230769231,False,low,120
district,13.0,Puente de Vallecas,Belleza y cuidado personal,Servicios personales,Tattoo y piercing,12,1,0.08333333333333333,135.0,0.9166666666666666,0.9166666666666666,False,low,121
district,13.0,Puente de Vallecas,Servicios,Servicios profesionales,Oficina y administracion,23,7,0.30434782608695654,135.0,0.9130434782608696,0.9130434782608696,False,low,122
district,13.0,Puente de Vallecas,Salud y bienestar,Clinicas y consultas,Veterinaria,11,1,0.09090909090909091,135.0,1.0,0.9090909090909091,False,low,123
district,13.0,Puente de Vallecas,Servicios,Servicios personales,Lavanderia y tintoreria,21,6,0.2857142857142857,135.0,1.0,0.9047619047619047,False,low,124
district,13.0,Puente de Vallecas,Retail especializado,Cultura y ocio,Libreria,7,1,0.14285714285714285,135.0,1.0,0.8571428571428572,False,low,125
district,13.0,Puente de Vallecas,Retail especializado,Hogar y decoracion,Hogar y menaje,14,3,0.21428571428571427,135.0,0.9285714285714286,0.8571428571428572,False,low,126
district,13.0,Puente de Vallecas,Servicios,Servicios profesionales,Inmobiliaria,38,12,0.3157894736842105,135.0,0.9736842105263158,0.8421052631578948,False,low,127
district,13.0,Puente de Vallecas,Alimentacion,Especialistas alimentacion,Heladeria,6,2,0.3333333333333333,135.0,0.8333333333333334,0.8333333333333334,False,low,128
district,13.0,Puente de Vallecas,Retail especializado,Cultura y ocio,Bicicletas,3,1,0.3333333333333333,135.0,1.0,0.6666666666666667,False,low,129
district,14.0,Moratalaz,Salud y bienestar,Salud retail,Farmacia,54,1,0.018518518518518517,135.0,1.0,1.0,False,low,1
district,14.0,Moratalaz,Alimentacion,Alimentacion fresca,Fruteria,38,2,0.05263157894736842,135.0,1.0,1.0,False,low,2
district,14.0,Moratalaz,Hosteleria,Bar y cafeteria,Bar restaurante,29,4,0.13793103448275862,135.0,1.0,1.0,False,low,3
district,14.0,Moratalaz,Servicios,Servicios profesionales,Asesoria y contabilidad,24,3,0.125,135.0,1.0,1.0,False,low,4
district,14.0,Moratalaz,Servicios,Servicios profesionales,Inmobiliaria,23,5,0.21739130434782608,135.0,1.0,1.0,False,low,5
district,14.0,Moratalaz,Alimentacion,Alimentacion fresca,Carniceria,21,0,0.0,135.0,1.0,1.0,False,low,6
district,14.0,Moratalaz,Salud y bienestar,Clinicas y consultas,Clinica dental,21,0,0.0,135.0,1.0,1.0,False,low,7
district,14.0,Moratalaz,Educacion,Educacion infantil,Escuela infantil,21,0,0.0,135.0,1.0,1.0,False,low,8
district,14.0,Moratalaz,Automocion,Taller y reparacion,Taller mecanica,19,1,0.05263157894736842,135.0,1.0,1.0,False,low,9
district,14.0,Moratalaz,Hosteleria,Catering y colectividades,Comedor colectivo,15,0,0.0,135.0,1.0,1.0,False,low,10
district,14.0,Moratalaz,Retail especializado,Conveniencia,Estanco,15,2,0.13333333333333333,135.0,1.0,1.0,False,low,11
district,14.0,Moratalaz,Hosteleria,Bar y cafeteria,Cafeteria,14,1,0.07142857142857142,135.0,1.0,1.0,False,low,12
district,14.0,Moratalaz,Retail especializado,Hogar y reformas,Ferreteria,14,2,0.14285714285714285,135.0,1.0,1.0,False,low,13
district,14.0,Moratalaz,Retail especializado,Hogar y reformas,Puertas y ventanas,14,2,0.14285714285714285,135.0,1.0,1.0,False,low,14
district,14.0,Moratalaz,Salud y bienestar,Salud retail,Herbolario,13,4,0.3076923076923077,135.0,1.0,1.0,False,low,15
district,14.0,Moratalaz,Alimentacion,Panaderia y pasteleria,Panaderia,13,1,0.07692307692307693,135.0,1.0,1.0,False,low,16
district,14.0,Moratalaz,Servicios,Servicios personales,Reparacion especializada,13,3,0.23076923076923078,135.0,1.0,1.0,False,low,17
district,14.0,Moratalaz,Educacion,Formacion,Educacion y formacion,12,0,0.0,135.0,1.0,1.0,False,low,18
district,14.0,Moratalaz,Retail especializado,Moda y complementos,Joyeria y relojeria,12,1,0.08333333333333333,135.0,1.0,1.0,False,low,19
district,14.0,Moratalaz,Retail especializado,Cultura y ocio,Papeleria y prensa,12,5,0.4166666666666667,135.0,1.0,1.0,False,low,20
district,14.0,Moratalaz,Educacion,Formacion,Autoescuela,11,0,0.0,135.0,1.0,1.0,False,low,21
district,14.0,Moratalaz,Alimentacion,Alimentacion fresca,Aves y huevos,11,1,0.09090909090909091,135.0,1.0,1.0,False,low,22
district,14.0,Moratalaz,Belleza y cuidado personal,Peluqueria y estetica,Centro de estetica,11,3,0.2727272727272727,135.0,1.0,1.0,False,low,23
district,14.0,Moratalaz,Deporte y ocio,Ocio y entretenimiento,Ocio y entretenimiento,11,4,0.36363636363636365,135.0,1.0,1.0,False,low,24
district,14.0,Moratalaz,Alimentacion,Alimentacion fresca,Pescaderia,11,1,0.09090909090909091,135.0,1.0,1.0,False,low,25
district,14.0,Moratalaz,Alimentacion,Alimentacion fresca,Charcuteria,10,0,0.0,135.0,1.0,1.0,False,low,26
district,14.0,Moratalaz,Salud y bienestar,Clinicas y consultas,Consulta medica,10,1,0.1,135.0,1.0,1.0,False,low,27
district,14.0,Moratalaz,Servicios,Servicios personales,Lavanderia y tintoreria,10,1,0.1,135.0,1.0,1.0,False,low,28
district,14.0,Moratalaz,Salud y bienestar,Clinicas y consultas,Clinicas y consultas,9,2,0.2222222222222222,135.0,1.0,1.0,False,low,29
district,14.0,Moratalaz,Alimentacion,Comida preparada,Comida preparada,9,1,0.1111111111111111,135.0,1.0,1.0,False,low,30
district,14.0,Moratalaz,Deporte y ocio,Fitness y deporte,Gimnasio,9,1,0.1111111111111111,135.0,1.0,1.0,False,low,31
district,14.0,Moratalaz,Servicios,Servicios profesionales,Oficina y administracion,9,2,0.2222222222222222,135.0,1.0,1.0,False,low,32
district,14.0,Moratalaz,Salud y bienestar,Salud retail,Optica,9,0,0.0,135.0,1.0,1.0,False,low,33
district,14.0,Moratalaz,Retail especializado,Hogar y reformas,Saneamientos,9,0,0.0,135.0,1.0,1.0,False,low,34
district,14.0,Moratalaz,Hosteleria,Restauracion,Restaurante,8,1,0.125,135.0,1.0,1.0,False,low,35
district,14.0,Moratalaz,Deporte y ocio,Fitness y deporte,Club deportivo,7,0,0.0,135.0,1.0,1.0,False,low,36
district,14.0,Moratalaz,Hosteleria,Restauracion,Comida rapida,7,0,0.0,135.0,1.0,1.0,False,low,37
district,14.0,Moratalaz,Finanzas,Finanzas y seguros,Seguros,7,1,0.14285714285714285,135.0,1.0,1.0,False,low,38
district,14.0,Moratalaz,Salud y bienestar,Clinicas y consultas,Clinica medica,6,1,0.16666666666666666,135.0,1.0,1.0,False,low,39
district,14.0,Moratalaz,Retail especializado,Hogar y regalos,Floristeria,6,0,0.0,135.0,1.0,1.0,False,low,40
district,14.0,Moratalaz,Retail especializado,Hogar y decoracion,Hogar y menaje,6,0,0.0,135.0,1.0,1.0,False,low,41
district,14.0,Moratalaz,Retail especializado,Hogar y decoracion,Muebles,6,0,0.0,135.0,1.0,1.0,False,low,42
district,14.0,Moratalaz,Retail especializado,Hogar y decoracion,Muebles de cocina,6,3,0.5,131.5,1.0,1.0,False,low,43
district,14.0,Moratalaz,Servicios,Servicios personales,Reparacion de calzado,6,1,0.16666666666666666,135.0,1.0,1.0,False,low,44
district,14.0,Moratalaz,Salud y bienestar,Salud retail,Salud retail,6,1,0.16666666666666666,135.0,1.0,1.0,False,low,45
district,14.0,Moratalaz,Finanzas,Finanzas y seguros,Servicios auxiliares seguros,6,1,0.16666666666666666,135.0,1.0,1.0,False,low,46
district,14.0,Moratalaz,Servicios,Servicios profesionales,Arquitectura e ingenieria,5,2,0.4,135.0,1.0,1.0,False,low,47
district,14.0,Moratalaz,Servicios,Servicios personales,Arreglo de ropa,5,0,0.0,135.0,1.0,1.0,False,low,48
district,14.0,Moratalaz,Belleza y cuidado personal,Servicios personales,Belleza y cuidado personal,5,0,0.0,135.0,1.0,1.0,False,low,49
district,14.0,Moratalaz,Retail especializado,Electronica y telecom,Electronica y telecom,5,0,0.0,135.0,1.0,1.0,False,low,50
district,14.0,Moratalaz,Retail especializado,Cultura y ocio,Jugueteria,5,1,0.2,135.0,1.0,1.0,False,low,51
district,14.0,Moratalaz,Alimentacion,Panaderia y pasteleria,Pasteleria y reposteria,5,1,0.2,135.0,1.0,1.0,False,low,52
district,14.0,Moratalaz,Retail especializado,Cultura y ocio,Deporte,4,1,0.25,135.0,1.0,1.0,False,low,53
district,14.0,Moratalaz,Servicios,Servicios profesionales,Despacho juridico,4,0,0.0,135.0,1.0,1.0,False,low,54
district,14.0,Moratalaz,Retail especializado,Electronica y telecom,Electrodomesticos,4,2,0.5,125.5,1.0,1.0,False,low,55
district,14.0,Moratalaz,Retail especializado,Electronica y telecom,Informatica,4,0,0.0,135.0,1.0,1.0,False,low,56
district,14.0,Moratalaz,Retail especializado,Hogar y reformas,Material electrico,4,1,0.25,135.0,1.0,1.0,False,low,57
district,14.0,Moratalaz,Servicios,Servicios profesionales,Tecnologia y software,4,0,0.0,135.0,1.0,1.0,False,low,58
district,14.0,Moratalaz,Servicios,Servicios profesionales,Telecomunicaciones,4,1,0.25,135.0,1.0,1.0,False,low,59
district,14.0,Moratalaz,Alimentacion,Supermercado y conveniencia,Alimentacion envasada,3,0,0.0,135.0,1.0,1.0,False,low,60
district,14.0,Moratalaz,Retail especializado,Hogar y decoracion,Colchoneria,3,0,0.0,135.0,1.0,1.0,False,low,61
district,14.0,Moratalaz,Alimentacion,Supermercado y conveniencia,Gran superficie alimentacion,3,1,0.3333333333333333,135.0,1.0,1.0,False,low,62
district,14.0,Moratalaz,Deporte y ocio,Fitness y deporte,Instalacion deportiva,3,0,0.0,135.0,1.0,1.0,False,low,63
district,14.0,Moratalaz,Retail especializado,Cultura y ocio,Libreria,3,0,0.0,135.0,1.0,1.0,False,low,64
district,14.0,Moratalaz,Servicios,Servicios profesionales,Servicios profesionales,3,2,0.6666666666666666,91.0,1.0,1.0,False,low,65
district,14.0,Moratalaz,Retail especializado,Cultura y ocio,Bicicletas,2,1,0.5,96.5,1.0,1.0,False,low,66
district,14.0,Moratalaz,Alimentacion,Alimentacion fresca,Carniceria y charcuteria,2,0,0.0,96.5,1.0,1.0,False,low,67
district,14.0,Moratalaz,Alimentacion,Alimentacion fresca,Casqueria,2,0,0.0,135.0,1.0,1.0,False,low,68
district,14.0,Moratalaz,Servicios,Servicios profesionales,Consultoria empresarial,2,0,0.0,135.0,1.0,1.0,False,low,69
district,14.0,Moratalaz,Hosteleria,Ocio nocturno,Discoteca,2,1,0.5,100.0,1.0,1.0,False,low,70
district,14.0,Moratalaz,Automocion,Servicios automocion,Gasolinera,2,0,0.0,62.5,1.0,1.0,False,low,71
district,14.0,Moratalaz,Retail especializado,Hogar y decoracion,Iluminacion,2,0,0.0,135.0,1.0,1.0,False,low,72
district,14.0,Moratalaz,Belleza y cuidado personal,Peluqueria y estetica,Instituto de belleza,2,0,0.0,135.0,1.0,1.0,False,low,73
district,14.0,Moratalaz,Salud y bienestar,Clinicas y consultas,Podologia,2,0,0.0,135.0,1.0,1.0,False,low,74
district,14.0,Moratalaz,Automocion,Venta y recambios,Recambios automovil,2,0,0.0,135.0,1.0,1.0,False,low,75
district,14.0,Moratalaz,Automocion,Taller y reparacion,Taller automovil,2,0,0.0,135.0,1.0,1.0,False,low,76
district,14.0,Moratalaz,Belleza y cuidado personal,Servicios personales,Tattoo y piercing,2,0,0.0,135.0,1.0,1.0,False,low,77
district,14.0,Moratalaz,Automocion,Taller y reparacion,Accesorios automovil,1,0,0.0,135.0,1.0,1.0,False,low,78
district,14.0,Moratalaz,Deporte y ocio,Ocio y entretenimiento,Celebraciones infantiles,1,0,0.0,135.0,1.0,1.0,False,low,79
district,14.0,Moratalaz,Alimentacion,Especialistas alimentacion,Congelados,1,0,0.0,135.0,1.0,1.0,False,low,80
district,14.0,Moratalaz,Retail especializado,Electronica y telecom,Electronica,1,0,0.0,135.0,1.0,1.0,False,low,81
district,14.0,Moratalaz,Hosteleria,Catering y colectividades,Eventos y banquetes,1,0,0.0,54.0,1.0,1.0,False,low,82
district,14.0,Moratalaz,Servicios,Servicios profesionales,Fotografia,1,0,0.0,135.0,1.0,1.0,False,low,83
district,14.0,Moratalaz,Alimentacion,Especialistas alimentacion,Golosinas,1,1,1.0,26.0,1.0,1.0,False,low,84
district,14.0,Moratalaz,Hosteleria,Bar y cafeteria,Heladeria y salon de te,1,0,0.0,135.0,1.0,1.0,False,low,85
district,14.0,Moratalaz,Hosteleria,Restauracion,Hosteleria especializada,1,0,0.0,135.0,1.0,1.0,False,low,86
district,14.0,Moratalaz,Retail especializado,Hogar y decoracion,Menaje del hogar,1,0,0.0,135.0,1.0,1.0,False,low,87
district,14.0,Moratalaz,Salud y bienestar,Clinicas y consultas,Optometria,1,0,0.0,135.0,1.0,1.0,False,low,88
district,14.0,Moratalaz,Salud y bienestar,Clinicas y consultas,Parasanitario,1,0,0.0,135.0,1.0,1.0,False,low,89
district,14.0,Moratalaz,Servicios,Servicios profesionales,Publicidad y marketing,1,0,0.0,135.0,1.0,1.0,False,low,90
district,14.0,Moratalaz,Deporte y ocio,Ocio y entretenimiento,Salon recreativo,1,1,1.0,41.0,1.0,1.0,False,low,91
district,14.0,Moratalaz,Hosteleria,Bar y cafeteria,Taberna,1,0,0.0,135.0,1.0,1.0,False,low,92
district,14.0,Moratalaz,Retail especializado,Conveniencia,Tienda multiproducto,1,0,0.0,135.0,1.0,1.0,False,low,93
district,14.0,Moratalaz,Automocion,Venta y recambios,Venta de coches nuevos,1,0,0.0,135.0,1.0,1.0,False,low,94
district,14.0,Moratalaz,Belleza y cuidado personal,Peluqueria y estetica,Peluqueria,117,12,0.10256410256410256,135.0,1.0,0.9914529914529915,True,medium,95
district,14.0,Moratalaz,Alimentacion,Supermercado y conveniencia,Tienda de alimentacion,52,5,0.09615384615384616,135.0,1.0,0.9807692307692307,False,low,96
district,14.0,Moratalaz,Hosteleria,Bar y cafeteria,Bar con cocina,91,5,0.054945054945054944,135.0,1.0,0.9780219780219781,False,low,97
district,14.0,Moratalaz,Retail especializado,Moda y complementos,Moda,35,10,0.2857142857142857,135.0,1.0,0.9714285714285714,False,low,98
district,14.0,Moratalaz,Hosteleria,Bar y cafeteria,Bar especial,26,3,0.11538461538461539,135.0,1.0,0.9615384615384616,False,low,99
district,14.0,Moratalaz,Hosteleria,Bar y cafeteria,Bar sin cocina,48,4,0.08333333333333333,135.0,0.9791666666666666,0.9583333333333333,False,low,100
district,14.0,Moratalaz,Salud y bienestar,Clinicas y consultas,Fisioterapia,23,3,0.13043478260869565,135.0,0.9565217391304348,0.9565217391304348,False,low,101
district,14.0,Moratalaz,Servicios,Logistica y movilidad,Logistica y movilidad,21,4,0.19047619047619047,135.0,0.9523809523809523,0.9523809523809523,False,low,102
district,14.0,Moratalaz,Retail especializado,Conveniencia,Bazar y precio unico,19,4,0.21052631578947367,135.0,1.0,0.9473684210526316,False,low,103
district,14.0,Moratalaz,Alimentacion,Supermercado y conveniencia,Supermercado,19,3,0.15789473684210525,135.0,1.0,0.9473684210526316,False,low,104
district,14.0,Moratalaz,Finanzas,Finanzas y seguros,Banco y caja,47,20,0.425531914893617,135.0,0.9574468085106382,0.9361702127659574,False,low,105
district,14.0,Moratalaz,Retail especializado,Otros comercios,Otros comercios,15,3,0.2,135.0,0.9333333333333333,0.9333333333333333,False,low,106
district,14.0,Moratalaz,Retail especializado,Electronica y telecom,Telefonia,12,2,0.16666666666666666,135.0,0.9166666666666666,0.9166666666666666,False,low,107
district,14.0,Moratalaz,Retail especializado,Hogar y decoracion,Textil hogar,10,2,0.2,135.0,0.9,0.9,False,low,108
district,14.0,Moratalaz,Retail especializado,Moda y complementos,Calzado,17,8,0.47058823529411764,135.0,1.0,0.8823529411764706,False,low,109
district,14.0,Moratalaz,Retail especializado,Hogar y reformas,Bricolaje,5,3,0.6,83.0,0.8,0.8,False,low,110
district,14.0,Moratalaz,Belleza y cuidado personal,Cosmetica y perfumeria,Perfumeria y cosmetica,5,1,0.2,135.0,0.8,0.8,False,low,111
district,14.0,Moratalaz,Servicios,Servicios al consumidor,Locutorio,14,5,0.35714285714285715,135.0,1.0,0.7857142857142857,False,low,112
district,14.0,Moratalaz,Alimentacion,Especialistas alimentacion,Frutos secos y encurtidos,4,2,0.5,101.5,0.75,0.75,False,low,113
district,14.0,Moratalaz,Salud y bienestar,Clinicas y consultas,Veterinaria,6,4,0.6666666666666666,63.5,0.8333333333333334,0.6666666666666667,False,low,114
district,14.0,Moratalaz,Alimentacion,Especialistas alimentacion,Lacteos y bebidas,3,1,0.3333333333333333,135.0,0.6666666666666667,0.6666666666666667,False,low,115
district,14.0,Moratalaz,Hosteleria,Bar y cafeteria,Bar especial con actuaciones,1,1,1.0,14.0,1.0,0.0,False,low,116
district,14.0,Moratalaz,Alimentacion,Especialistas alimentacion,Bodega,1,1,1.0,14.0,1.0,0.0,False,low,117
district,14.0,Moratalaz,Hosteleria,Ocio nocturno,Cafe espectaculo,1,1,1.0,16.0,1.0,0.0,False,low,118
district,15.0,Ciudad Lineal,Automocion,Taller y reparacion,Taller mecanica,141,2,0.014184397163120567,135.0,1.0,1.0,False,low,1
district,15.0,Ciudad Lineal,Alimentacion,Supermercado y conveniencia,Tienda de alimentacion,138,11,0.07971014492753623,135.0,1.0,1.0,False,low,2
district,15.0,Ciudad Lineal,Salud y bienestar,Salud retail,Farmacia,130,6,0.046153846153846156,135.0,1.0,1.0,False,low,3
district,15.0,Ciudad Lineal,Hosteleria,Bar y cafeteria,Bar sin cocina,79,1,0.012658227848101266,135.0,1.0,1.0,False,low,4
district,15.0,Ciudad Lineal,Retail especializado,Conveniencia,Bazar y precio unico,71,11,0.15492957746478872,135.0,1.0,1.0,False,low,5
district,15.0,Ciudad Lineal,Servicios,Servicios personales,Reparacion especializada,66,3,0.045454545454545456,135.0,1.0,1.0,False,low,6
district,15.0,Ciudad Lineal,Alimentacion,Alimentacion fresca,Carniceria,59,1,0.01694915254237288,135.0,1.0,1.0,False,low,7
district,15.0,Ciudad Lineal,Alimentacion,Alimentacion fresca,Pescaderia,54,1,0.018518518518518517,135.0,1.0,1.0,False,low,8
district,15.0,Ciudad Lineal,Educacion,Formacion,Educacion y formacion,50,2,0.04,135.0,1.0,1.0,False,low,9
district,15.0,Ciudad Lineal,Alimentacion,Panaderia y pasteleria,Panaderia,49,4,0.08163265306122448,135.0,1.0,1.0,False,low,10
district,15.0,Ciudad Lineal,Servicios,Servicios personales,Arreglo de ropa,45,6,0.13333333333333333,135.0,1.0,1.0,False,low,11
district,15.0,Ciudad Lineal,Servicios,Servicios personales,Lavanderia y tintoreria,44,11,0.25,135.0,1.0,1.0,False,low,12
district,15.0,Ciudad Lineal,Belleza y cuidado personal,Cosmetica y perfumeria,Perfumeria y cosmetica,42,5,0.11904761904761904,135.0,1.0,1.0,False,low,13
district,15.0,Ciudad Lineal,Retail especializado,Hogar y regalos,Floristeria,38,4,0.10526315789473684,135.0,1.0,1.0,False,low,14
district,15.0,Ciudad Lineal,Automocion,Venta y recambios,Recambios automovil,37,2,0.05405405405405406,135.0,1.0,1.0,False,low,15
district,15.0,Ciudad Lineal,Salud y bienestar,Salud retail,Optica,36,1,0.027777777777777776,135.0,1.0,1.0,False,low,16
district,15.0,Ciudad Lineal,Servicios,Servicios profesionales,Arquitectura e ingenieria,35,4,0.11428571428571428,135.0,1.0,1.0,False,low,17
district,15.0,Ciudad Lineal,Retail especializado,Hogar y reformas,Puertas y ventanas,35,3,0.08571428571428572,135.0,1.0,1.0,False,low,18
district,15.0,Ciudad Lineal,Servicios,Servicios profesionales,Servicios profesionales,34,4,0.11764705882352941,135.0,1.0,1.0,False,low,19
district,15.0,Ciudad Lineal,Automocion,Taller y reparacion,Taller chapa y pintura,34,3,0.08823529411764706,135.0,1.0,1.0,False,low,20
district,15.0,Ciudad Lineal,Educacion,Formacion,Autoescuela,32,1,0.03125,135.0,1.0,1.0,False,low,21
district,15.0,Ciudad Lineal,Retail especializado,Conveniencia,Estanco,32,1,0.03125,135.0,1.0,1.0,False,low,22
district,15.0,Ciudad Lineal,Retail especializado,Hogar y decoracion,Textil hogar,32,2,0.0625,135.0,1.0,1.0,False,low,23
district,15.0,Ciudad Lineal,Retail especializado,Hogar y reformas,Material electrico,29,3,0.10344827586206896,135.0,1.0,1.0,False,low,24
district,15.0,Ciudad Lineal,Alimentacion,Alimentacion fresca,Charcuteria,28,2,0.07142857142857142,135.0,1.0,1.0,False,low,25
district,15.0,Ciudad Lineal,Servicios,Servicios personales,Reparacion de calzado,27,1,0.037037037037037035,135.0,1.0,1.0,False,low,26
district,15.0,Ciudad Lineal,Educacion,Educacion infantil,Escuela infantil,26,0,0.0,135.0,1.0,1.0,False,low,27
district,15.0,Ciudad Lineal,Servicios,Servicios profesionales,Publicidad y marketing,25,7,0.28,135.0,1.0,1.0,False,low,28
district,15.0,Ciudad Lineal,Salud y bienestar,Salud retail,Salud retail,24,4,0.16666666666666666,135.0,1.0,1.0,False,low,29
district,15.0,Ciudad Lineal,Salud y bienestar,Clinicas y consultas,Clinica medica,22,2,0.09090909090909091,135.0,1.0,1.0,False,low,30
district,15.0,Ciudad Lineal,Retail especializado,Hogar y reformas,Saneamientos,22,4,0.18181818181818182,135.0,1.0,1.0,False,low,31
district,15.0,Ciudad Lineal,Automocion,Taller y reparacion,Taller automovil,21,0,0.0,135.0,1.0,1.0,False,low,32
district,15.0,Ciudad Lineal,Retail especializado,Hogar y reformas,Materiales de construccion,20,2,0.1,135.0,1.0,1.0,False,low,33
district,15.0,Ciudad Lineal,Alimentacion,Panaderia y pasteleria,Pasteleria y reposteria,20,0,0.0,135.0,1.0,1.0,False,low,34
district,15.0,Ciudad Lineal,Finanzas,Finanzas y seguros,Seguros,20,11,0.55,121.0,1.0,1.0,False,low,35
district,15.0,Ciudad Lineal,Salud y bienestar,Clinicas y consultas,Veterinaria,20,3,0.15,135.0,1.0,1.0,False,low,36
district,15.0,Ciudad Lineal,Servicios,Servicios profesionales,Tecnologia y software,19,3,0.15789473684210525,135.0,1.0,1.0,False,low,37
district,15.0,Ciudad Lineal,Retail especializado,Electronica y telecom,Electrodomesticos,16,4,0.25,135.0,1.0,1.0,False,low,38
district,15.0,Ciudad Lineal,Alimentacion,Comida preparada,Comida preparada,15,4,0.26666666666666666,135.0,1.0,1.0,False,low,39
district,15.0,Ciudad Lineal,Alimentacion,Alimentacion fresca,Carniceria y charcuteria,13,0,0.0,135.0,1.0,1.0,False,low,40
district,15.0,Ciudad Lineal,Automocion,Taller y reparacion,Accesorios automovil,12,0,0.0,135.0,1.0,1.0,False,low,41
district,15.0,Ciudad Lineal,Retail especializado,Hogar y decoracion,Colchoneria,12,1,0.08333333333333333,135.0,1.0,1.0,False,low,42
district,15.0,Ciudad Lineal,Automocion,Venta y recambios,Motos y reparacion,12,0,0.0,135.0,1.0,1.0,False,low,43
district,15.0,Ciudad Lineal,Deporte y ocio,Fitness y deporte,Club deportivo,11,1,0.09090909090909091,135.0,1.0,1.0,False,low,44
district,15.0,Ciudad Lineal,Finanzas,Finanzas y seguros,Servicios auxiliares seguros,11,1,0.09090909090909091,135.0,1.0,1.0,False,low,45
district,15.0,Ciudad Lineal,Retail especializado,Hogar y reformas,Bricolaje,10,2,0.2,135.0,1.0,1.0,False,low,46
district,15.0,Ciudad Lineal,Alimentacion,Especialistas alimentacion,Congelados,9,0,0.0,135.0,1.0,1.0,False,low,47
district,15.0,Ciudad Lineal,Servicios,Servicios profesionales,Despacho juridico,9,1,0.1111111111111111,135.0,1.0,1.0,False,low,48
district,15.0,Ciudad Lineal,Servicios,Servicios profesionales,Fotografia,9,2,0.2222222222222222,135.0,1.0,1.0,False,low,49
district,15.0,Ciudad Lineal,Retail especializado,Conveniencia,Tienda multiproducto,8,1,0.125,135.0,1.0,1.0,False,low,50
district,15.0,Ciudad Lineal,Alimentacion,Especialistas alimentacion,Cafe e infusiones,7,0,0.0,135.0,1.0,1.0,False,low,51
district,15.0,Ciudad Lineal,Belleza y cuidado personal,Peluqueria y estetica,Instituto de belleza,7,1,0.14285714285714285,135.0,1.0,1.0,False,low,52
district,15.0,Ciudad Lineal,Retail especializado,Cultura y ocio,Jugueteria,7,2,0.2857142857142857,135.0,1.0,1.0,False,low,53
district,15.0,Ciudad Lineal,Servicios,Servicios profesionales,Telecomunicaciones,7,1,0.14285714285714285,135.0,1.0,1.0,False,low,54
district,15.0,Ciudad Lineal,Alimentacion,Alimentacion fresca,Casqueria,6,0,0.0,135.0,1.0,1.0,False,low,55
district,15.0,Ciudad Lineal,Automocion,Venta y recambios,Venta de coches usados,6,0,0.0,135.0,1.0,1.0,False,low,56
district,15.0,Ciudad Lineal,Hosteleria,Ocio nocturno,Discoteca,5,1,0.2,135.0,1.0,1.0,False,low,57
district,15.0,Ciudad Lineal,Alimentacion,Especialistas alimentacion,Lacteos y bebidas,5,0,0.0,135.0,1.0,1.0,False,low,58
district,15.0,Ciudad Lineal,Salud y bienestar,Clinicas y consultas,Podologia,5,0,0.0,135.0,1.0,1.0,False,low,59
district,15.0,Ciudad Lineal,Hosteleria,Bar y cafeteria,Bar especial con actuaciones,4,0,0.0,135.0,1.0,1.0,False,low,60
district,15.0,Ciudad Lineal,Deporte y ocio,Ocio y entretenimiento,Celebraciones infantiles,4,1,0.25,135.0,1.0,1.0,False,low,61
district,15.0,Ciudad Lineal,Hosteleria,Bar y cafeteria,Churreria,4,0,0.0,135.0,1.0,1.0,False,low,62
district,15.0,Ciudad Lineal,Deporte y ocio,Fitness y deporte,Instalacion deportiva,4,0,0.0,135.0,1.0,1.0,False,low,63
district,15.0,Ciudad Lineal,Hosteleria,Bar y cafeteria,Taberna,4,0,0.0,135.0,1.0,1.0,False,low,64
district,15.0,Ciudad Lineal,Servicios,Servicios profesionales,Consultoria empresarial,3,0,0.0,135.0,1.0,1.0,False,low,65
district,15.0,Ciudad Lineal,Finanzas,Finanzas y seguros,Finanzas y seguros,3,0,0.0,135.0,1.0,1.0,False,low,66
district,15.0,Ciudad Lineal,Salud y bienestar,Clinicas y consultas,Parasanitario,3,1,0.3333333333333333,131.0,1.0,1.0,False,low,67
district,15.0,Ciudad Lineal,Belleza y cuidado personal,Servicios personales,Tattoo y piercing,3,1,0.3333333333333333,135.0,1.0,1.0,False,low,68
district,15.0,Ciudad Lineal,Automocion,Venta y recambios,Venta de coches nuevos,3,0,0.0,135.0,1.0,1.0,False,low,69
district,15.0,Ciudad Lineal,Hosteleria,Bar y cafeteria,Bodega con consumo,2,0,0.0,135.0,1.0,1.0,False,low,70
district,15.0,Ciudad Lineal,Educacion,Formacion,Formacion no reglada,2,0,0.0,90.5,1.0,1.0,False,low,71
district,15.0,Ciudad Lineal,Automocion,Servicios automocion,Gasolinera,2,1,0.5,94.5,1.0,1.0,False,low,72
district,15.0,Ciudad Lineal,Alimentacion,Especialistas alimentacion,Golosinas,2,0,0.0,135.0,1.0,1.0,False,low,73
district,15.0,Ciudad Lineal,Alimentacion,Supermercado y conveniencia,Gran superficie alimentacion,2,0,0.0,135.0,1.0,1.0,False,low,74
district,15.0,Ciudad Lineal,Hosteleria,Restauracion,Hosteleria especializada,2,0,0.0,89.0,1.0,1.0,False,low,75
district,15.0,Ciudad Lineal,Retail especializado,Hogar y decoracion,Iluminacion,2,0,0.0,135.0,1.0,1.0,False,low,76
district,15.0,Ciudad Lineal,Automocion,Venta y recambios,Venta de motos,2,0,0.0,135.0,1.0,1.0,False,low,77
district,15.0,Ciudad Lineal,Alojamiento,Alojamiento turistico,Alojamiento turistico,1,0,0.0,135.0,1.0,1.0,False,low,78
district,15.0,Ciudad Lineal,Hosteleria,Ocio nocturno,Cafe espectaculo,1,1,1.0,55.0,1.0,1.0,False,low,79
district,15.0,Ciudad Lineal,Hosteleria,Catering y colectividades,Eventos y banquetes,1,0,0.0,135.0,1.0,1.0,False,low,80
district,15.0,Ciudad Lineal,Retail especializado,Moda y complementos,Moda y complementos,1,1,1.0,60.0,1.0,1.0,False,low,81
district,15.0,Ciudad Lineal,Hosteleria,Bar y cafeteria,Bar con cocina,359,15,0.04178272980501393,135.0,1.0,0.9972144846796658,True,medium,82
district,15.0,Ciudad Lineal,Alimentacion,Supermercado y conveniencia,Supermercado,92,8,0.08695652173913043,135.0,0.9891304347826086,0.9891304347826086,False,low,83
district,15.0,Ciudad Lineal,Hosteleria,Bar y cafeteria,Bar restaurante,173,8,0.046242774566473986,135.0,0.9942196531791907,0.9884393063583814,False,low,84
district,15.0,Ciudad Lineal,Hosteleria,Bar y cafeteria,Bar especial,75,8,0.10666666666666667,135.0,0.9866666666666667,0.9866666666666667,False,low,85
district,15.0,Ciudad Lineal,Salud y bienestar,Clinicas y consultas,Clinica dental,70,5,0.07142857142857142,135.0,1.0,0.9857142857142858,False,low,86
district,15.0,Ciudad Lineal,Alimentacion,Alimentacion fresca,Fruteria,131,13,0.09923664122137404,135.0,0.9847328244274809,0.9847328244274809,True,medium,87
district,15.0,Ciudad Lineal,Retail especializado,Moda y complementos,Calzado,64,10,0.15625,135.0,1.0,0.984375,False,low,88
district,15.0,Ciudad Lineal,Retail especializado,Moda y complementos,Joyeria y relojeria,59,8,0.13559322033898305,135.0,0.9830508474576272,0.9830508474576272,False,low,89
district,15.0,Ciudad Lineal,Deporte y ocio,Ocio y entretenimiento,Ocio y entretenimiento,48,5,0.10416666666666667,135.0,1.0,0.9791666666666666,False,low,90
district,15.0,Ciudad Lineal,Deporte y ocio,Fitness y deporte,Gimnasio,45,8,0.17777777777777778,135.0,1.0,0.9777777777777777,False,low,91
district,15.0,Ciudad Lineal,Salud y bienestar,Salud retail,Herbolario,44,7,0.1590909090909091,135.0,1.0,0.9772727272727273,False,low,92
district,15.0,Ciudad Lineal,Retail especializado,Hogar y decoracion,Muebles,43,6,0.13953488372093023,135.0,0.9767441860465116,0.9767441860465116,False,low,93
district,15.0,Ciudad Lineal,Servicios,Servicios profesionales,Asesoria y contabilidad,82,7,0.08536585365853659,135.0,0.9878048780487805,0.975609756097561,False,low,94
district,15.0,Ciudad Lineal,Retail especializado,Hogar y reformas,Ferreteria,41,6,0.14634146341463414,135.0,0.975609756097561,0.975609756097561,False,low,95
district,15.0,Ciudad Lineal,Belleza y cuidado personal,Peluqueria y estetica,Peluqueria,344,34,0.09883720930232558,135.0,0.9825581395348837,0.9738372093023255,True,high,96
district,15.0,Ciudad Lineal,Servicios,Logistica y movilidad,Logistica y movilidad,150,23,0.15333333333333332,135.0,0.9866666666666666,0.9733333333333332,True,high,97
district,15.0,Ciudad Lineal,Hosteleria,Catering y colectividades,Comedor colectivo,69,4,0.057971014492753624,90.0,1.0,0.9710144927536233,False,low,98
district,15.0,Ciudad Lineal,Servicios,Servicios profesionales,Oficina y administracion,65,16,0.24615384615384617,135.0,0.9846153846153847,0.9692307692307693,False,low,99
district,15.0,Ciudad Lineal,Retail especializado,Hogar y decoracion,Hogar y menaje,30,5,0.16666666666666666,135.0,1.0,0.9666666666666667,False,low,100
district,15.0,Ciudad Lineal,Retail especializado,Cultura y ocio,Papeleria y prensa,30,3,0.1,135.0,0.9666666666666667,0.9666666666666667,False,low,101
district,15.0,Ciudad Lineal,Alimentacion,Alimentacion fresca,Aves y huevos,29,2,0.06896551724137931,135.0,0.9655172413793104,0.9655172413793104,False,low,102
district,15.0,Ciudad Lineal,Salud y bienestar,Clinicas y consultas,Consulta medica,28,4,0.14285714285714285,135.0,1.0,0.9642857142857143,False,low,103
district,15.0,Ciudad Lineal,Hosteleria,Bar y cafeteria,Cafeteria,56,10,0.17857142857142858,135.0,0.9821428571428571,0.9642857142857142,False,low,104
district,15.0,Ciudad Lineal,Retail especializado,Electronica y telecom,Electronica,25,4,0.16,135.0,1.0,0.96,False,low,105
district,15.0,Ciudad Lineal,Servicios,Servicios profesionales,Inmobiliaria,49,14,0.2857142857142857,135.0,1.0,0.9591836734693877,False,low,106
district,15.0,Ciudad Lineal,Hosteleria,Restauracion,Restaurante,88,7,0.07954545454545454,135.0,0.9772727272727273,0.9545454545454546,False,low,107
district,15.0,Ciudad Lineal,Finanzas,Finanzas y seguros,Banco y caja,163,61,0.37423312883435583,135.0,0.9754601226993865,0.9509202453987731,True,high,108
district,15.0,Ciudad Lineal,Salud y bienestar,Clinicas y consultas,Fisioterapia,37,4,0.10810810810810811,135.0,0.972972972972973,0.9459459459459459,False,low,109
district,15.0,Ciudad Lineal,Retail especializado,Cultura y ocio,Libreria,18,2,0.1111111111111111,135.0,1.0,0.9444444444444444,False,low,110
district,15.0,Ciudad Lineal,Retail especializado,Hogar y decoracion,Muebles de cocina,18,2,0.1111111111111111,135.0,0.9444444444444444,0.9444444444444444,False,low,111
district,15.0,Ciudad Lineal,Alimentacion,Supermercado y conveniencia,Alimentacion envasada,16,5,0.3125,135.0,1.0,0.9375,False,low,112
district,15.0,Ciudad Lineal,Alimentacion,Especialistas alimentacion,Frutos secos y encurtidos,32,6,0.1875,135.0,0.96875,0.9375,False,low,113
district,15.0,Ciudad Lineal,Retail especializado,Moda y complementos,Moda,238,53,0.22268907563025211,135.0,0.9747899159663866,0.9369747899159665,True,high,114
district,15.0,Ciudad Lineal,Retail especializado,Electronica y telecom,Telefonia,31,11,0.3548387096774194,135.0,0.967741935483871,0.935483870967742,False,low,115
district,15.0,Ciudad Lineal,Servicios,Servicios al consumidor,Locutorio,90,23,0.25555555555555554,135.0,0.9666666666666667,0.9333333333333333,True,medium,116
district,15.0,Ciudad Lineal,Belleza y cuidado personal,Peluqueria y estetica,Centro de estetica,60,18,0.3,135.0,0.9666666666666667,0.9333333333333332,False,low,117
district,15.0,Ciudad Lineal,Retail especializado,Otros comercios,Otros comercios,103,23,0.22330097087378642,135.0,0.9805825242718447,0.9320388349514563,True,medium,118
district,15.0,Ciudad Lineal,Hosteleria,Restauracion,Comida rapida,13,4,0.3076923076923077,135.0,0.9230769230769231,0.9230769230769231,False,low,119
district,15.0,Ciudad Lineal,Alojamiento,Alojamiento turistico,Hotel,12,2,0.16666666666666666,135.0,1.0,0.9166666666666666,False,low,120
district,15.0,Ciudad Lineal,Retail especializado,Hogar y decoracion,Menaje del hogar,11,2,0.18181818181818182,135.0,0.9090909090909091,0.9090909090909091,False,low,121
district,15.0,Ciudad Lineal,Salud y bienestar,Clinicas y consultas,Clinicas y consultas,31,8,0.25806451612903225,135.0,1.0,0.903225806451613,False,low,122
district,15.0,Ciudad Lineal,Retail especializado,Cultura y ocio,Deporte,20,5,0.25,135.0,0.95,0.9,False,low,123
district,15.0,Ciudad Lineal,Retail especializado,Electronica y telecom,Electronica y telecom,18,5,0.2777777777777778,135.0,0.9444444444444444,0.8888888888888888,False,low,124
district,15.0,Ciudad Lineal,Retail especializado,Electronica y telecom,Informatica,15,3,0.2,135.0,1.0,0.8666666666666667,False,low,125
district,15.0,Ciudad Lineal,Belleza y cuidado personal,Servicios personales,Belleza y cuidado personal,15,2,0.13333333333333333,135.0,0.9333333333333333,0.8666666666666667,False,low,126
district,15.0,Ciudad Lineal,Alimentacion,Especialistas alimentacion,Bodega,6,2,0.3333333333333333,135.0,0.8333333333333334,0.8333333333333334,False,low,127
district,15.0,Ciudad Lineal,Finanzas,Finanzas y seguros,Cambio y envio de moneda,5,2,0.4,135.0,1.0,0.8,False,low,128
district,15.0,Ciudad Lineal,Educacion,Educacion infantil,Centro de cuidado infantil,4,2,0.5,126.5,1.0,0.75,False,low,129
district,15.0,Ciudad Lineal,Retail especializado,Cultura y ocio,Bicicletas,4,1,0.25,135.0,0.75,0.75,False,low,130
district,15.0,Ciudad Lineal,Salud y bienestar,Clinicas y consultas,Optometria,4,2,0.5,108.5,0.75,0.75,False,low,131
district,15.0,Ciudad Lineal,Hosteleria,Bar y cafeteria,Heladeria y salon de te,3,1,0.3333333333333333,135.0,0.6666666666666667,0.6666666666666667,False,low,132
district,15.0,Ciudad Lineal,Hosteleria,Bar y cafeteria,Heladeria,7,3,0.42857142857142855,135.0,0.5714285714285715,0.5714285714285715,False,low,133
district,15.0,Ciudad Lineal,Deporte y ocio,Ocio y entretenimiento,Salon recreativo,2,1,0.5,78.0,1.0,0.5,False,low,134
district,16.0,Hortaleza,Hosteleria,Restauracion,Restaurante,75,9,0.12,135.0,1.0,1.0,False,low,1
district,16.0,Hortaleza,Salud y bienestar,Salud retail,Farmacia,72,1,0.013888888888888888,135.0,1.0,1.0,False,low,2
district,16.0,Hortaleza,Servicios,Logistica y movilidad,Logistica y movilidad,72,12,0.16666666666666666,135.0,1.0,1.0,False,low,3
district,16.0,Hortaleza,Alimentacion,Alimentacion fresca,Fruteria,62,8,0.12903225806451613,135.0,1.0,1.0,False,low,4
district,16.0,Hortaleza,Alimentacion,Supermercado y conveniencia,Supermercado,50,6,0.12,135.0,1.0,1.0,False,low,5
district,16.0,Hortaleza,Hosteleria,Bar y cafeteria,Bar sin cocina,46,4,0.08695652173913043,135.0,1.0,1.0,False,low,6
district,16.0,Hortaleza,Educacion,Formacion,Educacion y formacion,44,0,0.0,135.0,1.0,1.0,False,low,7
district,16.0,Hortaleza,Salud y bienestar,Clinicas y consultas,Clinica dental,43,3,0.06976744186046512,135.0,1.0,1.0,False,low,8
district,16.0,Hortaleza,Educacion,Educacion infantil,Escuela infantil,43,1,0.023255813953488372,135.0,1.0,1.0,False,low,9
district,16.0,Hortaleza,Automocion,Taller y reparacion,Taller mecanica,41,0,0.0,135.0,1.0,1.0,False,low,10
district,16.0,Hortaleza,Salud y bienestar,Clinicas y consultas,Fisioterapia,37,3,0.08108108108108109,135.0,1.0,1.0,False,low,11
district,16.0,Hortaleza,Retail especializado,Conveniencia,Bazar y precio unico,36,6,0.16666666666666666,135.0,1.0,1.0,False,low,12
district,16.0,Hortaleza,Servicios,Servicios profesionales,Oficina y administracion,34,7,0.20588235294117646,135.0,1.0,1.0,False,low,13
district,16.0,Hortaleza,Alimentacion,Alimentacion fresca,Pescaderia,30,1,0.03333333333333333,135.0,1.0,1.0,False,low,14
district,16.0,Hortaleza,Servicios,Servicios personales,Reparacion especializada,29,0,0.0,135.0,1.0,1.0,False,low,15
district,16.0,Hortaleza,Alimentacion,Alimentacion fresca,Carniceria,28,4,0.14285714285714285,135.0,1.0,1.0,False,low,16
district,16.0,Hortaleza,Educacion,Formacion,Autoescuela,26,1,0.038461538461538464,135.0,1.0,1.0,False,low,17
district,16.0,Hortaleza,Salud y bienestar,Clinicas y consultas,Clinicas y consultas,26,3,0.11538461538461539,135.0,1.0,1.0,False,low,18
district,16.0,Hortaleza,Retail especializado,Hogar y regalos,Floristeria,24,4,0.16666666666666666,135.0,1.0,1.0,False,low,19
district,16.0,Hortaleza,Salud y bienestar,Clinicas y consultas,Consulta medica,23,1,0.043478260869565216,135.0,1.0,1.0,False,low,20
district,16.0,Hortaleza,Retail especializado,Moda y complementos,Joyeria y relojeria,23,0,0.0,135.0,1.0,1.0,False,low,21
district,16.0,Hortaleza,Alimentacion,Panaderia y pasteleria,Panaderia,23,3,0.13043478260869565,135.0,1.0,1.0,False,low,22
district,16.0,Hortaleza,Deporte y ocio,Ocio y entretenimiento,Ocio y entretenimiento,22,2,0.09090909090909091,135.0,1.0,1.0,False,low,23
district,16.0,Hortaleza,Servicios,Servicios profesionales,Tecnologia y software,22,2,0.09090909090909091,135.0,1.0,1.0,False,low,24
district,16.0,Hortaleza,Alimentacion,Alimentacion fresca,Aves y huevos,20,2,0.1,135.0,1.0,1.0,False,low,25
district,16.0,Hortaleza,Retail especializado,Cultura y ocio,Papeleria y prensa,19,4,0.21052631578947367,135.0,1.0,1.0,False,low,26
district,16.0,Hortaleza,Alimentacion,Alimentacion fresca,Charcuteria,17,1,0.058823529411764705,135.0,1.0,1.0,False,low,27
district,16.0,Hortaleza,Retail especializado,Conveniencia,Estanco,17,1,0.058823529411764705,135.0,1.0,1.0,False,low,28
district,16.0,Hortaleza,Alimentacion,Comida preparada,Comida preparada,16,2,0.125,135.0,1.0,1.0,False,low,29
district,16.0,Hortaleza,Retail especializado,Hogar y reformas,Ferreteria,16,1,0.0625,135.0,1.0,1.0,False,low,30
district,16.0,Hortaleza,Salud y bienestar,Salud retail,Optica,16,0,0.0,135.0,1.0,1.0,False,low,31
district,16.0,Hortaleza,Belleza y cuidado personal,Cosmetica y perfumeria,Perfumeria y cosmetica,16,6,0.375,135.0,1.0,1.0,False,low,32
district,16.0,Hortaleza,Alimentacion,Alimentacion fresca,Carniceria y charcuteria,15,0,0.0,135.0,1.0,1.0,False,low,33
district,16.0,Hortaleza,Alimentacion,Especialistas alimentacion,Frutos secos y encurtidos,15,2,0.13333333333333333,135.0,1.0,1.0,False,low,34
district,16.0,Hortaleza,Retail especializado,Hogar y decoracion,Muebles,15,0,0.0,135.0,1.0,1.0,False,low,35
district,16.0,Hortaleza,Servicios,Servicios personales,Reparacion de calzado,15,0,0.0,135.0,1.0,1.0,False,low,36
district,16.0,Hortaleza,Servicios,Servicios personales,Arreglo de ropa,14,0,0.0,135.0,1.0,1.0,False,low,37
district,16.0,Hortaleza,Deporte y ocio,Fitness y deporte,Club deportivo,13,1,0.07692307692307693,135.0,1.0,1.0,False,low,38
district,16.0,Hortaleza,Retail especializado,Hogar y decoracion,Hogar y menaje,13,0,0.0,135.0,1.0,1.0,False,low,39
district,16.0,Hortaleza,Retail especializado,Electronica y telecom,Informatica,13,2,0.15384615384615385,135.0,1.0,1.0,False,low,40
district,16.0,Hortaleza,Retail especializado,Electronica y telecom,Telefonia,13,3,0.23076923076923078,135.0,1.0,1.0,False,low,41
district,16.0,Hortaleza,Belleza y cuidado personal,Servicios personales,Belleza y cuidado personal,12,0,0.0,135.0,1.0,1.0,False,low,42
district,16.0,Hortaleza,Retail especializado,Hogar y decoracion,Muebles de cocina,11,0,0.0,135.0,1.0,1.0,False,low,43
district,16.0,Hortaleza,Deporte y ocio,Ocio y entretenimiento,Celebraciones infantiles,10,2,0.2,135.0,1.0,1.0,False,low,44
district,16.0,Hortaleza,Salud y bienestar,Salud retail,Herbolario,10,1,0.1,135.0,1.0,1.0,False,low,45
district,16.0,Hortaleza,Automocion,Taller y reparacion,Taller automovil,10,0,0.0,135.0,1.0,1.0,False,low,46
district,16.0,Hortaleza,Automocion,Taller y reparacion,Taller chapa y pintura,10,1,0.1,135.0,1.0,1.0,False,low,47
district,16.0,Hortaleza,Servicios,Servicios profesionales,Telecomunicaciones,9,1,0.1111111111111111,135.0,1.0,1.0,False,low,48
district,16.0,Hortaleza,Servicios,Servicios profesionales,Despacho juridico,8,2,0.25,135.0,1.0,1.0,False,low,49
district,16.0,Hortaleza,Alimentacion,Supermercado y conveniencia,Gran superficie alimentacion,8,1,0.125,135.0,1.0,1.0,False,low,50
district,16.0,Hortaleza,Retail especializado,Hogar y reformas,Puertas y ventanas,8,1,0.125,135.0,1.0,1.0,False,low,51
district,16.0,Hortaleza,Deporte y ocio,Ocio y entretenimiento,Salon recreativo,8,1,0.125,135.0,1.0,1.0,False,low,52
district,16.0,Hortaleza,Retail especializado,Cultura y ocio,Deporte,7,2,0.2857142857142857,135.0,1.0,1.0,False,low,53
district,16.0,Hortaleza,Retail especializado,Electronica y telecom,Electrodomesticos,7,1,0.14285714285714285,135.0,1.0,1.0,False,low,54
district,16.0,Hortaleza,Automocion,Servicios automocion,Gasolinera,7,0,0.0,135.0,1.0,1.0,False,low,55
district,16.0,Hortaleza,Automocion,Venta y recambios,Recambios automovil,7,1,0.14285714285714285,135.0,1.0,1.0,False,low,56
district,16.0,Hortaleza,Alojamiento,Alojamiento turistico,Hotel,6,1,0.16666666666666666,135.0,1.0,1.0,False,low,57
district,16.0,Hortaleza,Belleza y cuidado personal,Peluqueria y estetica,Instituto de belleza,6,0,0.0,135.0,1.0,1.0,False,low,58
district,16.0,Hortaleza,Retail especializado,Hogar y reformas,Material electrico,6,0,0.0,135.0,1.0,1.0,False,low,59
district,16.0,Hortaleza,Retail especializado,Conveniencia,Tienda multiproducto,6,2,0.3333333333333333,135.0,1.0,1.0,False,low,60
district,16.0,Hortaleza,Automocion,Taller y reparacion,Accesorios automovil,5,0,0.0,135.0,1.0,1.0,False,low,61
district,16.0,Hortaleza,Retail especializado,Cultura y ocio,Bicicletas,5,1,0.2,135.0,1.0,1.0,False,low,62
district,16.0,Hortaleza,Alimentacion,Especialistas alimentacion,Congelados,5,0,0.0,135.0,1.0,1.0,False,low,63
district,16.0,Hortaleza,Retail especializado,Electronica y telecom,Electronica,5,1,0.2,135.0,1.0,1.0,False,low,64
district,16.0,Hortaleza,Alimentacion,Panaderia y pasteleria,Pasteleria y reposteria,5,0,0.0,135.0,1.0,1.0,False,low,65
district,16.0,Hortaleza,Retail especializado,Hogar y reformas,Saneamientos,5,1,0.2,135.0,1.0,1.0,False,low,66
district,16.0,Hortaleza,Alimentacion,Supermercado y conveniencia,Alimentacion envasada,4,1,0.25,93.0,1.0,1.0,False,low,67
district,16.0,Hortaleza,Hosteleria,Restauracion,Hosteleria especializada,4,0,0.0,52.0,1.0,1.0,False,low,68
district,16.0,Hortaleza,Salud y bienestar,Clinicas y consultas,Podologia,4,0,0.0,135.0,1.0,1.0,False,low,69
district,16.0,Hortaleza,Retail especializado,Hogar y decoracion,Colchoneria,3,0,0.0,135.0,1.0,1.0,False,low,70
district,16.0,Hortaleza,Servicios,Servicios profesionales,Consultoria empresarial,3,0,0.0,135.0,1.0,1.0,False,low,71
district,16.0,Hortaleza,Finanzas,Finanzas y seguros,Finanzas y seguros,3,1,0.3333333333333333,135.0,1.0,1.0,False,low,72
district,16.0,Hortaleza,Educacion,Formacion,Formacion no reglada,3,0,0.0,96.0,1.0,1.0,False,low,73
district,16.0,Hortaleza,Hosteleria,Bar y cafeteria,Heladeria,3,0,0.0,81.0,1.0,1.0,False,low,74
district,16.0,Hortaleza,Retail especializado,Hogar y decoracion,Iluminacion,3,0,0.0,135.0,1.0,1.0,False,low,75
district,16.0,Hortaleza,Deporte y ocio,Fitness y deporte,Instalacion deportiva,3,0,0.0,135.0,1.0,1.0,False,low,76
district,16.0,Hortaleza,Alimentacion,Especialistas alimentacion,Lacteos y bebidas,3,0,0.0,135.0,1.0,1.0,False,low,77
district,16.0,Hortaleza,Retail especializado,Cultura y ocio,Libreria,3,0,0.0,135.0,1.0,1.0,False,low,78
district,16.0,Hortaleza,Automocion,Venta y recambios,Motos y reparacion,3,0,0.0,135.0,1.0,1.0,False,low,79
district,16.0,Hortaleza,Salud y bienestar,Clinicas y consultas,Optometria,3,1,0.3333333333333333,135.0,1.0,1.0,False,low,80
district,16.0,Hortaleza,Finanzas,Finanzas y seguros,Servicios auxiliares seguros,3,0,0.0,135.0,1.0,1.0,False,low,81
district,16.0,Hortaleza,Automocion,Venta y recambios,Venta de coches usados,3,0,0.0,135.0,1.0,1.0,False,low,82
district,16.0,Hortaleza,Alimentacion,Especialistas alimentacion,Bodega,2,0,0.0,135.0,1.0,1.0,False,low,83
district,16.0,Hortaleza,Alimentacion,Especialistas alimentacion,Cafe e infusiones,2,0,0.0,135.0,1.0,1.0,False,low,84
district,16.0,Hortaleza,Alimentacion,Alimentacion fresca,Casqueria,2,0,0.0,135.0,1.0,1.0,False,low,85
district,16.0,Hortaleza,Hosteleria,Bar y cafeteria,Churreria,2,0,0.0,135.0,1.0,1.0,False,low,86
district,16.0,Hortaleza,Belleza y cuidado personal,Peluqueria y estetica,Fotodepilacion,2,0,0.0,135.0,1.0,1.0,False,low,87
district,16.0,Hortaleza,Servicios,Servicios profesionales,Fotografia,2,0,0.0,135.0,1.0,1.0,False,low,88
district,16.0,Hortaleza,Retail especializado,Cultura y ocio,Jugueteria,2,0,0.0,135.0,1.0,1.0,False,low,89
district,16.0,Hortaleza,Retail especializado,Hogar y reformas,Materiales de construccion,2,1,0.5,131.0,1.0,1.0,False,low,90
district,16.0,Hortaleza,Hosteleria,Bar y cafeteria,Taberna,2,0,0.0,135.0,1.0,1.0,False,low,91
district,16.0,Hortaleza,Automocion,Venta y recambios,Venta de coches nuevos,2,0,0.0,135.0,1.0,1.0,False,low,92
district,16.0,Hortaleza,Alojamiento,Alojamiento turistico,Alojamiento turistico,1,0,0.0,135.0,1.0,1.0,False,low,93
district,16.0,Hortaleza,Hosteleria,Ocio nocturno,Cafe espectaculo,1,0,0.0,135.0,1.0,1.0,False,low,94
district,16.0,Hortaleza,Educacion,Educacion infantil,Centro de cuidado infantil,1,0,0.0,135.0,1.0,1.0,False,low,95
district,16.0,Hortaleza,Hosteleria,Ocio nocturno,Discoteca,1,0,0.0,135.0,1.0,1.0,False,low,96
district,16.0,Hortaleza,Hosteleria,Catering y colectividades,Eventos y banquetes,1,0,0.0,135.0,1.0,1.0,False,low,97
district,16.0,Hortaleza,Alimentacion,Especialistas alimentacion,Golosinas,1,0,0.0,135.0,1.0,1.0,False,low,98
district,16.0,Hortaleza,Alojamiento,Alojamiento turistico,Hostal,1,0,0.0,135.0,1.0,1.0,False,low,99
district,16.0,Hortaleza,Educacion,Formacion,Idiomas,1,0,0.0,131.0,1.0,1.0,False,low,100
district,16.0,Hortaleza,Retail especializado,Mascotas,Mascotas,1,1,1.0,25.0,1.0,1.0,False,low,101
district,16.0,Hortaleza,Retail especializado,Hogar y decoracion,Menaje del hogar,1,0,0.0,135.0,1.0,1.0,False,low,102
district,16.0,Hortaleza,Salud y bienestar,Clinicas y consultas,Parasanitario,1,0,0.0,135.0,1.0,1.0,False,low,103
district,16.0,Hortaleza,Servicios,Servicios profesionales,Servicios digitales,1,0,0.0,135.0,1.0,1.0,False,low,104
district,16.0,Hortaleza,Belleza y cuidado personal,Servicios personales,Tattoo y piercing,1,0,0.0,135.0,1.0,1.0,False,low,105
district,16.0,Hortaleza,Hosteleria,Bar y cafeteria,Bar restaurante,123,11,0.08943089430894309,135.0,1.0,0.991869918699187,False,low,106
district,16.0,Hortaleza,Alimentacion,Supermercado y conveniencia,Tienda de alimentacion,86,8,0.09302325581395349,135.0,1.0,0.9883720930232558,False,low,107
district,16.0,Hortaleza,Hosteleria,Bar y cafeteria,Bar con cocina,151,9,0.059602649006622516,135.0,0.9933774834437086,0.9867549668874172,False,low,108
district,16.0,Hortaleza,Belleza y cuidado personal,Peluqueria y estetica,Peluqueria,144,11,0.0763888888888889,135.0,0.9791666666666667,0.9791666666666667,False,low,109
district,16.0,Hortaleza,Hosteleria,Bar y cafeteria,Cafeteria,46,4,0.08695652173913043,135.0,1.0,0.9782608695652174,False,low,110
district,16.0,Hortaleza,Servicios,Servicios profesionales,Inmobiliaria,42,7,0.16666666666666666,135.0,0.9761904761904762,0.9761904761904762,False,low,111
district,16.0,Hortaleza,Belleza y cuidado personal,Peluqueria y estetica,Centro de estetica,38,6,0.15789473684210525,135.0,1.0,0.9736842105263158,False,low,112
district,16.0,Hortaleza,Hosteleria,Bar y cafeteria,Bar especial,37,6,0.16216216216216217,135.0,0.972972972972973,0.972972972972973,False,low,113
district,16.0,Hortaleza,Servicios,Servicios profesionales,Arquitectura e ingenieria,32,5,0.15625,135.0,0.96875,0.96875,False,low,114
district,16.0,Hortaleza,Retail especializado,Moda y complementos,Moda,85,17,0.2,135.0,0.9882352941176471,0.9529411764705883,True,medium,115
district,16.0,Hortaleza,Servicios,Servicios profesionales,Asesoria y contabilidad,42,6,0.14285714285714285,135.0,1.0,0.9523809523809523,False,low,116
district,16.0,Hortaleza,Deporte y ocio,Fitness y deporte,Gimnasio,21,5,0.23809523809523808,135.0,1.0,0.9523809523809523,False,low,117
district,16.0,Hortaleza,Retail especializado,Otros comercios,Otros comercios,20,2,0.1,135.0,1.0,0.95,False,low,118
district,16.0,Hortaleza,Retail especializado,Moda y complementos,Calzado,20,3,0.15,135.0,0.95,0.95,False,low,119
district,16.0,Hortaleza,Finanzas,Finanzas y seguros,Seguros,19,5,0.2631578947368421,135.0,1.0,0.9473684210526316,False,low,120
district,16.0,Hortaleza,Hosteleria,Catering y colectividades,Comedor colectivo,71,11,0.15492957746478872,77.0,0.9577464788732395,0.943661971830986,False,low,121
district,16.0,Hortaleza,Salud y bienestar,Clinicas y consultas,Clinica medica,17,1,0.058823529411764705,135.0,1.0,0.9411764705882353,False,low,122
district,16.0,Hortaleza,Servicios,Servicios profesionales,Servicios profesionales,17,5,0.29411764705882354,135.0,0.9411764705882353,0.9411764705882353,False,low,123
district,16.0,Hortaleza,Salud y bienestar,Clinicas y consultas,Veterinaria,15,1,0.06666666666666667,135.0,0.9333333333333333,0.9333333333333333,False,low,124
district,16.0,Hortaleza,Servicios,Servicios personales,Lavanderia y tintoreria,29,4,0.13793103448275862,135.0,0.9655172413793104,0.9310344827586208,False,low,125
district,16.0,Hortaleza,Finanzas,Finanzas y seguros,Banco y caja,99,30,0.30303030303030304,135.0,0.9393939393939394,0.9292929292929294,True,medium,126
district,16.0,Hortaleza,Retail especializado,Hogar y decoracion,Textil hogar,24,6,0.25,135.0,1.0,0.9166666666666667,False,low,127
district,16.0,Hortaleza,Salud y bienestar,Salud retail,Salud retail,11,1,0.09090909090909091,135.0,1.0,0.9090909090909091,False,low,128
district,16.0,Hortaleza,Hosteleria,Restauracion,Comida rapida,10,1,0.1,135.0,1.0,0.9,False,low,129
district,16.0,Hortaleza,Servicios,Servicios profesionales,Publicidad y marketing,19,5,0.2631578947368421,135.0,0.8947368421052632,0.8947368421052632,False,low,130
district,16.0,Hortaleza,Servicios,Servicios al consumidor,Locutorio,19,8,0.42105263157894735,135.0,0.9473684210526316,0.6842105263157895,False,low,131
district,16.0,Hortaleza,Retail especializado,Electronica y telecom,Electronica y telecom,6,3,0.5,121.0,1.0,0.6666666666666667,False,low,132
district,17.0,Villaverde,Servicios,Logistica y movilidad,Logistica y movilidad,125,7,0.056,135.0,1.0,1.0,False,low,1
district,17.0,Villaverde,Alimentacion,Supermercado y conveniencia,Tienda de alimentacion,106,11,0.10377358490566038,135.0,1.0,1.0,False,low,2
district,17.0,Villaverde,Automocion,Taller y reparacion,Taller mecanica,80,3,0.0375,135.0,1.0,1.0,False,low,3
district,17.0,Villaverde,Hosteleria,Bar y cafeteria,Bar restaurante,78,1,0.01282051282051282,135.0,1.0,1.0,False,low,4
district,17.0,Villaverde,Salud y bienestar,Salud retail,Farmacia,62,0,0.0,135.0,1.0,1.0,False,low,5
district,17.0,Villaverde,Retail especializado,Conveniencia,Bazar y precio unico,44,8,0.18181818181818182,135.0,1.0,1.0,False,low,6
district,17.0,Villaverde,Educacion,Formacion,Educacion y formacion,36,0,0.0,135.0,1.0,1.0,False,low,7
district,17.0,Villaverde,Automocion,Taller y reparacion,Taller automovil,36,1,0.027777777777777776,135.0,1.0,1.0,False,low,8
district,17.0,Villaverde,Salud y bienestar,Clinicas y consultas,Clinica dental,34,3,0.08823529411764706,135.0,1.0,1.0,False,low,9
district,17.0,Villaverde,Automocion,Venta y recambios,Recambios automovil,33,2,0.06060606060606061,135.0,1.0,1.0,False,low,10
district,17.0,Villaverde,Automocion,Taller y reparacion,Taller chapa y pintura,30,1,0.03333333333333333,135.0,1.0,1.0,False,low,11
district,17.0,Villaverde,Retail especializado,Moda y complementos,Calzado,29,8,0.27586206896551724,135.0,1.0,1.0,False,low,12
district,17.0,Villaverde,Alimentacion,Alimentacion fresca,Pescaderia,29,1,0.034482758620689655,135.0,1.0,1.0,False,low,13
district,17.0,Villaverde,Retail especializado,Hogar y decoracion,Textil hogar,29,6,0.20689655172413793,135.0,1.0,1.0,False,low,14
district,17.0,Villaverde,Alimentacion,Supermercado y conveniencia,Supermercado,28,4,0.14285714285714285,135.0,1.0,1.0,False,low,15
district,17.0,Villaverde,Retail especializado,Hogar y reformas,Ferreteria,27,4,0.14814814814814814,135.0,1.0,1.0,False,low,16
district,17.0,Villaverde,Servicios,Servicios profesionales,Arquitectura e ingenieria,26,4,0.15384615384615385,135.0,1.0,1.0,False,low,17
district,17.0,Villaverde,Retail especializado,Otros comercios,Otros comercios,26,5,0.19230769230769232,135.0,1.0,1.0,False,low,18
district,17.0,Villaverde,Educacion,Formacion,Autoescuela,24,1,0.041666666666666664,135.0,1.0,1.0,False,low,19
district,17.0,Villaverde,Hosteleria,Catering y colectividades,Comedor colectivo,24,0,0.0,97.5,1.0,1.0,False,low,20
district,17.0,Villaverde,Deporte y ocio,Ocio y entretenimiento,Ocio y entretenimiento,24,2,0.08333333333333333,135.0,1.0,1.0,False,low,21
district,17.0,Villaverde,Alimentacion,Alimentacion fresca,Charcuteria,23,0,0.0,135.0,1.0,1.0,False,low,22
district,17.0,Villaverde,Retail especializado,Conveniencia,Estanco,23,1,0.043478260869565216,135.0,1.0,1.0,False,low,23
district,17.0,Villaverde,Retail especializado,Hogar y decoracion,Muebles,22,3,0.13636363636363635,135.0,1.0,1.0,False,low,24
district,17.0,Villaverde,Alimentacion,Panaderia y pasteleria,Panaderia,22,0,0.0,135.0,1.0,1.0,False,low,25
district,17.0,Villaverde,Servicios,Servicios personales,Reparacion especializada,22,2,0.09090909090909091,135.0,1.0,1.0,False,low,26
district,17.0,Villaverde,Alimentacion,Alimentacion fresca,Aves y huevos,19,2,0.10526315789473684,135.0,1.0,1.0,False,low,27
district,17.0,Villaverde,Salud y bienestar,Clinicas y consultas,Fisioterapia,19,4,0.21052631578947367,135.0,1.0,1.0,False,low,28
district,17.0,Villaverde,Alimentacion,Alimentacion fresca,Carniceria,18,0,0.0,135.0,1.0,1.0,False,low,29
district,17.0,Villaverde,Salud y bienestar,Salud retail,Herbolario,18,3,0.16666666666666666,135.0,1.0,1.0,False,low,30
district,17.0,Villaverde,Belleza y cuidado personal,Cosmetica y perfumeria,Perfumeria y cosmetica,17,4,0.23529411764705882,135.0,1.0,1.0,False,low,31
district,17.0,Villaverde,Finanzas,Finanzas y seguros,Seguros,17,2,0.11764705882352941,135.0,1.0,1.0,False,low,32
district,17.0,Villaverde,Salud y bienestar,Salud retail,Salud retail,16,2,0.125,135.0,1.0,1.0,False,low,33
district,17.0,Villaverde,Retail especializado,Electronica y telecom,Electronica,15,2,0.13333333333333333,135.0,1.0,1.0,False,low,34
district,17.0,Villaverde,Alimentacion,Especialistas alimentacion,Frutos secos y encurtidos,15,2,0.13333333333333333,135.0,1.0,1.0,False,low,35
district,17.0,Villaverde,Salud y bienestar,Clinicas y consultas,Clinica medica,13,0,0.0,135.0,1.0,1.0,False,low,36
district,17.0,Villaverde,Salud y bienestar,Clinicas y consultas,Clinicas y consultas,13,5,0.38461538461538464,101.0,1.0,1.0,False,low,37
district,17.0,Villaverde,Deporte y ocio,Fitness y deporte,Gimnasio,13,1,0.07692307692307693,135.0,1.0,1.0,False,low,38
district,17.0,Villaverde,Salud y bienestar,Clinicas y consultas,Consulta medica,12,0,0.0,135.0,1.0,1.0,False,low,39
district,17.0,Villaverde,Retail especializado,Hogar y reformas,Puertas y ventanas,12,1,0.08333333333333333,135.0,1.0,1.0,False,low,40
district,17.0,Villaverde,Servicios,Servicios personales,Arreglo de ropa,11,0,0.0,135.0,1.0,1.0,False,low,41
district,17.0,Villaverde,Educacion,Educacion infantil,Escuela infantil,11,0,0.0,135.0,1.0,1.0,False,low,42
district,17.0,Villaverde,Retail especializado,Hogar y decoracion,Hogar y menaje,11,0,0.0,135.0,1.0,1.0,False,low,43
district,17.0,Villaverde,Alimentacion,Supermercado y conveniencia,Alimentacion envasada,10,1,0.1,135.0,1.0,1.0,False,low,44
district,17.0,Villaverde,Retail especializado,Electronica y telecom,Electronica y telecom,10,4,0.4,135.0,1.0,1.0,False,low,45
district,17.0,Villaverde,Retail especializado,Hogar y reformas,Saneamientos,10,2,0.2,135.0,1.0,1.0,False,low,46
district,17.0,Villaverde,Servicios,Servicios profesionales,Tecnologia y software,10,0,0.0,135.0,1.0,1.0,False,low,47
district,17.0,Villaverde,Alimentacion,Comida preparada,Comida preparada,9,1,0.1111111111111111,135.0,1.0,1.0,False,low,48
district,17.0,Villaverde,Retail especializado,Hogar y regalos,Floristeria,9,4,0.4444444444444444,135.0,1.0,1.0,False,low,49
district,17.0,Villaverde,Servicios,Servicios personales,Reparacion de calzado,9,2,0.2222222222222222,135.0,1.0,1.0,False,low,50
district,17.0,Villaverde,Retail especializado,Hogar y reformas,Bricolaje,8,2,0.25,135.0,1.0,1.0,False,low,51
district,17.0,Villaverde,Retail especializado,Hogar y decoracion,Colchoneria,8,3,0.375,135.0,1.0,1.0,False,low,52
district,17.0,Villaverde,Servicios,Servicios profesionales,Despacho juridico,8,1,0.125,135.0,1.0,1.0,False,low,53
district,17.0,Villaverde,Retail especializado,Hogar y reformas,Material electrico,8,0,0.0,135.0,1.0,1.0,False,low,54
district,17.0,Villaverde,Retail especializado,Electronica y telecom,Informatica,7,2,0.2857142857142857,135.0,1.0,1.0,False,low,55
district,17.0,Villaverde,Automocion,Venta y recambios,Venta de coches usados,7,0,0.0,135.0,1.0,1.0,False,low,56
district,17.0,Villaverde,Salud y bienestar,Clinicas y consultas,Veterinaria,7,0,0.0,135.0,1.0,1.0,False,low,57
district,17.0,Villaverde,Retail especializado,Conveniencia,Tienda multiproducto,6,0,0.0,135.0,1.0,1.0,False,low,58
district,17.0,Villaverde,Belleza y cuidado personal,Servicios personales,Belleza y cuidado personal,5,1,0.2,135.0,1.0,1.0,False,low,59
district,17.0,Villaverde,Alimentacion,Alimentacion fresca,Casqueria,5,0,0.0,135.0,1.0,1.0,False,low,60
district,17.0,Villaverde,Hosteleria,Restauracion,Comida rapida,5,0,0.0,135.0,1.0,1.0,False,low,61
district,17.0,Villaverde,Automocion,Servicios automocion,Gasolinera,5,0,0.0,135.0,1.0,1.0,False,low,62
district,17.0,Villaverde,Finanzas,Finanzas y seguros,Servicios auxiliares seguros,5,2,0.4,135.0,1.0,1.0,False,low,63
district,17.0,Villaverde,Alimentacion,Alimentacion fresca,Carniceria y charcuteria,4,0,0.0,135.0,1.0,1.0,False,low,64
district,17.0,Villaverde,Alimentacion,Especialistas alimentacion,Congelados,4,0,0.0,135.0,1.0,1.0,False,low,65
district,17.0,Villaverde,Alimentacion,Supermercado y conveniencia,Gran superficie alimentacion,4,0,0.0,135.0,1.0,1.0,False,low,66
district,17.0,Villaverde,Deporte y ocio,Fitness y deporte,Instalacion deportiva,4,0,0.0,135.0,1.0,1.0,False,low,67
district,17.0,Villaverde,Retail especializado,Cultura y ocio,Libreria,4,0,0.0,135.0,1.0,1.0,False,low,68
district,17.0,Villaverde,Retail especializado,Hogar y reformas,Materiales de construccion,4,0,0.0,135.0,1.0,1.0,False,low,69
district,17.0,Villaverde,Automocion,Venta y recambios,Motos y reparacion,4,0,0.0,135.0,1.0,1.0,False,low,70
district,17.0,Villaverde,Salud y bienestar,Clinicas y consultas,Podologia,4,0,0.0,135.0,1.0,1.0,False,low,71
district,17.0,Villaverde,Hosteleria,Bar y cafeteria,Churreria,3,0,0.0,135.0,1.0,1.0,False,low,72
district,17.0,Villaverde,Retail especializado,Cultura y ocio,Deporte,3,0,0.0,135.0,1.0,1.0,False,low,73
district,17.0,Villaverde,Automocion,Taller y reparacion,Accesorios automovil,2,0,0.0,135.0,1.0,1.0,False,low,74
district,17.0,Villaverde,Servicios,Servicios profesionales,Consultoria empresarial,2,0,0.0,135.0,1.0,1.0,False,low,75
district,17.0,Villaverde,Hosteleria,Ocio nocturno,Discoteca,2,0,0.0,135.0,1.0,1.0,False,low,76
district,17.0,Villaverde,Hosteleria,Catering y colectividades,Eventos y banquetes,2,0,0.0,135.0,1.0,1.0,False,low,77
district,17.0,Villaverde,Servicios,Servicios profesionales,Fotografia,2,1,0.5,92.5,1.0,1.0,False,low,78
district,17.0,Villaverde,Salud y bienestar,Clinicas y consultas,Optometria,2,0,0.0,135.0,1.0,1.0,False,low,79
district,17.0,Villaverde,Servicios,Servicios profesionales,Servicios digitales,2,1,0.5,123.5,1.0,1.0,False,low,80
district,17.0,Villaverde,Hosteleria,Bar y cafeteria,Taberna,2,0,0.0,135.0,1.0,1.0,False,low,81
district,17.0,Villaverde,Automocion,Venta y recambios,Venta de coches nuevos,2,1,0.5,91.0,1.0,1.0,False,low,82
district,17.0,Villaverde,Hosteleria,Bar y cafeteria,Bar especial con actuaciones,1,0,0.0,135.0,1.0,1.0,False,low,83
district,17.0,Villaverde,Retail especializado,Cultura y ocio,Bicicletas,1,0,0.0,135.0,1.0,1.0,False,low,84
district,17.0,Villaverde,Alimentacion,Especialistas alimentacion,Bodega,1,0,0.0,135.0,1.0,1.0,False,low,85
district,17.0,Villaverde,Finanzas,Finanzas y seguros,Cambio y envio de moneda,1,0,0.0,135.0,1.0,1.0,False,low,86
district,17.0,Villaverde,Deporte y ocio,Ocio y entretenimiento,Celebraciones infantiles,1,1,1.0,76.0,1.0,1.0,False,low,87
district,17.0,Villaverde,Educacion,Educacion infantil,Centro de cuidado infantil,1,0,0.0,135.0,1.0,1.0,False,low,88
district,17.0,Villaverde,Educacion,Formacion,Formacion no reglada,1,0,0.0,57.0,1.0,1.0,False,low,89
district,17.0,Villaverde,Hosteleria,Bar y cafeteria,Heladeria y salon de te,1,0,0.0,135.0,1.0,1.0,False,low,90
district,17.0,Villaverde,Hosteleria,Restauracion,Hosteleria especializada,1,0,0.0,135.0,1.0,1.0,False,low,91
district,17.0,Villaverde,Alojamiento,Alojamiento turistico,Hotel,1,0,0.0,135.0,1.0,1.0,False,low,92
district,17.0,Villaverde,Retail especializado,Hogar y decoracion,Iluminacion,1,0,0.0,135.0,1.0,1.0,False,low,93
district,17.0,Villaverde,Belleza y cuidado personal,Peluqueria y estetica,Instituto de belleza,1,0,0.0,135.0,1.0,1.0,False,low,94
district,17.0,Villaverde,Alimentacion,Especialistas alimentacion,Lacteos y bebidas,1,0,0.0,135.0,1.0,1.0,False,low,95
district,17.0,Villaverde,Retail especializado,Mascotas,Mascotas,1,0,0.0,131.0,1.0,1.0,False,low,96
district,17.0,Villaverde,Retail especializado,Hogar y decoracion,Menaje del hogar,1,0,0.0,135.0,1.0,1.0,False,low,97
district,17.0,Villaverde,Belleza y cuidado personal,Servicios personales,Tattoo y piercing,1,0,0.0,135.0,1.0,1.0,False,low,98
district,17.0,Villaverde,Hosteleria,Bar y cafeteria,Bar con cocina,207,7,0.033816425120772944,135.0,0.9951690821256038,0.9951690821256038,False,low,99
district,17.0,Villaverde,Belleza y cuidado personal,Peluqueria y estetica,Peluqueria,159,9,0.05660377358490566,135.0,1.0,0.9937106918238994,False,low,100
district,17.0,Villaverde,Alimentacion,Alimentacion fresca,Fruteria,72,11,0.1527777777777778,135.0,0.9861111111111112,0.9861111111111112,False,low,101
district,17.0,Villaverde,Retail especializado,Moda y complementos,Moda,74,19,0.25675675675675674,135.0,1.0,0.9729729729729729,False,low,102
district,17.0,Villaverde,Hosteleria,Bar y cafeteria,Cafeteria,35,4,0.11428571428571428,135.0,0.9714285714285714,0.9714285714285714,False,low,103
district,17.0,Villaverde,Servicios,Servicios profesionales,Asesoria y contabilidad,31,4,0.12903225806451613,135.0,1.0,0.967741935483871,False,low,104
district,17.0,Villaverde,Retail especializado,Cultura y ocio,Papeleria y prensa,29,6,0.20689655172413793,135.0,1.0,0.9655172413793104,False,low,105
district,17.0,Villaverde,Servicios,Servicios profesionales,Oficina y administracion,22,5,0.22727272727272727,129.0,1.0,0.9545454545454546,False,low,106
district,17.0,Villaverde,Hosteleria,Bar y cafeteria,Bar sin cocina,43,8,0.18604651162790697,135.0,1.0,0.9534883720930232,False,low,107
district,17.0,Villaverde,Salud y bienestar,Salud retail,Optica,21,4,0.19047619047619047,135.0,1.0,0.9523809523809523,False,low,108
district,17.0,Villaverde,Servicios,Servicios profesionales,Inmobiliaria,20,3,0.15,135.0,0.95,0.95,False,low,109
district,17.0,Villaverde,Belleza y cuidado personal,Peluqueria y estetica,Centro de estetica,14,3,0.21428571428571427,135.0,0.9285714285714286,0.9285714285714286,False,low,110
district,17.0,Villaverde,Hosteleria,Bar y cafeteria,Bar especial,27,9,0.3333333333333333,135.0,0.962962962962963,0.925925925925926,False,low,111
district,17.0,Villaverde,Finanzas,Finanzas y seguros,Banco y caja,64,26,0.40625,135.0,0.9375,0.921875,False,low,112
district,17.0,Villaverde,Retail especializado,Moda y complementos,Joyeria y relojeria,23,5,0.21739130434782608,135.0,0.9565217391304348,0.9130434782608696,False,low,113
district,17.0,Villaverde,Servicios,Servicios profesionales,Publicidad y marketing,11,2,0.18181818181818182,135.0,1.0,0.9090909090909091,False,low,114
district,17.0,Villaverde,Retail especializado,Electronica y telecom,Electrodomesticos,10,4,0.4,135.0,0.9,0.9,False,low,115
district,17.0,Villaverde,Hosteleria,Restauracion,Restaurante,18,2,0.1111111111111111,135.0,0.8888888888888888,0.8888888888888888,False,low,116
district,17.0,Villaverde,Servicios,Servicios al consumidor,Locutorio,79,29,0.3670886075949367,135.0,0.9367088607594937,0.8860759493670888,False,low,117
district,17.0,Villaverde,Servicios,Servicios profesionales,Telecomunicaciones,8,1,0.125,135.0,1.0,0.875,False,low,118
district,17.0,Villaverde,Servicios,Servicios personales,Lavanderia y tintoreria,15,2,0.13333333333333333,135.0,0.8666666666666667,0.8666666666666667,False,low,119
district,17.0,Villaverde,Retail especializado,Electronica y telecom,Telefonia,14,4,0.2857142857142857,135.0,0.9285714285714286,0.8571428571428572,False,low,120
district,17.0,Villaverde,Retail especializado,Cultura y ocio,Jugueteria,6,1,0.16666666666666666,135.0,1.0,0.8333333333333334,False,low,121
district,17.0,Villaverde,Retail especializado,Hogar y decoracion,Muebles de cocina,6,2,0.3333333333333333,135.0,1.0,0.8333333333333334,False,low,122
district,17.0,Villaverde,Deporte y ocio,Ocio y entretenimiento,Salon recreativo,6,3,0.5,110.5,1.0,0.8333333333333334,False,low,123
district,17.0,Villaverde,Hosteleria,Ocio nocturno,Cafe espectaculo,6,3,0.5,86.5,0.8333333333333334,0.8333333333333334,False,low,124
district,17.0,Villaverde,Servicios,Servicios profesionales,Servicios profesionales,11,4,0.36363636363636365,135.0,0.8181818181818181,0.8181818181818181,False,low,125
district,17.0,Villaverde,Deporte y ocio,Fitness y deporte,Club deportivo,4,1,0.25,135.0,0.75,0.75,False,low,126
district,17.0,Villaverde,Alimentacion,Panaderia y pasteleria,Pasteleria y reposteria,1,1,1.0,14.0,1.0,0.0,False,low,127
district,18.0,Villa de Vallecas,Hosteleria,Bar y cafeteria,Bar restaurante,72,2,0.027777777777777776,135.0,1.0,1.0,False,low,1
district,18.0,Villa de Vallecas,Belleza y cuidado personal,Peluqueria y estetica,Peluqueria,72,7,0.09722222222222222,135.0,1.0,1.0,False,low,2
district,18.0,Villa de Vallecas,Salud y bienestar,Salud retail,Farmacia,36,0,0.0,135.0,1.0,1.0,False,low,3
district,18.0,Villa de Vallecas,Hosteleria,Restauracion,Restaurante,31,2,0.06451612903225806,135.0,1.0,1.0,False,low,4
district,18.0,Villa de Vallecas,Automocion,Taller y reparacion,Taller mecanica,31,1,0.03225806451612903,135.0,1.0,1.0,False,low,5
district,18.0,Villa de Vallecas,Hosteleria,Bar y cafeteria,Bar sin cocina,26,2,0.07692307692307693,135.0,1.0,1.0,False,low,6
district,18.0,Villa de Vallecas,Salud y bienestar,Clinicas y consultas,Clinica dental,24,2,0.08333333333333333,135.0,1.0,1.0,False,low,7
district,18.0,Villa de Vallecas,Retail especializado,Moda y complementos,Calzado,22,3,0.13636363636363635,135.0,1.0,1.0,False,low,8
district,18.0,Villa de Vallecas,Servicios,Servicios profesionales,Asesoria y contabilidad,21,4,0.19047619047619047,135.0,1.0,1.0,False,low,9
district,18.0,Villa de Vallecas,Salud y bienestar,Clinicas y consultas,Fisioterapia,20,1,0.05,135.0,1.0,1.0,False,low,10
district,18.0,Villa de Vallecas,Retail especializado,Conveniencia,Bazar y precio unico,19,2,0.10526315789473684,135.0,1.0,1.0,False,low,11
district,18.0,Villa de Vallecas,Educacion,Formacion,Educacion y formacion,19,0,0.0,131.0,1.0,1.0,False,low,12
district,18.0,Villa de Vallecas,Belleza y cuidado personal,Peluqueria y estetica,Centro de estetica,18,8,0.4444444444444444,132.5,1.0,1.0,False,low,13
district,18.0,Villa de Vallecas,Educacion,Educacion infantil,Escuela infantil,18,0,0.0,135.0,1.0,1.0,False,low,14
district,18.0,Villa de Vallecas,Educacion,Formacion,Autoescuela,17,1,0.058823529411764705,135.0,1.0,1.0,False,low,15
district,18.0,Villa de Vallecas,Retail especializado,Hogar y decoracion,Muebles,17,2,0.11764705882352941,135.0,1.0,1.0,False,low,16
district,18.0,Villa de Vallecas,Belleza y cuidado personal,Cosmetica y perfumeria,Perfumeria y cosmetica,17,2,0.11764705882352941,135.0,1.0,1.0,False,low,17
district,18.0,Villa de Vallecas,Alimentacion,Alimentacion fresca,Pescaderia,15,1,0.06666666666666667,135.0,1.0,1.0,False,low,18
district,18.0,Villa de Vallecas,Retail especializado,Hogar y reformas,Ferreteria,14,3,0.21428571428571427,133.0,1.0,1.0,False,low,19
district,18.0,Villa de Vallecas,Alimentacion,Alimentacion fresca,Charcuteria,13,0,0.0,135.0,1.0,1.0,False,low,20
district,18.0,Villa de Vallecas,Alimentacion,Alimentacion fresca,Aves y huevos,12,0,0.0,135.0,1.0,1.0,False,low,21
district,18.0,Villa de Vallecas,Alimentacion,Alimentacion fresca,Carniceria,12,1,0.08333333333333333,135.0,1.0,1.0,False,low,22
district,18.0,Villa de Vallecas,Salud y bienestar,Salud retail,Optica,12,2,0.16666666666666666,135.0,1.0,1.0,False,low,23
district,18.0,Villa de Vallecas,Servicios,Servicios profesionales,Servicios profesionales,12,2,0.16666666666666666,133.0,1.0,1.0,False,low,24
district,18.0,Villa de Vallecas,Automocion,Taller y reparacion,Taller chapa y pintura,12,2,0.16666666666666666,135.0,1.0,1.0,False,low,25
district,18.0,Villa de Vallecas,Servicios,Servicios personales,Lavanderia y tintoreria,11,1,0.09090909090909091,135.0,1.0,1.0,False,low,26
district,18.0,Villa de Vallecas,Automocion,Taller y reparacion,Taller automovil,11,0,0.0,135.0,1.0,1.0,False,low,27
district,18.0,Villa de Vallecas,Automocion,Venta y recambios,Venta de coches nuevos,11,1,0.09090909090909091,131.0,1.0,1.0,False,low,28
district,18.0,Villa de Vallecas,Salud y bienestar,Clinicas y consultas,Veterinaria,11,0,0.0,135.0,1.0,1.0,False,low,29
district,18.0,Villa de Vallecas,Automocion,Servicios automocion,Gasolinera,10,0,0.0,72.5,1.0,1.0,False,low,30
district,18.0,Villa de Vallecas,Automocion,Venta y recambios,Recambios automovil,10,0,0.0,135.0,1.0,1.0,False,low,31
district,18.0,Villa de Vallecas,Hosteleria,Catering y colectividades,Comedor colectivo,9,0,0.0,123.0,1.0,1.0,False,low,32
district,18.0,Villa de Vallecas,Retail especializado,Cultura y ocio,Jugueteria,9,0,0.0,135.0,1.0,1.0,False,low,33
district,18.0,Villa de Vallecas,Retail especializado,Cultura y ocio,Papeleria y prensa,9,3,0.3333333333333333,135.0,1.0,1.0,False,low,34
district,18.0,Villa de Vallecas,Servicios,Servicios personales,Reparacion especializada,9,0,0.0,135.0,1.0,1.0,False,low,35
district,18.0,Villa de Vallecas,Retail especializado,Electronica y telecom,Telefonia,9,1,0.1111111111111111,135.0,1.0,1.0,False,low,36
district,18.0,Villa de Vallecas,Servicios,Servicios personales,Arreglo de ropa,8,0,0.0,135.0,1.0,1.0,False,low,37
district,18.0,Villa de Vallecas,Salud y bienestar,Clinicas y consultas,Clinica medica,8,0,0.0,135.0,1.0,1.0,False,low,38
district,18.0,Villa de Vallecas,Retail especializado,Hogar y regalos,Floristeria,8,1,0.125,135.0,1.0,1.0,False,low,39
district,18.0,Villa de Vallecas,Retail especializado,Hogar y decoracion,Menaje del hogar,8,0,0.0,135.0,1.0,1.0,False,low,40
district,18.0,Villa de Vallecas,Retail especializado,Hogar y decoracion,Muebles de cocina,8,1,0.125,135.0,1.0,1.0,False,low,41
district,18.0,Villa de Vallecas,Alimentacion,Supermercado y conveniencia,Alimentacion envasada,7,3,0.42857142857142855,117.0,1.0,1.0,False,low,42
district,18.0,Villa de Vallecas,Retail especializado,Electronica y telecom,Informatica,7,2,0.2857142857142857,135.0,1.0,1.0,False,low,43
district,18.0,Villa de Vallecas,Retail especializado,Hogar y reformas,Materiales de construccion,7,2,0.2857142857142857,135.0,1.0,1.0,False,low,44
district,18.0,Villa de Vallecas,Servicios,Servicios profesionales,Publicidad y marketing,7,0,0.0,135.0,1.0,1.0,False,low,45
district,18.0,Villa de Vallecas,Servicios,Servicios personales,Reparacion de calzado,7,0,0.0,135.0,1.0,1.0,False,low,46
district,18.0,Villa de Vallecas,Salud y bienestar,Salud retail,Salud retail,7,1,0.14285714285714285,135.0,1.0,1.0,False,low,47
district,18.0,Villa de Vallecas,Retail especializado,Hogar y reformas,Saneamientos,7,1,0.14285714285714285,135.0,1.0,1.0,False,low,48
district,18.0,Villa de Vallecas,Retail especializado,Electronica y telecom,Electronica,6,1,0.16666666666666666,135.0,1.0,1.0,False,low,49
district,18.0,Villa de Vallecas,Educacion,Formacion,Formacion no reglada,6,0,0.0,57.0,1.0,1.0,False,low,50
district,18.0,Villa de Vallecas,Retail especializado,Hogar y decoracion,Colchoneria,5,0,0.0,135.0,1.0,1.0,False,low,51
district,18.0,Villa de Vallecas,Hosteleria,Restauracion,Comida rapida,5,0,0.0,122.0,1.0,1.0,False,low,52
district,18.0,Villa de Vallecas,Retail especializado,Cultura y ocio,Deporte,5,0,0.0,135.0,1.0,1.0,False,low,53
district,18.0,Villa de Vallecas,Retail especializado,Electronica y telecom,Electrodomesticos,5,0,0.0,135.0,1.0,1.0,False,low,54
district,18.0,Villa de Vallecas,Retail especializado,Conveniencia,Estanco,5,0,0.0,135.0,1.0,1.0,False,low,55
district,18.0,Villa de Vallecas,Retail especializado,Conveniencia,Tienda multiproducto,5,1,0.2,135.0,1.0,1.0,False,low,56
district,18.0,Villa de Vallecas,Alojamiento,Alojamiento turistico,Alojamiento turistico,4,1,0.25,135.0,1.0,1.0,False,low,57
district,18.0,Villa de Vallecas,Servicios,Servicios profesionales,Arquitectura e ingenieria,4,0,0.0,135.0,1.0,1.0,False,low,58
district,18.0,Villa de Vallecas,Belleza y cuidado personal,Servicios personales,Belleza y cuidado personal,4,1,0.25,135.0,1.0,1.0,False,low,59
district,18.0,Villa de Vallecas,Alimentacion,Alimentacion fresca,Carniceria y charcuteria,4,0,0.0,135.0,1.0,1.0,False,low,60
district,18.0,Villa de Vallecas,Salud y bienestar,Clinicas y consultas,Consulta medica,4,1,0.25,135.0,1.0,1.0,False,low,61
district,18.0,Villa de Vallecas,Alojamiento,Alojamiento turistico,Hotel,4,0,0.0,135.0,1.0,1.0,False,low,62
district,18.0,Villa de Vallecas,Retail especializado,Cultura y ocio,Libreria,4,0,0.0,135.0,1.0,1.0,False,low,63
district,18.0,Villa de Vallecas,Retail especializado,Hogar y reformas,Bricolaje,3,1,0.3333333333333333,135.0,1.0,1.0,False,low,64
district,18.0,Villa de Vallecas,Deporte y ocio,Fitness y deporte,Club deportivo,3,0,0.0,135.0,1.0,1.0,False,low,65
district,18.0,Villa de Vallecas,Alimentacion,Especialistas alimentacion,Congelados,3,0,0.0,135.0,1.0,1.0,False,low,66
district,18.0,Villa de Vallecas,Retail especializado,Hogar y decoracion,Hogar y menaje,3,0,0.0,135.0,1.0,1.0,False,low,67
district,18.0,Villa de Vallecas,Deporte y ocio,Fitness y deporte,Instalacion deportiva,3,0,0.0,135.0,1.0,1.0,False,low,68
district,18.0,Villa de Vallecas,Retail especializado,Hogar y reformas,Puertas y ventanas,3,0,0.0,135.0,1.0,1.0,False,low,69
district,18.0,Villa de Vallecas,Servicios,Servicios profesionales,Tecnologia y software,3,1,0.3333333333333333,135.0,1.0,1.0,False,low,70
district,18.0,Villa de Vallecas,Alimentacion,Especialistas alimentacion,Cafe e infusiones,2,0,0.0,134.0,1.0,1.0,False,low,71
district,18.0,Villa de Vallecas,Hosteleria,Ocio nocturno,Discoteca,2,1,0.5,40.0,1.0,1.0,False,low,72
district,18.0,Villa de Vallecas,Belleza y cuidado personal,Peluqueria y estetica,Instituto de belleza,2,0,0.0,135.0,1.0,1.0,False,low,73
district,18.0,Villa de Vallecas,Salud y bienestar,Clinicas y consultas,Parasanitario,2,1,0.5,103.5,1.0,1.0,False,low,74
district,18.0,Villa de Vallecas,Salud y bienestar,Clinicas y consultas,Podologia,2,0,0.0,135.0,1.0,1.0,False,low,75
district,18.0,Villa de Vallecas,Finanzas,Finanzas y seguros,Servicios auxiliares seguros,2,0,0.0,135.0,1.0,1.0,False,low,76
district,18.0,Villa de Vallecas,Servicios,Servicios profesionales,Telecomunicaciones,2,0,0.0,135.0,1.0,1.0,False,low,77
district,18.0,Villa de Vallecas,Automocion,Taller y reparacion,Accesorios automovil,1,0,0.0,135.0,1.0,1.0,False,low,78
district,18.0,Villa de Vallecas,Retail especializado,Cultura y ocio,Bicicletas,1,0,0.0,135.0,1.0,1.0,False,low,79
district,18.0,Villa de Vallecas,Hosteleria,Bar y cafeteria,Bodega con consumo,1,0,0.0,135.0,1.0,1.0,False,low,80
district,18.0,Villa de Vallecas,Alimentacion,Alimentacion fresca,Casqueria,1,0,0.0,135.0,1.0,1.0,False,low,81
district,18.0,Villa de Vallecas,Educacion,Educacion infantil,Centro de cuidado infantil,1,0,0.0,135.0,1.0,1.0,False,low,82
district,18.0,Villa de Vallecas,Hosteleria,Bar y cafeteria,Churreria,1,0,0.0,135.0,1.0,1.0,False,low,83
district,18.0,Villa de Vallecas,Hosteleria,Catering y colectividades,Eventos y banquetes,1,1,1.0,72.0,1.0,1.0,False,low,84
district,18.0,Villa de Vallecas,Servicios,Servicios profesionales,Fotografia,1,0,0.0,135.0,1.0,1.0,False,low,85
district,18.0,Villa de Vallecas,Hosteleria,Bar y cafeteria,Heladeria y salon de te,1,1,1.0,77.0,1.0,1.0,False,low,86
district,18.0,Villa de Vallecas,Alojamiento,Alojamiento turistico,Hostal,1,0,0.0,135.0,1.0,1.0,False,low,87
district,18.0,Villa de Vallecas,Hosteleria,Restauracion,Hosteleria especializada,1,0,0.0,74.0,1.0,1.0,False,low,88
district,18.0,Villa de Vallecas,Alimentacion,Especialistas alimentacion,Lacteos y bebidas,1,0,0.0,87.0,1.0,1.0,False,low,89
district,18.0,Villa de Vallecas,Retail especializado,Moda y complementos,Moda y complementos,1,1,1.0,84.0,1.0,1.0,False,low,90
district,18.0,Villa de Vallecas,Automocion,Venta y recambios,Motos y reparacion,1,0,0.0,87.0,1.0,1.0,False,low,91
district,18.0,Villa de Vallecas,Salud y bienestar,Clinicas y consultas,Optometria,1,0,0.0,135.0,1.0,1.0,False,low,92
district,18.0,Villa de Vallecas,Belleza y cuidado personal,Servicios personales,Tattoo y piercing,1,0,0.0,135.0,1.0,1.0,False,low,93
district,18.0,Villa de Vallecas,Automocion,Venta y recambios,Venta de coches usados,1,0,0.0,135.0,1.0,1.0,False,low,94
district,18.0,Villa de Vallecas,Hosteleria,Bar y cafeteria,Bar con cocina,86,7,0.08139534883720931,135.0,1.0,0.9767441860465117,False,low,95
district,18.0,Villa de Vallecas,Alimentacion,Supermercado y conveniencia,Tienda de alimentacion,37,3,0.08108108108108109,135.0,1.0,0.972972972972973,False,low,96
district,18.0,Villa de Vallecas,Alimentacion,Alimentacion fresca,Fruteria,34,4,0.11764705882352941,135.0,1.0,0.9705882352941176,False,low,97
district,18.0,Villa de Vallecas,Alimentacion,Supermercado y conveniencia,Supermercado,33,7,0.21212121212121213,135.0,0.9696969696969697,0.9696969696969697,False,low,98
district,18.0,Villa de Vallecas,Retail especializado,Moda y complementos,Moda,96,13,0.13541666666666666,135.0,0.9791666666666666,0.96875,True,medium,99
district,18.0,Villa de Vallecas,Retail especializado,Moda y complementos,Joyeria y relojeria,23,1,0.043478260869565216,135.0,1.0,0.9565217391304348,False,low,100
district,18.0,Villa de Vallecas,Hosteleria,Bar y cafeteria,Cafeteria,46,4,0.08695652173913043,135.0,0.9565217391304348,0.9565217391304348,False,low,101
district,18.0,Villa de Vallecas,Alimentacion,Panaderia y pasteleria,Panaderia,21,2,0.09523809523809523,135.0,1.0,0.9523809523809523,False,low,102
district,18.0,Villa de Vallecas,Retail especializado,Otros comercios,Otros comercios,18,5,0.2777777777777778,135.0,1.0,0.9444444444444444,False,low,103
district,18.0,Villa de Vallecas,Servicios,Logistica y movilidad,Logistica y movilidad,63,7,0.1111111111111111,135.0,0.9523809523809523,0.9365079365079364,False,low,104
district,18.0,Villa de Vallecas,Retail especializado,Hogar y decoracion,Textil hogar,15,4,0.26666666666666666,135.0,1.0,0.9333333333333333,False,low,105
district,18.0,Villa de Vallecas,Deporte y ocio,Fitness y deporte,Gimnasio,15,3,0.2,135.0,0.9333333333333333,0.9333333333333333,False,low,106
district,18.0,Villa de Vallecas,Deporte y ocio,Ocio y entretenimiento,Ocio y entretenimiento,14,1,0.07142857142857142,135.0,1.0,0.9285714285714286,False,low,107
district,18.0,Villa de Vallecas,Finanzas,Finanzas y seguros,Banco y caja,67,15,0.22388059701492538,131.0,0.955223880597015,0.9253731343283583,False,low,108
district,18.0,Villa de Vallecas,Servicios,Servicios profesionales,Oficina y administracion,13,4,0.3076923076923077,135.0,1.0,0.9230769230769231,False,low,109
district,18.0,Villa de Vallecas,Hosteleria,Bar y cafeteria,Bar especial,12,2,0.16666666666666666,135.0,1.0,0.9166666666666666,False,low,110
district,18.0,Villa de Vallecas,Finanzas,Finanzas y seguros,Seguros,12,6,0.5,106.0,1.0,0.9166666666666666,False,low,111
district,18.0,Villa de Vallecas,Salud y bienestar,Salud retail,Herbolario,11,4,0.36363636363636365,135.0,1.0,0.9090909090909091,False,low,112
district,18.0,Villa de Vallecas,Salud y bienestar,Clinicas y consultas,Clinicas y consultas,11,2,0.18181818181818182,135.0,0.9090909090909091,0.9090909090909091,False,low,113
district,18.0,Villa de Vallecas,Servicios,Servicios profesionales,Inmobiliaria,21,5,0.23809523809523808,135.0,0.9523809523809523,0.9047619047619047,False,low,114
district,18.0,Villa de Vallecas,Alimentacion,Comida preparada,Comida preparada,8,2,0.25,134.0,0.875,0.875,False,low,115
district,18.0,Villa de Vallecas,Alimentacion,Especialistas alimentacion,Frutos secos y encurtidos,13,3,0.23076923076923078,135.0,0.9230769230769231,0.8461538461538461,False,low,116
district,18.0,Villa de Vallecas,Retail especializado,Hogar y reformas,Material electrico,6,1,0.16666666666666666,135.0,1.0,0.8333333333333334,False,low,117
district,18.0,Villa de Vallecas,Servicios,Servicios al consumidor,Locutorio,18,9,0.5,132.5,0.9444444444444444,0.8333333333333333,False,low,118
district,18.0,Villa de Vallecas,Deporte y ocio,Ocio y entretenimiento,Celebraciones infantiles,5,2,0.4,72.0,1.0,0.8,False,low,119
district,18.0,Villa de Vallecas,Retail especializado,Electronica y telecom,Electronica y telecom,8,2,0.25,135.0,0.875,0.75,False,low,120
district,18.0,Villa de Vallecas,Alimentacion,Especialistas alimentacion,Golosinas,2,2,1.0,41.5,1.0,0.5,False,low,121
district,18.0,Villa de Vallecas,Finanzas,Finanzas y seguros,Finanzas y seguros,2,1,0.5,66.0,0.5,0.5,False,low,122
district,18.0,Villa de Vallecas,Hosteleria,Bar y cafeteria,Heladeria,2,1,0.5,44.5,0.5,0.5,False,low,123
district,18.0,Villa de Vallecas,Hosteleria,Bar y cafeteria,Taberna,2,1,0.5,72.0,0.5,0.5,False,low,124
district,18.0,Villa de Vallecas,Alimentacion,Supermercado y conveniencia,Gran superficie alimentacion,1,1,1.0,1.0,0.0,0.0,False,low,125
district,19.0,Vicálvaro,Belleza y cuidado personal,Peluqueria y estetica,Peluqueria,54,7,0.12962962962962962,135.0,1.0,1.0,False,low,1
district,19.0,Vicálvaro,Hosteleria,Bar y cafeteria,Bar restaurante,38,3,0.07894736842105263,135.0,1.0,1.0,False,low,2
district,19.0,Vicálvaro,Salud y bienestar,Salud retail,Farmacia,25,0,0.0,135.0,1.0,1.0,False,low,3
district,19.0,Vicálvaro,Retail especializado,Otros comercios,Otros comercios,20,6,0.3,135.0,1.0,1.0,False,low,4
district,19.0,Vicálvaro,Hosteleria,Bar y cafeteria,Cafeteria,18,2,0.1111111111111111,135.0,1.0,1.0,False,low,5
district,19.0,Vicálvaro,Servicios,Servicios profesionales,Inmobiliaria,17,3,0.17647058823529413,135.0,1.0,1.0,False,low,6
district,19.0,Vicálvaro,Alimentacion,Alimentacion fresca,Fruteria,16,3,0.1875,135.0,1.0,1.0,False,low,7
district,19.0,Vicálvaro,Salud y bienestar,Clinicas y consultas,Clinica dental,15,0,0.0,135.0,1.0,1.0,False,low,8
district,19.0,Vicálvaro,Educacion,Formacion,Educacion y formacion,15,0,0.0,135.0,1.0,1.0,False,low,9
district,19.0,Vicálvaro,Retail especializado,Conveniencia,Bazar y precio unico,13,4,0.3076923076923077,135.0,1.0,1.0,False,low,10
district,19.0,Vicálvaro,Automocion,Taller y reparacion,Taller mecanica,13,0,0.0,135.0,1.0,1.0,False,low,11
district,19.0,Vicálvaro,Educacion,Educacion infantil,Escuela infantil,12,1,0.08333333333333333,135.0,1.0,1.0,False,low,12
district,19.0,Vicálvaro,Servicios,Servicios al consumidor,Locutorio,12,4,0.3333333333333333,135.0,1.0,1.0,False,low,13
district,19.0,Vicálvaro,Educacion,Formacion,Autoescuela,10,0,0.0,135.0,1.0,1.0,False,low,14
district,19.0,Vicálvaro,Alimentacion,Alimentacion fresca,Carniceria y charcuteria,10,0,0.0,135.0,1.0,1.0,False,low,15
district,19.0,Vicálvaro,Deporte y ocio,Ocio y entretenimiento,Ocio y entretenimiento,10,1,0.1,135.0,1.0,1.0,False,low,16
district,19.0,Vicálvaro,Retail especializado,Cultura y ocio,Papeleria y prensa,10,2,0.2,135.0,1.0,1.0,False,low,17
district,19.0,Vicálvaro,Retail especializado,Hogar y decoracion,Textil hogar,10,1,0.1,135.0,1.0,1.0,False,low,18
district,19.0,Vicálvaro,Servicios,Servicios personales,Arreglo de ropa,9,0,0.0,135.0,1.0,1.0,False,low,19
district,19.0,Vicálvaro,Salud y bienestar,Salud retail,Herbolario,9,3,0.3333333333333333,135.0,1.0,1.0,False,low,20
district,19.0,Vicálvaro,Retail especializado,Hogar y decoracion,Muebles,9,1,0.1111111111111111,135.0,1.0,1.0,False,low,21
district,19.0,Vicálvaro,Alimentacion,Supermercado y conveniencia,Alimentacion envasada,8,2,0.25,135.0,1.0,1.0,False,low,22
district,19.0,Vicálvaro,Alimentacion,Alimentacion fresca,Aves y huevos,8,1,0.125,135.0,1.0,1.0,False,low,23
district,19.0,Vicálvaro,Retail especializado,Moda y complementos,Joyeria y relojeria,8,0,0.0,135.0,1.0,1.0,False,low,24
district,19.0,Vicálvaro,Salud y bienestar,Salud retail,Optica,8,0,0.0,135.0,1.0,1.0,False,low,25
district,19.0,Vicálvaro,Alimentacion,Alimentacion fresca,Pescaderia,8,0,0.0,135.0,1.0,1.0,False,low,26
district,19.0,Vicálvaro,Hosteleria,Restauracion,Restaurante,8,0,0.0,135.0,1.0,1.0,False,low,27
district,19.0,Vicálvaro,Servicios,Servicios personales,Reparacion especializada,7,1,0.14285714285714285,135.0,1.0,1.0,False,low,28
district,19.0,Vicálvaro,Retail especializado,Moda y complementos,Calzado,6,1,0.16666666666666666,135.0,1.0,1.0,False,low,29
district,19.0,Vicálvaro,Salud y bienestar,Clinicas y consultas,Clinica medica,6,0,0.0,135.0,1.0,1.0,False,low,30
district,19.0,Vicálvaro,Deporte y ocio,Fitness y deporte,Gimnasio,6,2,0.3333333333333333,135.0,1.0,1.0,False,low,31
district,19.0,Vicálvaro,Retail especializado,Hogar y decoracion,Hogar y menaje,6,0,0.0,135.0,1.0,1.0,False,low,32
district,19.0,Vicálvaro,Salud y bienestar,Clinicas y consultas,Veterinaria,6,1,0.16666666666666666,135.0,1.0,1.0,False,low,33
district,19.0,Vicálvaro,Alimentacion,Alimentacion fresca,Carniceria,5,0,0.0,135.0,1.0,1.0,False,low,34
district,19.0,Vicálvaro,Deporte y ocio,Ocio y entretenimiento,Celebraciones infantiles,5,2,0.4,135.0,1.0,1.0,False,low,35
district,19.0,Vicálvaro,Salud y bienestar,Clinicas y consultas,Clinicas y consultas,5,1,0.2,135.0,1.0,1.0,False,low,36
district,19.0,Vicálvaro,Alimentacion,Comida preparada,Comida preparada,5,0,0.0,135.0,1.0,1.0,False,low,37
district,19.0,Vicálvaro,Retail especializado,Electronica y telecom,Electrodomesticos,5,0,0.0,135.0,1.0,1.0,False,low,38
district,19.0,Vicálvaro,Retail especializado,Electronica y telecom,Electronica y telecom,5,1,0.2,135.0,1.0,1.0,False,low,39
district,19.0,Vicálvaro,Retail especializado,Conveniencia,Estanco,5,0,0.0,135.0,1.0,1.0,False,low,40
district,19.0,Vicálvaro,Automocion,Servicios automocion,Gasolinera,5,0,0.0,135.0,1.0,1.0,False,low,41
district,19.0,Vicálvaro,Belleza y cuidado personal,Peluqueria y estetica,Centro de estetica,4,1,0.25,135.0,1.0,1.0,False,low,42
district,19.0,Vicálvaro,Hosteleria,Restauracion,Comida rapida,4,0,0.0,135.0,1.0,1.0,False,low,43
district,19.0,Vicálvaro,Salud y bienestar,Clinicas y consultas,Consulta medica,4,0,0.0,135.0,1.0,1.0,False,low,44
district,19.0,Vicálvaro,Retail especializado,Hogar y regalos,Floristeria,4,0,0.0,135.0,1.0,1.0,False,low,45
district,19.0,Vicálvaro,Alimentacion,Especialistas alimentacion,Frutos secos y encurtidos,4,0,0.0,135.0,1.0,1.0,False,low,46
district,19.0,Vicálvaro,Retail especializado,Electronica y telecom,Informatica,4,2,0.5,93.5,1.0,1.0,False,low,47
district,19.0,Vicálvaro,Servicios,Servicios personales,Lavanderia y tintoreria,4,0,0.0,135.0,1.0,1.0,False,low,48
district,19.0,Vicálvaro,Alimentacion,Panaderia y pasteleria,Panaderia,4,1,0.25,135.0,1.0,1.0,False,low,49
district,19.0,Vicálvaro,Belleza y cuidado personal,Cosmetica y perfumeria,Perfumeria y cosmetica,4,1,0.25,135.0,1.0,1.0,False,low,50
district,19.0,Vicálvaro,Servicios,Servicios personales,Reparacion de calzado,4,0,0.0,135.0,1.0,1.0,False,low,51
district,19.0,Vicálvaro,Finanzas,Finanzas y seguros,Seguros,4,0,0.0,135.0,1.0,1.0,False,low,52
district,19.0,Vicálvaro,Automocion,Taller y reparacion,Taller automovil,4,0,0.0,135.0,1.0,1.0,False,low,53
district,19.0,Vicálvaro,Automocion,Taller y reparacion,Taller chapa y pintura,4,0,0.0,135.0,1.0,1.0,False,low,54
district,19.0,Vicálvaro,Servicios,Servicios profesionales,Telecomunicaciones,4,0,0.0,135.0,1.0,1.0,False,low,55
district,19.0,Vicálvaro,Retail especializado,Hogar y decoracion,Colchoneria,3,1,0.3333333333333333,135.0,1.0,1.0,False,low,56
district,19.0,Vicálvaro,Hosteleria,Catering y colectividades,Comedor colectivo,3,1,0.3333333333333333,92.0,1.0,1.0,False,low,57
district,19.0,Vicálvaro,Retail especializado,Hogar y decoracion,Muebles de cocina,3,0,0.0,135.0,1.0,1.0,False,low,58
district,19.0,Vicálvaro,Automocion,Venta y recambios,Recambios automovil,3,0,0.0,135.0,1.0,1.0,False,low,59
district,19.0,Vicálvaro,Finanzas,Finanzas y seguros,Servicios auxiliares seguros,3,1,0.3333333333333333,135.0,1.0,1.0,False,low,60
district,19.0,Vicálvaro,Hosteleria,Bar y cafeteria,Taberna,3,0,0.0,135.0,1.0,1.0,False,low,61
district,19.0,Vicálvaro,Belleza y cuidado personal,Servicios personales,Belleza y cuidado personal,2,1,0.5,108.0,1.0,1.0,False,low,62
district,19.0,Vicálvaro,Retail especializado,Hogar y reformas,Bricolaje,2,1,0.5,100.0,1.0,1.0,False,low,63
district,19.0,Vicálvaro,Alimentacion,Alimentacion fresca,Charcuteria,2,0,0.0,135.0,1.0,1.0,False,low,64
district,19.0,Vicálvaro,Retail especializado,Hogar y decoracion,Iluminacion,2,1,0.5,132.0,1.0,1.0,False,low,65
district,19.0,Vicálvaro,Retail especializado,Hogar y reformas,Material electrico,2,0,0.0,135.0,1.0,1.0,False,low,66
district,19.0,Vicálvaro,Automocion,Venta y recambios,Motos y reparacion,2,0,0.0,135.0,1.0,1.0,False,low,67
district,19.0,Vicálvaro,Salud y bienestar,Salud retail,Salud retail,2,0,0.0,135.0,1.0,1.0,False,low,68
district,19.0,Vicálvaro,Retail especializado,Hogar y reformas,Saneamientos,2,0,0.0,135.0,1.0,1.0,False,low,69
district,19.0,Vicálvaro,Automocion,Taller y reparacion,Accesorios automovil,1,0,0.0,135.0,1.0,1.0,False,low,70
district,19.0,Vicálvaro,Alojamiento,Alojamiento turistico,Alojamiento turistico,1,0,0.0,135.0,1.0,1.0,False,low,71
district,19.0,Vicálvaro,Servicios,Servicios profesionales,Arquitectura e ingenieria,1,0,0.0,135.0,1.0,1.0,False,low,72
district,19.0,Vicálvaro,Retail especializado,Cultura y ocio,Bicicletas,1,0,0.0,135.0,1.0,1.0,False,low,73
district,19.0,Vicálvaro,Hosteleria,Ocio nocturno,Cafe espectaculo,1,0,0.0,135.0,1.0,1.0,False,low,74
district,19.0,Vicálvaro,Finanzas,Finanzas y seguros,Cambio y envio de moneda,1,0,0.0,135.0,1.0,1.0,False,low,75
district,19.0,Vicálvaro,Alimentacion,Alimentacion fresca,Casqueria,1,0,0.0,135.0,1.0,1.0,False,low,76
district,19.0,Vicálvaro,Deporte y ocio,Fitness y deporte,Club deportivo,1,0,0.0,135.0,1.0,1.0,False,low,77
district,19.0,Vicálvaro,Alimentacion,Especialistas alimentacion,Congelados,1,0,0.0,135.0,1.0,1.0,False,low,78
district,19.0,Vicálvaro,Servicios,Servicios profesionales,Consultoria empresarial,1,0,0.0,54.0,1.0,1.0,False,low,79
district,19.0,Vicálvaro,Retail especializado,Cultura y ocio,Deporte,1,0,0.0,135.0,1.0,1.0,False,low,80
district,19.0,Vicálvaro,Alimentacion,Especialistas alimentacion,Golosinas,1,0,0.0,135.0,1.0,1.0,False,low,81
district,19.0,Vicálvaro,Hosteleria,Bar y cafeteria,Heladeria,1,0,0.0,135.0,1.0,1.0,False,low,82
district,19.0,Vicálvaro,Deporte y ocio,Fitness y deporte,Instalacion deportiva,1,0,0.0,135.0,1.0,1.0,False,low,83
district,19.0,Vicálvaro,Retail especializado,Cultura y ocio,Jugueteria,1,1,1.0,40.0,1.0,1.0,False,low,84
district,19.0,Vicálvaro,Retail especializado,Hogar y decoracion,Menaje del hogar,1,0,0.0,126.0,1.0,1.0,False,low,85
district,19.0,Vicálvaro,Salud y bienestar,Clinicas y consultas,Optometria,1,1,1.0,130.0,1.0,1.0,False,low,86
district,19.0,Vicálvaro,Servicios,Servicios profesionales,Servicios profesionales,1,0,0.0,135.0,1.0,1.0,False,low,87
district,19.0,Vicálvaro,Servicios,Servicios profesionales,Tecnologia y software,1,0,0.0,135.0,1.0,1.0,False,low,88
district,19.0,Vicálvaro,Automocion,Venta y recambios,Venta de coches nuevos,1,0,0.0,135.0,1.0,1.0,False,low,89
district,19.0,Vicálvaro,Automocion,Venta y recambios,Venta de coches usados,1,0,0.0,135.0,1.0,1.0,False,low,90
district,19.0,Vicálvaro,Automocion,Venta y recambios,Venta de motos,1,0,0.0,135.0,1.0,1.0,False,low,91
district,19.0,Vicálvaro,Hosteleria,Bar y cafeteria,Bar con cocina,75,2,0.02666666666666667,135.0,0.9866666666666667,0.9866666666666667,False,low,92
district,19.0,Vicálvaro,Alimentacion,Supermercado y conveniencia,Tienda de alimentacion,40,6,0.15,135.0,1.0,0.975,False,low,93
district,19.0,Vicálvaro,Servicios,Logistica y movilidad,Logistica y movilidad,40,9,0.225,135.0,0.975,0.975,False,low,94
district,19.0,Vicálvaro,Finanzas,Finanzas y seguros,Banco y caja,26,8,0.3076923076923077,135.0,0.9615384615384616,0.9615384615384616,False,low,95
district,19.0,Vicálvaro,Servicios,Servicios profesionales,Oficina y administracion,17,4,0.23529411764705882,87.0,1.0,0.9411764705882353,False,low,96
district,19.0,Vicálvaro,Servicios,Servicios profesionales,Asesoria y contabilidad,15,7,0.4666666666666667,135.0,0.9333333333333333,0.9333333333333333,False,low,97
district,19.0,Vicálvaro,Hosteleria,Bar y cafeteria,Bar sin cocina,24,3,0.125,135.0,1.0,0.9166666666666667,False,low,98
district,19.0,Vicálvaro,Hosteleria,Bar y cafeteria,Bar especial,12,5,0.4166666666666667,135.0,1.0,0.9166666666666666,False,low,99
district,19.0,Vicálvaro,Retail especializado,Electronica y telecom,Telefonia,12,4,0.3333333333333333,135.0,0.9166666666666666,0.9166666666666666,False,low,100
district,19.0,Vicálvaro,Retail especializado,Moda y complementos,Moda,34,7,0.20588235294117646,135.0,1.0,0.9117647058823529,False,low,101
district,19.0,Vicálvaro,Salud y bienestar,Clinicas y consultas,Fisioterapia,8,1,0.125,135.0,1.0,0.875,False,low,102
district,19.0,Vicálvaro,Retail especializado,Hogar y reformas,Ferreteria,7,2,0.2857142857142857,135.0,0.8571428571428572,0.8571428571428572,False,low,103
district,19.0,Vicálvaro,Alimentacion,Supermercado y conveniencia,Supermercado,6,1,0.16666666666666666,135.0,0.8333333333333334,0.8333333333333334,False,low,104
district,19.0,Vicálvaro,Retail especializado,Hogar y reformas,Puertas y ventanas,5,1,0.2,135.0,1.0,0.8,False,low,105
district,19.0,Vicálvaro,Servicios,Servicios profesionales,Despacho juridico,4,1,0.25,135.0,0.75,0.75,False,low,106
district,19.0,Vicálvaro,Belleza y cuidado personal,Servicios personales,Tattoo y piercing,3,1,0.3333333333333333,135.0,1.0,0.6666666666666667,False,low,107
district,19.0,Vicálvaro,Belleza y cuidado personal,Peluqueria y estetica,Instituto de belleza,2,1,0.5,57.0,0.5,0.5,False,low,108
district,2.0,Arganzuela,Hosteleria,Bar y cafeteria,Bar restaurante,168,11,0.06547619047619048,135.0,1.0,1.0,False,low,1
district,2.0,Arganzuela,Hosteleria,Restauracion,Restaurante,103,4,0.038834951456310676,135.0,1.0,1.0,False,low,2
district,2.0,Arganzuela,Alimentacion,Alimentacion fresca,Fruteria,83,17,0.20481927710843373,135.0,1.0,1.0,True,medium,3
district,2.0,Arganzuela,Salud y bienestar,Salud retail,Farmacia,77,5,0.06493506493506493,135.0,1.0,1.0,False,low,4
district,2.0,Arganzuela,Retail especializado,Otros comercios,Otros comercios,53,17,0.32075471698113206,135.0,1.0,1.0,False,low,5
district,2.0,Arganzuela,Hosteleria,Bar y cafeteria,Bar sin cocina,40,5,0.125,135.0,1.0,1.0,False,low,6
district,2.0,Arganzuela,Deporte y ocio,Ocio y entretenimiento,Ocio y entretenimiento,38,6,0.15789473684210525,135.0,1.0,1.0,False,low,7
district,2.0,Arganzuela,Alimentacion,Supermercado y conveniencia,Tienda de alimentacion,38,1,0.02631578947368421,135.0,1.0,1.0,False,low,8
district,2.0,Arganzuela,Alimentacion,Alimentacion fresca,Carniceria,37,0,0.0,135.0,1.0,1.0,False,low,9
district,2.0,Arganzuela,Retail especializado,Electronica y telecom,Telefonia,37,9,0.24324324324324326,135.0,1.0,1.0,False,low,10
district,2.0,Arganzuela,Retail especializado,Hogar y decoracion,Muebles,35,10,0.2857142857142857,135.0,1.0,1.0,False,low,11
district,2.0,Arganzuela,Salud y bienestar,Clinicas y consultas,Fisioterapia,34,3,0.08823529411764706,135.0,1.0,1.0,False,low,12
district,2.0,Arganzuela,Deporte y ocio,Fitness y deporte,Gimnasio,32,12,0.375,135.0,1.0,1.0,False,low,13
district,2.0,Arganzuela,Servicios,Servicios personales,Reparacion especializada,32,3,0.09375,135.0,1.0,1.0,False,low,14
district,2.0,Arganzuela,Servicios,Servicios personales,Lavanderia y tintoreria,31,8,0.25806451612903225,135.0,1.0,1.0,False,low,15
district,2.0,Arganzuela,Alimentacion,Alimentacion fresca,Pescaderia,31,2,0.06451612903225806,135.0,1.0,1.0,False,low,16
district,2.0,Arganzuela,Retail especializado,Conveniencia,Estanco,30,1,0.03333333333333333,135.0,1.0,1.0,False,low,17
district,2.0,Arganzuela,Salud y bienestar,Clinicas y consultas,Clinica dental,29,2,0.06896551724137931,135.0,1.0,1.0,False,low,18
district,2.0,Arganzuela,Alimentacion,Panaderia y pasteleria,Panaderia,29,2,0.06896551724137931,135.0,1.0,1.0,False,low,19
district,2.0,Arganzuela,Automocion,Taller y reparacion,Taller mecanica,29,0,0.0,135.0,1.0,1.0,False,low,20
district,2.0,Arganzuela,Alimentacion,Comida preparada,Comida preparada,28,3,0.10714285714285714,54.5,1.0,1.0,False,low,21
district,2.0,Arganzuela,Belleza y cuidado personal,Cosmetica y perfumeria,Perfumeria y cosmetica,28,3,0.10714285714285714,135.0,1.0,1.0,False,low,22
district,2.0,Arganzuela,Salud y bienestar,Salud retail,Optica,27,1,0.037037037037037035,135.0,1.0,1.0,False,low,23
district,2.0,Arganzuela,Salud y bienestar,Clinicas y consultas,Clinica medica,26,3,0.11538461538461539,135.0,1.0,1.0,False,low,24
district,2.0,Arganzuela,Educacion,Educacion infantil,Escuela infantil,25,2,0.08,135.0,1.0,1.0,False,low,25
district,2.0,Arganzuela,Servicios,Servicios profesionales,Servicios profesionales,25,5,0.2,135.0,1.0,1.0,False,low,26
district,2.0,Arganzuela,Alimentacion,Alimentacion fresca,Charcuteria,22,2,0.09090909090909091,135.0,1.0,1.0,False,low,27
district,2.0,Arganzuela,Salud y bienestar,Clinicas y consultas,Clinicas y consultas,22,4,0.18181818181818182,135.0,1.0,1.0,False,low,28
district,2.0,Arganzuela,Finanzas,Finanzas y seguros,Seguros,21,2,0.09523809523809523,135.0,1.0,1.0,False,low,29
district,2.0,Arganzuela,Alimentacion,Alimentacion fresca,Aves y huevos,20,2,0.1,135.0,1.0,1.0,False,low,30
district,2.0,Arganzuela,Educacion,Formacion,Educacion y formacion,20,2,0.1,135.0,1.0,1.0,False,low,31
district,2.0,Arganzuela,Educacion,Formacion,Autoescuela,18,2,0.1111111111111111,135.0,1.0,1.0,False,low,32
district,2.0,Arganzuela,Alimentacion,Especialistas alimentacion,Frutos secos y encurtidos,17,4,0.23529411764705882,135.0,1.0,1.0,False,low,33
district,2.0,Arganzuela,Retail especializado,Electronica y telecom,Informatica,17,2,0.11764705882352941,135.0,1.0,1.0,False,low,34
district,2.0,Arganzuela,Servicios,Servicios personales,Reparacion de calzado,17,0,0.0,135.0,1.0,1.0,False,low,35
district,2.0,Arganzuela,Retail especializado,Hogar y regalos,Floristeria,16,0,0.0,135.0,1.0,1.0,False,low,36
district,2.0,Arganzuela,Retail especializado,Hogar y reformas,Puertas y ventanas,16,3,0.1875,135.0,1.0,1.0,False,low,37
district,2.0,Arganzuela,Automocion,Venta y recambios,Recambios automovil,16,1,0.0625,135.0,1.0,1.0,False,low,38
district,2.0,Arganzuela,Automocion,Venta y recambios,Venta de coches nuevos,16,2,0.125,135.0,1.0,1.0,False,low,39
district,2.0,Arganzuela,Retail especializado,Electronica y telecom,Electrodomesticos,15,5,0.3333333333333333,135.0,1.0,1.0,False,low,40
district,2.0,Arganzuela,Salud y bienestar,Clinicas y consultas,Consulta medica,14,0,0.0,135.0,1.0,1.0,False,low,41
district,2.0,Arganzuela,Retail especializado,Hogar y decoracion,Muebles de cocina,14,0,0.0,135.0,1.0,1.0,False,low,42
district,2.0,Arganzuela,Retail especializado,Cultura y ocio,Deporte,13,3,0.23076923076923078,135.0,1.0,1.0,False,low,43
district,2.0,Arganzuela,Retail especializado,Electronica y telecom,Electronica y telecom,11,3,0.2727272727272727,135.0,1.0,1.0,False,low,44
district,2.0,Arganzuela,Retail especializado,Hogar y decoracion,Hogar y menaje,11,3,0.2727272727272727,135.0,1.0,1.0,False,low,45
district,2.0,Arganzuela,Retail especializado,Hogar y reformas,Material electrico,11,1,0.09090909090909091,135.0,1.0,1.0,False,low,46
district,2.0,Arganzuela,Retail especializado,Cultura y ocio,Libreria,10,1,0.1,135.0,1.0,1.0,False,low,47
district,2.0,Arganzuela,Hosteleria,Bar y cafeteria,Taberna,10,0,0.0,135.0,1.0,1.0,False,low,48
district,2.0,Arganzuela,Automocion,Taller y reparacion,Taller automovil,10,0,0.0,135.0,1.0,1.0,False,low,49
district,2.0,Arganzuela,Servicios,Servicios profesionales,Fotografia,9,2,0.2222222222222222,135.0,1.0,1.0,False,low,50
district,2.0,Arganzuela,Salud y bienestar,Clinicas y consultas,Parasanitario,9,4,0.4444444444444444,135.0,1.0,1.0,False,low,51
district,2.0,Arganzuela,Alimentacion,Panaderia y pasteleria,Pasteleria y reposteria,9,3,0.3333333333333333,135.0,1.0,1.0,False,low,52
district,2.0,Arganzuela,Automocion,Taller y reparacion,Taller chapa y pintura,9,0,0.0,135.0,1.0,1.0,False,low,53
district,2.0,Arganzuela,Automocion,Venta y recambios,Venta de coches usados,9,0,0.0,135.0,1.0,1.0,False,low,54
district,2.0,Arganzuela,Automocion,Venta y recambios,Venta de motos,9,1,0.1111111111111111,135.0,1.0,1.0,False,low,55
district,2.0,Arganzuela,Retail especializado,Cultura y ocio,Bicicletas,8,1,0.125,135.0,1.0,1.0,False,low,56
district,2.0,Arganzuela,Finanzas,Finanzas y seguros,Cambio y envio de moneda,8,5,0.625,105.0,1.0,1.0,False,low,57
district,2.0,Arganzuela,Alimentacion,Especialistas alimentacion,Congelados,8,2,0.25,135.0,1.0,1.0,False,low,58
district,2.0,Arganzuela,Servicios,Servicios profesionales,Consultoria empresarial,8,1,0.125,135.0,1.0,1.0,False,low,59
district,2.0,Arganzuela,Retail especializado,Hogar y reformas,Materiales de construccion,8,1,0.125,135.0,1.0,1.0,False,low,60
district,2.0,Arganzuela,Salud y bienestar,Salud retail,Salud retail,7,2,0.2857142857142857,135.0,1.0,1.0,False,low,61
district,2.0,Arganzuela,Servicios,Servicios profesionales,Tecnologia y software,7,0,0.0,135.0,1.0,1.0,False,low,62
district,2.0,Arganzuela,Automocion,Taller y reparacion,Accesorios automovil,6,0,0.0,135.0,1.0,1.0,False,low,63
district,2.0,Arganzuela,Alimentacion,Alimentacion fresca,Carniceria y charcuteria,6,0,0.0,135.0,1.0,1.0,False,low,64
district,2.0,Arganzuela,Alimentacion,Alimentacion fresca,Casqueria,6,0,0.0,135.0,1.0,1.0,False,low,65
district,2.0,Arganzuela,Retail especializado,Electronica y telecom,Electronica,6,3,0.5,108.0,1.0,1.0,False,low,66
district,2.0,Arganzuela,Alojamiento,Alojamiento turistico,Hotel,6,0,0.0,135.0,1.0,1.0,False,low,67
district,2.0,Arganzuela,Belleza y cuidado personal,Peluqueria y estetica,Instituto de belleza,6,1,0.16666666666666666,135.0,1.0,1.0,False,low,68
district,2.0,Arganzuela,Automocion,Venta y recambios,Motos y reparacion,6,0,0.0,135.0,1.0,1.0,False,low,69
district,2.0,Arganzuela,Salud y bienestar,Clinicas y consultas,Podologia,6,0,0.0,135.0,1.0,1.0,False,low,70
district,2.0,Arganzuela,Servicios,Servicios profesionales,Telecomunicaciones,6,2,0.3333333333333333,135.0,1.0,1.0,False,low,71
district,2.0,Arganzuela,Hosteleria,Bar y cafeteria,Bodega con consumo,5,1,0.2,135.0,1.0,1.0,False,low,72
district,2.0,Arganzuela,Retail especializado,Conveniencia,Tienda multiproducto,5,1,0.2,135.0,1.0,1.0,False,low,73
district,2.0,Arganzuela,Retail especializado,Hogar y reformas,Bricolaje,4,3,0.75,111.0,1.0,1.0,False,low,74
district,2.0,Arganzuela,Hosteleria,Bar y cafeteria,Churreria,4,0,0.0,135.0,1.0,1.0,False,low,75
district,2.0,Arganzuela,Hosteleria,Restauracion,Hosteleria especializada,4,0,0.0,135.0,1.0,1.0,False,low,76
district,2.0,Arganzuela,Retail especializado,Hogar y reformas,Saneamientos,4,1,0.25,135.0,1.0,1.0,False,low,77
district,2.0,Arganzuela,Alojamiento,Alojamiento turistico,Alojamiento turistico,3,0,0.0,135.0,1.0,1.0,False,low,78
district,2.0,Arganzuela,Deporte y ocio,Fitness y deporte,Club deportivo,3,0,0.0,135.0,1.0,1.0,False,low,79
district,2.0,Arganzuela,Automocion,Servicios automocion,Gasolinera,3,1,0.3333333333333333,135.0,1.0,1.0,False,low,80
district,2.0,Arganzuela,Alimentacion,Supermercado y conveniencia,Gran superficie alimentacion,3,0,0.0,135.0,1.0,1.0,False,low,81
district,2.0,Arganzuela,Deporte y ocio,Fitness y deporte,Instalacion deportiva,3,1,0.3333333333333333,135.0,1.0,1.0,False,low,82
district,2.0,Arganzuela,Alimentacion,Especialistas alimentacion,Lacteos y bebidas,3,0,0.0,135.0,1.0,1.0,False,low,83
district,2.0,Arganzuela,Belleza y cuidado personal,Servicios personales,Tattoo y piercing,3,0,0.0,135.0,1.0,1.0,False,low,84
district,2.0,Arganzuela,Hosteleria,Bar y cafeteria,Bar especial con actuaciones,2,0,0.0,135.0,1.0,1.0,False,low,85
district,2.0,Arganzuela,Alimentacion,Especialistas alimentacion,Cafe e infusiones,2,0,0.0,135.0,1.0,1.0,False,low,86
district,2.0,Arganzuela,Hosteleria,Ocio nocturno,Discoteca,2,1,0.5,88.5,1.0,1.0,False,low,87
district,2.0,Arganzuela,Finanzas,Finanzas y seguros,Finanzas y seguros,2,1,0.5,96.0,1.0,1.0,False,low,88
district,2.0,Arganzuela,Educacion,Formacion,Formacion no reglada,2,0,0.0,117.0,1.0,1.0,False,low,89
district,2.0,Arganzuela,Belleza y cuidado personal,Peluqueria y estetica,Fotodepilacion,2,2,1.0,59.5,1.0,1.0,False,low,90
district,2.0,Arganzuela,Hosteleria,Bar y cafeteria,Heladeria y salon de te,2,1,0.5,117.5,1.0,1.0,False,low,91
district,2.0,Arganzuela,Retail especializado,Hogar y decoracion,Iluminacion,2,0,0.0,135.0,1.0,1.0,False,low,92
district,2.0,Arganzuela,Alojamiento,Alojamiento turistico,Albergue,1,0,0.0,135.0,1.0,1.0,False,low,93
district,2.0,Arganzuela,Alimentacion,Especialistas alimentacion,Bodega,1,1,1.0,55.0,1.0,1.0,False,low,94
district,2.0,Arganzuela,Retail especializado,Hogar y decoracion,Menaje del hogar,1,0,0.0,135.0,1.0,1.0,False,low,95
district,2.0,Arganzuela,Salud y bienestar,Clinicas y consultas,Optometria,1,0,0.0,135.0,1.0,1.0,False,low,96
district,2.0,Arganzuela,Alimentacion,Panaderia y pasteleria,Panaderia y pasteleria,1,0,0.0,109.0,1.0,1.0,False,low,97
district,2.0,Arganzuela,Finanzas,Finanzas y seguros,Servicios auxiliares seguros,1,0,0.0,135.0,1.0,1.0,False,low,98
district,2.0,Arganzuela,Servicios,Servicios profesionales,Servicios digitales,1,0,0.0,135.0,1.0,1.0,False,low,99
district,2.0,Arganzuela,Servicios,Logistica y movilidad,Logistica y movilidad,161,17,0.10559006211180125,135.0,1.0,0.9875776397515528,True,medium,100
district,2.0,Arganzuela,Alimentacion,Supermercado y conveniencia,Supermercado,69,6,0.08695652173913043,135.0,1.0,0.9855072463768116,False,low,101
district,2.0,Arganzuela,Retail especializado,Conveniencia,Bazar y precio unico,67,10,0.14925373134328357,135.0,1.0,0.9850746268656716,False,low,102
district,2.0,Arganzuela,Hosteleria,Bar y cafeteria,Bar con cocina,187,12,0.06417112299465241,135.0,0.983957219251337,0.9786096256684492,True,medium,103
district,2.0,Arganzuela,Retail especializado,Moda y complementos,Moda,93,19,0.20430107526881722,135.0,0.989247311827957,0.9784946236559139,True,medium,104
district,2.0,Arganzuela,Retail especializado,Moda y complementos,Calzado,36,8,0.2222222222222222,135.0,1.0,0.9722222222222222,False,low,105
district,2.0,Arganzuela,Servicios,Servicios profesionales,Asesoria y contabilidad,34,8,0.23529411764705882,135.0,1.0,0.9705882352941176,False,low,106
district,2.0,Arganzuela,Retail especializado,Moda y complementos,Joyeria y relojeria,31,3,0.0967741935483871,135.0,1.0,0.967741935483871,False,low,107
district,2.0,Arganzuela,Retail especializado,Hogar y reformas,Ferreteria,30,2,0.06666666666666667,135.0,1.0,0.9666666666666667,False,low,108
district,2.0,Arganzuela,Belleza y cuidado personal,Peluqueria y estetica,Centro de estetica,29,11,0.3793103448275862,135.0,0.9655172413793104,0.9655172413793104,False,low,109
district,2.0,Arganzuela,Servicios,Servicios profesionales,Arquitectura e ingenieria,28,8,0.2857142857142857,135.0,0.9642857142857143,0.9642857142857143,False,low,110
district,2.0,Arganzuela,Hosteleria,Restauracion,Comida rapida,28,2,0.07142857142857142,135.0,0.9642857142857143,0.9642857142857143,False,low,111
district,2.0,Arganzuela,Retail especializado,Cultura y ocio,Papeleria y prensa,27,5,0.18518518518518517,135.0,0.962962962962963,0.962962962962963,False,low,112
district,2.0,Arganzuela,Retail especializado,Hogar y decoracion,Textil hogar,27,4,0.14814814814814814,135.0,0.962962962962963,0.962962962962963,False,low,113
district,2.0,Arganzuela,Servicios,Servicios profesionales,Inmobiliaria,52,11,0.21153846153846154,135.0,0.9807692307692307,0.9615384615384615,False,low,114
district,2.0,Arganzuela,Belleza y cuidado personal,Peluqueria y estetica,Peluqueria,194,31,0.15979381443298968,135.0,0.9845360824742269,0.9587628865979382,True,high,115
district,2.0,Arganzuela,Salud y bienestar,Salud retail,Herbolario,23,4,0.17391304347826086,135.0,0.9565217391304348,0.9565217391304348,False,low,116
district,2.0,Arganzuela,Hosteleria,Bar y cafeteria,Cafeteria,115,13,0.11304347826086956,135.0,0.9826086956521739,0.9565217391304347,True,medium,117
district,2.0,Arganzuela,Servicios,Servicios personales,Arreglo de ropa,20,1,0.05,135.0,1.0,0.95,False,low,118
district,2.0,Arganzuela,Servicios,Servicios profesionales,Oficina y administracion,54,17,0.3148148148148148,135.0,0.9814814814814815,0.9444444444444444,False,low,119
district,2.0,Arganzuela,Salud y bienestar,Clinicas y consultas,Veterinaria,17,2,0.11764705882352941,135.0,1.0,0.9411764705882353,False,low,120
district,2.0,Arganzuela,Alimentacion,Supermercado y conveniencia,Alimentacion envasada,17,2,0.11764705882352941,135.0,0.9411764705882353,0.9411764705882353,False,low,121
district,2.0,Arganzuela,Hosteleria,Bar y cafeteria,Bar especial,26,8,0.3076923076923077,135.0,1.0,0.923076923076923,False,low,122
district,2.0,Arganzuela,Finanzas,Finanzas y seguros,Banco y caja,139,53,0.381294964028777,135.0,0.9712230215827339,0.9136690647482013,True,medium,123
district,2.0,Arganzuela,Hosteleria,Catering y colectividades,Comedor colectivo,11,1,0.09090909090909091,112.0,0.9090909090909091,0.9090909090909091,False,low,124
district,2.0,Arganzuela,Belleza y cuidado personal,Servicios personales,Belleza y cuidado personal,9,3,0.3333333333333333,135.0,0.8888888888888888,0.8888888888888888,False,low,125
district,2.0,Arganzuela,Servicios,Servicios profesionales,Despacho juridico,8,3,0.375,135.0,1.0,0.875,False,low,126
district,2.0,Arganzuela,Servicios,Servicios al consumidor,Locutorio,60,25,0.4166666666666667,135.0,0.9333333333333332,0.8499999999999999,False,low,127
district,2.0,Arganzuela,Alimentacion,Especialistas alimentacion,Golosinas,6,1,0.16666666666666666,135.0,0.8333333333333334,0.8333333333333334,False,low,128
district,2.0,Arganzuela,Retail especializado,Cultura y ocio,Jugueteria,6,3,0.5,108.0,0.8333333333333334,0.8333333333333334,False,low,129
district,2.0,Arganzuela,Hosteleria,Ocio nocturno,Cafe espectaculo,5,1,0.2,135.0,0.8,0.8,False,low,130
district,2.0,Arganzuela,Servicios,Servicios profesionales,Publicidad y marketing,5,1,0.2,135.0,0.8,0.8,False,low,131
district,2.0,Arganzuela,Deporte y ocio,Ocio y entretenimiento,Salon recreativo,5,2,0.4,135.0,0.8,0.8,False,low,132
district,2.0,Arganzuela,Retail especializado,Hogar y decoracion,Colchoneria,9,2,0.2222222222222222,135.0,0.7777777777777777,0.7777777777777777,False,low,133
district,2.0,Arganzuela,Hosteleria,Bar y cafeteria,Heladeria,3,1,0.3333333333333333,135.0,1.0,0.6666666666666667,False,low,134
district,2.0,Arganzuela,Deporte y ocio,Ocio y entretenimiento,Celebraciones infantiles,2,1,0.5,68.0,0.5,0.5,False,low,135
district,20.0,San Blas - Canillejas,Hosteleria,Bar y cafeteria,Bar con cocina,202,8,0.039603960396039604,135.0,1.0,1.0,False,low,1
district,20.0,San Blas - Canillejas,Salud y bienestar,Salud retail,Farmacia,72,1,0.013888888888888888,135.0,1.0,1.0,False,low,2
district,20.0,San Blas - Canillejas,Hosteleria,Restauracion,Restaurante,68,11,0.16176470588235295,135.0,1.0,1.0,False,low,3
district,20.0,San Blas - Canillejas,Automocion,Taller y reparacion,Taller mecanica,60,0,0.0,135.0,1.0,1.0,False,low,4
district,20.0,San Blas - Canillejas,Hosteleria,Catering y colectividades,Comedor colectivo,48,0,0.0,95.0,1.0,1.0,False,low,5
district,20.0,San Blas - Canillejas,Retail especializado,Otros comercios,Otros comercios,38,4,0.10526315789473684,135.0,1.0,1.0,False,low,6
district,20.0,San Blas - Canillejas,Hosteleria,Bar y cafeteria,Bar sin cocina,37,2,0.05405405405405406,135.0,1.0,1.0,False,low,7
district,20.0,San Blas - Canillejas,Servicios,Servicios profesionales,Asesoria y contabilidad,34,8,0.23529411764705882,135.0,1.0,1.0,False,low,8
district,20.0,San Blas - Canillejas,Hosteleria,Bar y cafeteria,Bar especial,33,3,0.09090909090909091,135.0,1.0,1.0,False,low,9
district,20.0,San Blas - Canillejas,Salud y bienestar,Clinicas y consultas,Clinica dental,33,2,0.06060606060606061,135.0,1.0,1.0,False,low,10
district,20.0,San Blas - Canillejas,Retail especializado,Moda y complementos,Joyeria y relojeria,33,3,0.09090909090909091,135.0,1.0,1.0,False,low,11
district,20.0,San Blas - Canillejas,Educacion,Formacion,Educacion y formacion,32,0,0.0,135.0,1.0,1.0,False,low,12
district,20.0,San Blas - Canillejas,Automocion,Taller y reparacion,Taller chapa y pintura,28,0,0.0,135.0,1.0,1.0,False,low,13
district,20.0,San Blas - Canillejas,Servicios,Servicios personales,Reparacion especializada,25,0,0.0,135.0,1.0,1.0,False,low,14
district,20.0,San Blas - Canillejas,Belleza y cuidado personal,Cosmetica y perfumeria,Perfumeria y cosmetica,24,5,0.20833333333333334,135.0,1.0,1.0,False,low,15
district,20.0,San Blas - Canillejas,Educacion,Formacion,Autoescuela,23,1,0.043478260869565216,135.0,1.0,1.0,False,low,16
district,20.0,San Blas - Canillejas,Retail especializado,Hogar y decoracion,Muebles,23,5,0.21739130434782608,135.0,1.0,1.0,False,low,17
district,20.0,San Blas - Canillejas,Educacion,Educacion infantil,Escuela infantil,22,1,0.045454545454545456,135.0,1.0,1.0,False,low,18
district,20.0,San Blas - Canillejas,Alimentacion,Panaderia y pasteleria,Panaderia,22,1,0.045454545454545456,135.0,1.0,1.0,False,low,19
district,20.0,San Blas - Canillejas,Alimentacion,Alimentacion fresca,Pescaderia,22,1,0.045454545454545456,135.0,1.0,1.0,False,low,20
district,20.0,San Blas - Canillejas,Retail especializado,Electronica y telecom,Telefonia,22,1,0.045454545454545456,135.0,1.0,1.0,False,low,21
district,20.0,San Blas - Canillejas,Alimentacion,Alimentacion fresca,Carniceria,21,0,0.0,135.0,1.0,1.0,False,low,22
district,20.0,San Blas - Canillejas,Retail especializado,Conveniencia,Estanco,21,1,0.047619047619047616,135.0,1.0,1.0,False,low,23
district,20.0,San Blas - Canillejas,Salud y bienestar,Salud retail,Herbolario,21,4,0.19047619047619047,135.0,1.0,1.0,False,low,24
district,20.0,San Blas - Canillejas,Finanzas,Finanzas y seguros,Seguros,21,7,0.3333333333333333,135.0,1.0,1.0,False,low,25
district,20.0,San Blas - Canillejas,Retail especializado,Hogar y decoracion,Textil hogar,18,2,0.1111111111111111,135.0,1.0,1.0,False,low,26
district,20.0,San Blas - Canillejas,Alimentacion,Alimentacion fresca,Carniceria y charcuteria,17,0,0.0,135.0,1.0,1.0,False,low,27
district,20.0,San Blas - Canillejas,Salud y bienestar,Salud retail,Optica,17,1,0.058823529411764705,135.0,1.0,1.0,False,low,28
district,20.0,San Blas - Canillejas,Automocion,Venta y recambios,Venta de coches nuevos,17,0,0.0,135.0,1.0,1.0,False,low,29
district,20.0,San Blas - Canillejas,Hosteleria,Restauracion,Comida rapida,16,0,0.0,135.0,1.0,1.0,False,low,30
district,20.0,San Blas - Canillejas,Salud y bienestar,Clinicas y consultas,Consulta medica,16,1,0.0625,135.0,1.0,1.0,False,low,31
district,20.0,San Blas - Canillejas,Alimentacion,Alimentacion fresca,Aves y huevos,15,0,0.0,135.0,1.0,1.0,False,low,32
district,20.0,San Blas - Canillejas,Alimentacion,Especialistas alimentacion,Frutos secos y encurtidos,15,2,0.13333333333333333,135.0,1.0,1.0,False,low,33
district,20.0,San Blas - Canillejas,Retail especializado,Cultura y ocio,Papeleria y prensa,15,2,0.13333333333333333,135.0,1.0,1.0,False,low,34
district,20.0,San Blas - Canillejas,Servicios,Servicios personales,Arreglo de ropa,14,0,0.0,135.0,1.0,1.0,False,low,35
district,20.0,San Blas - Canillejas,Retail especializado,Hogar y reformas,Ferreteria,14,2,0.14285714285714285,135.0,1.0,1.0,False,low,36
district,20.0,San Blas - Canillejas,Servicios,Servicios profesionales,Arquitectura e ingenieria,13,1,0.07692307692307693,135.0,1.0,1.0,False,low,37
district,20.0,San Blas - Canillejas,Retail especializado,Electronica y telecom,Electrodomesticos,13,2,0.15384615384615385,135.0,1.0,1.0,False,low,38
district,20.0,San Blas - Canillejas,Deporte y ocio,Fitness y deporte,Gimnasio,13,1,0.07692307692307693,135.0,1.0,1.0,False,low,39
district,20.0,San Blas - Canillejas,Servicios,Servicios profesionales,Publicidad y marketing,13,2,0.15384615384615385,135.0,1.0,1.0,False,low,40
district,20.0,San Blas - Canillejas,Automocion,Venta y recambios,Recambios automovil,13,1,0.07692307692307693,135.0,1.0,1.0,False,low,41
district,20.0,San Blas - Canillejas,Salud y bienestar,Salud retail,Salud retail,13,1,0.07692307692307693,135.0,1.0,1.0,False,low,42
district,20.0,San Blas - Canillejas,Servicios,Servicios profesionales,Telecomunicaciones,13,4,0.3076923076923077,135.0,1.0,1.0,False,low,43
district,20.0,San Blas - Canillejas,Alimentacion,Alimentacion fresca,Charcuteria,12,0,0.0,135.0,1.0,1.0,False,low,44
district,20.0,San Blas - Canillejas,Salud y bienestar,Clinicas y consultas,Clinica medica,12,1,0.08333333333333333,135.0,1.0,1.0,False,low,45
district,20.0,San Blas - Canillejas,Servicios,Servicios profesionales,Tecnologia y software,12,1,0.08333333333333333,135.0,1.0,1.0,False,low,46
district,20.0,San Blas - Canillejas,Alimentacion,Supermercado y conveniencia,Alimentacion envasada,11,2,0.18181818181818182,135.0,1.0,1.0,False,low,47
district,20.0,San Blas - Canillejas,Belleza y cuidado personal,Peluqueria y estetica,Instituto de belleza,11,1,0.09090909090909091,135.0,1.0,1.0,False,low,48
district,20.0,San Blas - Canillejas,Retail especializado,Hogar y decoracion,Colchoneria,10,0,0.0,135.0,1.0,1.0,False,low,49
district,20.0,San Blas - Canillejas,Retail especializado,Hogar y decoracion,Hogar y menaje,10,4,0.4,135.0,1.0,1.0,False,low,50
district,20.0,San Blas - Canillejas,Alojamiento,Alojamiento turistico,Hotel,10,1,0.1,135.0,1.0,1.0,False,low,51
district,20.0,San Blas - Canillejas,Retail especializado,Hogar y decoracion,Muebles de cocina,10,2,0.2,135.0,1.0,1.0,False,low,52
district,20.0,San Blas - Canillejas,Servicios,Servicios personales,Reparacion de calzado,10,1,0.1,135.0,1.0,1.0,False,low,53
district,20.0,San Blas - Canillejas,Retail especializado,Cultura y ocio,Deporte,9,1,0.1111111111111111,135.0,1.0,1.0,False,low,54
district,20.0,San Blas - Canillejas,Retail especializado,Cultura y ocio,Jugueteria,9,0,0.0,135.0,1.0,1.0,False,low,55
district,20.0,San Blas - Canillejas,Retail especializado,Hogar y reformas,Saneamientos,9,4,0.4444444444444444,135.0,1.0,1.0,False,low,56
district,20.0,San Blas - Canillejas,Automocion,Venta y recambios,Venta de coches usados,9,1,0.1111111111111111,135.0,1.0,1.0,False,low,57
district,20.0,San Blas - Canillejas,Retail especializado,Electronica y telecom,Informatica,8,0,0.0,135.0,1.0,1.0,False,low,58
district,20.0,San Blas - Canillejas,Automocion,Taller y reparacion,Taller automovil,8,0,0.0,135.0,1.0,1.0,False,low,59
district,20.0,San Blas - Canillejas,Automocion,Taller y reparacion,Accesorios automovil,7,0,0.0,135.0,1.0,1.0,False,low,60
district,20.0,San Blas - Canillejas,Deporte y ocio,Fitness y deporte,Club deportivo,7,0,0.0,135.0,1.0,1.0,False,low,61
district,20.0,San Blas - Canillejas,Alimentacion,Especialistas alimentacion,Congelados,7,0,0.0,135.0,1.0,1.0,False,low,62
district,20.0,San Blas - Canillejas,Automocion,Servicios automocion,Gasolinera,7,0,0.0,135.0,1.0,1.0,False,low,63
district,20.0,San Blas - Canillejas,Retail especializado,Cultura y ocio,Libreria,7,0,0.0,135.0,1.0,1.0,False,low,64
district,20.0,San Blas - Canillejas,Automocion,Venta y recambios,Motos y reparacion,7,0,0.0,135.0,1.0,1.0,False,low,65
district,20.0,San Blas - Canillejas,Salud y bienestar,Clinicas y consultas,Parasanitario,7,2,0.2857142857142857,135.0,1.0,1.0,False,low,66
district,20.0,San Blas - Canillejas,Belleza y cuidado personal,Servicios personales,Belleza y cuidado personal,6,1,0.16666666666666666,135.0,1.0,1.0,False,low,67
district,20.0,San Blas - Canillejas,Deporte y ocio,Ocio y entretenimiento,Celebraciones infantiles,6,1,0.16666666666666666,135.0,1.0,1.0,False,low,68
district,20.0,San Blas - Canillejas,Alimentacion,Supermercado y conveniencia,Gran superficie alimentacion,6,1,0.16666666666666666,119.0,1.0,1.0,False,low,69
district,20.0,San Blas - Canillejas,Salud y bienestar,Clinicas y consultas,Podologia,6,0,0.0,135.0,1.0,1.0,False,low,70
district,20.0,San Blas - Canillejas,Educacion,Formacion,Formacion no reglada,5,1,0.2,68.0,1.0,1.0,False,low,71
district,20.0,San Blas - Canillejas,Hosteleria,Bar y cafeteria,Heladeria,5,1,0.2,135.0,1.0,1.0,False,low,72
district,20.0,San Blas - Canillejas,Hosteleria,Restauracion,Hosteleria especializada,5,0,0.0,95.0,1.0,1.0,False,low,73
district,20.0,San Blas - Canillejas,Alimentacion,Panaderia y pasteleria,Pasteleria y reposteria,5,3,0.6,87.0,1.0,1.0,False,low,74
district,20.0,San Blas - Canillejas,Deporte y ocio,Ocio y entretenimiento,Salon recreativo,5,2,0.4,135.0,1.0,1.0,False,low,75
district,20.0,San Blas - Canillejas,Belleza y cuidado personal,Servicios personales,Tattoo y piercing,5,1,0.2,82.0,1.0,1.0,False,low,76
district,20.0,San Blas - Canillejas,Retail especializado,Conveniencia,Tienda multiproducto,5,1,0.2,135.0,1.0,1.0,False,low,77
district,20.0,San Blas - Canillejas,Retail especializado,Cultura y ocio,Bicicletas,4,0,0.0,135.0,1.0,1.0,False,low,78
district,20.0,San Blas - Canillejas,Retail especializado,Hogar y reformas,Bricolaje,4,0,0.0,135.0,1.0,1.0,False,low,79
district,20.0,San Blas - Canillejas,Finanzas,Finanzas y seguros,Finanzas y seguros,4,0,0.0,135.0,1.0,1.0,False,low,80
district,20.0,San Blas - Canillejas,Alimentacion,Especialistas alimentacion,Bodega,3,1,0.3333333333333333,135.0,1.0,1.0,False,low,81
district,20.0,San Blas - Canillejas,Alimentacion,Especialistas alimentacion,Cafe e infusiones,3,0,0.0,135.0,1.0,1.0,False,low,82
district,20.0,San Blas - Canillejas,Alimentacion,Alimentacion fresca,Casqueria,3,0,0.0,135.0,1.0,1.0,False,low,83
district,20.0,San Blas - Canillejas,Hosteleria,Bar y cafeteria,Churreria,3,1,0.3333333333333333,135.0,1.0,1.0,False,low,84
district,20.0,San Blas - Canillejas,Servicios,Servicios profesionales,Consultoria empresarial,3,0,0.0,135.0,1.0,1.0,False,low,85
district,20.0,San Blas - Canillejas,Retail especializado,Hogar y decoracion,Iluminacion,3,0,0.0,135.0,1.0,1.0,False,low,86
district,20.0,San Blas - Canillejas,Deporte y ocio,Fitness y deporte,Instalacion deportiva,3,0,0.0,135.0,1.0,1.0,False,low,87
district,20.0,San Blas - Canillejas,Alimentacion,Especialistas alimentacion,Lacteos y bebidas,3,0,0.0,135.0,1.0,1.0,False,low,88
district,20.0,San Blas - Canillejas,Salud y bienestar,Clinicas y consultas,Optometria,3,2,0.6666666666666666,81.0,1.0,1.0,False,low,89
district,20.0,San Blas - Canillejas,Servicios,Servicios profesionales,Servicios digitales,3,0,0.0,135.0,1.0,1.0,False,low,90
district,20.0,San Blas - Canillejas,Hosteleria,Bar y cafeteria,Taberna,3,0,0.0,135.0,1.0,1.0,False,low,91
district,20.0,San Blas - Canillejas,Alojamiento,Alojamiento turistico,Alojamiento turistico,2,0,0.0,135.0,1.0,1.0,False,low,92
district,20.0,San Blas - Canillejas,Servicios,Servicios profesionales,Despacho juridico,2,1,0.5,92.5,1.0,1.0,False,low,93
district,20.0,San Blas - Canillejas,Retail especializado,Electronica y telecom,Electronica,2,0,0.0,135.0,1.0,1.0,False,low,94
district,20.0,San Blas - Canillejas,Hosteleria,Catering y colectividades,Eventos y banquetes,2,0,0.0,135.0,1.0,1.0,False,low,95
district,20.0,San Blas - Canillejas,Servicios,Servicios profesionales,Fotografia,2,0,0.0,135.0,1.0,1.0,False,low,96
district,20.0,San Blas - Canillejas,Alimentacion,Especialistas alimentacion,Golosinas,2,2,1.0,65.0,1.0,1.0,False,low,97
district,20.0,San Blas - Canillejas,Retail especializado,Hogar y reformas,Materiales de construccion,2,0,0.0,135.0,1.0,1.0,False,low,98
district,20.0,San Blas - Canillejas,Finanzas,Finanzas y seguros,Servicios auxiliares seguros,2,0,0.0,135.0,1.0,1.0,False,low,99
district,20.0,San Blas - Canillejas,Hosteleria,Bar y cafeteria,Bar especial con actuaciones,1,0,0.0,135.0,1.0,1.0,False,low,100
district,20.0,San Blas - Canillejas,Alojamiento,Alojamiento turistico,Hostal,1,0,0.0,135.0,1.0,1.0,False,low,101
district,20.0,San Blas - Canillejas,Retail especializado,Hogar y decoracion,Menaje del hogar,1,0,0.0,135.0,1.0,1.0,False,low,102
district,20.0,San Blas - Canillejas,Automocion,Venta y recambios,Venta de motos,1,0,0.0,135.0,1.0,1.0,False,low,103
district,20.0,San Blas - Canillejas,Hosteleria,Bar y cafeteria,Bar restaurante,159,10,0.06289308176100629,135.0,0.9937106918238994,0.9937106918238994,False,low,104
district,20.0,San Blas - Canillejas,Servicios,Logistica y movilidad,Logistica y movilidad,103,14,0.13592233009708737,135.0,0.9902912621359223,0.9902912621359223,True,medium,105
district,20.0,San Blas - Canillejas,Hosteleria,Bar y cafeteria,Cafeteria,74,8,0.10810810810810811,135.0,0.9864864864864865,0.9864864864864865,False,low,106
district,20.0,San Blas - Canillejas,Alimentacion,Alimentacion fresca,Fruteria,69,11,0.15942028985507245,135.0,1.0,0.9855072463768116,False,low,107
district,20.0,San Blas - Canillejas,Belleza y cuidado personal,Peluqueria y estetica,Peluqueria,151,17,0.11258278145695365,135.0,0.9867549668874172,0.9801324503311257,True,medium,108
district,20.0,San Blas - Canillejas,Retail especializado,Moda y complementos,Calzado,38,9,0.23684210526315788,135.0,1.0,0.9736842105263158,False,low,109
district,20.0,San Blas - Canillejas,Alimentacion,Supermercado y conveniencia,Tienda de alimentacion,74,7,0.0945945945945946,135.0,0.9729729729729729,0.9729729729729729,False,low,110
district,20.0,San Blas - Canillejas,Servicios,Servicios al consumidor,Locutorio,32,14,0.4375,135.0,1.0,0.96875,False,low,111
district,20.0,San Blas - Canillejas,Deporte y ocio,Ocio y entretenimiento,Ocio y entretenimiento,28,3,0.10714285714285714,135.0,1.0,0.9642857142857143,False,low,112
district,20.0,San Blas - Canillejas,Alimentacion,Supermercado y conveniencia,Supermercado,54,7,0.12962962962962962,135.0,0.9814814814814815,0.962962962962963,False,low,113
district,20.0,San Blas - Canillejas,Servicios,Servicios profesionales,Inmobiliaria,25,7,0.28,135.0,0.96,0.96,False,low,114
district,20.0,San Blas - Canillejas,Retail especializado,Moda y complementos,Moda,123,21,0.17073170731707318,135.0,0.991869918699187,0.9593495934959351,True,medium,115
district,20.0,San Blas - Canillejas,Finanzas,Finanzas y seguros,Banco y caja,95,36,0.37894736842105264,135.0,0.9789473684210527,0.9578947368421052,True,medium,116
district,20.0,San Blas - Canillejas,Salud y bienestar,Clinicas y consultas,Fisioterapia,22,2,0.09090909090909091,135.0,1.0,0.9545454545454546,False,low,117
district,20.0,San Blas - Canillejas,Servicios,Servicios personales,Lavanderia y tintoreria,20,3,0.15,135.0,1.0,0.95,False,low,118
district,20.0,San Blas - Canillejas,Salud y bienestar,Clinicas y consultas,Clinicas y consultas,20,4,0.2,135.0,0.95,0.95,False,low,119
district,20.0,San Blas - Canillejas,Servicios,Servicios profesionales,Oficina y administracion,19,5,0.2631578947368421,135.0,0.9473684210526316,0.9473684210526316,False,low,120
district,20.0,San Blas - Canillejas,Retail especializado,Conveniencia,Bazar y precio unico,33,6,0.18181818181818182,135.0,0.9696969696969697,0.9393939393939394,False,low,121
district,20.0,San Blas - Canillejas,Servicios,Servicios profesionales,Servicios profesionales,25,7,0.28,135.0,1.0,0.92,False,low,122
district,20.0,San Blas - Canillejas,Alimentacion,Comida preparada,Comida preparada,11,4,0.36363636363636365,135.0,0.9090909090909091,0.9090909090909091,False,low,123
district,20.0,San Blas - Canillejas,Retail especializado,Hogar y reformas,Puertas y ventanas,9,3,0.3333333333333333,135.0,0.8888888888888888,0.8888888888888888,False,low,124
district,20.0,San Blas - Canillejas,Retail especializado,Electronica y telecom,Electronica y telecom,8,3,0.375,135.0,0.875,0.875,False,low,125
district,20.0,San Blas - Canillejas,Belleza y cuidado personal,Peluqueria y estetica,Centro de estetica,31,7,0.22580645161290322,135.0,0.903225806451613,0.870967741935484,False,low,126
district,20.0,San Blas - Canillejas,Retail especializado,Hogar y regalos,Floristeria,13,3,0.23076923076923078,135.0,0.9230769230769231,0.8461538461538461,False,low,127
district,20.0,San Blas - Canillejas,Salud y bienestar,Clinicas y consultas,Veterinaria,13,3,0.23076923076923078,135.0,0.9230769230769231,0.8461538461538461,False,low,128
district,20.0,San Blas - Canillejas,Hosteleria,Ocio nocturno,Discoteca,5,1,0.2,135.0,0.8,0.8,False,low,129
district,20.0,San Blas - Canillejas,Retail especializado,Hogar y reformas,Material electrico,4,1,0.25,135.0,0.75,0.75,False,low,130
district,20.0,San Blas - Canillejas,Hosteleria,Bar y cafeteria,Heladeria y salon de te,3,2,0.6666666666666666,58.0,0.6666666666666667,0.6666666666666667,False,low,131
district,21.0,Barajas,Hosteleria,Bar y cafeteria,Bar con cocina,50,1,0.02,135.0,1.0,1.0,False,low,1
district,21.0,Barajas,Belleza y cuidado personal,Peluqueria y estetica,Peluqueria,48,2,0.041666666666666664,135.0,1.0,1.0,False,low,2
district,21.0,Barajas,Hosteleria,Bar y cafeteria,Cafeteria,46,0,0.0,135.0,1.0,1.0,False,low,3
district,21.0,Barajas,Hosteleria,Restauracion,Restaurante,41,2,0.04878048780487805,135.0,1.0,1.0,False,low,4
district,21.0,Barajas,Educacion,Formacion,Educacion y formacion,21,0,0.0,135.0,1.0,1.0,False,low,5
district,21.0,Barajas,Alimentacion,Alimentacion fresca,Fruteria,16,1,0.0625,135.0,1.0,1.0,False,low,6
district,21.0,Barajas,Salud y bienestar,Clinicas y consultas,Fisioterapia,15,1,0.06666666666666667,135.0,1.0,1.0,False,low,7
district,21.0,Barajas,Alimentacion,Supermercado y conveniencia,Supermercado,15,1,0.06666666666666667,135.0,1.0,1.0,False,low,8
district,21.0,Barajas,Retail especializado,Conveniencia,Bazar y precio unico,13,0,0.0,135.0,1.0,1.0,False,low,9
district,21.0,Barajas,Hosteleria,Restauracion,Comida rapida,13,0,0.0,135.0,1.0,1.0,False,low,10
district,21.0,Barajas,Automocion,Taller y reparacion,Taller mecanica,13,0,0.0,135.0,1.0,1.0,False,low,11
district,21.0,Barajas,Salud y bienestar,Clinicas y consultas,Consulta medica,11,1,0.09090909090909091,135.0,1.0,1.0,False,low,12
district,21.0,Barajas,Salud y bienestar,Clinicas y consultas,Clinica dental,10,0,0.0,135.0,1.0,1.0,False,low,13
district,21.0,Barajas,Hosteleria,Catering y colectividades,Comedor colectivo,10,0,0.0,71.0,1.0,1.0,False,low,14
district,21.0,Barajas,Educacion,Educacion infantil,Escuela infantil,10,1,0.1,135.0,1.0,1.0,False,low,15
district,21.0,Barajas,Retail especializado,Moda y complementos,Joyeria y relojeria,10,1,0.1,135.0,1.0,1.0,False,low,16
district,21.0,Barajas,Salud y bienestar,Clinicas y consultas,Clinicas y consultas,9,1,0.1111111111111111,135.0,1.0,1.0,False,low,17
district,21.0,Barajas,Retail especializado,Hogar y reformas,Ferreteria,9,0,0.0,135.0,1.0,1.0,False,low,18
district,21.0,Barajas,Retail especializado,Hogar y decoracion,Muebles,9,2,0.2222222222222222,135.0,1.0,1.0,False,low,19
district,21.0,Barajas,Salud y bienestar,Clinicas y consultas,Veterinaria,9,0,0.0,135.0,1.0,1.0,False,low,20
district,21.0,Barajas,Educacion,Formacion,Autoescuela,8,1,0.125,135.0,1.0,1.0,False,low,21
district,21.0,Barajas,Retail especializado,Moda y complementos,Calzado,8,2,0.25,135.0,1.0,1.0,False,low,22
district,21.0,Barajas,Alimentacion,Alimentacion fresca,Charcuteria,8,0,0.0,135.0,1.0,1.0,False,low,23
district,21.0,Barajas,Salud y bienestar,Salud retail,Optica,8,2,0.25,135.0,1.0,1.0,False,low,24
district,21.0,Barajas,Servicios,Servicios profesionales,Publicidad y marketing,7,0,0.0,135.0,1.0,1.0,False,low,25
district,21.0,Barajas,Salud y bienestar,Salud retail,Salud retail,7,0,0.0,135.0,1.0,1.0,False,low,26
district,21.0,Barajas,Alimentacion,Supermercado y conveniencia,Alimentacion envasada,6,1,0.16666666666666666,131.0,1.0,1.0,False,low,27
district,21.0,Barajas,Alimentacion,Alimentacion fresca,Aves y huevos,6,0,0.0,135.0,1.0,1.0,False,low,28
district,21.0,Barajas,Alimentacion,Alimentacion fresca,Carniceria y charcuteria,6,0,0.0,135.0,1.0,1.0,False,low,29
district,21.0,Barajas,Belleza y cuidado personal,Peluqueria y estetica,Centro de estetica,6,3,0.5,109.0,1.0,1.0,False,low,30
district,21.0,Barajas,Alojamiento,Alojamiento turistico,Hostal,6,0,0.0,135.0,1.0,1.0,False,low,31
district,21.0,Barajas,Retail especializado,Moda y complementos,Moda y complementos,6,0,0.0,135.0,1.0,1.0,False,low,32
district,21.0,Barajas,Servicios,Servicios profesionales,Arquitectura e ingenieria,5,0,0.0,135.0,1.0,1.0,False,low,33
district,21.0,Barajas,Servicios,Servicios personales,Arreglo de ropa,5,0,0.0,135.0,1.0,1.0,False,low,34
district,21.0,Barajas,Alimentacion,Comida preparada,Comida preparada,5,0,0.0,135.0,1.0,1.0,False,low,35
district,21.0,Barajas,Retail especializado,Electronica y telecom,Electronica y telecom,5,3,0.6,81.0,1.0,1.0,False,low,36
district,21.0,Barajas,Retail especializado,Conveniencia,Estanco,5,0,0.0,135.0,1.0,1.0,False,low,37
district,21.0,Barajas,Deporte y ocio,Fitness y deporte,Gimnasio,5,0,0.0,135.0,1.0,1.0,False,low,38
district,21.0,Barajas,Alimentacion,Alimentacion fresca,Pescaderia,5,0,0.0,135.0,1.0,1.0,False,low,39
district,21.0,Barajas,Hosteleria,Bar y cafeteria,Taberna,5,0,0.0,135.0,1.0,1.0,False,low,40
district,21.0,Barajas,Retail especializado,Hogar y decoracion,Textil hogar,5,1,0.2,135.0,1.0,1.0,False,low,41
district,21.0,Barajas,Alojamiento,Alojamiento turistico,Alojamiento turistico,4,0,0.0,135.0,1.0,1.0,False,low,42
district,21.0,Barajas,Retail especializado,Hogar y regalos,Floristeria,4,1,0.25,135.0,1.0,1.0,False,low,43
district,21.0,Barajas,Alimentacion,Especialistas alimentacion,Bodega,3,0,0.0,135.0,1.0,1.0,False,low,44
district,21.0,Barajas,Alimentacion,Alimentacion fresca,Carniceria,3,0,0.0,135.0,1.0,1.0,False,low,45
district,21.0,Barajas,Salud y bienestar,Clinicas y consultas,Clinica medica,3,2,0.6666666666666666,128.0,1.0,1.0,False,low,46
district,21.0,Barajas,Retail especializado,Electronica y telecom,Electronica,3,1,0.3333333333333333,135.0,1.0,1.0,False,low,47
district,21.0,Barajas,Deporte y ocio,Fitness y deporte,Instalacion deportiva,3,0,0.0,135.0,1.0,1.0,False,low,48
district,21.0,Barajas,Retail especializado,Hogar y reformas,Puertas y ventanas,3,0,0.0,135.0,1.0,1.0,False,low,49
district,21.0,Barajas,Servicios,Servicios personales,Reparacion de calzado,3,0,0.0,135.0,1.0,1.0,False,low,50
district,21.0,Barajas,Servicios,Servicios personales,Reparacion especializada,3,0,0.0,135.0,1.0,1.0,False,low,51
district,21.0,Barajas,Automocion,Taller y reparacion,Taller automovil,3,0,0.0,135.0,1.0,1.0,False,low,52
district,21.0,Barajas,Automocion,Taller y reparacion,Taller chapa y pintura,3,0,0.0,135.0,1.0,1.0,False,low,53
district,21.0,Barajas,Automocion,Venta y recambios,Venta de coches nuevos,3,0,0.0,135.0,1.0,1.0,False,low,54
district,21.0,Barajas,Belleza y cuidado personal,Servicios personales,Belleza y cuidado personal,2,1,0.5,97.5,1.0,1.0,False,low,55
district,21.0,Barajas,Educacion,Educacion infantil,Centro de cuidado infantil,2,0,0.0,135.0,1.0,1.0,False,low,56
district,21.0,Barajas,Deporte y ocio,Fitness y deporte,Club deportivo,2,1,0.5,86.5,1.0,1.0,False,low,57
district,21.0,Barajas,Automocion,Servicios automocion,Gasolinera,2,0,0.0,135.0,1.0,1.0,False,low,58
district,21.0,Barajas,Retail especializado,Hogar y decoracion,Hogar y menaje,2,1,0.5,108.0,1.0,1.0,False,low,59
district,21.0,Barajas,Retail especializado,Cultura y ocio,Jugueteria,2,0,0.0,135.0,1.0,1.0,False,low,60
district,21.0,Barajas,Retail especializado,Hogar y decoracion,Muebles de cocina,2,0,0.0,135.0,1.0,1.0,False,low,61
district,21.0,Barajas,Salud y bienestar,Clinicas y consultas,Parasanitario,2,0,0.0,135.0,1.0,1.0,False,low,62
district,21.0,Barajas,Retail especializado,Hogar y reformas,Saneamientos,2,0,0.0,135.0,1.0,1.0,False,low,63
district,21.0,Barajas,Finanzas,Finanzas y seguros,Seguros,2,0,0.0,135.0,1.0,1.0,False,low,64
district,21.0,Barajas,Servicios,Servicios profesionales,Tecnologia y software,2,0,0.0,135.0,1.0,1.0,False,low,65
district,21.0,Barajas,Retail especializado,Conveniencia,Tienda multiproducto,2,1,0.5,116.5,1.0,1.0,False,low,66
district,21.0,Barajas,Retail especializado,Hogar y reformas,Bricolaje,1,0,0.0,135.0,1.0,1.0,False,low,67
district,21.0,Barajas,Belleza y cuidado personal,Peluqueria y estetica,Bronceado,1,0,0.0,135.0,1.0,1.0,False,low,68
district,21.0,Barajas,Alimentacion,Alimentacion fresca,Casqueria,1,0,0.0,135.0,1.0,1.0,False,low,69
district,21.0,Barajas,Retail especializado,Hogar y decoracion,Colchoneria,1,0,0.0,135.0,1.0,1.0,False,low,70
district,21.0,Barajas,Alimentacion,Especialistas alimentacion,Congelados,1,0,0.0,135.0,1.0,1.0,False,low,71
district,21.0,Barajas,Hosteleria,Ocio nocturno,Discoteca,1,0,0.0,135.0,1.0,1.0,False,low,72
district,21.0,Barajas,Servicios,Servicios profesionales,Fotografia,1,1,1.0,66.0,1.0,1.0,False,low,73
district,21.0,Barajas,Alimentacion,Especialistas alimentacion,Frutos secos y encurtidos,1,0,0.0,135.0,1.0,1.0,False,low,74
district,21.0,Barajas,Retail especializado,Hogar y decoracion,Menaje del hogar,1,0,0.0,135.0,1.0,1.0,False,low,75
district,21.0,Barajas,Automocion,Venta y recambios,Motos y reparacion,1,0,0.0,135.0,1.0,1.0,False,low,76
district,21.0,Barajas,Alimentacion,Panaderia y pasteleria,Pasteleria y reposteria,1,0,0.0,135.0,1.0,1.0,False,low,77
district,21.0,Barajas,Salud y bienestar,Clinicas y consultas,Podologia,1,0,0.0,135.0,1.0,1.0,False,low,78
district,21.0,Barajas,Automocion,Venta y recambios,Recambios automovil,1,0,0.0,135.0,1.0,1.0,False,low,79
district,21.0,Barajas,Automocion,Venta y recambios,Venta de coches usados,1,0,0.0,135.0,1.0,1.0,False,low,80
district,21.0,Barajas,Hosteleria,Bar y cafeteria,Bar restaurante,58,2,0.034482758620689655,135.0,0.9827586206896551,0.9827586206896551,False,low,81
district,21.0,Barajas,Servicios,Logistica y movilidad,Logistica y movilidad,77,13,0.16883116883116883,135.0,0.974025974025974,0.974025974025974,False,low,82
district,21.0,Barajas,Salud y bienestar,Salud retail,Farmacia,25,1,0.04,135.0,0.96,0.96,False,low,83
district,21.0,Barajas,Hosteleria,Bar y cafeteria,Bar especial,20,3,0.15,135.0,0.95,0.95,False,low,84
district,21.0,Barajas,Servicios,Servicios profesionales,Servicios profesionales,13,2,0.15384615384615385,135.0,1.0,0.9230769230769231,False,low,85
district,21.0,Barajas,Retail especializado,Moda y complementos,Moda,37,9,0.24324324324324326,135.0,0.9459459459459459,0.9189189189189189,False,low,86
district,21.0,Barajas,Alojamiento,Alojamiento turistico,Hotel,12,1,0.08333333333333333,135.0,1.0,0.9166666666666666,False,low,87
district,21.0,Barajas,Servicios,Servicios profesionales,Inmobiliaria,12,4,0.3333333333333333,126.5,0.9166666666666666,0.9166666666666666,False,low,88
district,21.0,Barajas,Hosteleria,Bar y cafeteria,Bar sin cocina,20,2,0.1,135.0,0.9,0.9,False,low,89
district,21.0,Barajas,Finanzas,Finanzas y seguros,Banco y caja,38,12,0.3157894736842105,135.0,0.9736842105263158,0.8947368421052633,False,low,90
district,21.0,Barajas,Alimentacion,Supermercado y conveniencia,Tienda de alimentacion,18,3,0.16666666666666666,135.0,1.0,0.8888888888888888,False,low,91
district,21.0,Barajas,Retail especializado,Otros comercios,Otros comercios,8,1,0.125,135.0,1.0,0.875,False,low,92
district,21.0,Barajas,Retail especializado,Cultura y ocio,Papeleria y prensa,8,2,0.25,135.0,1.0,0.875,False,low,93
district,21.0,Barajas,Hosteleria,Restauracion,Hosteleria especializada,8,1,0.125,135.0,0.875,0.875,False,low,94
district,21.0,Barajas,Servicios,Servicios profesionales,Asesoria y contabilidad,7,1,0.14285714285714285,135.0,0.8571428571428572,0.8571428571428572,False,low,95
district,21.0,Barajas,Salud y bienestar,Salud retail,Herbolario,6,2,0.3333333333333333,135.0,1.0,0.8333333333333334,False,low,96
district,21.0,Barajas,Servicios,Servicios al consumidor,Locutorio,6,1,0.16666666666666666,135.0,1.0,0.8333333333333334,False,low,97
district,21.0,Barajas,Belleza y cuidado personal,Cosmetica y perfumeria,Perfumeria y cosmetica,12,2,0.16666666666666666,135.0,0.8333333333333334,0.8333333333333334,False,low,98
district,21.0,Barajas,Servicios,Servicios personales,Lavanderia y tintoreria,11,4,0.36363636363636365,118.0,1.0,0.8181818181818181,False,low,99
district,21.0,Barajas,Servicios,Servicios profesionales,Oficina y administracion,16,4,0.25,135.0,0.875,0.8125,False,low,100
district,21.0,Barajas,Retail especializado,Electronica y telecom,Informatica,5,1,0.2,135.0,1.0,0.8,False,low,101
district,21.0,Barajas,Retail especializado,Cultura y ocio,Libreria,5,2,0.4,135.0,0.8,0.8,False,low,102
district,21.0,Barajas,Hosteleria,Bar y cafeteria,Heladeria y salon de te,4,1,0.25,135.0,0.75,0.75,False,low,103
district,21.0,Barajas,Alimentacion,Panaderia y pasteleria,Panaderia,4,1,0.25,123.0,0.75,0.75,False,low,104
district,21.0,Barajas,Deporte y ocio,Ocio y entretenimiento,Ocio y entretenimiento,7,3,0.42857142857142855,135.0,0.8571428571428572,0.7142857142857144,False,low,105
district,21.0,Barajas,Retail especializado,Electronica y telecom,Telefonia,5,2,0.4,135.0,1.0,0.6000000000000001,False,low,106
district,21.0,Barajas,Servicios,Servicios profesionales,Telecomunicaciones,5,3,0.6,25.0,0.6000000000000001,0.6000000000000001,False,low,107
district,21.0,Barajas,Finanzas,Finanzas y seguros,Servicios auxiliares seguros,2,1,0.5,72.5,0.5,0.5,False,low,108
district,21.0,Barajas,Deporte y ocio,Ocio y entretenimiento,Celebraciones infantiles,1,1,1.0,2.0,0.0,0.0,False,low,109
district,21.0,Barajas,Alimentacion,Especialistas alimentacion,Heladeria,1,1,1.0,4.0,0.0,0.0,False,low,110
district,3.0,Retiro,Servicios,Logistica y movilidad,Logistica y movilidad,74,9,0.12162162162162163,135.0,1.0,1.0,False,low,1
district,3.0,Retiro,Alimentacion,Alimentacion fresca,Fruteria,68,9,0.1323529411764706,135.0,1.0,1.0,False,low,2
district,3.0,Retiro,Hosteleria,Bar y cafeteria,Cafeteria,66,4,0.06060606060606061,135.0,1.0,1.0,False,low,3
district,3.0,Retiro,Salud y bienestar,Salud retail,Farmacia,63,2,0.031746031746031744,135.0,1.0,1.0,False,low,4
district,3.0,Retiro,Automocion,Taller y reparacion,Taller mecanica,37,3,0.08108108108108109,135.0,1.0,1.0,False,low,5
district,3.0,Retiro,Retail especializado,Hogar y reformas,Ferreteria,36,8,0.2222222222222222,135.0,1.0,1.0,False,low,6
district,3.0,Retiro,Alimentacion,Supermercado y conveniencia,Supermercado,32,4,0.125,135.0,1.0,1.0,False,low,7
district,3.0,Retiro,Hosteleria,Catering y colectividades,Comedor colectivo,30,1,0.03333333333333333,123.0,1.0,1.0,False,low,8
district,3.0,Retiro,Educacion,Formacion,Educacion y formacion,29,0,0.0,135.0,1.0,1.0,False,low,9
district,3.0,Retiro,Retail especializado,Conveniencia,Bazar y precio unico,28,5,0.17857142857142858,135.0,1.0,1.0,False,low,10
district,3.0,Retiro,Retail especializado,Hogar y decoracion,Muebles,27,6,0.2222222222222222,135.0,1.0,1.0,False,low,11
district,3.0,Retiro,Retail especializado,Conveniencia,Estanco,26,3,0.11538461538461539,135.0,1.0,1.0,False,low,12
district,3.0,Retiro,Alimentacion,Alimentacion fresca,Pescaderia,26,3,0.11538461538461539,135.0,1.0,1.0,False,low,13
district,3.0,Retiro,Salud y bienestar,Salud retail,Optica,25,3,0.12,135.0,1.0,1.0,False,low,14
district,3.0,Retiro,Retail especializado,Hogar y decoracion,Textil hogar,25,2,0.08,135.0,1.0,1.0,False,low,15
district,3.0,Retiro,Alimentacion,Alimentacion fresca,Carniceria,20,2,0.1,135.0,1.0,1.0,False,low,16
district,3.0,Retiro,Belleza y cuidado personal,Cosmetica y perfumeria,Perfumeria y cosmetica,20,7,0.35,135.0,1.0,1.0,False,low,17
district,3.0,Retiro,Servicios,Servicios profesionales,Arquitectura e ingenieria,19,5,0.2631578947368421,135.0,1.0,1.0,False,low,18
district,3.0,Retiro,Servicios,Servicios personales,Arreglo de ropa,19,3,0.15789473684210525,135.0,1.0,1.0,False,low,19
district,3.0,Retiro,Retail especializado,Hogar y regalos,Floristeria,19,4,0.21052631578947367,135.0,1.0,1.0,False,low,20
district,3.0,Retiro,Alimentacion,Especialistas alimentacion,Frutos secos y encurtidos,19,0,0.0,135.0,1.0,1.0,False,low,21
district,3.0,Retiro,Servicios,Servicios personales,Reparacion especializada,19,2,0.10526315789473684,135.0,1.0,1.0,False,low,22
district,3.0,Retiro,Educacion,Educacion infantil,Escuela infantil,18,1,0.05555555555555555,135.0,1.0,1.0,False,low,23
district,3.0,Retiro,Deporte y ocio,Fitness y deporte,Gimnasio,18,0,0.0,135.0,1.0,1.0,False,low,24
district,3.0,Retiro,Salud y bienestar,Salud retail,Salud retail,18,1,0.05555555555555555,135.0,1.0,1.0,False,low,25
district,3.0,Retiro,Salud y bienestar,Clinicas y consultas,Clinica dental,17,1,0.058823529411764705,135.0,1.0,1.0,False,low,26
district,3.0,Retiro,Automocion,Venta y recambios,Venta de coches nuevos,16,2,0.125,135.0,1.0,1.0,False,low,27
district,3.0,Retiro,Hosteleria,Bar y cafeteria,Bar especial,15,1,0.06666666666666667,135.0,1.0,1.0,False,low,28
district,3.0,Retiro,Servicios,Servicios personales,Reparacion de calzado,15,1,0.06666666666666667,135.0,1.0,1.0,False,low,29
district,3.0,Retiro,Retail especializado,Cultura y ocio,Deporte,14,1,0.07142857142857142,135.0,1.0,1.0,False,low,30
district,3.0,Retiro,Retail especializado,Electronica y telecom,Electronica,14,3,0.21428571428571427,135.0,1.0,1.0,False,low,31
district,3.0,Retiro,Salud y bienestar,Clinicas y consultas,Veterinaria,14,2,0.14285714285714285,135.0,1.0,1.0,False,low,32
district,3.0,Retiro,Educacion,Formacion,Autoescuela,13,0,0.0,135.0,1.0,1.0,False,low,33
district,3.0,Retiro,Alimentacion,Alimentacion fresca,Charcuteria,13,1,0.07692307692307693,135.0,1.0,1.0,False,low,34
district,3.0,Retiro,Retail especializado,Electronica y telecom,Informatica,13,5,0.38461538461538464,135.0,1.0,1.0,False,low,35
district,3.0,Retiro,Alimentacion,Alimentacion fresca,Aves y huevos,12,0,0.0,135.0,1.0,1.0,False,low,36
district,3.0,Retiro,Salud y bienestar,Clinicas y consultas,Clinicas y consultas,12,1,0.08333333333333333,135.0,1.0,1.0,False,low,37
district,3.0,Retiro,Retail especializado,Cultura y ocio,Jugueteria,11,3,0.2727272727272727,135.0,1.0,1.0,False,low,38
district,3.0,Retiro,Hosteleria,Bar y cafeteria,Taberna,11,0,0.0,135.0,1.0,1.0,False,low,39
district,3.0,Retiro,Automocion,Taller y reparacion,Taller automovil,11,0,0.0,135.0,1.0,1.0,False,low,40
district,3.0,Retiro,Automocion,Taller y reparacion,Taller chapa y pintura,11,0,0.0,135.0,1.0,1.0,False,low,41
district,3.0,Retiro,Servicios,Servicios profesionales,Consultoria empresarial,10,0,0.0,135.0,1.0,1.0,False,low,42
district,3.0,Retiro,Automocion,Venta y recambios,Recambios automovil,10,2,0.2,135.0,1.0,1.0,False,low,43
district,3.0,Retiro,Finanzas,Finanzas y seguros,Seguros,10,4,0.4,135.0,1.0,1.0,False,low,44
district,3.0,Retiro,Retail especializado,Cultura y ocio,Libreria,9,2,0.2222222222222222,135.0,1.0,1.0,False,low,45
district,3.0,Retiro,Retail especializado,Hogar y reformas,Material electrico,9,1,0.1111111111111111,135.0,1.0,1.0,False,low,46
district,3.0,Retiro,Servicios,Servicios profesionales,Servicios profesionales,9,3,0.3333333333333333,135.0,1.0,1.0,False,low,47
district,3.0,Retiro,Servicios,Servicios profesionales,Tecnologia y software,9,0,0.0,135.0,1.0,1.0,False,low,48
district,3.0,Retiro,Servicios,Servicios profesionales,Despacho juridico,8,0,0.0,135.0,1.0,1.0,False,low,49
district,3.0,Retiro,Retail especializado,Conveniencia,Tienda multiproducto,8,2,0.25,135.0,1.0,1.0,False,low,50
district,3.0,Retiro,Alimentacion,Especialistas alimentacion,Bodega,7,3,0.42857142857142855,135.0,1.0,1.0,False,low,51
district,3.0,Retiro,Alimentacion,Alimentacion fresca,Carniceria y charcuteria,7,1,0.14285714285714285,135.0,1.0,1.0,False,low,52
district,3.0,Retiro,Alimentacion,Especialistas alimentacion,Congelados,7,1,0.14285714285714285,135.0,1.0,1.0,False,low,53
district,3.0,Retiro,Hosteleria,Restauracion,Comida rapida,6,0,0.0,135.0,1.0,1.0,False,low,54
district,3.0,Retiro,Automocion,Venta y recambios,Motos y reparacion,6,1,0.16666666666666666,135.0,1.0,1.0,False,low,55
district,3.0,Retiro,Finanzas,Finanzas y seguros,Servicios auxiliares seguros,6,3,0.5,132.0,1.0,1.0,False,low,56
district,3.0,Retiro,Retail especializado,Cultura y ocio,Bicicletas,5,2,0.4,135.0,1.0,1.0,False,low,57
district,3.0,Retiro,Alimentacion,Comida preparada,Comida preparada,5,0,0.0,135.0,1.0,1.0,False,low,58
district,3.0,Retiro,Retail especializado,Hogar y decoracion,Menaje del hogar,5,1,0.2,135.0,1.0,1.0,False,low,59
district,3.0,Retiro,Salud y bienestar,Clinicas y consultas,Parasanitario,5,0,0.0,135.0,1.0,1.0,False,low,60
district,3.0,Retiro,Retail especializado,Hogar y reformas,Puertas y ventanas,5,1,0.2,135.0,1.0,1.0,False,low,61
district,3.0,Retiro,Automocion,Venta y recambios,Venta de coches usados,5,0,0.0,135.0,1.0,1.0,False,low,62
district,3.0,Retiro,Automocion,Venta y recambios,Venta de motos,5,0,0.0,135.0,1.0,1.0,False,low,63
district,3.0,Retiro,Finanzas,Finanzas y seguros,Finanzas y seguros,4,1,0.25,135.0,1.0,1.0,False,low,64
district,3.0,Retiro,Retail especializado,Hogar y reformas,Materiales de construccion,4,2,0.5,93.0,1.0,1.0,False,low,65
district,3.0,Retiro,Retail especializado,Hogar y reformas,Bricolaje,3,1,0.3333333333333333,135.0,1.0,1.0,False,low,66
district,3.0,Retiro,Hosteleria,Catering y colectividades,Eventos y banquetes,3,1,0.3333333333333333,135.0,1.0,1.0,False,low,67
district,3.0,Retiro,Educacion,Formacion,Formacion no reglada,3,0,0.0,111.0,1.0,1.0,False,low,68
district,3.0,Retiro,Retail especializado,Moda y complementos,Moda y complementos,3,1,0.3333333333333333,135.0,1.0,1.0,False,low,69
district,3.0,Retiro,Alimentacion,Panaderia y pasteleria,Pasteleria y reposteria,3,1,0.3333333333333333,135.0,1.0,1.0,False,low,70
district,3.0,Retiro,Servicios,Servicios profesionales,Publicidad y marketing,3,1,0.3333333333333333,81.0,1.0,1.0,False,low,71
district,3.0,Retiro,Hosteleria,Bar y cafeteria,Bar especial con actuaciones,2,1,0.5,96.5,1.0,1.0,False,low,72
district,3.0,Retiro,Hosteleria,Bar y cafeteria,Churreria,2,0,0.0,135.0,1.0,1.0,False,low,73
district,3.0,Retiro,Deporte y ocio,Fitness y deporte,Club deportivo,2,1,0.5,40.0,1.0,1.0,False,low,74
district,3.0,Retiro,Hosteleria,Ocio nocturno,Discoteca,2,0,0.0,135.0,1.0,1.0,False,low,75
district,3.0,Retiro,Automocion,Servicios automocion,Gasolinera,2,0,0.0,135.0,1.0,1.0,False,low,76
district,3.0,Retiro,Alimentacion,Supermercado y conveniencia,Gran superficie alimentacion,2,0,0.0,135.0,1.0,1.0,False,low,77
district,3.0,Retiro,Hosteleria,Bar y cafeteria,Heladeria,2,0,0.0,135.0,1.0,1.0,False,low,78
district,3.0,Retiro,Retail especializado,Hogar y decoracion,Iluminacion,2,0,0.0,135.0,1.0,1.0,False,low,79
district,3.0,Retiro,Alimentacion,Especialistas alimentacion,Lacteos y bebidas,2,1,0.5,97.0,1.0,1.0,False,low,80
district,3.0,Retiro,Salud y bienestar,Clinicas y consultas,Optometria,2,0,0.0,135.0,1.0,1.0,False,low,81
district,3.0,Retiro,Salud y bienestar,Clinicas y consultas,Podologia,2,0,0.0,135.0,1.0,1.0,False,low,82
district,3.0,Retiro,Deporte y ocio,Ocio y entretenimiento,Salon recreativo,2,0,0.0,135.0,1.0,1.0,False,low,83
district,3.0,Retiro,Retail especializado,Hogar y reformas,Saneamientos,2,1,0.5,108.0,1.0,1.0,False,low,84
district,3.0,Retiro,Belleza y cuidado personal,Servicios personales,Tattoo y piercing,2,1,0.5,108.0,1.0,1.0,False,low,85
district,3.0,Retiro,Automocion,Taller y reparacion,Accesorios automovil,1,0,0.0,135.0,1.0,1.0,False,low,86
district,3.0,Retiro,Belleza y cuidado personal,Peluqueria y estetica,Bronceado,1,0,0.0,135.0,1.0,1.0,False,low,87
district,3.0,Retiro,Alimentacion,Especialistas alimentacion,Cafe e infusiones,1,1,1.0,111.0,1.0,1.0,False,low,88
district,3.0,Retiro,Hosteleria,Ocio nocturno,Cafe espectaculo,1,0,0.0,135.0,1.0,1.0,False,low,89
district,3.0,Retiro,Alimentacion,Alimentacion fresca,Casqueria,1,0,0.0,135.0,1.0,1.0,False,low,90
district,3.0,Retiro,Educacion,Educacion infantil,Centro de cuidado infantil,1,0,0.0,135.0,1.0,1.0,False,low,91
district,3.0,Retiro,Belleza y cuidado personal,Peluqueria y estetica,Fotodepilacion,1,0,0.0,135.0,1.0,1.0,False,low,92
district,3.0,Retiro,Alimentacion,Especialistas alimentacion,Golosinas,1,1,1.0,124.0,1.0,1.0,False,low,93
district,3.0,Retiro,Hosteleria,Restauracion,Hosteleria especializada,1,0,0.0,135.0,1.0,1.0,False,low,94
district,3.0,Retiro,Deporte y ocio,Fitness y deporte,Instalacion deportiva,1,0,0.0,54.0,1.0,1.0,False,low,95
district,3.0,Retiro,Servicios,Servicios profesionales,Servicios digitales,1,0,0.0,135.0,1.0,1.0,False,low,96
district,3.0,Retiro,Hosteleria,Bar y cafeteria,Bar restaurante,136,4,0.029411764705882353,135.0,1.0,0.9926470588235294,False,low,97
district,3.0,Retiro,Hosteleria,Restauracion,Restaurante,71,4,0.056338028169014086,135.0,1.0,0.9859154929577465,False,low,98
district,3.0,Retiro,Belleza y cuidado personal,Peluqueria y estetica,Peluqueria,156,26,0.16666666666666666,135.0,0.9871794871794872,0.9807692307692308,True,high,99
district,3.0,Retiro,Alimentacion,Supermercado y conveniencia,Tienda de alimentacion,47,7,0.14893617021276595,135.0,0.9787234042553191,0.9787234042553191,False,low,100
district,3.0,Retiro,Hosteleria,Bar y cafeteria,Bar con cocina,79,5,0.06329113924050633,135.0,1.0,0.9746835443037976,False,low,101
district,3.0,Retiro,Retail especializado,Moda y complementos,Joyeria y relojeria,39,5,0.1282051282051282,135.0,1.0,0.9743589743589743,False,low,102
district,3.0,Retiro,Retail especializado,Moda y complementos,Calzado,34,4,0.11764705882352941,135.0,1.0,0.9705882352941176,False,low,103
district,3.0,Retiro,Hosteleria,Bar y cafeteria,Bar sin cocina,34,2,0.058823529411764705,135.0,0.9705882352941176,0.9705882352941176,False,low,104
district,3.0,Retiro,Servicios,Servicios profesionales,Oficina y administracion,29,10,0.3448275862068966,135.0,1.0,0.9655172413793104,False,low,105
district,3.0,Retiro,Servicios,Servicios profesionales,Asesoria y contabilidad,28,7,0.25,135.0,1.0,0.9642857142857143,False,low,106
district,3.0,Retiro,Alimentacion,Panaderia y pasteleria,Panaderia,26,2,0.07692307692307693,135.0,0.9615384615384616,0.9615384615384616,False,low,107
district,3.0,Retiro,Deporte y ocio,Ocio y entretenimiento,Ocio y entretenimiento,24,3,0.125,135.0,1.0,0.9583333333333334,False,low,108
district,3.0,Retiro,Servicios,Servicios personales,Lavanderia y tintoreria,22,5,0.22727272727272727,135.0,1.0,0.9545454545454546,False,low,109
district,3.0,Retiro,Salud y bienestar,Clinicas y consultas,Fisioterapia,21,1,0.047619047619047616,135.0,0.9523809523809523,0.9523809523809523,False,low,110
district,3.0,Retiro,Retail especializado,Cultura y ocio,Papeleria y prensa,21,3,0.14285714285714285,135.0,0.9523809523809523,0.9523809523809523,False,low,111
district,3.0,Retiro,Salud y bienestar,Salud retail,Herbolario,20,3,0.15,135.0,1.0,0.95,False,low,112
district,3.0,Retiro,Retail especializado,Moda y complementos,Moda,108,27,0.25,135.0,0.9907407407407407,0.9444444444444443,True,medium,113
district,3.0,Retiro,Finanzas,Finanzas y seguros,Banco y caja,120,44,0.36666666666666664,135.0,0.9833333333333333,0.9416666666666667,True,medium,114
district,3.0,Retiro,Retail especializado,Hogar y decoracion,Muebles de cocina,17,4,0.23529411764705882,135.0,1.0,0.9411764705882353,False,low,115
district,3.0,Retiro,Salud y bienestar,Clinicas y consultas,Clinica medica,33,5,0.15151515151515152,135.0,1.0,0.9393939393939394,False,low,116
district,3.0,Retiro,Belleza y cuidado personal,Peluqueria y estetica,Centro de estetica,33,8,0.24242424242424243,135.0,0.9696969696969697,0.9393939393939394,False,low,117
district,3.0,Retiro,Belleza y cuidado personal,Servicios personales,Belleza y cuidado personal,16,5,0.3125,135.0,1.0,0.9375,False,low,118
district,3.0,Retiro,Alimentacion,Supermercado y conveniencia,Alimentacion envasada,16,2,0.125,135.0,0.9375,0.9375,False,low,119
district,3.0,Retiro,Retail especializado,Otros comercios,Otros comercios,46,15,0.32608695652173914,135.0,1.0,0.9347826086956522,False,low,120
district,3.0,Retiro,Retail especializado,Electronica y telecom,Telefonia,15,5,0.3333333333333333,135.0,1.0,0.9333333333333333,False,low,121
district,3.0,Retiro,Servicios,Servicios profesionales,Inmobiliaria,29,9,0.3103448275862069,135.0,0.9655172413793104,0.9310344827586208,False,low,122
district,3.0,Retiro,Salud y bienestar,Clinicas y consultas,Consulta medica,12,2,0.16666666666666666,135.0,0.9166666666666666,0.9166666666666666,False,low,123
district,3.0,Retiro,Belleza y cuidado personal,Peluqueria y estetica,Instituto de belleza,11,1,0.09090909090909091,135.0,1.0,0.9090909090909091,False,low,124
district,3.0,Retiro,Retail especializado,Hogar y decoracion,Colchoneria,9,2,0.2222222222222222,135.0,1.0,0.8888888888888888,False,low,125
district,3.0,Retiro,Alojamiento,Alojamiento turistico,Hotel,9,3,0.3333333333333333,135.0,0.8888888888888888,0.8888888888888888,False,low,126
district,3.0,Retiro,Servicios,Servicios profesionales,Fotografia,7,2,0.2857142857142857,135.0,1.0,0.8571428571428572,False,low,127
district,3.0,Retiro,Servicios,Servicios profesionales,Telecomunicaciones,7,1,0.14285714285714285,135.0,0.8571428571428572,0.8571428571428572,False,low,128
district,3.0,Retiro,Retail especializado,Hogar y decoracion,Hogar y menaje,12,4,0.3333333333333333,135.0,0.8333333333333333,0.8333333333333333,False,low,129
district,3.0,Retiro,Servicios,Servicios al consumidor,Locutorio,16,9,0.5625,75.5,0.875,0.75,False,low,130
district,3.0,Retiro,Retail especializado,Electronica y telecom,Electrodomesticos,4,1,0.25,135.0,0.75,0.75,False,low,131
district,3.0,Retiro,Retail especializado,Electronica y telecom,Electronica y telecom,11,7,0.6363636363636364,108.0,1.0,0.7272727272727272,False,low,132
district,4.0,Salamanca,Salud y bienestar,Salud retail,Farmacia,112,2,0.017857142857142856,135.0,1.0,1.0,False,low,1
district,4.0,Salamanca,Retail especializado,Hogar y decoracion,Textil hogar,68,12,0.17647058823529413,135.0,1.0,1.0,False,low,2
district,4.0,Salamanca,Alimentacion,Supermercado y conveniencia,Tienda de alimentacion,57,7,0.12280701754385964,135.0,1.0,1.0,False,low,3
district,4.0,Salamanca,Automocion,Taller y reparacion,Taller chapa y pintura,44,2,0.045454545454545456,135.0,1.0,1.0,False,low,4
district,4.0,Salamanca,Retail especializado,Conveniencia,Bazar y precio unico,41,3,0.07317073170731707,135.0,1.0,1.0,False,low,5
district,4.0,Salamanca,Servicios,Servicios personales,Reparacion especializada,41,0,0.0,135.0,1.0,1.0,False,low,6
district,4.0,Salamanca,Retail especializado,Cultura y ocio,Libreria,38,6,0.15789473684210525,135.0,1.0,1.0,False,low,7
district,4.0,Salamanca,Salud y bienestar,Salud retail,Herbolario,33,7,0.21212121212121213,135.0,1.0,1.0,False,low,8
district,4.0,Salamanca,Retail especializado,Hogar y regalos,Floristeria,32,5,0.15625,135.0,1.0,1.0,False,low,9
district,4.0,Salamanca,Servicios,Servicios personales,Arreglo de ropa,31,2,0.06451612903225806,135.0,1.0,1.0,False,low,10
district,4.0,Salamanca,Alimentacion,Alimentacion fresca,Carniceria,29,0,0.0,135.0,1.0,1.0,False,low,11
district,4.0,Salamanca,Automocion,Taller y reparacion,Taller mecanica,29,1,0.034482758620689655,135.0,1.0,1.0,False,low,12
district,4.0,Salamanca,Servicios,Servicios profesionales,Arquitectura e ingenieria,28,5,0.17857142857142858,135.0,1.0,1.0,False,low,13
district,4.0,Salamanca,Salud y bienestar,Clinicas y consultas,Clinica dental,26,2,0.07692307692307693,135.0,1.0,1.0,False,low,14
district,4.0,Salamanca,Retail especializado,Cultura y ocio,Jugueteria,26,5,0.19230769230769232,135.0,1.0,1.0,False,low,15
district,4.0,Salamanca,Servicios,Servicios personales,Reparacion de calzado,26,1,0.038461538461538464,135.0,1.0,1.0,False,low,16
district,4.0,Salamanca,Automocion,Venta y recambios,Venta de coches nuevos,25,2,0.08,135.0,1.0,1.0,False,low,17
district,4.0,Salamanca,Educacion,Formacion,Educacion y formacion,24,2,0.08333333333333333,135.0,1.0,1.0,False,low,18
district,4.0,Salamanca,Alimentacion,Alimentacion fresca,Aves y huevos,19,2,0.10526315789473684,135.0,1.0,1.0,False,low,19
district,4.0,Salamanca,Alimentacion,Alimentacion fresca,Carniceria y charcuteria,19,1,0.05263157894736842,135.0,1.0,1.0,False,low,20
district,4.0,Salamanca,Educacion,Formacion,Autoescuela,16,2,0.125,135.0,1.0,1.0,False,low,21
district,4.0,Salamanca,Alimentacion,Alimentacion fresca,Charcuteria,16,0,0.0,135.0,1.0,1.0,False,low,22
district,4.0,Salamanca,Alimentacion,Especialistas alimentacion,Frutos secos y encurtidos,16,1,0.0625,135.0,1.0,1.0,False,low,23
district,4.0,Salamanca,Automocion,Taller y reparacion,Taller automovil,15,1,0.06666666666666667,135.0,1.0,1.0,False,low,24
district,4.0,Salamanca,Retail especializado,Hogar y decoracion,Hogar y menaje,14,0,0.0,135.0,1.0,1.0,False,low,25
district,4.0,Salamanca,Salud y bienestar,Clinicas y consultas,Veterinaria,14,5,0.35714285714285715,135.0,1.0,1.0,False,low,26
district,4.0,Salamanca,Retail especializado,Hogar y reformas,Materiales de construccion,13,2,0.15384615384615385,135.0,1.0,1.0,False,low,27
district,4.0,Salamanca,Servicios,Servicios profesionales,Fotografia,12,3,0.25,135.0,1.0,1.0,False,low,28
district,4.0,Salamanca,Retail especializado,Hogar y reformas,Material electrico,12,2,0.16666666666666666,135.0,1.0,1.0,False,low,29
district,4.0,Salamanca,Deporte y ocio,Fitness y deporte,Club deportivo,11,1,0.09090909090909091,135.0,1.0,1.0,False,low,30
district,4.0,Salamanca,Servicios,Servicios profesionales,Consultoria empresarial,11,0,0.0,135.0,1.0,1.0,False,low,31
district,4.0,Salamanca,Hosteleria,Ocio nocturno,Discoteca,11,1,0.09090909090909091,135.0,1.0,1.0,False,low,32
district,4.0,Salamanca,Retail especializado,Electronica y telecom,Electronica y telecom,11,2,0.18181818181818182,135.0,1.0,1.0,False,low,33
district,4.0,Salamanca,Servicios,Servicios profesionales,Publicidad y marketing,11,3,0.2727272727272727,135.0,1.0,1.0,False,low,34
district,4.0,Salamanca,Alimentacion,Especialistas alimentacion,Bodega,10,6,0.6,55.5,1.0,1.0,False,low,35
district,4.0,Salamanca,Alimentacion,Supermercado y conveniencia,Gran superficie alimentacion,10,2,0.2,135.0,1.0,1.0,False,low,36
district,4.0,Salamanca,Hosteleria,Bar y cafeteria,Bar especial con actuaciones,9,1,0.1111111111111111,135.0,1.0,1.0,False,low,37
district,4.0,Salamanca,Alimentacion,Especialistas alimentacion,Congelados,9,0,0.0,135.0,1.0,1.0,False,low,38
district,4.0,Salamanca,Automocion,Venta y recambios,Motos y reparacion,9,0,0.0,135.0,1.0,1.0,False,low,39
district,4.0,Salamanca,Retail especializado,Hogar y decoracion,Muebles de cocina,9,3,0.3333333333333333,135.0,1.0,1.0,False,low,40
district,4.0,Salamanca,Retail especializado,Hogar y reformas,Puertas y ventanas,9,2,0.2222222222222222,135.0,1.0,1.0,False,low,41
district,4.0,Salamanca,Servicios,Servicios profesionales,Tecnologia y software,9,1,0.1111111111111111,135.0,1.0,1.0,False,low,42
district,4.0,Salamanca,Automocion,Venta y recambios,Venta de motos,9,1,0.1111111111111111,135.0,1.0,1.0,False,low,43
district,4.0,Salamanca,Retail especializado,Hogar y decoracion,Colchoneria,8,2,0.25,135.0,1.0,1.0,False,low,44
district,4.0,Salamanca,Retail especializado,Electronica y telecom,Electronica,7,2,0.2857142857142857,135.0,1.0,1.0,False,low,45
district,4.0,Salamanca,Educacion,Educacion infantil,Escuela infantil,7,0,0.0,135.0,1.0,1.0,False,low,46
district,4.0,Salamanca,Alimentacion,Especialistas alimentacion,Golosinas,7,0,0.0,135.0,1.0,1.0,False,low,47
district,4.0,Salamanca,Retail especializado,Hogar y decoracion,Iluminacion,7,2,0.2857142857142857,135.0,1.0,1.0,False,low,48
district,4.0,Salamanca,Automocion,Venta y recambios,Recambios automovil,7,0,0.0,135.0,1.0,1.0,False,low,49
district,4.0,Salamanca,Finanzas,Finanzas y seguros,Servicios auxiliares seguros,7,1,0.14285714285714285,135.0,1.0,1.0,False,low,50
district,4.0,Salamanca,Retail especializado,Cultura y ocio,Bicicletas,5,2,0.4,135.0,1.0,1.0,False,low,51
district,4.0,Salamanca,Hosteleria,Catering y colectividades,Comedor colectivo,5,0,0.0,107.0,1.0,1.0,False,low,52
district,4.0,Salamanca,Educacion,Formacion,Formacion no reglada,5,1,0.2,109.0,1.0,1.0,False,low,53
district,4.0,Salamanca,Alimentacion,Especialistas alimentacion,Heladeria,5,1,0.2,135.0,1.0,1.0,False,low,54
district,4.0,Salamanca,Automocion,Taller y reparacion,Accesorios automovil,4,0,0.0,135.0,1.0,1.0,False,low,55
district,4.0,Salamanca,Hosteleria,Bar y cafeteria,Bodega con consumo,4,2,0.5,108.5,1.0,1.0,False,low,56
district,4.0,Salamanca,Automocion,Servicios automocion,Gasolinera,4,0,0.0,82.0,1.0,1.0,False,low,57
district,4.0,Salamanca,Deporte y ocio,Fitness y deporte,Instalacion deportiva,4,1,0.25,135.0,1.0,1.0,False,low,58
district,4.0,Salamanca,Retail especializado,Hogar y reformas,Bricolaje,3,1,0.3333333333333333,130.0,1.0,1.0,False,low,59
district,4.0,Salamanca,Hosteleria,Bar y cafeteria,Heladeria y salon de te,3,1,0.3333333333333333,135.0,1.0,1.0,False,low,60
district,4.0,Salamanca,Salud y bienestar,Clinicas y consultas,Optometria,3,0,0.0,135.0,1.0,1.0,False,low,61
district,4.0,Salamanca,Belleza y cuidado personal,Peluqueria y estetica,Bronceado,2,0,0.0,135.0,1.0,1.0,False,low,62
district,4.0,Salamanca,Alimentacion,Alimentacion fresca,Casqueria,2,0,0.0,135.0,1.0,1.0,False,low,63
district,4.0,Salamanca,Alojamiento,Alojamiento turistico,Hostal,2,0,0.0,135.0,1.0,1.0,False,low,64
district,4.0,Salamanca,Alimentacion,Especialistas alimentacion,Lacteos y bebidas,2,0,0.0,135.0,1.0,1.0,False,low,65
district,4.0,Salamanca,Salud y bienestar,Clinicas y consultas,Podologia,2,0,0.0,135.0,1.0,1.0,False,low,66
district,4.0,Salamanca,Retail especializado,Hogar y reformas,Saneamientos,2,0,0.0,135.0,1.0,1.0,False,low,67
district,4.0,Salamanca,Servicios,Servicios profesionales,Servicios digitales,2,0,0.0,94.0,1.0,1.0,False,low,68
district,4.0,Salamanca,Hosteleria,Ocio nocturno,Cafe espectaculo,1,0,0.0,135.0,1.0,1.0,False,low,69
district,4.0,Salamanca,Hosteleria,Bar y cafeteria,Churreria,1,0,0.0,135.0,1.0,1.0,False,low,70
district,4.0,Salamanca,Hosteleria,Restauracion,Hosteleria especializada,1,0,0.0,93.0,1.0,1.0,False,low,71
district,4.0,Salamanca,Belleza y cuidado personal,Servicios personales,Tattoo y piercing,1,0,0.0,135.0,1.0,1.0,False,low,72
district,4.0,Salamanca,Automocion,Venta y recambios,Venta de coches usados,1,0,0.0,135.0,1.0,1.0,False,low,73
district,4.0,Salamanca,Alimentacion,Alimentacion fresca,Fruteria,96,7,0.07291666666666667,135.0,1.0,0.9895833333333334,False,low,74
district,4.0,Salamanca,Hosteleria,Restauracion,Restaurante,262,21,0.08015267175572519,135.0,0.9923664122137404,0.984732824427481,True,high,75
district,4.0,Salamanca,Retail especializado,Hogar y decoracion,Muebles,121,33,0.2727272727272727,135.0,0.9834710743801653,0.9834710743801653,True,medium,76
district,4.0,Salamanca,Hosteleria,Bar y cafeteria,Cafeteria,262,33,0.12595419847328243,135.0,0.9885496183206108,0.9809160305343513,True,high,77
district,4.0,Salamanca,Retail especializado,Otros comercios,Otros comercios,187,29,0.15508021390374332,135.0,0.9946524064171123,0.9786096256684492,True,high,78
district,4.0,Salamanca,Salud y bienestar,Clinicas y consultas,Consulta medica,43,8,0.18604651162790697,135.0,1.0,0.9767441860465116,False,low,79
district,4.0,Salamanca,Hosteleria,Bar y cafeteria,Bar restaurante,258,26,0.10077519379844961,135.0,0.9961240310077519,0.9767441860465116,True,high,80
district,4.0,Salamanca,Deporte y ocio,Ocio y entretenimiento,Ocio y entretenimiento,42,4,0.09523809523809523,135.0,1.0,0.9761904761904762,False,low,81
district,4.0,Salamanca,Retail especializado,Moda y complementos,Moda,746,105,0.14075067024128687,135.0,0.9865951742627346,0.9745308310991957,True,high,82
district,4.0,Salamanca,Alimentacion,Alimentacion fresca,Pescaderia,39,3,0.07692307692307693,135.0,0.9743589743589743,0.9743589743589743,False,low,83
district,4.0,Salamanca,Salud y bienestar,Clinicas y consultas,Clinicas y consultas,36,10,0.2777777777777778,135.0,1.0,0.9722222222222222,False,low,84
district,4.0,Salamanca,Alojamiento,Alojamiento turistico,Hotel,35,4,0.11428571428571428,135.0,1.0,0.9714285714285714,False,low,85
district,4.0,Salamanca,Retail especializado,Hogar y reformas,Ferreteria,34,5,0.14705882352941177,135.0,1.0,0.9705882352941176,False,low,86
district,4.0,Salamanca,Hosteleria,Bar y cafeteria,Bar especial,33,5,0.15151515151515152,135.0,0.9696969696969697,0.9696969696969697,False,low,87
district,4.0,Salamanca,Alimentacion,Panaderia y pasteleria,Panaderia,32,3,0.09375,135.0,1.0,0.96875,False,low,88
district,4.0,Salamanca,Hosteleria,Bar y cafeteria,Bar con cocina,94,9,0.09574468085106383,135.0,0.9893617021276596,0.9680851063829787,False,low,89
district,4.0,Salamanca,Belleza y cuidado personal,Peluqueria y estetica,Instituto de belleza,31,7,0.22580645161290322,135.0,1.0,0.967741935483871,False,low,90
district,4.0,Salamanca,Servicios,Logistica y movilidad,Logistica y movilidad,120,10,0.08333333333333333,135.0,0.9666666666666668,0.9666666666666668,False,low,91
district,4.0,Salamanca,Salud y bienestar,Clinicas y consultas,Clinica medica,30,5,0.16666666666666666,135.0,1.0,0.9666666666666667,False,low,92
district,4.0,Salamanca,Retail especializado,Moda y complementos,Joyeria y relojeria,178,21,0.11797752808988764,135.0,0.9831460674157303,0.9662921348314607,True,high,93
district,4.0,Salamanca,Alimentacion,Comida preparada,Comida preparada,29,4,0.13793103448275862,69.0,0.9655172413793104,0.9655172413793104,False,low,94
district,4.0,Salamanca,Retail especializado,Moda y complementos,Calzado,181,22,0.12154696132596685,135.0,0.9723756906077349,0.9613259668508287,True,high,95
district,4.0,Salamanca,Alimentacion,Supermercado y conveniencia,Supermercado,100,20,0.2,135.0,1.0,0.96,True,medium,96
district,4.0,Salamanca,Retail especializado,Electronica y telecom,Informatica,23,1,0.043478260869565216,135.0,0.9565217391304348,0.9565217391304348,False,low,97
district,4.0,Salamanca,Salud y bienestar,Salud retail,Optica,44,8,0.18181818181818182,135.0,0.9772727272727273,0.9545454545454545,False,low,98
district,4.0,Salamanca,Belleza y cuidado personal,Peluqueria y estetica,Peluqueria,256,53,0.20703125,135.0,0.98046875,0.953125,True,high,99
district,4.0,Salamanca,Deporte y ocio,Fitness y deporte,Gimnasio,20,4,0.2,135.0,0.95,0.95,False,low,100
district,4.0,Salamanca,Retail especializado,Hogar y decoracion,Menaje del hogar,20,3,0.15,135.0,0.95,0.95,False,low,101
district,4.0,Salamanca,Retail especializado,Cultura y ocio,Papeleria y prensa,39,9,0.23076923076923078,135.0,1.0,0.9487179487179487,False,low,102
district,4.0,Salamanca,Servicios,Servicios profesionales,Asesoria y contabilidad,19,8,0.42105263157894735,135.0,0.9473684210526316,0.9473684210526316,False,low,103
district,4.0,Salamanca,Retail especializado,Electronica y telecom,Telefonia,37,10,0.2702702702702703,135.0,0.972972972972973,0.9459459459459459,False,low,104
district,4.0,Salamanca,Hosteleria,Bar y cafeteria,Bar sin cocina,55,7,0.12727272727272726,135.0,0.9636363636363636,0.9454545454545454,False,low,105
district,4.0,Salamanca,Salud y bienestar,Clinicas y consultas,Fisioterapia,32,4,0.125,135.0,1.0,0.9375,False,low,106
district,4.0,Salamanca,Retail especializado,Electronica y telecom,Electrodomesticos,16,7,0.4375,135.0,1.0,0.9375,False,low,107
district,4.0,Salamanca,Hosteleria,Restauracion,Comida rapida,16,3,0.1875,135.0,0.9375,0.9375,False,low,108
district,4.0,Salamanca,Salud y bienestar,Salud retail,Salud retail,46,5,0.10869565217391304,135.0,1.0,0.9347826086956522,False,low,109
district,4.0,Salamanca,Belleza y cuidado personal,Cosmetica y perfumeria,Perfumeria y cosmetica,60,17,0.2833333333333333,135.0,0.9666666666666667,0.9333333333333332,False,low,110
district,4.0,Salamanca,Alimentacion,Supermercado y conveniencia,Alimentacion envasada,29,8,0.27586206896551724,135.0,0.9655172413793104,0.9310344827586208,False,low,111
district,4.0,Salamanca,Servicios,Servicios profesionales,Oficina y administracion,86,29,0.3372093023255814,135.0,0.9767441860465117,0.9302325581395349,True,medium,112
district,4.0,Salamanca,Retail especializado,Conveniencia,Estanco,43,4,0.09302325581395349,135.0,0.9767441860465116,0.9302325581395348,False,low,113
district,4.0,Salamanca,Alimentacion,Panaderia y pasteleria,Pasteleria y reposteria,14,1,0.07142857142857142,135.0,1.0,0.9285714285714286,False,low,114
district,4.0,Salamanca,Servicios,Servicios profesionales,Servicios profesionales,69,24,0.34782608695652173,135.0,0.9710144927536233,0.9275362318840581,False,low,115
district,4.0,Salamanca,Servicios,Servicios personales,Lavanderia y tintoreria,39,10,0.2564102564102564,135.0,0.9230769230769231,0.9230769230769231,False,low,116
district,4.0,Salamanca,Finanzas,Finanzas y seguros,Banco y caja,272,112,0.4117647058823529,135.0,0.9816176470588236,0.922794117647059,True,high,117
district,4.0,Salamanca,Finanzas,Finanzas y seguros,Finanzas y seguros,10,2,0.2,94.0,1.0,0.9,False,low,118
district,4.0,Salamanca,Servicios,Servicios al consumidor,Locutorio,30,11,0.36666666666666664,135.0,0.9333333333333333,0.9,False,low,119
district,4.0,Salamanca,Retail especializado,Cultura y ocio,Deporte,19,5,0.2631578947368421,135.0,0.9473684210526316,0.8947368421052632,False,low,120
district,4.0,Salamanca,Alimentacion,Especialistas alimentacion,Cafe e infusiones,9,2,0.2222222222222222,135.0,0.8888888888888888,0.8888888888888888,False,low,121
district,4.0,Salamanca,Belleza y cuidado personal,Peluqueria y estetica,Centro de estetica,53,17,0.32075471698113206,135.0,0.9433962264150944,0.8867924528301887,False,low,122
district,4.0,Salamanca,Servicios,Servicios profesionales,Despacho juridico,17,4,0.23529411764705882,135.0,0.9411764705882353,0.8823529411764706,False,low,123
district,4.0,Salamanca,Finanzas,Finanzas y seguros,Seguros,16,2,0.125,135.0,0.9375,0.875,False,low,124
district,4.0,Salamanca,Servicios,Servicios profesionales,Inmobiliaria,31,14,0.45161290322580644,135.0,0.903225806451613,0.870967741935484,False,low,125
district,4.0,Salamanca,Hosteleria,Bar y cafeteria,Taberna,7,1,0.14285714285714285,135.0,1.0,0.8571428571428572,False,low,126
district,4.0,Salamanca,Retail especializado,Conveniencia,Tienda multiproducto,13,5,0.38461538461538464,135.0,1.0,0.8461538461538461,False,low,127
district,4.0,Salamanca,Alojamiento,Alojamiento turistico,Alojamiento turistico,6,1,0.16666666666666666,135.0,0.8333333333333334,0.8333333333333334,False,low,128
district,4.0,Salamanca,Servicios,Servicios profesionales,Telecomunicaciones,11,6,0.5454545454545454,121.0,1.0,0.8181818181818181,False,low,129
district,4.0,Salamanca,Belleza y cuidado personal,Servicios personales,Belleza y cuidado personal,11,4,0.36363636363636365,135.0,0.8181818181818181,0.7272727272727272,False,low,130
district,4.0,Salamanca,Deporte y ocio,Ocio y entretenimiento,Salon recreativo,7,5,0.7142857142857143,63.0,0.8571428571428572,0.7142857142857144,False,low,131
district,4.0,Salamanca,Salud y bienestar,Clinicas y consultas,Parasanitario,10,4,0.4,135.0,0.7999999999999999,0.7,False,low,132
district,4.0,Salamanca,Deporte y ocio,Ocio y entretenimiento,Celebraciones infantiles,3,2,0.6666666666666666,117.0,1.0,0.6666666666666667,False,low,133
district,4.0,Salamanca,Belleza y cuidado personal,Peluqueria y estetica,Fotodepilacion,3,1,0.3333333333333333,135.0,1.0,0.6666666666666667,False,low,134
district,4.0,Salamanca,Hosteleria,Catering y colectividades,Eventos y banquetes,2,1,0.5,66.5,1.0,0.5,False,low,135
district,5.0,Chamartín,Salud y bienestar,Salud retail,Farmacia,116,1,0.008620689655172414,135.0,1.0,1.0,False,low,1
district,5.0,Chamartín,Educacion,Formacion,Educacion y formacion,91,1,0.01098901098901099,135.0,1.0,1.0,False,low,2
district,5.0,Chamartín,Alimentacion,Supermercado y conveniencia,Supermercado,78,9,0.11538461538461539,135.0,1.0,1.0,False,low,3
district,5.0,Chamartín,Automocion,Taller y reparacion,Taller mecanica,70,1,0.014285714285714285,135.0,1.0,1.0,False,low,4
district,5.0,Chamartín,Hosteleria,Bar y cafeteria,Bar sin cocina,53,3,0.05660377358490566,135.0,1.0,1.0,False,low,5
district,5.0,Chamartín,Educacion,Educacion infantil,Escuela infantil,53,4,0.07547169811320754,135.0,1.0,1.0,False,low,6
district,5.0,Chamartín,Retail especializado,Moda y complementos,Joyeria y relojeria,53,7,0.1320754716981132,135.0,1.0,1.0,False,low,7
district,5.0,Chamartín,Salud y bienestar,Clinicas y consultas,Consulta medica,44,1,0.022727272727272728,135.0,1.0,1.0,False,low,8
district,5.0,Chamartín,Retail especializado,Conveniencia,Estanco,42,6,0.14285714285714285,135.0,1.0,1.0,False,low,9
district,5.0,Chamartín,Servicios,Servicios profesionales,Servicios profesionales,42,13,0.30952380952380953,135.0,1.0,1.0,False,low,10
district,5.0,Chamartín,Salud y bienestar,Salud retail,Optica,35,2,0.05714285714285714,135.0,1.0,1.0,False,low,11
district,5.0,Chamartín,Servicios,Servicios personales,Arreglo de ropa,34,0,0.0,135.0,1.0,1.0,False,low,12
district,5.0,Chamartín,Retail especializado,Conveniencia,Bazar y precio unico,34,6,0.17647058823529413,135.0,1.0,1.0,False,low,13
district,5.0,Chamartín,Salud y bienestar,Clinicas y consultas,Clinica dental,33,2,0.06060606060606061,135.0,1.0,1.0,False,low,14
district,5.0,Chamartín,Automocion,Venta y recambios,Venta de coches nuevos,31,2,0.06451612903225806,135.0,1.0,1.0,False,low,15
district,5.0,Chamartín,Servicios,Servicios personales,Reparacion especializada,30,0,0.0,135.0,1.0,1.0,False,low,16
district,5.0,Chamartín,Hosteleria,Restauracion,Comida rapida,28,1,0.03571428571428571,135.0,1.0,1.0,False,low,17
district,5.0,Chamartín,Deporte y ocio,Fitness y deporte,Gimnasio,26,2,0.07692307692307693,135.0,1.0,1.0,False,low,18
district,5.0,Chamartín,Belleza y cuidado personal,Cosmetica y perfumeria,Perfumeria y cosmetica,26,5,0.19230769230769232,135.0,1.0,1.0,False,low,19
district,5.0,Chamartín,Alimentacion,Alimentacion fresca,Pescaderia,26,1,0.038461538461538464,135.0,1.0,1.0,False,low,20
district,5.0,Chamartín,Salud y bienestar,Salud retail,Herbolario,22,3,0.13636363636363635,135.0,1.0,1.0,False,low,21
district,5.0,Chamartín,Alimentacion,Alimentacion fresca,Carniceria,20,1,0.05,135.0,1.0,1.0,False,low,22
district,5.0,Chamartín,Alimentacion,Alimentacion fresca,Charcuteria,19,0,0.0,135.0,1.0,1.0,False,low,23
district,5.0,Chamartín,Servicios,Servicios personales,Reparacion de calzado,19,1,0.05263157894736842,135.0,1.0,1.0,False,low,24
district,5.0,Chamartín,Educacion,Formacion,Autoescuela,17,1,0.058823529411764705,135.0,1.0,1.0,False,low,25
district,5.0,Chamartín,Retail especializado,Hogar y reformas,Material electrico,16,2,0.125,135.0,1.0,1.0,False,low,26
district,5.0,Chamartín,Automocion,Taller y reparacion,Taller automovil,16,2,0.125,135.0,1.0,1.0,False,low,27
district,5.0,Chamartín,Servicios,Servicios profesionales,Tecnologia y software,15,0,0.0,135.0,1.0,1.0,False,low,28
district,5.0,Chamartín,Alimentacion,Supermercado y conveniencia,Alimentacion envasada,14,7,0.5,133.0,1.0,1.0,False,low,29
district,5.0,Chamartín,Alimentacion,Alimentacion fresca,Aves y huevos,14,0,0.0,135.0,1.0,1.0,False,low,30
district,5.0,Chamartín,Retail especializado,Hogar y decoracion,Colchoneria,14,4,0.2857142857142857,135.0,1.0,1.0,False,low,31
district,5.0,Chamartín,Retail especializado,Electronica y telecom,Electronica,13,1,0.07692307692307693,135.0,1.0,1.0,False,low,32
district,5.0,Chamartín,Alimentacion,Especialistas alimentacion,Frutos secos y encurtidos,13,3,0.23076923076923078,135.0,1.0,1.0,False,low,33
district,5.0,Chamartín,Servicios,Servicios profesionales,Fotografia,12,1,0.08333333333333333,135.0,1.0,1.0,False,low,34
district,5.0,Chamartín,Automocion,Servicios automocion,Gasolinera,12,0,0.0,135.0,1.0,1.0,False,low,35
district,5.0,Chamartín,Belleza y cuidado personal,Peluqueria y estetica,Instituto de belleza,12,1,0.08333333333333333,135.0,1.0,1.0,False,low,36
district,5.0,Chamartín,Retail especializado,Hogar y decoracion,Menaje del hogar,12,3,0.25,135.0,1.0,1.0,False,low,37
district,5.0,Chamartín,Automocion,Taller y reparacion,Taller chapa y pintura,12,2,0.16666666666666666,135.0,1.0,1.0,False,low,38
district,5.0,Chamartín,Alimentacion,Alimentacion fresca,Carniceria y charcuteria,11,0,0.0,135.0,1.0,1.0,False,low,39
district,5.0,Chamartín,Servicios,Servicios profesionales,Consultoria empresarial,11,0,0.0,135.0,1.0,1.0,False,low,40
district,5.0,Chamartín,Alojamiento,Alojamiento turistico,Alojamiento turistico,10,1,0.1,135.0,1.0,1.0,False,low,41
district,5.0,Chamartín,Retail especializado,Cultura y ocio,Libreria,10,2,0.2,135.0,1.0,1.0,False,low,42
district,5.0,Chamartín,Retail especializado,Hogar y reformas,Puertas y ventanas,10,3,0.3,135.0,1.0,1.0,False,low,43
district,5.0,Chamartín,Salud y bienestar,Salud retail,Salud retail,10,2,0.2,135.0,1.0,1.0,False,low,44
district,5.0,Chamartín,Retail especializado,Electronica y telecom,Electrodomesticos,9,1,0.1111111111111111,135.0,1.0,1.0,False,low,45
district,5.0,Chamartín,Automocion,Venta y recambios,Motos y reparacion,9,0,0.0,135.0,1.0,1.0,False,low,46
district,5.0,Chamartín,Automocion,Venta y recambios,Recambios automovil,9,0,0.0,135.0,1.0,1.0,False,low,47
district,5.0,Chamartín,Automocion,Venta y recambios,Venta de motos,9,0,0.0,135.0,1.0,1.0,False,low,48
district,5.0,Chamartín,Automocion,Venta y recambios,Venta de coches usados,8,0,0.0,135.0,1.0,1.0,False,low,49
district,5.0,Chamartín,Salud y bienestar,Clinicas y consultas,Optometria,7,0,0.0,135.0,1.0,1.0,False,low,50
district,5.0,Chamartín,Salud y bienestar,Clinicas y consultas,Veterinaria,7,1,0.14285714285714285,135.0,1.0,1.0,False,low,51
district,5.0,Chamartín,Alimentacion,Especialistas alimentacion,Congelados,6,1,0.16666666666666666,135.0,1.0,1.0,False,low,52
district,5.0,Chamartín,Hosteleria,Bar y cafeteria,Heladeria y salon de te,6,1,0.16666666666666666,135.0,1.0,1.0,False,low,53
district,5.0,Chamartín,Hosteleria,Bar y cafeteria,Bar especial con actuaciones,5,0,0.0,135.0,1.0,1.0,False,low,54
district,5.0,Chamartín,Hosteleria,Ocio nocturno,Cafe espectaculo,5,1,0.2,135.0,1.0,1.0,False,low,55
district,5.0,Chamartín,Retail especializado,Hogar y decoracion,Hogar y menaje,5,1,0.2,135.0,1.0,1.0,False,low,56
district,5.0,Chamartín,Hosteleria,Bar y cafeteria,Bodega con consumo,4,0,0.0,135.0,1.0,1.0,False,low,57
district,5.0,Chamartín,Educacion,Educacion infantil,Centro de cuidado infantil,4,0,0.0,135.0,1.0,1.0,False,low,58
district,5.0,Chamartín,Hosteleria,Bar y cafeteria,Churreria,4,0,0.0,135.0,1.0,1.0,False,low,59
district,5.0,Chamartín,Hosteleria,Catering y colectividades,Eventos y banquetes,4,2,0.5,126.0,1.0,1.0,False,low,60
district,5.0,Chamartín,Alimentacion,Especialistas alimentacion,Lacteos y bebidas,4,0,0.0,135.0,1.0,1.0,False,low,61
district,5.0,Chamartín,Retail especializado,Hogar y reformas,Saneamientos,4,0,0.0,135.0,1.0,1.0,False,low,62
district,5.0,Chamartín,Hosteleria,Bar y cafeteria,Taberna,4,0,0.0,135.0,1.0,1.0,False,low,63
district,5.0,Chamartín,Servicios,Servicios profesionales,Telecomunicaciones,4,0,0.0,135.0,1.0,1.0,False,low,64
district,5.0,Chamartín,Retail especializado,Cultura y ocio,Bicicletas,3,2,0.6666666666666666,130.0,1.0,1.0,False,low,65
district,5.0,Chamartín,Salud y bienestar,Clinicas y consultas,Parasanitario,3,0,0.0,135.0,1.0,1.0,False,low,66
district,5.0,Chamartín,Salud y bienestar,Clinicas y consultas,Podologia,3,0,0.0,135.0,1.0,1.0,False,low,67
district,5.0,Chamartín,Deporte y ocio,Ocio y entretenimiento,Salon recreativo,3,2,0.6666666666666666,65.0,1.0,1.0,False,low,68
district,5.0,Chamartín,Educacion,Formacion,Formacion no reglada,2,0,0.0,94.5,1.0,1.0,False,low,69
district,5.0,Chamartín,Alimentacion,Especialistas alimentacion,Golosinas,2,1,0.5,119.5,1.0,1.0,False,low,70
district,5.0,Chamartín,Alimentacion,Supermercado y conveniencia,Gran superficie alimentacion,2,0,0.0,135.0,1.0,1.0,False,low,71
district,5.0,Chamartín,Retail especializado,Hogar y reformas,Materiales de construccion,2,0,0.0,135.0,1.0,1.0,False,low,72
district,5.0,Chamartín,Retail especializado,Conveniencia,Tienda multiproducto,2,0,0.0,96.5,1.0,1.0,False,low,73
district,5.0,Chamartín,Retail especializado,Hogar y reformas,Bricolaje,1,0,0.0,99.0,1.0,1.0,False,low,74
district,5.0,Chamartín,Belleza y cuidado personal,Peluqueria y estetica,Bronceado,1,1,1.0,80.0,1.0,1.0,False,low,75
district,5.0,Chamartín,Alimentacion,Alimentacion fresca,Casqueria,1,0,0.0,135.0,1.0,1.0,False,low,76
district,5.0,Chamartín,Hosteleria,Restauracion,Hosteleria especializada,1,0,0.0,135.0,1.0,1.0,False,low,77
district,5.0,Chamartín,Deporte y ocio,Fitness y deporte,Instalacion deportiva,1,0,0.0,85.0,1.0,1.0,False,low,78
district,5.0,Chamartín,Belleza y cuidado personal,Servicios personales,Tattoo y piercing,1,0,0.0,135.0,1.0,1.0,False,low,79
district,5.0,Chamartín,Alojamiento,Alojamiento turistico,Vivienda turistica,1,0,0.0,66.0,1.0,1.0,False,low,80
district,5.0,Chamartín,Servicios,Logistica y movilidad,Logistica y movilidad,134,23,0.17164179104477612,135.0,1.0,0.9925373134328358,True,medium,81
district,5.0,Chamartín,Hosteleria,Restauracion,Restaurante,167,7,0.041916167664670656,135.0,0.9940119760479041,0.9880239520958084,False,low,82
district,5.0,Chamartín,Hosteleria,Bar y cafeteria,Cafeteria,81,8,0.09876543209876543,135.0,0.9876543209876543,0.9876543209876543,False,low,83
district,5.0,Chamartín,Alimentacion,Supermercado y conveniencia,Tienda de alimentacion,66,7,0.10606060606060606,135.0,1.0,0.9848484848484849,False,low,84
district,5.0,Chamartín,Alimentacion,Alimentacion fresca,Fruteria,60,9,0.15,135.0,1.0,0.9833333333333333,False,low,85
district,5.0,Chamartín,Hosteleria,Bar y cafeteria,Bar con cocina,161,11,0.06832298136645963,135.0,0.9937888198757764,0.9813664596273292,False,low,86
district,5.0,Chamartín,Hosteleria,Bar y cafeteria,Bar restaurante,211,15,0.07109004739336493,135.0,0.995260663507109,0.9810426540284359,True,medium,87
district,5.0,Chamartín,Salud y bienestar,Clinicas y consultas,Clinica medica,52,5,0.09615384615384616,135.0,0.9807692307692307,0.9807692307692307,False,low,88
district,5.0,Chamartín,Servicios,Servicios profesionales,Asesoria y contabilidad,44,9,0.20454545454545456,135.0,0.9772727272727273,0.9772727272727273,False,low,89
district,5.0,Chamartín,Retail especializado,Cultura y ocio,Papeleria y prensa,40,7,0.175,135.0,1.0,0.975,False,low,90
district,5.0,Chamartín,Hosteleria,Bar y cafeteria,Bar especial,75,12,0.16,135.0,0.9866666666666667,0.9733333333333334,False,low,91
district,5.0,Chamartín,Belleza y cuidado personal,Peluqueria y estetica,Peluqueria,207,36,0.17391304347826086,135.0,0.9855072463768115,0.9710144927536231,True,high,92
district,5.0,Chamartín,Servicios,Servicios personales,Lavanderia y tintoreria,33,5,0.15151515151515152,135.0,1.0,0.9696969696969697,False,low,93
district,5.0,Chamartín,Hosteleria,Catering y colectividades,Comedor colectivo,60,7,0.11666666666666667,109.0,1.0,0.9666666666666667,False,low,94
district,5.0,Chamartín,Servicios,Servicios profesionales,Inmobiliaria,29,6,0.20689655172413793,135.0,1.0,0.9655172413793104,False,low,95
district,5.0,Chamartín,Retail especializado,Hogar y decoracion,Textil hogar,26,4,0.15384615384615385,135.0,0.9615384615384616,0.9615384615384616,False,low,96
district,5.0,Chamartín,Servicios,Servicios profesionales,Arquitectura e ingenieria,47,10,0.2127659574468085,135.0,0.9787234042553191,0.9574468085106382,False,low,97
district,5.0,Chamartín,Deporte y ocio,Ocio y entretenimiento,Ocio y entretenimiento,45,6,0.13333333333333333,135.0,0.9777777777777777,0.9555555555555555,False,low,98
district,5.0,Chamartín,Alimentacion,Panaderia y pasteleria,Panaderia,22,4,0.18181818181818182,135.0,0.9545454545454546,0.9545454545454546,False,low,99
district,5.0,Chamartín,Retail especializado,Electronica y telecom,Informatica,21,3,0.14285714285714285,135.0,1.0,0.9523809523809523,False,low,100
district,5.0,Chamartín,Finanzas,Finanzas y seguros,Seguros,21,8,0.38095238095238093,135.0,1.0,0.9523809523809523,False,low,101
district,5.0,Chamartín,Retail especializado,Otros comercios,Otros comercios,77,21,0.2727272727272727,135.0,0.974025974025974,0.948051948051948,False,low,102
district,5.0,Chamartín,Retail especializado,Moda y complementos,Moda,245,51,0.20816326530612245,135.0,0.9673469387755103,0.9469387755102042,True,high,103
district,5.0,Chamartín,Retail especializado,Hogar y decoracion,Muebles de cocina,18,4,0.2222222222222222,135.0,1.0,0.9444444444444444,False,low,104
district,5.0,Chamartín,Alimentacion,Comida preparada,Comida preparada,36,6,0.16666666666666666,55.0,0.9722222222222222,0.9444444444444444,False,low,105
district,5.0,Chamartín,Retail especializado,Hogar y decoracion,Muebles,54,14,0.25925925925925924,135.0,0.962962962962963,0.9444444444444444,False,low,106
district,5.0,Chamartín,Retail especializado,Hogar y regalos,Floristeria,35,8,0.22857142857142856,135.0,1.0,0.9428571428571428,False,low,107
district,5.0,Chamartín,Retail especializado,Moda y complementos,Calzado,52,17,0.3269230769230769,135.0,0.9615384615384615,0.9423076923076922,False,low,108
district,5.0,Chamartín,Alojamiento,Alojamiento turistico,Hotel,17,4,0.23529411764705882,135.0,0.9411764705882353,0.9411764705882353,False,low,109
district,5.0,Chamartín,Alimentacion,Panaderia y pasteleria,Pasteleria y reposteria,17,2,0.11764705882352941,135.0,0.9411764705882353,0.9411764705882353,False,low,110
district,5.0,Chamartín,Salud y bienestar,Clinicas y consultas,Fisioterapia,32,6,0.1875,135.0,1.0,0.9375,False,low,111
district,5.0,Chamartín,Retail especializado,Electronica y telecom,Electronica y telecom,15,3,0.2,135.0,1.0,0.9333333333333333,False,low,112
district,5.0,Chamartín,Servicios,Servicios profesionales,Oficina y administracion,85,26,0.3058823529411765,135.0,0.9529411764705883,0.9294117647058824,True,medium,113
district,5.0,Chamartín,Finanzas,Finanzas y seguros,Banco y caja,235,82,0.34893617021276596,135.0,0.9702127659574468,0.9276595744680851,True,high,114
district,5.0,Chamartín,Belleza y cuidado personal,Peluqueria y estetica,Centro de estetica,59,18,0.3050847457627119,135.0,0.9322033898305084,0.9152542372881356,False,low,115
district,5.0,Chamartín,Retail especializado,Hogar y reformas,Ferreteria,23,3,0.13043478260869565,135.0,0.9565217391304348,0.9130434782608696,False,low,116
district,5.0,Chamartín,Servicios,Servicios profesionales,Publicidad y marketing,34,12,0.35294117647058826,135.0,0.9411764705882353,0.9117647058823529,False,low,117
district,5.0,Chamartín,Finanzas,Finanzas y seguros,Finanzas y seguros,11,4,0.36363636363636365,135.0,1.0,0.9090909090909091,False,low,118
district,5.0,Chamartín,Hosteleria,Ocio nocturno,Discoteca,10,2,0.2,135.0,1.0,0.9,False,low,119
district,5.0,Chamartín,Alimentacion,Especialistas alimentacion,Bodega,10,1,0.1,135.0,0.9,0.9,False,low,120
district,5.0,Chamartín,Retail especializado,Electronica y telecom,Telefonia,29,13,0.4482758620689655,135.0,0.9655172413793104,0.8965517241379312,False,low,121
district,5.0,Chamartín,Servicios,Servicios profesionales,Despacho juridico,18,4,0.2222222222222222,135.0,0.8888888888888888,0.8888888888888888,False,low,122
district,5.0,Chamartín,Alimentacion,Especialistas alimentacion,Cafe e infusiones,8,1,0.125,135.0,1.0,0.875,False,low,123
district,5.0,Chamartín,Retail especializado,Hogar y decoracion,Iluminacion,8,1,0.125,135.0,1.0,0.875,False,low,124
district,5.0,Chamartín,Finanzas,Finanzas y seguros,Servicios auxiliares seguros,7,3,0.42857142857142855,135.0,1.0,0.8571428571428572,False,low,125
district,5.0,Chamartín,Servicios,Servicios al consumidor,Locutorio,21,8,0.38095238095238093,135.0,0.9047619047619048,0.8571428571428572,False,low,126
district,5.0,Chamartín,Salud y bienestar,Clinicas y consultas,Clinicas y consultas,43,16,0.37209302325581395,135.0,0.9767441860465116,0.8372093023255813,False,low,127
district,5.0,Chamartín,Retail especializado,Cultura y ocio,Jugueteria,12,3,0.25,135.0,1.0,0.8333333333333334,False,low,128
district,5.0,Chamartín,Deporte y ocio,Ocio y entretenimiento,Celebraciones infantiles,6,2,0.3333333333333333,133.0,1.0,0.8333333333333334,False,low,129
district,5.0,Chamartín,Deporte y ocio,Fitness y deporte,Club deportivo,6,1,0.16666666666666666,135.0,0.8333333333333334,0.8333333333333334,False,low,130
district,5.0,Chamartín,Hosteleria,Bar y cafeteria,Heladeria,6,1,0.16666666666666666,135.0,0.8333333333333334,0.8333333333333334,False,low,131
district,5.0,Chamartín,Retail especializado,Cultura y ocio,Deporte,18,5,0.2777777777777778,135.0,0.9444444444444444,0.8333333333333333,False,low,132
district,5.0,Chamartín,Belleza y cuidado personal,Peluqueria y estetica,Fotodepilacion,4,3,0.75,42.5,1.0,0.75,False,low,133
district,5.0,Chamartín,Belleza y cuidado personal,Servicios personales,Belleza y cuidado personal,14,5,0.35714285714285715,135.0,0.7857142857142857,0.7142857142857143,False,low,134
district,6.0,Tetuán,Automocion,Taller y reparacion,Taller mecanica,110,1,0.00909090909090909,135.0,1.0,1.0,False,low,1
district,6.0,Tetuán,Hosteleria,Bar y cafeteria,Cafeteria,97,8,0.08247422680412371,135.0,1.0,1.0,False,low,2
district,6.0,Tetuán,Servicios,Servicios personales,Reparacion especializada,60,1,0.016666666666666666,135.0,1.0,1.0,False,low,3
district,6.0,Tetuán,Alimentacion,Alimentacion fresca,Pescaderia,50,6,0.12,135.0,1.0,1.0,False,low,4
district,6.0,Tetuán,Automocion,Taller y reparacion,Taller chapa y pintura,49,0,0.0,135.0,1.0,1.0,False,low,5
district,6.0,Tetuán,Retail especializado,Electronica y telecom,Telefonia,40,9,0.225,135.0,1.0,1.0,False,low,6
district,6.0,Tetuán,Retail especializado,Cultura y ocio,Papeleria y prensa,37,7,0.1891891891891892,135.0,1.0,1.0,False,low,7
district,6.0,Tetuán,Retail especializado,Hogar y reformas,Ferreteria,32,7,0.21875,135.0,1.0,1.0,False,low,8
district,6.0,Tetuán,Alimentacion,Alimentacion fresca,Aves y huevos,31,0,0.0,135.0,1.0,1.0,False,low,9
district,6.0,Tetuán,Alimentacion,Especialistas alimentacion,Frutos secos y encurtidos,30,7,0.23333333333333334,135.0,1.0,1.0,False,low,10
district,6.0,Tetuán,Servicios,Servicios personales,Arreglo de ropa,29,2,0.06896551724137931,135.0,1.0,1.0,False,low,11
district,6.0,Tetuán,Belleza y cuidado personal,Cosmetica y perfumeria,Perfumeria y cosmetica,29,4,0.13793103448275862,135.0,1.0,1.0,False,low,12
district,6.0,Tetuán,Alimentacion,Alimentacion fresca,Charcuteria,28,3,0.10714285714285714,135.0,1.0,1.0,False,low,13
district,6.0,Tetuán,Salud y bienestar,Salud retail,Optica,27,2,0.07407407407407407,135.0,1.0,1.0,False,low,14
district,6.0,Tetuán,Educacion,Formacion,Educacion y formacion,26,1,0.038461538461538464,135.0,1.0,1.0,False,low,15
district,6.0,Tetuán,Salud y bienestar,Clinicas y consultas,Fisioterapia,26,8,0.3076923076923077,135.0,1.0,1.0,False,low,16
district,6.0,Tetuán,Salud y bienestar,Salud retail,Herbolario,26,2,0.07692307692307693,135.0,1.0,1.0,False,low,17
district,6.0,Tetuán,Servicios,Servicios personales,Reparacion de calzado,24,0,0.0,135.0,1.0,1.0,False,low,18
district,6.0,Tetuán,Deporte y ocio,Fitness y deporte,Gimnasio,23,4,0.17391304347826086,135.0,1.0,1.0,False,low,19
district,6.0,Tetuán,Educacion,Formacion,Autoescuela,22,4,0.18181818181818182,135.0,1.0,1.0,False,low,20
district,6.0,Tetuán,Retail especializado,Hogar y reformas,Material electrico,22,2,0.09090909090909091,135.0,1.0,1.0,False,low,21
district,6.0,Tetuán,Automocion,Venta y recambios,Motos y reparacion,22,1,0.045454545454545456,135.0,1.0,1.0,False,low,22
district,6.0,Tetuán,Salud y bienestar,Clinicas y consultas,Clinica medica,20,5,0.25,135.0,1.0,1.0,False,low,23
district,6.0,Tetuán,Retail especializado,Hogar y regalos,Floristeria,19,4,0.21052631578947367,135.0,1.0,1.0,False,low,24
district,6.0,Tetuán,Automocion,Taller y reparacion,Taller automovil,19,1,0.05263157894736842,135.0,1.0,1.0,False,low,25
district,6.0,Tetuán,Retail especializado,Cultura y ocio,Deporte,17,3,0.17647058823529413,135.0,1.0,1.0,False,low,26
district,6.0,Tetuán,Retail especializado,Electronica y telecom,Electronica y telecom,17,2,0.11764705882352941,135.0,1.0,1.0,False,low,27
district,6.0,Tetuán,Salud y bienestar,Clinicas y consultas,Consulta medica,16,2,0.125,135.0,1.0,1.0,False,low,28
district,6.0,Tetuán,Servicios,Servicios profesionales,Fotografia,16,2,0.125,135.0,1.0,1.0,False,low,29
district,6.0,Tetuán,Finanzas,Finanzas y seguros,Seguros,16,6,0.375,135.0,1.0,1.0,False,low,30
district,6.0,Tetuán,Servicios,Servicios profesionales,Despacho juridico,15,3,0.2,135.0,1.0,1.0,False,low,31
district,6.0,Tetuán,Hosteleria,Bar y cafeteria,Taberna,15,3,0.2,135.0,1.0,1.0,False,low,32
district,6.0,Tetuán,Servicios,Servicios profesionales,Consultoria empresarial,14,0,0.0,135.0,1.0,1.0,False,low,33
district,6.0,Tetuán,Retail especializado,Electronica y telecom,Informatica,14,6,0.42857142857142855,135.0,1.0,1.0,False,low,34
district,6.0,Tetuán,Salud y bienestar,Clinicas y consultas,Veterinaria,14,3,0.21428571428571427,135.0,1.0,1.0,False,low,35
district,6.0,Tetuán,Alimentacion,Alimentacion fresca,Carniceria y charcuteria,13,0,0.0,135.0,1.0,1.0,False,low,36
district,6.0,Tetuán,Retail especializado,Electronica y telecom,Electrodomesticos,13,2,0.15384615384615385,135.0,1.0,1.0,False,low,37
district,6.0,Tetuán,Alimentacion,Supermercado y conveniencia,Alimentacion envasada,12,2,0.16666666666666666,135.0,1.0,1.0,False,low,38
district,6.0,Tetuán,Salud y bienestar,Clinicas y consultas,Parasanitario,12,1,0.08333333333333333,135.0,1.0,1.0,False,low,39
district,6.0,Tetuán,Automocion,Venta y recambios,Recambios automovil,12,0,0.0,135.0,1.0,1.0,False,low,40
district,6.0,Tetuán,Automocion,Venta y recambios,Venta de coches nuevos,12,1,0.08333333333333333,135.0,1.0,1.0,False,low,41
district,6.0,Tetuán,Retail especializado,Cultura y ocio,Libreria,11,2,0.18181818181818182,135.0,1.0,1.0,False,low,42
district,6.0,Tetuán,Alimentacion,Panaderia y pasteleria,Pasteleria y reposteria,11,3,0.2727272727272727,135.0,1.0,1.0,False,low,43
district,6.0,Tetuán,Servicios,Servicios profesionales,Tecnologia y software,11,0,0.0,135.0,1.0,1.0,False,low,44
district,6.0,Tetuán,Retail especializado,Hogar y decoracion,Colchoneria,10,0,0.0,135.0,1.0,1.0,False,low,45
district,6.0,Tetuán,Alimentacion,Especialistas alimentacion,Congelados,10,2,0.2,135.0,1.0,1.0,False,low,46
district,6.0,Tetuán,Servicios,Servicios profesionales,Telecomunicaciones,10,5,0.5,133.5,1.0,1.0,False,low,47
district,6.0,Tetuán,Alimentacion,Especialistas alimentacion,Bodega,9,0,0.0,135.0,1.0,1.0,False,low,48
district,6.0,Tetuán,Alimentacion,Alimentacion fresca,Casqueria,8,0,0.0,135.0,1.0,1.0,False,low,49
district,6.0,Tetuán,Retail especializado,Hogar y decoracion,Muebles de cocina,8,1,0.125,135.0,1.0,1.0,False,low,50
district,6.0,Tetuán,Alojamiento,Alojamiento turistico,Alojamiento turistico,7,0,0.0,135.0,1.0,1.0,False,low,51
district,6.0,Tetuán,Belleza y cuidado personal,Servicios personales,Belleza y cuidado personal,7,1,0.14285714285714285,135.0,1.0,1.0,False,low,52
district,6.0,Tetuán,Retail especializado,Hogar y reformas,Bricolaje,6,2,0.3333333333333333,135.0,1.0,1.0,False,low,53
district,6.0,Tetuán,Deporte y ocio,Fitness y deporte,Club deportivo,6,1,0.16666666666666666,135.0,1.0,1.0,False,low,54
district,6.0,Tetuán,Alojamiento,Alojamiento turistico,Hostal,6,0,0.0,135.0,1.0,1.0,False,low,55
district,6.0,Tetuán,Alimentacion,Especialistas alimentacion,Lacteos y bebidas,6,0,0.0,135.0,1.0,1.0,False,low,56
district,6.0,Tetuán,Retail especializado,Hogar y decoracion,Menaje del hogar,6,1,0.16666666666666666,135.0,1.0,1.0,False,low,57
district,6.0,Tetuán,Automocion,Venta y recambios,Venta de coches usados,6,1,0.16666666666666666,135.0,1.0,1.0,False,low,58
district,6.0,Tetuán,Alimentacion,Especialistas alimentacion,Heladeria,5,2,0.4,135.0,1.0,1.0,False,low,59
district,6.0,Tetuán,Alojamiento,Alojamiento turistico,Hotel,5,1,0.2,135.0,1.0,1.0,False,low,60
district,6.0,Tetuán,Retail especializado,Hogar y decoracion,Iluminacion,5,2,0.4,135.0,1.0,1.0,False,low,61
district,6.0,Tetuán,Belleza y cuidado personal,Peluqueria y estetica,Instituto de belleza,5,2,0.4,135.0,1.0,1.0,False,low,62
district,6.0,Tetuán,Salud y bienestar,Clinicas y consultas,Podologia,5,1,0.2,135.0,1.0,1.0,False,low,63
district,6.0,Tetuán,Alimentacion,Especialistas alimentacion,Cafe e infusiones,4,0,0.0,135.0,1.0,1.0,False,low,64
district,6.0,Tetuán,Deporte y ocio,Ocio y entretenimiento,Celebraciones infantiles,4,0,0.0,135.0,1.0,1.0,False,low,65
district,6.0,Tetuán,Finanzas,Finanzas y seguros,Servicios auxiliares seguros,4,0,0.0,135.0,1.0,1.0,False,low,66
district,6.0,Tetuán,Automocion,Taller y reparacion,Accesorios automovil,3,0,0.0,135.0,1.0,1.0,False,low,67
district,6.0,Tetuán,Hosteleria,Bar y cafeteria,Bar especial con actuaciones,3,0,0.0,135.0,1.0,1.0,False,low,68
district,6.0,Tetuán,Retail especializado,Cultura y ocio,Bicicletas,3,0,0.0,135.0,1.0,1.0,False,low,69
district,6.0,Tetuán,Educacion,Educacion infantil,Centro de cuidado infantil,3,1,0.3333333333333333,135.0,1.0,1.0,False,low,70
district,6.0,Tetuán,Deporte y ocio,Fitness y deporte,Instalacion deportiva,3,1,0.3333333333333333,135.0,1.0,1.0,False,low,71
district,6.0,Tetuán,Automocion,Venta y recambios,Venta de motos,3,0,0.0,135.0,1.0,1.0,False,low,72
district,6.0,Tetuán,Hosteleria,Bar y cafeteria,Churreria,2,0,0.0,135.0,1.0,1.0,False,low,73
district,6.0,Tetuán,Educacion,Formacion,Formacion no reglada,2,0,0.0,87.5,1.0,1.0,False,low,74
district,6.0,Tetuán,Automocion,Servicios automocion,Gasolinera,2,0,0.0,135.0,1.0,1.0,False,low,75
district,6.0,Tetuán,Hosteleria,Restauracion,Hosteleria especializada,2,0,0.0,83.0,1.0,1.0,False,low,76
district,6.0,Tetuán,Deporte y ocio,Ocio y entretenimiento,Salon recreativo,2,1,0.5,81.5,1.0,1.0,False,low,77
district,6.0,Tetuán,Hosteleria,Bar y cafeteria,Bodega con consumo,1,0,0.0,135.0,1.0,1.0,False,low,78
district,6.0,Tetuán,Belleza y cuidado personal,Peluqueria y estetica,Bronceado,1,0,0.0,96.0,1.0,1.0,False,low,79
district,6.0,Tetuán,Hosteleria,Bar y cafeteria,Heladeria y salon de te,1,0,0.0,135.0,1.0,1.0,False,low,80
district,6.0,Tetuán,Salud y bienestar,Clinicas y consultas,Optometria,1,0,0.0,135.0,1.0,1.0,False,low,81
district,6.0,Tetuán,Belleza y cuidado personal,Servicios personales,Tattoo y piercing,1,1,1.0,25.0,1.0,1.0,False,low,82
district,6.0,Tetuán,Hosteleria,Bar y cafeteria,Bar con cocina,207,15,0.07246376811594203,135.0,0.9951690821256038,0.9903381642512077,True,medium,83
district,6.0,Tetuán,Hosteleria,Restauracion,Restaurante,169,10,0.05917159763313609,135.0,0.9940828402366864,0.9881656804733727,False,low,84
district,6.0,Tetuán,Hosteleria,Bar y cafeteria,Bar restaurante,238,23,0.09663865546218488,135.0,0.9915966386554622,0.9873949579831933,True,high,85
district,6.0,Tetuán,Retail especializado,Moda y complementos,Calzado,63,9,0.14285714285714285,135.0,0.9841269841269842,0.9841269841269842,False,low,86
district,6.0,Tetuán,Deporte y ocio,Ocio y entretenimiento,Ocio y entretenimiento,58,6,0.10344827586206896,135.0,1.0,0.9827586206896551,False,low,87
district,6.0,Tetuán,Hosteleria,Bar y cafeteria,Bar especial,56,10,0.17857142857142858,135.0,0.9821428571428571,0.9821428571428571,False,low,88
district,6.0,Tetuán,Alimentacion,Alimentacion fresca,Carniceria,54,6,0.1111111111111111,135.0,0.9814814814814815,0.9814814814814815,False,low,89
district,6.0,Tetuán,Belleza y cuidado personal,Peluqueria y estetica,Peluqueria,260,31,0.11923076923076924,135.0,0.9961538461538462,0.9807692307692308,True,high,90
district,6.0,Tetuán,Salud y bienestar,Salud retail,Farmacia,93,6,0.06451612903225806,135.0,1.0,0.9784946236559139,False,low,91
district,6.0,Tetuán,Alimentacion,Panaderia y pasteleria,Panaderia,43,4,0.09302325581395349,135.0,0.9767441860465116,0.9767441860465116,False,low,92
district,6.0,Tetuán,Servicios,Servicios al consumidor,Locutorio,84,21,0.25,135.0,0.9761904761904762,0.9761904761904762,True,medium,93
district,6.0,Tetuán,Servicios,Servicios profesionales,Asesoria y contabilidad,42,7,0.16666666666666666,135.0,0.9761904761904762,0.9761904761904762,False,low,94
district,6.0,Tetuán,Servicios,Servicios profesionales,Servicios profesionales,41,9,0.21951219512195122,135.0,0.975609756097561,0.975609756097561,False,low,95
district,6.0,Tetuán,Salud y bienestar,Clinicas y consultas,Clinica dental,39,5,0.1282051282051282,135.0,0.9743589743589743,0.9743589743589743,False,low,96
district,6.0,Tetuán,Servicios,Logistica y movilidad,Logistica y movilidad,154,19,0.12337662337662338,135.0,1.0,0.9740259740259741,True,medium,97
district,6.0,Tetuán,Servicios,Servicios profesionales,Arquitectura e ingenieria,37,8,0.21621621621621623,135.0,1.0,0.972972972972973,False,low,98
district,6.0,Tetuán,Retail especializado,Conveniencia,Estanco,37,6,0.16216216216216217,135.0,0.972972972972973,0.972972972972973,False,low,99
district,6.0,Tetuán,Retail especializado,Moda y complementos,Moda,214,37,0.17289719626168223,135.0,0.97196261682243,0.97196261682243,True,high,100
district,6.0,Tetuán,Hosteleria,Bar y cafeteria,Bar sin cocina,71,10,0.14084507042253522,135.0,0.971830985915493,0.971830985915493,False,low,101
district,6.0,Tetuán,Alimentacion,Alimentacion fresca,Fruteria,100,10,0.1,135.0,0.98,0.97,False,low,102
district,6.0,Tetuán,Servicios,Servicios profesionales,Inmobiliaria,33,7,0.21212121212121213,135.0,1.0,0.9696969696969697,False,low,103
district,6.0,Tetuán,Retail especializado,Hogar y reformas,Puertas y ventanas,24,4,0.16666666666666666,135.0,1.0,0.9583333333333334,False,low,104
district,6.0,Tetuán,Servicios,Servicios profesionales,Publicidad y marketing,24,5,0.20833333333333334,135.0,0.9583333333333334,0.9583333333333334,False,low,105
district,6.0,Tetuán,Alimentacion,Supermercado y conveniencia,Supermercado,48,5,0.10416666666666667,135.0,0.9583333333333333,0.9583333333333333,False,low,106
district,6.0,Tetuán,Alimentacion,Supermercado y conveniencia,Tienda de alimentacion,113,12,0.10619469026548672,135.0,0.9823008849557522,0.9557522123893807,True,medium,107
district,6.0,Tetuán,Retail especializado,Otros comercios,Otros comercios,60,13,0.21666666666666667,135.0,1.0,0.95,False,low,108
district,6.0,Tetuán,Salud y bienestar,Clinicas y consultas,Clinicas y consultas,19,6,0.3157894736842105,135.0,0.9473684210526316,0.9473684210526316,False,low,109
district,6.0,Tetuán,Retail especializado,Hogar y decoracion,Hogar y menaje,19,4,0.21052631578947367,135.0,0.9473684210526316,0.9473684210526316,False,low,110
district,6.0,Tetuán,Retail especializado,Hogar y decoracion,Muebles,36,10,0.2777777777777778,135.0,0.9722222222222222,0.9444444444444444,False,low,111
district,6.0,Tetuán,Alimentacion,Comida preparada,Comida preparada,35,9,0.2571428571428571,83.0,0.9428571428571428,0.9428571428571428,False,low,112
district,6.0,Tetuán,Servicios,Servicios personales,Lavanderia y tintoreria,33,4,0.12121212121212122,135.0,0.9393939393939394,0.9393939393939394,False,low,113
district,6.0,Tetuán,Retail especializado,Hogar y reformas,Materiales de construccion,16,2,0.125,135.0,0.9375,0.9375,False,low,114
district,6.0,Tetuán,Finanzas,Finanzas y seguros,Banco y caja,187,68,0.36363636363636365,135.0,0.9679144385026738,0.93048128342246,True,high,115
district,6.0,Tetuán,Retail especializado,Moda y complementos,Joyeria y relojeria,56,13,0.23214285714285715,135.0,0.9642857142857143,0.9285714285714286,False,low,116
district,6.0,Tetuán,Servicios,Servicios profesionales,Oficina y administracion,74,18,0.24324324324324326,135.0,0.9594594594594595,0.9189189189189191,False,low,117
district,6.0,Tetuán,Retail especializado,Hogar y reformas,Saneamientos,12,1,0.08333333333333333,135.0,1.0,0.9166666666666666,False,low,118
district,6.0,Tetuán,Retail especializado,Hogar y decoracion,Textil hogar,36,7,0.19444444444444445,135.0,0.9722222222222222,0.9166666666666666,False,low,119
district,6.0,Tetuán,Finanzas,Finanzas y seguros,Cambio y envio de moneda,12,3,0.25,135.0,0.9166666666666666,0.9166666666666666,False,low,120
district,6.0,Tetuán,Retail especializado,Conveniencia,Tienda multiproducto,11,5,0.45454545454545453,135.0,1.0,0.9090909090909091,False,low,121
district,6.0,Tetuán,Salud y bienestar,Salud retail,Salud retail,21,6,0.2857142857142857,135.0,0.9523809523809523,0.9047619047619047,False,low,122
district,6.0,Tetuán,Retail especializado,Conveniencia,Bazar y precio unico,61,12,0.19672131147540983,135.0,0.9672131147540983,0.9016393442622952,False,low,123
district,6.0,Tetuán,Belleza y cuidado personal,Peluqueria y estetica,Centro de estetica,39,11,0.28205128205128205,135.0,0.9487179487179487,0.8974358974358975,False,low,124
district,6.0,Tetuán,Retail especializado,Electronica y telecom,Electronica,19,7,0.3684210526315789,135.0,0.9473684210526316,0.8947368421052632,False,low,125
district,6.0,Tetuán,Hosteleria,Ocio nocturno,Discoteca,15,5,0.3333333333333333,135.0,0.8666666666666667,0.8666666666666667,False,low,126
district,6.0,Tetuán,Hosteleria,Catering y colectividades,Comedor colectivo,7,1,0.14285714285714285,78.0,0.8571428571428572,0.8571428571428572,False,low,127
district,6.0,Tetuán,Alimentacion,Supermercado y conveniencia,Gran superficie alimentacion,7,1,0.14285714285714285,106.0,0.8571428571428572,0.8571428571428572,False,low,128
district,6.0,Tetuán,Hosteleria,Restauracion,Comida rapida,5,1,0.2,135.0,0.8,0.8,False,low,129
district,6.0,Tetuán,Retail especializado,Cultura y ocio,Jugueteria,9,2,0.2222222222222222,135.0,1.0,0.7777777777777777,False,low,130
district,6.0,Tetuán,Hosteleria,Ocio nocturno,Cafe espectaculo,4,1,0.25,125.0,0.75,0.75,False,low,131
district,6.0,Tetuán,Hosteleria,Catering y colectividades,Eventos y banquetes,4,1,0.25,135.0,0.75,0.75,False,low,132
district,6.0,Tetuán,Finanzas,Finanzas y seguros,Finanzas y seguros,4,1,0.25,116.5,0.75,0.75,False,low,133
district,6.0,Tetuán,Educacion,Educacion infantil,Escuela infantil,3,2,0.6666666666666666,56.0,1.0,0.6666666666666667,False,low,134
district,7.0,Chamberí,Automocion,Taller y reparacion,Taller mecanica,70,2,0.02857142857142857,135.0,1.0,1.0,False,low,1
district,7.0,Chamberí,Alimentacion,Alimentacion fresca,Carniceria,44,3,0.06818181818181818,135.0,1.0,1.0,False,low,2
district,7.0,Chamberí,Retail especializado,Hogar y decoracion,Textil hogar,40,4,0.1,135.0,1.0,1.0,False,low,3
district,7.0,Chamberí,Retail especializado,Hogar y reformas,Ferreteria,37,8,0.21621621621621623,135.0,1.0,1.0,False,low,4
district,7.0,Chamberí,Alimentacion,Panaderia y pasteleria,Panaderia,36,5,0.1388888888888889,135.0,1.0,1.0,False,low,5
district,7.0,Chamberí,Salud y bienestar,Clinicas y consultas,Clinicas y consultas,33,2,0.06060606060606061,135.0,1.0,1.0,False,low,6
district,7.0,Chamberí,Salud y bienestar,Clinicas y consultas,Consulta medica,32,2,0.0625,135.0,1.0,1.0,False,low,7
district,7.0,Chamberí,Servicios,Servicios personales,Reparacion de calzado,28,3,0.10714285714285714,135.0,1.0,1.0,False,low,8
district,7.0,Chamberí,Automocion,Venta y recambios,Venta de coches nuevos,28,4,0.14285714285714285,135.0,1.0,1.0,False,low,9
district,7.0,Chamberí,Alimentacion,Alimentacion fresca,Charcuteria,27,2,0.07407407407407407,135.0,1.0,1.0,False,low,10
district,7.0,Chamberí,Retail especializado,Hogar y decoracion,Muebles de cocina,26,7,0.2692307692307692,135.0,1.0,1.0,False,low,11
district,7.0,Chamberí,Salud y bienestar,Salud retail,Salud retail,26,4,0.15384615384615385,135.0,1.0,1.0,False,low,12
district,7.0,Chamberí,Educacion,Educacion infantil,Escuela infantil,21,0,0.0,135.0,1.0,1.0,False,low,13
district,7.0,Chamberí,Educacion,Formacion,Autoescuela,20,3,0.15,135.0,1.0,1.0,False,low,14
district,7.0,Chamberí,Retail especializado,Hogar y reformas,Material electrico,19,4,0.21052631578947367,135.0,1.0,1.0,False,low,15
district,7.0,Chamberí,Servicios,Servicios profesionales,Servicios profesionales,18,2,0.1111111111111111,135.0,1.0,1.0,False,low,16
district,7.0,Chamberí,Hosteleria,Bar y cafeteria,Taberna,18,0,0.0,135.0,1.0,1.0,False,low,17
district,7.0,Chamberí,Salud y bienestar,Clinicas y consultas,Veterinaria,18,3,0.16666666666666666,135.0,1.0,1.0,False,low,18
district,7.0,Chamberí,Retail especializado,Hogar y reformas,Puertas y ventanas,16,3,0.1875,135.0,1.0,1.0,False,low,19
district,7.0,Chamberí,Hosteleria,Ocio nocturno,Discoteca,15,1,0.06666666666666667,135.0,1.0,1.0,False,low,20
district,7.0,Chamberí,Retail especializado,Electronica y telecom,Electronica y telecom,15,3,0.2,135.0,1.0,1.0,False,low,21
district,7.0,Chamberí,Automocion,Venta y recambios,Motos y reparacion,15,1,0.06666666666666667,135.0,1.0,1.0,False,low,22
district,7.0,Chamberí,Alimentacion,Especialistas alimentacion,Bodega,14,3,0.21428571428571427,135.0,1.0,1.0,False,low,23
district,7.0,Chamberí,Servicios,Servicios profesionales,Despacho juridico,14,4,0.2857142857142857,135.0,1.0,1.0,False,low,24
district,7.0,Chamberí,Automocion,Venta y recambios,Recambios automovil,11,2,0.18181818181818182,135.0,1.0,1.0,False,low,25
district,7.0,Chamberí,Hosteleria,Ocio nocturno,Cafe espectaculo,10,1,0.1,135.0,1.0,1.0,False,low,26
district,7.0,Chamberí,Retail especializado,Hogar y decoracion,Menaje del hogar,10,2,0.2,135.0,1.0,1.0,False,low,27
district,7.0,Chamberí,Automocion,Taller y reparacion,Taller automovil,10,0,0.0,135.0,1.0,1.0,False,low,28
district,7.0,Chamberí,Alimentacion,Especialistas alimentacion,Cafe e infusiones,9,1,0.1111111111111111,135.0,1.0,1.0,False,low,29
district,7.0,Chamberí,Hosteleria,Restauracion,Comida rapida,9,0,0.0,135.0,1.0,1.0,False,low,30
district,7.0,Chamberí,Retail especializado,Hogar y reformas,Bricolaje,8,2,0.25,135.0,1.0,1.0,False,low,31
district,7.0,Chamberí,Automocion,Taller y reparacion,Taller chapa y pintura,8,0,0.0,135.0,1.0,1.0,False,low,32
district,7.0,Chamberí,Servicios,Servicios profesionales,Tecnologia y software,8,1,0.125,135.0,1.0,1.0,False,low,33
district,7.0,Chamberí,Retail especializado,Conveniencia,Tienda multiproducto,8,1,0.125,135.0,1.0,1.0,False,low,34
district,7.0,Chamberí,Alimentacion,Supermercado y conveniencia,Alimentacion envasada,7,1,0.14285714285714285,135.0,1.0,1.0,False,low,35
district,7.0,Chamberí,Finanzas,Finanzas y seguros,Servicios auxiliares seguros,7,1,0.14285714285714285,135.0,1.0,1.0,False,low,36
district,7.0,Chamberí,Automocion,Venta y recambios,Venta de coches usados,7,0,0.0,135.0,1.0,1.0,False,low,37
district,7.0,Chamberí,Hosteleria,Bar y cafeteria,Churreria,6,0,0.0,135.0,1.0,1.0,False,low,38
district,7.0,Chamberí,Alimentacion,Especialistas alimentacion,Congelados,6,0,0.0,135.0,1.0,1.0,False,low,39
district,7.0,Chamberí,Alimentacion,Alimentacion fresca,Carniceria y charcuteria,5,0,0.0,135.0,1.0,1.0,False,low,40
district,7.0,Chamberí,Deporte y ocio,Ocio y entretenimiento,Celebraciones infantiles,5,1,0.2,135.0,1.0,1.0,False,low,41
district,7.0,Chamberí,Belleza y cuidado personal,Peluqueria y estetica,Fotodepilacion,5,1,0.2,135.0,1.0,1.0,False,low,42
district,7.0,Chamberí,Alimentacion,Supermercado y conveniencia,Gran superficie alimentacion,5,1,0.2,135.0,1.0,1.0,False,low,43
district,7.0,Chamberí,Alimentacion,Especialistas alimentacion,Heladeria,5,0,0.0,135.0,1.0,1.0,False,low,44
district,7.0,Chamberí,Salud y bienestar,Clinicas y consultas,Podologia,5,0,0.0,135.0,1.0,1.0,False,low,45
district,7.0,Chamberí,Hosteleria,Bar y cafeteria,Bar especial con actuaciones,4,0,0.0,135.0,1.0,1.0,False,low,46
district,7.0,Chamberí,Educacion,Educacion infantil,Centro de cuidado infantil,4,1,0.25,135.0,1.0,1.0,False,low,47
district,7.0,Chamberí,Automocion,Servicios automocion,Gasolinera,4,0,0.0,135.0,1.0,1.0,False,low,48
district,7.0,Chamberí,Hosteleria,Bar y cafeteria,Heladeria y salon de te,4,3,0.75,52.0,1.0,1.0,False,low,49
district,7.0,Chamberí,Belleza y cuidado personal,Servicios personales,Tattoo y piercing,4,0,0.0,135.0,1.0,1.0,False,low,50
district,7.0,Chamberí,Servicios,Servicios profesionales,Telecomunicaciones,4,1,0.25,135.0,1.0,1.0,False,low,51
district,7.0,Chamberí,Automocion,Venta y recambios,Venta de motos,4,0,0.0,135.0,1.0,1.0,False,low,52
district,7.0,Chamberí,Alimentacion,Alimentacion fresca,Casqueria,3,0,0.0,135.0,1.0,1.0,False,low,53
district,7.0,Chamberí,Servicios,Servicios profesionales,Consultoria empresarial,3,0,0.0,135.0,1.0,1.0,False,low,54
district,7.0,Chamberí,Hosteleria,Bar y cafeteria,Bodega con consumo,2,0,0.0,135.0,1.0,1.0,False,low,55
district,7.0,Chamberí,Belleza y cuidado personal,Peluqueria y estetica,Bronceado,2,2,1.0,89.5,1.0,1.0,False,low,56
district,7.0,Chamberí,Alojamiento,Alojamiento turistico,Hostal,2,0,0.0,135.0,1.0,1.0,False,low,57
district,7.0,Chamberí,Hosteleria,Restauracion,Hosteleria especializada,2,0,0.0,135.0,1.0,1.0,False,low,58
district,7.0,Chamberí,Automocion,Taller y reparacion,Accesorios automovil,1,0,0.0,135.0,1.0,1.0,False,low,59
district,7.0,Chamberí,Alojamiento,Alojamiento turistico,Albergue,1,0,0.0,67.0,1.0,1.0,False,low,60
district,7.0,Chamberí,Finanzas,Finanzas y seguros,Cambio y envio de moneda,1,0,0.0,135.0,1.0,1.0,False,low,61
district,7.0,Chamberí,Educacion,Formacion,Formacion no reglada,1,0,0.0,71.0,1.0,1.0,False,low,62
district,7.0,Chamberí,Alimentacion,Especialistas alimentacion,Golosinas,1,0,0.0,135.0,1.0,1.0,False,low,63
district,7.0,Chamberí,Educacion,Formacion,Idiomas,1,0,0.0,133.0,1.0,1.0,False,low,64
district,7.0,Chamberí,Deporte y ocio,Fitness y deporte,Instalacion deportiva,1,0,0.0,135.0,1.0,1.0,False,low,65
district,7.0,Chamberí,Alimentacion,Especialistas alimentacion,Lacteos y bebidas,1,1,1.0,33.0,1.0,1.0,False,low,66
district,7.0,Chamberí,Retail especializado,Moda y complementos,Moda y complementos,1,0,0.0,135.0,1.0,1.0,False,low,67
district,7.0,Chamberí,Deporte y ocio,Ocio y entretenimiento,Salon recreativo,1,1,1.0,55.0,1.0,1.0,False,low,68
district,7.0,Chamberí,Servicios,Servicios profesionales,Servicios digitales,1,0,0.0,135.0,1.0,1.0,False,low,69
district,7.0,Chamberí,Hosteleria,Bar y cafeteria,Bar restaurante,271,6,0.02214022140221402,135.0,0.996309963099631,0.996309963099631,False,low,70
district,7.0,Chamberí,Hosteleria,Restauracion,Restaurante,181,12,0.06629834254143646,135.0,1.0,0.988950276243094,True,medium,71
district,7.0,Chamberí,Hosteleria,Bar y cafeteria,Cafeteria,179,19,0.10614525139664804,135.0,0.994413407821229,0.988826815642458,True,medium,72
district,7.0,Chamberí,Retail especializado,Cultura y ocio,Libreria,68,10,0.14705882352941177,135.0,0.9852941176470589,0.9852941176470589,False,low,73
district,7.0,Chamberí,Hosteleria,Bar y cafeteria,Bar con cocina,263,19,0.07224334600760456,135.0,0.9923954372623575,0.9847908745247148,True,medium,74
district,7.0,Chamberí,Educacion,Formacion,Educacion y formacion,64,5,0.078125,135.0,1.0,0.984375,False,low,75
district,7.0,Chamberí,Hosteleria,Bar y cafeteria,Bar sin cocina,61,7,0.11475409836065574,135.0,1.0,0.9836065573770492,False,low,76
district,7.0,Chamberí,Servicios,Servicios personales,Arreglo de ropa,57,6,0.10526315789473684,135.0,1.0,0.9824561403508771,False,low,77
district,7.0,Chamberí,Salud y bienestar,Salud retail,Farmacia,112,3,0.026785714285714284,135.0,1.0,0.9821428571428572,False,low,78
district,7.0,Chamberí,Salud y bienestar,Clinicas y consultas,Clinica dental,48,5,0.10416666666666667,135.0,1.0,0.9791666666666666,False,low,79
district,7.0,Chamberí,Retail especializado,Conveniencia,Estanco,48,5,0.10416666666666667,135.0,0.9791666666666666,0.9791666666666666,False,low,80
district,7.0,Chamberí,Salud y bienestar,Salud retail,Optica,47,7,0.14893617021276595,135.0,0.9787234042553191,0.9787234042553191,False,low,81
district,7.0,Chamberí,Deporte y ocio,Ocio y entretenimiento,Ocio y entretenimiento,46,5,0.10869565217391304,135.0,0.9782608695652174,0.9782608695652174,False,low,82
district,7.0,Chamberí,Retail especializado,Cultura y ocio,Papeleria y prensa,45,9,0.2,135.0,0.9777777777777777,0.9777777777777777,False,low,83
district,7.0,Chamberí,Servicios,Servicios personales,Reparacion especializada,42,5,0.11904761904761904,135.0,1.0,0.9761904761904762,False,low,84
district,7.0,Chamberí,Retail especializado,Otros comercios,Otros comercios,148,31,0.20945945945945946,135.0,0.9797297297297297,0.9729729729729729,True,medium,85
district,7.0,Chamberí,Retail especializado,Electronica y telecom,Informatica,34,10,0.29411764705882354,135.0,0.9705882352941176,0.9705882352941176,False,low,86
district,7.0,Chamberí,Salud y bienestar,Salud retail,Herbolario,32,6,0.1875,135.0,1.0,0.96875,False,low,87
district,7.0,Chamberí,Alimentacion,Alimentacion fresca,Fruteria,95,12,0.12631578947368421,135.0,0.9894736842105263,0.968421052631579,True,medium,88
district,7.0,Chamberí,Servicios,Servicios profesionales,Oficina y administracion,60,14,0.23333333333333334,135.0,1.0,0.9666666666666667,False,low,89
district,7.0,Chamberí,Hosteleria,Catering y colectividades,Comedor colectivo,30,1,0.03333333333333333,90.0,0.9666666666666667,0.9666666666666667,False,low,90
district,7.0,Chamberí,Servicios,Servicios profesionales,Arquitectura e ingenieria,29,7,0.2413793103448276,135.0,1.0,0.9655172413793104,False,low,91
district,7.0,Chamberí,Alimentacion,Supermercado y conveniencia,Supermercado,56,9,0.16071428571428573,135.0,0.9821428571428571,0.9642857142857142,False,low,92
district,7.0,Chamberí,Alimentacion,Supermercado y conveniencia,Tienda de alimentacion,164,29,0.17682926829268292,135.0,0.975609756097561,0.9634146341463414,True,high,93
district,7.0,Chamberí,Belleza y cuidado personal,Peluqueria y estetica,Peluqueria,239,49,0.20502092050209206,135.0,0.9748953974895398,0.9581589958158997,True,high,94
district,7.0,Chamberí,Retail especializado,Conveniencia,Bazar y precio unico,47,9,0.19148936170212766,135.0,0.9787234042553191,0.9574468085106382,False,low,95
district,7.0,Chamberí,Alimentacion,Alimentacion fresca,Aves y huevos,23,3,0.13043478260869565,135.0,1.0,0.9565217391304348,False,low,96
district,7.0,Chamberí,Alimentacion,Alimentacion fresca,Pescaderia,23,3,0.13043478260869565,135.0,1.0,0.9565217391304348,False,low,97
district,7.0,Chamberí,Belleza y cuidado personal,Peluqueria y estetica,Instituto de belleza,23,7,0.30434782608695654,135.0,0.9565217391304348,0.9565217391304348,False,low,98
district,7.0,Chamberí,Servicios,Servicios profesionales,Asesoria y contabilidad,65,11,0.16923076923076924,135.0,0.953846153846154,0.953846153846154,False,low,99
district,7.0,Chamberí,Alojamiento,Alojamiento turistico,Alojamiento turistico,20,1,0.05,135.0,0.95,0.95,False,low,100
district,7.0,Chamberí,Salud y bienestar,Clinicas y consultas,Clinica medica,56,12,0.21428571428571427,135.0,0.9821428571428571,0.9464285714285714,False,low,101
district,7.0,Chamberí,Retail especializado,Moda y complementos,Joyeria y relojeria,74,13,0.17567567567567569,135.0,0.9459459459459459,0.9459459459459459,False,low,102
district,7.0,Chamberí,Retail especializado,Hogar y decoracion,Colchoneria,18,5,0.2777777777777778,135.0,1.0,0.9444444444444444,False,low,103
district,7.0,Chamberí,Hosteleria,Bar y cafeteria,Bar especial,125,29,0.232,135.0,0.96,0.944,True,medium,104
district,7.0,Chamberí,Retail especializado,Hogar y reformas,Materiales de construccion,16,4,0.25,135.0,0.9375,0.9375,False,low,105
district,7.0,Chamberí,Belleza y cuidado personal,Cosmetica y perfumeria,Perfumeria y cosmetica,47,15,0.3191489361702128,135.0,0.9574468085106382,0.9361702127659574,False,low,106
district,7.0,Chamberí,Retail especializado,Hogar y regalos,Floristeria,44,7,0.1590909090909091,135.0,1.0,0.9318181818181818,False,low,107
district,7.0,Chamberí,Servicios,Logistica y movilidad,Logistica y movilidad,132,18,0.13636363636363635,135.0,0.9545454545454545,0.9318181818181818,True,medium,108
district,7.0,Chamberí,Salud y bienestar,Clinicas y consultas,Fisioterapia,43,6,0.13953488372093023,135.0,0.9534883720930232,0.9302325581395348,False,low,109
district,7.0,Chamberí,Retail especializado,Hogar y decoracion,Muebles,43,14,0.32558139534883723,135.0,0.9534883720930232,0.9302325581395348,False,low,110
district,7.0,Chamberí,Retail especializado,Moda y complementos,Moda,269,87,0.32342007434944237,135.0,0.9591078066914498,0.9293680297397768,True,high,111
district,7.0,Chamberí,Servicios,Servicios al consumidor,Locutorio,39,16,0.41025641025641024,135.0,1.0,0.9230769230769231,False,low,112
district,7.0,Chamberí,Servicios,Servicios profesionales,Inmobiliaria,52,14,0.2692307692307692,135.0,0.923076923076923,0.923076923076923,False,low,113
district,7.0,Chamberí,Finanzas,Finanzas y seguros,Banco y caja,217,71,0.3271889400921659,135.0,0.9539170506912442,0.9216589861751152,True,high,114
district,7.0,Chamberí,Deporte y ocio,Fitness y deporte,Gimnasio,25,4,0.16,135.0,0.96,0.92,False,low,115
district,7.0,Chamberí,Alimentacion,Panaderia y pasteleria,Pasteleria y reposteria,25,5,0.2,135.0,0.96,0.92,False,low,116
district,7.0,Chamberí,Alimentacion,Especialistas alimentacion,Frutos secos y encurtidos,23,5,0.21739130434782608,135.0,0.9130434782608696,0.9130434782608696,False,low,117
district,7.0,Chamberí,Alimentacion,Comida preparada,Comida preparada,34,11,0.3235294117647059,135.0,0.9117647058823529,0.9117647058823529,False,low,118
district,7.0,Chamberí,Retail especializado,Moda y complementos,Calzado,67,18,0.26865671641791045,135.0,0.9701492537313433,0.9104477611940299,False,low,119
district,7.0,Chamberí,Retail especializado,Cultura y ocio,Jugueteria,32,10,0.3125,135.0,1.0,0.90625,False,low,120
district,7.0,Chamberí,Belleza y cuidado personal,Peluqueria y estetica,Centro de estetica,73,31,0.4246575342465753,135.0,0.9589041095890412,0.9041095890410961,False,low,121
district,7.0,Chamberí,Servicios,Servicios personales,Lavanderia y tintoreria,41,9,0.21951219512195122,135.0,0.9512195121951219,0.9024390243902438,False,low,122
district,7.0,Chamberí,Finanzas,Finanzas y seguros,Seguros,30,15,0.5,126.5,0.9666666666666667,0.9,False,low,123
district,7.0,Chamberí,Salud y bienestar,Clinicas y consultas,Optometria,9,2,0.2222222222222222,135.0,0.8888888888888888,0.8888888888888888,False,low,124
district,7.0,Chamberí,Retail especializado,Electronica y telecom,Electronica,16,5,0.3125,135.0,1.0,0.875,False,low,125
district,7.0,Chamberí,Retail especializado,Hogar y reformas,Saneamientos,8,2,0.25,135.0,1.0,0.875,False,low,126
district,7.0,Chamberí,Alojamiento,Alojamiento turistico,Hotel,22,4,0.18181818181818182,135.0,1.0,0.8636363636363635,False,low,127
district,7.0,Chamberí,Retail especializado,Hogar y decoracion,Hogar y menaje,21,5,0.23809523809523808,135.0,1.0,0.8571428571428572,False,low,128
district,7.0,Chamberí,Retail especializado,Cultura y ocio,Deporte,20,6,0.3,135.0,0.9,0.85,False,low,129
district,7.0,Chamberí,Retail especializado,Electronica y telecom,Electrodomesticos,13,5,0.38461538461538464,135.0,0.9230769230769231,0.8461538461538461,False,low,130
district,7.0,Chamberí,Retail especializado,Electronica y telecom,Telefonia,37,14,0.3783783783783784,135.0,0.8918918918918919,0.8378378378378379,False,low,131
district,7.0,Chamberí,Salud y bienestar,Clinicas y consultas,Parasanitario,6,2,0.3333333333333333,135.0,1.0,0.8333333333333334,False,low,132
district,7.0,Chamberí,Belleza y cuidado personal,Servicios personales,Belleza y cuidado personal,6,1,0.16666666666666666,135.0,0.8333333333333334,0.8333333333333334,False,low,133
district,7.0,Chamberí,Servicios,Servicios profesionales,Fotografia,6,2,0.3333333333333333,108.5,0.8333333333333334,0.8333333333333334,False,low,134
district,7.0,Chamberí,Retail especializado,Hogar y decoracion,Iluminacion,6,2,0.3333333333333333,135.0,0.8333333333333334,0.8333333333333334,False,low,135
district,7.0,Chamberí,Servicios,Servicios profesionales,Publicidad y marketing,18,6,0.3333333333333333,135.0,0.8888888888888888,0.7777777777777777,False,low,136
district,7.0,Chamberí,Finanzas,Finanzas y seguros,Finanzas y seguros,8,3,0.375,105.5,0.875,0.75,False,low,137
district,7.0,Chamberí,Retail especializado,Cultura y ocio,Bicicletas,4,3,0.75,65.0,0.75,0.75,False,low,138
district,7.0,Chamberí,Deporte y ocio,Fitness y deporte,Club deportivo,3,2,0.6666666666666666,124.0,0.6666666666666667,0.6666666666666667,False,low,139
district,8.0,Fuencarral - El Pardo,Alimentacion,Supermercado y conveniencia,Tienda de alimentacion,73,9,0.1232876712328767,135.0,1.0,1.0,False,low,1
district,8.0,Fuencarral - El Pardo,Automocion,Taller y reparacion,Taller mecanica,55,2,0.03636363636363636,135.0,1.0,1.0,False,low,2
district,8.0,Fuencarral - El Pardo,Educacion,Educacion infantil,Escuela infantil,51,2,0.0392156862745098,135.0,1.0,1.0,False,low,3
district,8.0,Fuencarral - El Pardo,Salud y bienestar,Clinicas y consultas,Clinica dental,48,2,0.041666666666666664,135.0,1.0,1.0,False,low,4
district,8.0,Fuencarral - El Pardo,Educacion,Formacion,Educacion y formacion,47,0,0.0,135.0,1.0,1.0,False,low,5
district,8.0,Fuencarral - El Pardo,Hosteleria,Restauracion,Comida rapida,41,4,0.0975609756097561,135.0,1.0,1.0,False,low,6
district,8.0,Fuencarral - El Pardo,Servicios,Servicios personales,Reparacion especializada,40,2,0.05,135.0,1.0,1.0,False,low,7
district,8.0,Fuencarral - El Pardo,Alimentacion,Panaderia y pasteleria,Panaderia,37,4,0.10810810810810811,135.0,1.0,1.0,False,low,8
district,8.0,Fuencarral - El Pardo,Salud y bienestar,Clinicas y consultas,Consulta medica,35,2,0.05714285714285714,135.0,1.0,1.0,False,low,9
district,8.0,Fuencarral - El Pardo,Alimentacion,Alimentacion fresca,Pescaderia,34,5,0.14705882352941177,135.0,1.0,1.0,False,low,10
district,8.0,Fuencarral - El Pardo,Educacion,Formacion,Autoescuela,33,1,0.030303030303030304,135.0,1.0,1.0,False,low,11
district,8.0,Fuencarral - El Pardo,Salud y bienestar,Clinicas y consultas,Clinicas y consultas,31,1,0.03225806451612903,135.0,1.0,1.0,False,low,12
district,8.0,Fuencarral - El Pardo,Retail especializado,Conveniencia,Estanco,31,2,0.06451612903225806,135.0,1.0,1.0,False,low,13
district,8.0,Fuencarral - El Pardo,Retail especializado,Cultura y ocio,Papeleria y prensa,31,6,0.1935483870967742,135.0,1.0,1.0,False,low,14
district,8.0,Fuencarral - El Pardo,Servicios,Servicios profesionales,Servicios profesionales,29,8,0.27586206896551724,135.0,1.0,1.0,False,low,15
district,8.0,Fuencarral - El Pardo,Deporte y ocio,Ocio y entretenimiento,Ocio y entretenimiento,28,3,0.10714285714285714,135.0,1.0,1.0,False,low,16
district,8.0,Fuencarral - El Pardo,Belleza y cuidado personal,Servicios personales,Belleza y cuidado personal,27,8,0.2962962962962963,135.0,1.0,1.0,False,low,17
district,8.0,Fuencarral - El Pardo,Retail especializado,Hogar y decoracion,Textil hogar,26,2,0.07692307692307693,135.0,1.0,1.0,False,low,18
district,8.0,Fuencarral - El Pardo,Retail especializado,Hogar y reformas,Ferreteria,24,3,0.125,135.0,1.0,1.0,False,low,19
district,8.0,Fuencarral - El Pardo,Salud y bienestar,Salud retail,Herbolario,24,6,0.25,135.0,1.0,1.0,False,low,20
district,8.0,Fuencarral - El Pardo,Servicios,Servicios personales,Arreglo de ropa,23,1,0.043478260869565216,135.0,1.0,1.0,False,low,21
district,8.0,Fuencarral - El Pardo,Retail especializado,Electronica y telecom,Telefonia,22,4,0.18181818181818182,135.0,1.0,1.0,False,low,22
district,8.0,Fuencarral - El Pardo,Retail especializado,Hogar y decoracion,Muebles,19,3,0.15789473684210525,135.0,1.0,1.0,False,low,23
district,8.0,Fuencarral - El Pardo,Alimentacion,Alimentacion fresca,Aves y huevos,18,1,0.05555555555555555,135.0,1.0,1.0,False,low,24
district,8.0,Fuencarral - El Pardo,Retail especializado,Hogar y decoracion,Muebles de cocina,18,1,0.05555555555555555,135.0,1.0,1.0,False,low,25
district,8.0,Fuencarral - El Pardo,Automocion,Venta y recambios,Venta de coches nuevos,18,0,0.0,135.0,1.0,1.0,False,low,26
district,8.0,Fuencarral - El Pardo,Servicios,Servicios personales,Reparacion de calzado,17,2,0.11764705882352941,135.0,1.0,1.0,False,low,27
district,8.0,Fuencarral - El Pardo,Finanzas,Finanzas y seguros,Seguros,17,5,0.29411764705882354,135.0,1.0,1.0,False,low,28
district,8.0,Fuencarral - El Pardo,Retail especializado,Hogar y regalos,Floristeria,16,0,0.0,135.0,1.0,1.0,False,low,29
district,8.0,Fuencarral - El Pardo,Servicios,Servicios profesionales,Tecnologia y software,16,1,0.0625,135.0,1.0,1.0,False,low,30
district,8.0,Fuencarral - El Pardo,Alimentacion,Alimentacion fresca,Carniceria y charcuteria,15,3,0.2,135.0,1.0,1.0,False,low,31
district,8.0,Fuencarral - El Pardo,Alimentacion,Alimentacion fresca,Charcuteria,15,0,0.0,135.0,1.0,1.0,False,low,32
district,8.0,Fuencarral - El Pardo,Alimentacion,Especialistas alimentacion,Frutos secos y encurtidos,15,0,0.0,135.0,1.0,1.0,False,low,33
district,8.0,Fuencarral - El Pardo,Servicios,Servicios profesionales,Telecomunicaciones,15,2,0.13333333333333333,135.0,1.0,1.0,False,low,34
district,8.0,Fuencarral - El Pardo,Retail especializado,Cultura y ocio,Jugueteria,14,1,0.07142857142857142,135.0,1.0,1.0,False,low,35
district,8.0,Fuencarral - El Pardo,Alimentacion,Alimentacion fresca,Carniceria,13,1,0.07692307692307693,135.0,1.0,1.0,False,low,36
district,8.0,Fuencarral - El Pardo,Automocion,Servicios automocion,Gasolinera,12,2,0.16666666666666666,135.0,1.0,1.0,False,low,37
district,8.0,Fuencarral - El Pardo,Retail especializado,Conveniencia,Tienda multiproducto,12,0,0.0,135.0,1.0,1.0,False,low,38
district,8.0,Fuencarral - El Pardo,Retail especializado,Electronica y telecom,Electronica y telecom,11,0,0.0,135.0,1.0,1.0,False,low,39
district,8.0,Fuencarral - El Pardo,Automocion,Venta y recambios,Recambios automovil,11,0,0.0,135.0,1.0,1.0,False,low,40
district,8.0,Fuencarral - El Pardo,Salud y bienestar,Clinicas y consultas,Veterinaria,11,1,0.09090909090909091,135.0,1.0,1.0,False,low,41
district,8.0,Fuencarral - El Pardo,Alimentacion,Supermercado y conveniencia,Alimentacion envasada,10,3,0.3,135.0,1.0,1.0,False,low,42
district,8.0,Fuencarral - El Pardo,Retail especializado,Cultura y ocio,Libreria,9,2,0.2222222222222222,135.0,1.0,1.0,False,low,43
district,8.0,Fuencarral - El Pardo,Retail especializado,Hogar y reformas,Saneamientos,9,1,0.1111111111111111,135.0,1.0,1.0,False,low,44
district,8.0,Fuencarral - El Pardo,Finanzas,Finanzas y seguros,Servicios auxiliares seguros,9,1,0.1111111111111111,135.0,1.0,1.0,False,low,45
district,8.0,Fuencarral - El Pardo,Hosteleria,Bar y cafeteria,Taberna,9,2,0.2222222222222222,135.0,1.0,1.0,False,low,46
district,8.0,Fuencarral - El Pardo,Alimentacion,Especialistas alimentacion,Congelados,8,0,0.0,135.0,1.0,1.0,False,low,47
district,8.0,Fuencarral - El Pardo,Belleza y cuidado personal,Peluqueria y estetica,Instituto de belleza,8,0,0.0,135.0,1.0,1.0,False,low,48
district,8.0,Fuencarral - El Pardo,Retail especializado,Hogar y reformas,Material electrico,8,0,0.0,135.0,1.0,1.0,False,low,49
district,8.0,Fuencarral - El Pardo,Automocion,Taller y reparacion,Accesorios automovil,7,0,0.0,135.0,1.0,1.0,False,low,50
district,8.0,Fuencarral - El Pardo,Alimentacion,Supermercado y conveniencia,Gran superficie alimentacion,7,2,0.2857142857142857,130.0,1.0,1.0,False,low,51
district,8.0,Fuencarral - El Pardo,Retail especializado,Electronica y telecom,Informatica,7,2,0.2857142857142857,135.0,1.0,1.0,False,low,52
district,8.0,Fuencarral - El Pardo,Retail especializado,Hogar y reformas,Bricolaje,6,0,0.0,135.0,1.0,1.0,False,low,53
district,8.0,Fuencarral - El Pardo,Retail especializado,Hogar y decoracion,Iluminacion,6,2,0.3333333333333333,135.0,1.0,1.0,False,low,54
district,8.0,Fuencarral - El Pardo,Salud y bienestar,Clinicas y consultas,Parasanitario,6,0,0.0,135.0,1.0,1.0,False,low,55
district,8.0,Fuencarral - El Pardo,Servicios,Servicios profesionales,Despacho juridico,5,1,0.2,135.0,1.0,1.0,False,low,56
district,8.0,Fuencarral - El Pardo,Deporte y ocio,Fitness y deporte,Instalacion deportiva,5,1,0.2,135.0,1.0,1.0,False,low,57
district,8.0,Fuencarral - El Pardo,Alimentacion,Panaderia y pasteleria,Pasteleria y reposteria,5,2,0.4,135.0,1.0,1.0,False,low,58
district,8.0,Fuencarral - El Pardo,Servicios,Servicios profesionales,Servicios digitales,5,0,0.0,135.0,1.0,1.0,False,low,59
district,8.0,Fuencarral - El Pardo,Automocion,Taller y reparacion,Taller automovil,5,0,0.0,135.0,1.0,1.0,False,low,60
district,8.0,Fuencarral - El Pardo,Alojamiento,Alojamiento turistico,Alojamiento turistico,4,0,0.0,135.0,1.0,1.0,False,low,61
district,8.0,Fuencarral - El Pardo,Alimentacion,Especialistas alimentacion,Bodega,4,3,0.75,90.5,1.0,1.0,False,low,62
district,8.0,Fuencarral - El Pardo,Educacion,Educacion infantil,Centro de cuidado infantil,4,0,0.0,135.0,1.0,1.0,False,low,63
district,8.0,Fuencarral - El Pardo,Retail especializado,Electronica y telecom,Electrodomesticos,4,0,0.0,135.0,1.0,1.0,False,low,64
district,8.0,Fuencarral - El Pardo,Hosteleria,Catering y colectividades,Eventos y banquetes,4,0,0.0,135.0,1.0,1.0,False,low,65
district,8.0,Fuencarral - El Pardo,Alimentacion,Especialistas alimentacion,Lacteos y bebidas,4,0,0.0,135.0,1.0,1.0,False,low,66
district,8.0,Fuencarral - El Pardo,Automocion,Taller y reparacion,Taller chapa y pintura,4,0,0.0,135.0,1.0,1.0,False,low,67
district,8.0,Fuencarral - El Pardo,Hosteleria,Ocio nocturno,Cafe espectaculo,3,1,0.3333333333333333,135.0,1.0,1.0,False,low,68
district,8.0,Fuencarral - El Pardo,Hosteleria,Bar y cafeteria,Churreria,3,0,0.0,135.0,1.0,1.0,False,low,69
district,8.0,Fuencarral - El Pardo,Hosteleria,Restauracion,Hosteleria especializada,3,0,0.0,135.0,1.0,1.0,False,low,70
district,8.0,Fuencarral - El Pardo,Retail especializado,Hogar y decoracion,Menaje del hogar,3,0,0.0,135.0,1.0,1.0,False,low,71
district,8.0,Fuencarral - El Pardo,Salud y bienestar,Clinicas y consultas,Podologia,3,0,0.0,135.0,1.0,1.0,False,low,72
district,8.0,Fuencarral - El Pardo,Deporte y ocio,Ocio y entretenimiento,Salon recreativo,3,3,1.0,65.0,1.0,1.0,False,low,73
district,8.0,Fuencarral - El Pardo,Hosteleria,Bar y cafeteria,Bodega con consumo,2,1,0.5,87.0,1.0,1.0,False,low,74
district,8.0,Fuencarral - El Pardo,Servicios,Servicios profesionales,Consultoria empresarial,2,0,0.0,135.0,1.0,1.0,False,low,75
district,8.0,Fuencarral - El Pardo,Educacion,Formacion,Formacion no reglada,2,0,0.0,93.0,1.0,1.0,False,low,76
district,8.0,Fuencarral - El Pardo,Alimentacion,Especialistas alimentacion,Golosinas,2,1,0.5,110.5,1.0,1.0,False,low,77
district,8.0,Fuencarral - El Pardo,Alimentacion,Especialistas alimentacion,Heladeria,2,0,0.0,135.0,1.0,1.0,False,low,78
district,8.0,Fuencarral - El Pardo,Automocion,Venta y recambios,Venta de coches usados,2,0,0.0,135.0,1.0,1.0,False,low,79
district,8.0,Fuencarral - El Pardo,Alojamiento,Alojamiento turistico,Albergue,1,0,0.0,135.0,1.0,1.0,False,low,80
district,8.0,Fuencarral - El Pardo,Hosteleria,Ocio nocturno,Discoteca,1,0,0.0,135.0,1.0,1.0,False,low,81
district,8.0,Fuencarral - El Pardo,Finanzas,Finanzas y seguros,Finanzas y seguros,1,0,0.0,135.0,1.0,1.0,False,low,82
district,8.0,Fuencarral - El Pardo,Servicios,Servicios profesionales,Fotografia,1,1,1.0,75.0,1.0,1.0,False,low,83
district,8.0,Fuencarral - El Pardo,Alojamiento,Alojamiento turistico,Hostal,1,0,0.0,135.0,1.0,1.0,False,low,84
district,8.0,Fuencarral - El Pardo,Automocion,Venta y recambios,Motos y reparacion,1,0,0.0,135.0,1.0,1.0,False,low,85
district,8.0,Fuencarral - El Pardo,Salud y bienestar,Clinicas y consultas,Optometria,1,0,0.0,135.0,1.0,1.0,False,low,86
district,8.0,Fuencarral - El Pardo,Belleza y cuidado personal,Peluqueria y estetica,Peluqueria,203,17,0.08374384236453201,135.0,1.0,0.9950738916256158,True,medium,87
district,8.0,Fuencarral - El Pardo,Salud y bienestar,Salud retail,Farmacia,109,3,0.027522935779816515,135.0,1.0,0.9908256880733946,False,low,88
district,8.0,Fuencarral - El Pardo,Hosteleria,Restauracion,Restaurante,102,9,0.08823529411764706,135.0,0.9901960784313726,0.9901960784313726,False,low,89
district,8.0,Fuencarral - El Pardo,Hosteleria,Bar y cafeteria,Bar con cocina,200,15,0.075,135.0,0.995,0.99,True,medium,90
district,8.0,Fuencarral - El Pardo,Hosteleria,Bar y cafeteria,Bar restaurante,176,10,0.056818181818181816,135.0,0.9943181818181818,0.9886363636363636,False,low,91
district,8.0,Fuencarral - El Pardo,Servicios,Logistica y movilidad,Logistica y movilidad,76,6,0.07894736842105263,135.0,0.9868421052631579,0.9868421052631579,False,low,92
district,8.0,Fuencarral - El Pardo,Hosteleria,Bar y cafeteria,Bar sin cocina,69,8,0.11594202898550725,135.0,1.0,0.9855072463768116,False,low,93
district,8.0,Fuencarral - El Pardo,Salud y bienestar,Clinicas y consultas,Fisioterapia,54,7,0.12962962962962962,135.0,1.0,0.9814814814814815,False,low,94
district,8.0,Fuencarral - El Pardo,Retail especializado,Moda y complementos,Calzado,45,8,0.17777777777777778,135.0,1.0,0.9777777777777777,False,low,95
district,8.0,Fuencarral - El Pardo,Alimentacion,Supermercado y conveniencia,Supermercado,44,6,0.13636363636363635,135.0,1.0,0.9772727272727273,False,low,96
district,8.0,Fuencarral - El Pardo,Retail especializado,Otros comercios,Otros comercios,41,10,0.24390243902439024,135.0,0.975609756097561,0.975609756097561,False,low,97
district,8.0,Fuencarral - El Pardo,Hosteleria,Bar y cafeteria,Bar especial,40,5,0.125,135.0,1.0,0.975,False,low,98
district,8.0,Fuencarral - El Pardo,Salud y bienestar,Salud retail,Optica,40,4,0.1,135.0,1.0,0.975,False,low,99
district,8.0,Fuencarral - El Pardo,Retail especializado,Moda y complementos,Joyeria y relojeria,38,4,0.10526315789473684,135.0,0.9736842105263158,0.9736842105263158,False,low,100
district,8.0,Fuencarral - El Pardo,Servicios,Servicios profesionales,Asesoria y contabilidad,36,5,0.1388888888888889,135.0,0.9722222222222222,0.9722222222222222,False,low,101
district,8.0,Fuencarral - El Pardo,Belleza y cuidado personal,Peluqueria y estetica,Centro de estetica,30,7,0.23333333333333334,135.0,0.9666666666666667,0.9666666666666667,False,low,102
district,8.0,Fuencarral - El Pardo,Alimentacion,Alimentacion fresca,Fruteria,58,6,0.10344827586206896,135.0,0.9827586206896551,0.9655172413793103,False,low,103
district,8.0,Fuencarral - El Pardo,Deporte y ocio,Fitness y deporte,Gimnasio,27,2,0.07407407407407407,135.0,0.962962962962963,0.962962962962963,False,low,104
district,8.0,Fuencarral - El Pardo,Retail especializado,Hogar y reformas,Puertas y ventanas,24,4,0.16666666666666666,135.0,1.0,0.9583333333333334,False,low,105
district,8.0,Fuencarral - El Pardo,Hosteleria,Bar y cafeteria,Cafeteria,65,7,0.1076923076923077,135.0,0.9846153846153847,0.953846153846154,False,low,106
district,8.0,Fuencarral - El Pardo,Salud y bienestar,Clinicas y consultas,Clinica medica,21,5,0.23809523809523808,135.0,1.0,0.9523809523809523,False,low,107
district,8.0,Fuencarral - El Pardo,Servicios,Servicios profesionales,Oficina y administracion,62,10,0.16129032258064516,135.0,0.9838709677419355,0.9516129032258064,False,low,108
district,8.0,Fuencarral - El Pardo,Belleza y cuidado personal,Cosmetica y perfumeria,Perfumeria y cosmetica,20,2,0.1,135.0,1.0,0.95,False,low,109
district,8.0,Fuencarral - El Pardo,Servicios,Servicios profesionales,Arquitectura e ingenieria,36,6,0.16666666666666666,135.0,0.9722222222222222,0.9444444444444444,False,low,110
district,8.0,Fuencarral - El Pardo,Hosteleria,Catering y colectividades,Comedor colectivo,35,3,0.08571428571428572,46.0,0.9714285714285714,0.9428571428571428,False,low,111
district,8.0,Fuencarral - El Pardo,Servicios,Servicios personales,Lavanderia y tintoreria,35,4,0.11428571428571428,135.0,0.9428571428571428,0.9428571428571428,False,low,112
district,8.0,Fuencarral - El Pardo,Finanzas,Finanzas y seguros,Banco y caja,166,51,0.3072289156626506,135.0,0.9819277108433735,0.9397590361445783,True,high,113
district,8.0,Fuencarral - El Pardo,Retail especializado,Conveniencia,Bazar y precio unico,32,10,0.3125,135.0,1.0,0.9375,False,low,114
district,8.0,Fuencarral - El Pardo,Retail especializado,Moda y complementos,Moda,151,32,0.2119205298013245,135.0,0.9602649006622516,0.933774834437086,True,high,115
district,8.0,Fuencarral - El Pardo,Retail especializado,Hogar y decoracion,Hogar y menaje,15,2,0.13333333333333333,135.0,0.9333333333333333,0.9333333333333333,False,low,116
district,8.0,Fuencarral - El Pardo,Alimentacion,Comida preparada,Comida preparada,14,4,0.2857142857142857,135.0,1.0,0.9285714285714286,False,low,117
district,8.0,Fuencarral - El Pardo,Servicios,Servicios al consumidor,Locutorio,36,8,0.2222222222222222,135.0,0.9444444444444444,0.9166666666666666,False,low,118
district,8.0,Fuencarral - El Pardo,Retail especializado,Electronica y telecom,Electronica,12,1,0.08333333333333333,135.0,0.9166666666666666,0.9166666666666666,False,low,119
district,8.0,Fuencarral - El Pardo,Servicios,Servicios profesionales,Publicidad y marketing,12,4,0.3333333333333333,135.0,0.9166666666666666,0.9166666666666666,False,low,120
district,8.0,Fuencarral - El Pardo,Deporte y ocio,Ocio y entretenimiento,Celebraciones infantiles,11,3,0.2727272727272727,135.0,1.0,0.9090909090909091,False,low,121
district,8.0,Fuencarral - El Pardo,Salud y bienestar,Salud retail,Salud retail,21,6,0.2857142857142857,135.0,0.9523809523809523,0.9047619047619047,False,low,122
district,8.0,Fuencarral - El Pardo,Retail especializado,Cultura y ocio,Deporte,20,6,0.3,135.0,0.9,0.9,False,low,123
district,8.0,Fuencarral - El Pardo,Servicios,Servicios profesionales,Inmobiliaria,43,11,0.2558139534883721,135.0,0.9069767441860465,0.8604651162790697,False,low,124
district,8.0,Fuencarral - El Pardo,Deporte y ocio,Fitness y deporte,Club deportivo,21,5,0.23809523809523808,135.0,0.8571428571428572,0.8571428571428572,False,low,125
district,8.0,Fuencarral - El Pardo,Retail especializado,Hogar y reformas,Materiales de construccion,11,2,0.18181818181818182,135.0,0.9090909090909091,0.8181818181818181,False,low,126
district,8.0,Fuencarral - El Pardo,Retail especializado,Hogar y decoracion,Colchoneria,9,2,0.2222222222222222,135.0,0.8888888888888888,0.7777777777777777,False,low,127
district,8.0,Fuencarral - El Pardo,Retail especializado,Cultura y ocio,Bicicletas,4,3,0.75,37.5,0.75,0.75,False,low,128
district,8.0,Fuencarral - El Pardo,Belleza y cuidado personal,Servicios personales,Tattoo y piercing,3,1,0.3333333333333333,135.0,1.0,0.6666666666666667,False,low,129
district,8.0,Fuencarral - El Pardo,Hosteleria,Bar y cafeteria,Heladeria y salon de te,2,1,0.5,71.5,0.5,0.5,False,low,130
district,8.0,Fuencarral - El Pardo,Hosteleria,Bar y cafeteria,Bar especial con actuaciones,1,1,1.0,24.0,1.0,0.0,False,low,131
district,9.0,Moncloa - Aravaca,Hosteleria,Bar y cafeteria,Bar con cocina,120,7,0.058333333333333334,135.0,1.0,1.0,False,low,1
district,9.0,Moncloa - Aravaca,Hosteleria,Restauracion,Restaurante,103,7,0.06796116504854369,135.0,1.0,1.0,False,low,2
district,9.0,Moncloa - Aravaca,Educacion,Formacion,Educacion y formacion,82,0,0.0,135.0,1.0,1.0,False,low,3
district,9.0,Moncloa - Aravaca,Salud y bienestar,Salud retail,Farmacia,71,2,0.028169014084507043,135.0,1.0,1.0,False,low,4
district,9.0,Moncloa - Aravaca,Alimentacion,Supermercado y conveniencia,Tienda de alimentacion,71,7,0.09859154929577464,135.0,1.0,1.0,False,low,5
district,9.0,Moncloa - Aravaca,Hosteleria,Catering y colectividades,Comedor colectivo,50,0,0.0,123.0,1.0,1.0,False,low,6
district,9.0,Moncloa - Aravaca,Hosteleria,Bar y cafeteria,Bar sin cocina,39,7,0.1794871794871795,135.0,1.0,1.0,False,low,7
district,9.0,Moncloa - Aravaca,Salud y bienestar,Clinicas y consultas,Consulta medica,37,2,0.05405405405405406,135.0,1.0,1.0,False,low,8
district,9.0,Moncloa - Aravaca,Alimentacion,Supermercado y conveniencia,Supermercado,37,2,0.05405405405405406,135.0,1.0,1.0,False,low,9
district,9.0,Moncloa - Aravaca,Automocion,Taller y reparacion,Taller mecanica,36,1,0.027777777777777776,135.0,1.0,1.0,False,low,10
district,9.0,Moncloa - Aravaca,Retail especializado,Moda y complementos,Calzado,32,2,0.0625,135.0,1.0,1.0,False,low,11
district,9.0,Moncloa - Aravaca,Servicios,Servicios profesionales,Servicios profesionales,30,2,0.06666666666666667,135.0,1.0,1.0,False,low,12
district,9.0,Moncloa - Aravaca,Retail especializado,Conveniencia,Bazar y precio unico,23,7,0.30434782608695654,135.0,1.0,1.0,False,low,13
district,9.0,Moncloa - Aravaca,Salud y bienestar,Clinicas y consultas,Clinica dental,21,1,0.047619047619047616,135.0,1.0,1.0,False,low,14
district,9.0,Moncloa - Aravaca,Salud y bienestar,Salud retail,Optica,21,3,0.14285714285714285,135.0,1.0,1.0,False,low,15
district,9.0,Moncloa - Aravaca,Servicios,Servicios personales,Reparacion especializada,21,1,0.047619047619047616,135.0,1.0,1.0,False,low,16
district,9.0,Moncloa - Aravaca,Educacion,Educacion infantil,Escuela infantil,20,0,0.0,135.0,1.0,1.0,False,low,17
district,9.0,Moncloa - Aravaca,Retail especializado,Moda y complementos,Joyeria y relojeria,20,2,0.1,135.0,1.0,1.0,False,low,18
district,9.0,Moncloa - Aravaca,Servicios,Servicios personales,Arreglo de ropa,19,1,0.05263157894736842,135.0,1.0,1.0,False,low,19
district,9.0,Moncloa - Aravaca,Alimentacion,Alimentacion fresca,Pescaderia,19,0,0.0,135.0,1.0,1.0,False,low,20
district,9.0,Moncloa - Aravaca,Retail especializado,Hogar y reformas,Ferreteria,18,2,0.1111111111111111,135.0,1.0,1.0,False,low,21
district,9.0,Moncloa - Aravaca,Alimentacion,Especialistas alimentacion,Frutos secos y encurtidos,18,2,0.1111111111111111,135.0,1.0,1.0,False,low,22
district,9.0,Moncloa - Aravaca,Salud y bienestar,Salud retail,Salud retail,18,2,0.1111111111111111,135.0,1.0,1.0,False,low,23
district,9.0,Moncloa - Aravaca,Servicios,Servicios profesionales,Asesoria y contabilidad,16,3,0.1875,135.0,1.0,1.0,False,low,24
district,9.0,Moncloa - Aravaca,Salud y bienestar,Salud retail,Herbolario,16,3,0.1875,135.0,1.0,1.0,False,low,25
district,9.0,Moncloa - Aravaca,Servicios,Servicios profesionales,Despacho juridico,15,1,0.06666666666666667,135.0,1.0,1.0,False,low,26
district,9.0,Moncloa - Aravaca,Retail especializado,Hogar y regalos,Floristeria,15,0,0.0,135.0,1.0,1.0,False,low,27
district,9.0,Moncloa - Aravaca,Deporte y ocio,Fitness y deporte,Gimnasio,15,1,0.06666666666666667,135.0,1.0,1.0,False,low,28
district,9.0,Moncloa - Aravaca,Servicios,Servicios profesionales,Publicidad y marketing,14,2,0.14285714285714285,135.0,1.0,1.0,False,low,29
district,9.0,Moncloa - Aravaca,Salud y bienestar,Clinicas y consultas,Veterinaria,14,1,0.07142857142857142,135.0,1.0,1.0,False,low,30
district,9.0,Moncloa - Aravaca,Educacion,Formacion,Autoescuela,13,1,0.07692307692307693,135.0,1.0,1.0,False,low,31
district,9.0,Moncloa - Aravaca,Alojamiento,Alojamiento turistico,Hotel,12,1,0.08333333333333333,135.0,1.0,1.0,False,low,32
district,9.0,Moncloa - Aravaca,Deporte y ocio,Ocio y entretenimiento,Salon recreativo,12,2,0.16666666666666666,135.0,1.0,1.0,False,low,33
district,9.0,Moncloa - Aravaca,Deporte y ocio,Fitness y deporte,Instalacion deportiva,11,0,0.0,135.0,1.0,1.0,False,low,34
district,9.0,Moncloa - Aravaca,Alimentacion,Panaderia y pasteleria,Pasteleria y reposteria,10,1,0.1,135.0,1.0,1.0,False,low,35
district,9.0,Moncloa - Aravaca,Servicios,Servicios personales,Reparacion de calzado,10,0,0.0,135.0,1.0,1.0,False,low,36
district,9.0,Moncloa - Aravaca,Retail especializado,Hogar y reformas,Saneamientos,10,0,0.0,135.0,1.0,1.0,False,low,37
district,9.0,Moncloa - Aravaca,Alimentacion,Alimentacion fresca,Aves y huevos,9,0,0.0,135.0,1.0,1.0,False,low,38
district,9.0,Moncloa - Aravaca,Alimentacion,Alimentacion fresca,Charcuteria,9,1,0.1111111111111111,135.0,1.0,1.0,False,low,39
district,9.0,Moncloa - Aravaca,Alimentacion,Comida preparada,Comida preparada,9,0,0.0,135.0,1.0,1.0,False,low,40
district,9.0,Moncloa - Aravaca,Hosteleria,Restauracion,Comida rapida,9,0,0.0,135.0,1.0,1.0,False,low,41
district,9.0,Moncloa - Aravaca,Retail especializado,Hogar y reformas,Puertas y ventanas,9,1,0.1111111111111111,135.0,1.0,1.0,False,low,42
district,9.0,Moncloa - Aravaca,Retail especializado,Hogar y decoracion,Textil hogar,9,2,0.2222222222222222,135.0,1.0,1.0,False,low,43
district,9.0,Moncloa - Aravaca,Alimentacion,Supermercado y conveniencia,Alimentacion envasada,8,3,0.375,135.0,1.0,1.0,False,low,44
district,9.0,Moncloa - Aravaca,Alimentacion,Supermercado y conveniencia,Gran superficie alimentacion,8,0,0.0,129.0,1.0,1.0,False,low,45
district,9.0,Moncloa - Aravaca,Salud y bienestar,Clinicas y consultas,Parasanitario,8,1,0.125,135.0,1.0,1.0,False,low,46
district,9.0,Moncloa - Aravaca,Finanzas,Finanzas y seguros,Seguros,8,1,0.125,135.0,1.0,1.0,False,low,47
district,9.0,Moncloa - Aravaca,Retail especializado,Conveniencia,Tienda multiproducto,8,2,0.25,135.0,1.0,1.0,False,low,48
district,9.0,Moncloa - Aravaca,Retail especializado,Hogar y decoracion,Muebles de cocina,7,1,0.14285714285714285,135.0,1.0,1.0,False,low,49
district,9.0,Moncloa - Aravaca,Alimentacion,Alimentacion fresca,Carniceria,6,0,0.0,135.0,1.0,1.0,False,low,50
district,9.0,Moncloa - Aravaca,Alimentacion,Alimentacion fresca,Carniceria y charcuteria,6,0,0.0,135.0,1.0,1.0,False,low,51
district,9.0,Moncloa - Aravaca,Deporte y ocio,Fitness y deporte,Club deportivo,6,0,0.0,135.0,1.0,1.0,False,low,52
district,9.0,Moncloa - Aravaca,Retail especializado,Electronica y telecom,Informatica,6,3,0.5,131.5,1.0,1.0,False,low,53
district,9.0,Moncloa - Aravaca,Retail especializado,Cultura y ocio,Jugueteria,6,0,0.0,135.0,1.0,1.0,False,low,54
district,9.0,Moncloa - Aravaca,Retail especializado,Hogar y reformas,Material electrico,6,1,0.16666666666666666,135.0,1.0,1.0,False,low,55
district,9.0,Moncloa - Aravaca,Retail especializado,Moda y complementos,Moda y complementos,6,0,0.0,126.0,1.0,1.0,False,low,56
district,9.0,Moncloa - Aravaca,Servicios,Servicios profesionales,Telecomunicaciones,6,1,0.16666666666666666,135.0,1.0,1.0,False,low,57
district,9.0,Moncloa - Aravaca,Alimentacion,Especialistas alimentacion,Bodega,5,2,0.4,135.0,1.0,1.0,False,low,58
district,9.0,Moncloa - Aravaca,Alimentacion,Especialistas alimentacion,Cafe e infusiones,5,0,0.0,135.0,1.0,1.0,False,low,59
district,9.0,Moncloa - Aravaca,Retail especializado,Electronica y telecom,Electronica y telecom,5,2,0.4,135.0,1.0,1.0,False,low,60
district,9.0,Moncloa - Aravaca,Automocion,Servicios automocion,Gasolinera,5,0,0.0,78.0,1.0,1.0,False,low,61
district,9.0,Moncloa - Aravaca,Servicios,Servicios profesionales,Tecnologia y software,5,1,0.2,135.0,1.0,1.0,False,low,62
district,9.0,Moncloa - Aravaca,Hosteleria,Bar y cafeteria,Bodega con consumo,4,0,0.0,135.0,1.0,1.0,False,low,63
district,9.0,Moncloa - Aravaca,Alimentacion,Especialistas alimentacion,Congelados,4,0,0.0,135.0,1.0,1.0,False,low,64
district,9.0,Moncloa - Aravaca,Retail especializado,Hogar y decoracion,Menaje del hogar,4,0,0.0,135.0,1.0,1.0,False,low,65
district,9.0,Moncloa - Aravaca,Hosteleria,Bar y cafeteria,Taberna,4,0,0.0,135.0,1.0,1.0,False,low,66
district,9.0,Moncloa - Aravaca,Automocion,Venta y recambios,Venta de motos,4,0,0.0,135.0,1.0,1.0,False,low,67
district,9.0,Moncloa - Aravaca,Retail especializado,Cultura y ocio,Bicicletas,3,1,0.3333333333333333,135.0,1.0,1.0,False,low,68
district,9.0,Moncloa - Aravaca,Hosteleria,Bar y cafeteria,Churreria,3,0,0.0,135.0,1.0,1.0,False,low,69
district,9.0,Moncloa - Aravaca,Retail especializado,Hogar y decoracion,Colchoneria,3,1,0.3333333333333333,135.0,1.0,1.0,False,low,70
district,9.0,Moncloa - Aravaca,Hosteleria,Catering y colectividades,Eventos y banquetes,3,1,0.3333333333333333,135.0,1.0,1.0,False,low,71
district,9.0,Moncloa - Aravaca,Alimentacion,Especialistas alimentacion,Golosinas,3,0,0.0,135.0,1.0,1.0,False,low,72
district,9.0,Moncloa - Aravaca,Automocion,Venta y recambios,Recambios automovil,3,0,0.0,135.0,1.0,1.0,False,low,73
district,9.0,Moncloa - Aravaca,Automocion,Taller y reparacion,Taller automovil,3,0,0.0,132.0,1.0,1.0,False,low,74
district,9.0,Moncloa - Aravaca,Alojamiento,Alojamiento turistico,Albergue,2,0,0.0,135.0,1.0,1.0,False,low,75
district,9.0,Moncloa - Aravaca,Alimentacion,Alimentacion fresca,Casqueria,2,0,0.0,135.0,1.0,1.0,False,low,76
district,9.0,Moncloa - Aravaca,Deporte y ocio,Ocio y entretenimiento,Celebraciones infantiles,2,0,0.0,135.0,1.0,1.0,False,low,77
district,9.0,Moncloa - Aravaca,Retail especializado,Electronica y telecom,Electrodomesticos,2,1,0.5,122.0,1.0,1.0,False,low,78
district,9.0,Moncloa - Aravaca,Belleza y cuidado personal,Peluqueria y estetica,Fotodepilacion,2,0,0.0,135.0,1.0,1.0,False,low,79
district,9.0,Moncloa - Aravaca,Belleza y cuidado personal,Peluqueria y estetica,Instituto de belleza,2,0,0.0,135.0,1.0,1.0,False,low,80
district,9.0,Moncloa - Aravaca,Retail especializado,Hogar y reformas,Materiales de construccion,2,0,0.0,135.0,1.0,1.0,False,low,81
district,9.0,Moncloa - Aravaca,Automocion,Venta y recambios,Motos y reparacion,2,1,0.5,130.0,1.0,1.0,False,low,82
district,9.0,Moncloa - Aravaca,Salud y bienestar,Clinicas y consultas,Optometria,2,0,0.0,135.0,1.0,1.0,False,low,83
district,9.0,Moncloa - Aravaca,Salud y bienestar,Clinicas y consultas,Podologia,2,0,0.0,135.0,1.0,1.0,False,low,84
district,9.0,Moncloa - Aravaca,Finanzas,Finanzas y seguros,Servicios auxiliares seguros,2,0,0.0,135.0,1.0,1.0,False,low,85
district,9.0,Moncloa - Aravaca,Automocion,Taller y reparacion,Taller chapa y pintura,2,0,0.0,135.0,1.0,1.0,False,low,86
district,9.0,Moncloa - Aravaca,Hosteleria,Bar y cafeteria,Bar especial con actuaciones,1,0,0.0,135.0,1.0,1.0,False,low,87
district,9.0,Moncloa - Aravaca,Retail especializado,Hogar y reformas,Bricolaje,1,0,0.0,135.0,1.0,1.0,False,low,88
district,9.0,Moncloa - Aravaca,Hosteleria,Ocio nocturno,Cafe espectaculo,1,0,0.0,135.0,1.0,1.0,False,low,89
district,9.0,Moncloa - Aravaca,Finanzas,Finanzas y seguros,Cambio y envio de moneda,1,0,0.0,135.0,1.0,1.0,False,low,90
district,9.0,Moncloa - Aravaca,Educacion,Educacion infantil,Centro de cuidado infantil,1,0,0.0,135.0,1.0,1.0,False,low,91
district,9.0,Moncloa - Aravaca,Servicios,Servicios profesionales,Consultoria empresarial,1,0,0.0,135.0,1.0,1.0,False,low,92
district,9.0,Moncloa - Aravaca,Retail especializado,Electronica y telecom,Electronica,1,0,0.0,135.0,1.0,1.0,False,low,93
district,9.0,Moncloa - Aravaca,Hosteleria,Bar y cafeteria,Heladeria y salon de te,1,0,0.0,135.0,1.0,1.0,False,low,94
district,9.0,Moncloa - Aravaca,Alojamiento,Alojamiento turistico,Hostal,1,0,0.0,135.0,1.0,1.0,False,low,95
district,9.0,Moncloa - Aravaca,Hosteleria,Restauracion,Hosteleria especializada,1,1,1.0,102.0,1.0,1.0,False,low,96
district,9.0,Moncloa - Aravaca,Alimentacion,Especialistas alimentacion,Lacteos y bebidas,1,0,0.0,135.0,1.0,1.0,False,low,97
district,9.0,Moncloa - Aravaca,Retail especializado,Mascotas,Mascotas,1,0,0.0,61.0,1.0,1.0,False,low,98
district,9.0,Moncloa - Aravaca,Servicios,Servicios profesionales,Servicios digitales,1,0,0.0,135.0,1.0,1.0,False,low,99
district,9.0,Moncloa - Aravaca,Automocion,Venta y recambios,Venta de coches nuevos,1,0,0.0,135.0,1.0,1.0,False,low,100
district,9.0,Moncloa - Aravaca,Automocion,Venta y recambios,Venta de coches usados,1,0,0.0,135.0,1.0,1.0,False,low,101
district,9.0,Moncloa - Aravaca,Retail especializado,Moda y complementos,Moda,184,30,0.16304347826086957,135.0,0.9945652173913043,0.9945652173913043,True,high,102
district,9.0,Moncloa - Aravaca,Hosteleria,Bar y cafeteria,Bar restaurante,184,6,0.03260869565217391,135.0,0.9891304347826086,0.9891304347826086,False,low,103
district,9.0,Moncloa - Aravaca,Salud y bienestar,Clinicas y consultas,Clinicas y consultas,63,23,0.36507936507936506,135.0,1.0,0.9841269841269842,False,low,104
district,9.0,Moncloa - Aravaca,Alimentacion,Alimentacion fresca,Fruteria,57,6,0.10526315789473684,135.0,1.0,0.9824561403508771,False,low,105
district,9.0,Moncloa - Aravaca,Finanzas,Finanzas y seguros,Banco y caja,97,26,0.26804123711340205,135.0,0.979381443298969,0.979381443298969,True,medium,106
district,9.0,Moncloa - Aravaca,Belleza y cuidado personal,Peluqueria y estetica,Peluqueria,108,12,0.1111111111111111,135.0,0.9814814814814814,0.9722222222222221,True,medium,107
district,9.0,Moncloa - Aravaca,Retail especializado,Otros comercios,Otros comercios,35,7,0.2,135.0,1.0,0.9714285714285714,False,low,108
district,9.0,Moncloa - Aravaca,Hosteleria,Bar y cafeteria,Cafeteria,103,8,0.07766990291262135,135.0,0.9805825242718447,0.970873786407767,False,low,109
district,9.0,Moncloa - Aravaca,Belleza y cuidado personal,Peluqueria y estetica,Centro de estetica,29,6,0.20689655172413793,135.0,1.0,0.9655172413793104,False,low,110
district,9.0,Moncloa - Aravaca,Hosteleria,Bar y cafeteria,Bar especial,28,5,0.17857142857142858,135.0,0.9642857142857143,0.9642857142857143,False,low,111
district,9.0,Moncloa - Aravaca,Retail especializado,Cultura y ocio,Papeleria y prensa,26,7,0.2692307692307692,135.0,0.9615384615384616,0.9615384615384616,False,low,112
district,9.0,Moncloa - Aravaca,Retail especializado,Conveniencia,Estanco,25,3,0.12,135.0,0.96,0.96,False,low,113
district,9.0,Moncloa - Aravaca,Salud y bienestar,Clinicas y consultas,Fisioterapia,24,4,0.16666666666666666,135.0,0.9583333333333334,0.9583333333333334,False,low,114
district,9.0,Moncloa - Aravaca,Retail especializado,Electronica y telecom,Telefonia,24,4,0.16666666666666666,135.0,0.9583333333333334,0.9583333333333334,False,low,115
district,9.0,Moncloa - Aravaca,Deporte y ocio,Ocio y entretenimiento,Ocio y entretenimiento,23,4,0.17391304347826086,135.0,1.0,0.9565217391304348,False,low,116
district,9.0,Moncloa - Aravaca,Servicios,Logistica y movilidad,Logistica y movilidad,68,11,0.16176470588235295,135.0,0.9558823529411765,0.9558823529411765,False,low,117
district,9.0,Moncloa - Aravaca,Belleza y cuidado personal,Cosmetica y perfumeria,Perfumeria y cosmetica,22,6,0.2727272727272727,135.0,0.9545454545454546,0.9545454545454546,False,low,118
district,9.0,Moncloa - Aravaca,Salud y bienestar,Clinicas y consultas,Clinica medica,21,4,0.19047619047619047,135.0,1.0,0.9523809523809523,False,low,119
district,9.0,Moncloa - Aravaca,Servicios,Servicios al consumidor,Locutorio,20,11,0.55,129.5,1.0,0.95,False,low,120
district,9.0,Moncloa - Aravaca,Servicios,Servicios personales,Lavanderia y tintoreria,20,2,0.1,135.0,0.95,0.95,False,low,121
district,9.0,Moncloa - Aravaca,Alimentacion,Panaderia y pasteleria,Panaderia,20,1,0.05,135.0,0.95,0.95,False,low,122
district,9.0,Moncloa - Aravaca,Alojamiento,Alojamiento turistico,Alojamiento turistico,19,4,0.21052631578947367,135.0,1.0,0.9473684210526316,False,low,123
district,9.0,Moncloa - Aravaca,Servicios,Servicios profesionales,Oficina y administracion,33,6,0.18181818181818182,135.0,1.0,0.9393939393939394,False,low,124
district,9.0,Moncloa - Aravaca,Servicios,Servicios profesionales,Arquitectura e ingenieria,33,6,0.18181818181818182,135.0,0.9393939393939394,0.9393939393939394,False,low,125
district,9.0,Moncloa - Aravaca,Retail especializado,Cultura y ocio,Libreria,15,2,0.13333333333333333,135.0,1.0,0.9333333333333333,False,low,126
district,9.0,Moncloa - Aravaca,Servicios,Servicios profesionales,Inmobiliaria,35,8,0.22857142857142856,135.0,1.0,0.9142857142857143,False,low,127
district,9.0,Moncloa - Aravaca,Retail especializado,Hogar y decoracion,Muebles,10,4,0.4,135.0,1.0,0.9,False,low,128
district,9.0,Moncloa - Aravaca,Hosteleria,Bar y cafeteria,Heladeria,8,1,0.125,124.5,1.0,0.875,False,low,129
district,9.0,Moncloa - Aravaca,Belleza y cuidado personal,Servicios personales,Belleza y cuidado personal,8,2,0.25,135.0,0.875,0.875,False,low,130
district,9.0,Moncloa - Aravaca,Retail especializado,Cultura y ocio,Deporte,15,5,0.3333333333333333,135.0,0.9333333333333333,0.8666666666666667,False,low,131
district,9.0,Moncloa - Aravaca,Hosteleria,Ocio nocturno,Discoteca,6,2,0.3333333333333333,135.0,0.8333333333333334,0.8333333333333334,False,low,132
district,9.0,Moncloa - Aravaca,Finanzas,Finanzas y seguros,Finanzas y seguros,4,1,0.25,135.0,1.0,0.75,False,low,133
district,9.0,Moncloa - Aravaca,Retail especializado,Hogar y decoracion,Hogar y menaje,7,3,0.42857142857142855,135.0,0.7142857142857144,0.7142857142857144,False,low,134
district,9.0,Moncloa - Aravaca,Belleza y cuidado personal,Servicios personales,Tattoo y piercing,2,1,0.5,69.5,0.5,0.5,False,low,135
district,9.0,Moncloa - Aravaca,Servicios,Servicios profesionales,Fotografia,1,1,1.0,2.0,0.0,0.0,False,low,136
district,9.0,Moncloa - Aravaca,Alimentacion,Panaderia y pasteleria,Panaderia y pasteleria,1,1,1.0,7.0,0.0,0.0,False,low,137
